id,name,school,dispel,mechanic,attributes,category,cast_time_ms,cooldown_ms,category_cooldown_ms,power_type,mana_cost,mana_cost_pct,range_yards,radius_yards,duration_ms,effect1,effect2,effect3,spell_icon_id,spell_weight,coeff_weight,raw_overrides,notes
5570,Insect Swarm,8,1,0,65536,0,0,0,0,0,0,8,30.0,,12000,"{""amplitude"": 2000, ""apply_aura"": 3, ""base_points"": 23, ""chain_targets"": 0, ""die_sides"": 1, ""implicit_target_a"": 6, ""implicit_target_b"": 0, ""mechanic"": 0, ""misc_value"": 0, ""points_per_level"": 2.5, ""radius_yards"": null, ""trigger_spell"": 0, ""type"": 6}","{""amplitude"": 0, ""apply_aura"": 54, ""base_points"": -4, ""chain_targets"": 0, ""die_sides"": 1, ""implicit_target_a"": 6, ""implicit_target_b"": 0, ""mechanic"": 0, ""misc_value"": 0, ""points_per_level"": 0.0, ""radius_yards"": null, ""trigger_spell"": 0, ""type"": 6}",,1771,,,"{""AttributesEx2"": 524288, ""AttributesEx6"": 8388608, ""AuraDescription_Lang_Mask"": 16712190, ""AuraDescription_Lang_enUS"": ""Chance to hit with melee and ranged attacks decreased by $s2% and $s1 Nature damage every $t1 sec."", ""BaseLevel"": 20, ""CastingTimeIndex"": 1, ""DefenseType"": 1, ""Description_Lang_Mask"": 16712190, ""Description_Lang_enUS"": ""The enemy target is swarmed by insects, decreasing their chance to hit by $s2% and causing $o1 Nature damage over $d."", ""EffectBasePoints_3"": -1, ""EffectBonusMultiplier_1"": 0.20000000298023224, ""EffectBonusMultiplier_2"": 1.0, ""EffectChainAmplitude_1"": 1.0, ""EffectChainAmplitude_2"": 1.0, ""EffectChainAmplitude_3"": 1.0, ""EffectDieSides_3"": 1, ""EffectSpellClassMaskC_1"": 7340807, ""EffectSpellClassMaskC_2"": 25166340, ""EquippedItemClass"": -1, ""InterruptFlags"": 8, ""MaxLevel"": 80, ""NameSubtext_Lang_Mask"": 16712190, ""NameSubtext_Lang_enUS"": """", ""Name_Lang_Mask"": 16712190, ""PreventionType"": 1, ""ProcChance"": 101, ""ShapeshiftExclude"": 2, ""ShapeshiftMask"": 1073741824, ""SpellClassMask_1"": 2097152, ""SpellClassSet"": 7, ""SpellLevel"": 20, ""SpellVisualID_1"": 7333, ""StartRecoveryCategory"": 133, ""StartRecoveryTime"": 1500}",pulled from existing data; single-rank bootstrap: BasePoints/BaseLevel/SpellLevel kept from rank 1 (learn level 20); RealPointsPerLevel from rank1->covers-60 (anchor rank 5 @ level 60); coefficient/cast_time_ms/mana_cost_pct from max rank; MaxLevel set to 80
48438,Wild Growth,8,1,0,65536,1237,0,0,6000,0,0,23,40.0,,7000,"{""amplitude"": 1000, ""apply_aura"": 8, ""base_points"": 97, ""chain_targets"": 0, ""die_sides"": 1, ""implicit_target_a"": 63, ""implicit_target_b"": 31, ""mechanic"": 0, ""misc_value"": 0, ""points_per_level"": 5.4, ""radius_yards"": 15.0, ""trigger_spell"": 0, ""type"": 6}","{""amplitude"": 0, ""apply_aura"": 4, ""base_points"": -1, ""chain_targets"": 0, ""die_sides"": 1, ""implicit_target_a"": 87, ""implicit_target_b"": 31, ""mechanic"": 0, ""misc_value"": 0, ""points_per_level"": 0.0, ""radius_yards"": 15.0, ""trigger_spell"": 0, ""type"": 6}",,2864,,,"{""AttributesEx2"": 524288, ""AttributesEx3"": 128, ""AttributesEx4"": 1048576, ""AttributesEx5"": 4194304, ""AttributesEx6"": 67108864, ""AuraDescription_Lang_Mask"": 16712190, ""AuraDescription_Lang_enUS"": ""Heals $s1 damage every $t1 second."", ""BaseLevel"": 60, ""CastingTimeIndex"": 1, ""DefenseType"": 1, ""Description_Lang_Mask"": 16712190, ""Description_Lang_enUS"": ""Heals up to $s3 friendly party or raid members within $a1 yards of the target for $o1 over $d. The amount healed is applied quickly at first, and slows down as the Wild Growth reaches its full duration."", ""EffectBasePoints_3"": 4, ""EffectBonusMultiplier_1"": 0.11500000208616257, ""EffectChainAmplitude_1"": 1.0, ""EffectChainAmplitude_2"": 1.0, ""EffectChainAmplitude_3"": 1.0, ""EffectDieSides_3"": 1, ""EquippedItemClass"": -1, ""InterruptFlags"": 8, ""MaxLevel"": 80, ""NameSubtext_Lang_Mask"": 16712190, ""NameSubtext_Lang_enUS"": """", ""Name_Lang_Mask"": 16712190, ""PreventionType"": 1, ""ProcChance"": 101, ""ShapeshiftExclude"": 134217728, ""ShapeshiftMask"": 2147483648, ""SpellClassMask_2"": 67108864, ""SpellClassSet"": 7, ""SpellLevel"": 60, ""SpellPriority"": 50, ""SpellVisualID_1"": 11568, ""StartRecoveryCategory"": 133, ""StartRecoveryTime"": 1500}",pulled from existing data; single-rank bootstrap: BasePoints/BaseLevel/SpellLevel kept from rank 1 (learn level 60); RealPointsPerLevel from rank1->top-rank-fallback (anchor rank 4 @ level 80); coefficient/cast_time_ms/mana_cost_pct from max rank; MaxLevel set to 80
48505,Starfall,64,0,0,65536,1218,0,0,90000,0,0,35,0.0,,10000,"{""amplitude"": 1000, ""apply_aura"": 23, ""base_points"": -1, ""chain_targets"": 0, ""die_sides"": 1, ""implicit_target_a"": 1, ""implicit_target_b"": 0, ""mechanic"": 0, ""misc_value"": 0, ""points_per_level"": 0.0, ""radius_yards"": null, ""trigger_spell"": 50286, ""type"": 6}",,,2854,,,"{""AttributesEx2"": 524288, ""AttributesEx4"": 64, ""AuraDescription_Lang_Mask"": 16712190, ""AuraDescription_Lang_enUS"": ""Summoning stars from the sky."", ""AuraInterruptFlags"": 131072, ""BaseLevel"": 60, ""CastingTimeIndex"": 1, ""DefenseType"": 1, ""Description_Lang_Mask"": 16712190, ""Description_Lang_enUS"": ""You summon a flurry of stars from the sky on all targets within $50286a yards of the caster, each dealing $50288s1 Arcane damage. Also causes $50294s1 Arcane damage to all other enemies within $50294a1 yards of the enemy target. Maximum 20 stars. Lasts $48505d.  Shapeshifting into an animal form or mounting cancels the effect. Any effect which causes you to lose control of your character will suppress the starfall effect."", ""EffectBasePoints_2"": -1, ""EffectBonusMultiplier_1"": 0.12700000405311584, ""EffectBonusMultiplier_3"": 1.0, ""EffectChainAmplitude_1"": 1.0, ""EffectChainAmplitude_2"": 1.0, ""EffectChainAmplitude_3"": 1.0, ""EffectDieSides_2"": 1, ""EquippedItemClass"": -1, ""InterruptFlags"": 8, ""MaxLevel"": 80, ""NameSubtext_Lang_Mask"": 16712190, ""NameSubtext_Lang_enUS"": """", ""Name_Lang_Mask"": 16712190, ""PreventionType"": 1, ""ProcChance"": 101, ""RangeIndex"": 1, ""ShapeshiftExclude"": 2, ""ShapeshiftMask"": 1073741824, ""SpellClassMask_2"": 8388608, ""SpellClassSet"": 7, ""SpellLevel"": 60, ""SpellVisualID_1"": 11571, ""StartRecoveryCategory"": 133, ""StartRecoveryTime"": 1500}",pulled from existing data; single-rank bootstrap: BasePoints/BaseLevel/SpellLevel kept from rank 1 (learn level 60); RealPointsPerLevel from rank1->top-rank-fallback (anchor rank 4 @ level 80); coefficient/cast_time_ms/mana_cost_pct from max rank; MaxLevel set to 80
50516,Typhoon,8,1,0,65536,1217,0,0,20000,0,0,25,30.0,,,"{""amplitude"": 0, ""apply_aura"": 0, ""base_points"": 0, ""chain_targets"": 0, ""die_sides"": 0, ""implicit_target_a"": 89, ""implicit_target_b"": 0, ""mechanic"": 0, ""misc_value"": 0, ""points_per_level"": 0.0, ""radius_yards"": 30.0, ""trigger_spell"": 0, ""type"": 3}","{""amplitude"": 0, ""apply_aura"": 0, ""base_points"": 399, ""chain_targets"": 0, ""die_sides"": 1, ""implicit_target_a"": 0, ""implicit_target_b"": 0, ""mechanic"": 0, ""misc_value"": 0, ""points_per_level"": 26.333333333333332, ""radius_yards"": null, ""trigger_spell"": 61391, ""type"": 64}",,2838,,,"{""AttributesEx"": 268435584, ""AttributesEx2"": 524288, ""AttributesEx4"": 1, ""AuraDescription_Lang_Mask"": 16712188, ""BaseLevel"": 50, ""CastingTimeIndex"": 1, ""DefenseType"": 1, ""Description_Lang_Mask"": 16712190, ""Description_Lang_enUS"": ""You summon a violent Typhoon that does $s2 Nature damage when in contact with hostile targets, knocking them back and dazing them for $61391d."", ""EffectBasePoints_3"": -1, ""EffectChainAmplitude_1"": 1.0, ""EffectChainAmplitude_2"": 1.0, ""EffectChainAmplitude_3"": 1.0, ""EffectDieSides_3"": 1, ""EquippedItemClass"": -1, ""InterruptFlags"": 8, ""MaxLevel"": 80, ""NameSubtext_Lang_Mask"": 16712190, ""NameSubtext_Lang_enUS"": """", ""Name_Lang_Mask"": 16712190, ""PreventionType"": 1, ""ProcChance"": 101, ""ShapeshiftExclude"": 2, ""ShapeshiftMask"": 1073741824, ""Speed"": 27.0, ""SpellClassMask_2"": 16777216, ""SpellClassSet"": 7, ""SpellLevel"": 50, ""SpellMissileID"": 1267, ""SpellVisualID_1"": 9248, ""StartRecoveryCategory"": 133, ""StartRecoveryTime"": 1500, ""Targets"": 64}",pulled from existing data; single-rank bootstrap: BasePoints/BaseLevel/SpellLevel kept from rank 1 (learn level 50); RealPointsPerLevel from rank1->covers-60-overridden(undershoot-vs-top-rank) (anchor rank 5 @ level 80); coefficient/cast_time_ms/mana_cost_pct from max rank; MaxLevel set to 80
16814,Starlight Wrath,1,0,0,464,0,0,0,0,0,0,0,0.0,,-1,"{""amplitude"": 0, ""apply_aura"": 107, ""base_points"": -101, ""chain_targets"": 0, ""die_sides"": 1, ""implicit_target_a"": 1, ""implicit_target_b"": 0, ""mechanic"": 0, ""misc_value"": 10, ""points_per_level"": 0.0, ""radius_yards"": null, ""trigger_spell"": 0, ""type"": 6}",,,263,,,"{""AuraDescription_Lang_Mask"": 16712188, ""CastingTimeIndex"": 1, ""Description_Lang_Mask"": 16712190, ""Description_Lang_enUS"": ""Reduces the cast time of your Wrath and Starfire spells by $/1000;S1 sec."", ""EffectBonusMultiplier_1"": 1.0, ""EffectBonusMultiplier_2"": 1.0, ""EffectBonusMultiplier_3"": 1.0, ""EffectChainAmplitude_1"": 1.0, ""EffectSpellClassMaskA_1"": 5, ""EquippedItemClass"": -1, ""NameSubtext_Lang_Mask"": 16712190, ""NameSubtext_Lang_enUS"": ""Rank 1"", ""Name_Lang_Mask"": 16712190, ""ProcChance"": 101, ""RangeIndex"": 1, ""SpellClassSet"": 7}",pulled from existing data
16815,Starlight Wrath,1,0,0,464,0,0,0,0,0,0,0,0.0,,-1,"{""amplitude"": 0, ""apply_aura"": 107, ""base_points"": -201, ""chain_targets"": 0, ""die_sides"": 1, ""implicit_target_a"": 1, ""implicit_target_b"": 0, ""mechanic"": 0, ""misc_value"": 10, ""points_per_level"": 0.0, ""radius_yards"": null, ""trigger_spell"": 0, ""type"": 6}",,,263,,,"{""AuraDescription_Lang_Mask"": 16712188, ""CastingTimeIndex"": 1, ""Description_Lang_Mask"": 16712190, ""Description_Lang_enUS"": ""Reduces the cast time of your Wrath and Starfire spells by $/1000;S1 sec."", ""EffectBonusMultiplier_1"": 1.0, ""EffectBonusMultiplier_2"": 1.0, ""EffectBonusMultiplier_3"": 1.0, ""EffectChainAmplitude_1"": 1.0, ""EffectSpellClassMaskA_1"": 5, ""EquippedItemClass"": -1, ""NameSubtext_Lang_Mask"": 16712190, ""NameSubtext_Lang_enUS"": ""Rank 2"", ""Name_Lang_Mask"": 16712190, ""ProcChance"": 101, ""RangeIndex"": 1, ""SpellClassSet"": 7}",pulled from existing data
16816,Starlight Wrath,1,0,0,464,0,0,0,0,0,0,0,0.0,,-1,"{""amplitude"": 0, ""apply_aura"": 107, ""base_points"": -301, ""chain_targets"": 0, ""die_sides"": 1, ""implicit_target_a"": 1, ""implicit_target_b"": 0, ""mechanic"": 0, ""misc_value"": 10, ""points_per_level"": 0.0, ""radius_yards"": null, ""trigger_spell"": 0, ""type"": 6}",,,263,,,"{""AuraDescription_Lang_Mask"": 16712188, ""CastingTimeIndex"": 1, ""Description_Lang_Mask"": 16712190, ""Description_Lang_enUS"": ""Reduces the cast time of your Wrath and Starfire spells by $/1000;S1 sec."", ""EffectBonusMultiplier_1"": 1.0, ""EffectBonusMultiplier_2"": 1.0, ""EffectBonusMultiplier_3"": 1.0, ""EffectChainAmplitude_1"": 1.0, ""EffectSpellClassMaskA_1"": 5, ""EquippedItemClass"": -1, ""NameSubtext_Lang_Mask"": 16712190, ""NameSubtext_Lang_enUS"": ""Rank 3"", ""Name_Lang_Mask"": 16712190, ""ProcChance"": 101, ""RangeIndex"": 1, ""SpellClassSet"": 7}",pulled from existing data
16817,Starlight Wrath,1,0,0,464,0,0,0,0,0,0,0,0.0,,-1,"{""amplitude"": 0, ""apply_aura"": 107, ""base_points"": -401, ""chain_targets"": 0, ""die_sides"": 1, ""implicit_target_a"": 1, ""implicit_target_b"": 0, ""mechanic"": 0, ""misc_value"": 10, ""points_per_level"": 0.0, ""radius_yards"": null, ""trigger_spell"": 0, ""type"": 6}",,,263,,,"{""AuraDescription_Lang_Mask"": 16712188, ""CastingTimeIndex"": 1, ""Description_Lang_Mask"": 16712190, ""Description_Lang_enUS"": ""Reduces the cast time of your Wrath and Starfire spells by $/1000;S1 sec."", ""EffectBonusMultiplier_1"": 1.0, ""EffectBonusMultiplier_2"": 1.0, ""EffectBonusMultiplier_3"": 1.0, ""EffectChainAmplitude_1"": 1.0, ""EffectSpellClassMaskA_1"": 5, ""EquippedItemClass"": -1, ""NameSubtext_Lang_Mask"": 16712190, ""NameSubtext_Lang_enUS"": ""Rank 4"", ""Name_Lang_Mask"": 16712190, ""ProcChance"": 101, ""RangeIndex"": 1, ""SpellClassSet"": 7}",pulled from existing data
16818,Starlight Wrath,1,0,0,464,0,0,0,0,0,0,0,0.0,,-1,"{""amplitude"": 0, ""apply_aura"": 107, ""base_points"": -501, ""chain_targets"": 0, ""die_sides"": 1, ""implicit_target_a"": 1, ""implicit_target_b"": 0, ""mechanic"": 0, ""misc_value"": 10, ""points_per_level"": 0.0, ""radius_yards"": null, ""trigger_spell"": 0, ""type"": 6}",,,263,,,"{""AuraDescription_Lang_Mask"": 16712188, ""CastingTimeIndex"": 1, ""Description_Lang_Mask"": 16712190, ""Description_Lang_enUS"": ""Reduces the cast time of your Wrath and Starfire spells by $/1000;S1 sec."", ""EffectBonusMultiplier_1"": 1.0, ""EffectBonusMultiplier_2"": 1.0, ""EffectBonusMultiplier_3"": 1.0, ""EffectChainAmplitude_1"": 1.0, ""EffectSpellClassMaskA_1"": 5, ""EquippedItemClass"": -1, ""NameSubtext_Lang_Mask"": 16712190, ""NameSubtext_Lang_enUS"": ""Rank 5"", ""Name_Lang_Mask"": 16712190, ""ProcChance"": 101, ""RangeIndex"": 1, ""SpellClassSet"": 7}",pulled from existing data
16819,Nature's Reach,1,0,0,464,0,0,0,0,0,0,0,0.0,,,"{""amplitude"": 0, ""apply_aura"": 108, ""base_points"": 9, ""chain_targets"": 0, ""die_sides"": 1, ""implicit_target_a"": 1, ""implicit_target_b"": 0, ""mechanic"": 0, ""misc_value"": 5, ""points_per_level"": 0.0, ""radius_yards"": null, ""trigger_spell"": 0, ""type"": 6}","{""amplitude"": 0, ""apply_aura"": 108, ""base_points"": -16, ""chain_targets"": 0, ""die_sides"": 1, ""implicit_target_a"": 1, ""implicit_target_b"": 0, ""mechanic"": 0, ""misc_value"": 2, ""points_per_level"": 0.0, ""radius_yards"": null, ""trigger_spell"": 0, ""type"": 6}","{""amplitude"": 0, ""apply_aura"": 108, ""base_points"": 9, ""chain_targets"": 0, ""die_sides"": 1, ""implicit_target_a"": 1, ""implicit_target_b"": 0, ""mechanic"": 0, ""misc_value"": 6, ""points_per_level"": 0.0, ""radius_yards"": null, ""trigger_spell"": 0, ""type"": 6}",39,,,"{""AuraDescription_Lang_Mask"": 16712188, ""CastingTimeIndex"": 1, ""Description_Lang_Mask"": 16712190, ""Description_Lang_enUS"": ""Increases the range of your Balance spells and Faerie Fire (Feral) ability by $s1%, and reduces the threat generated by your Balance spells by $s2%."", ""EffectBonusMultiplier_1"": 1.0, ""EffectChainAmplitude_1"": 1.0, ""EffectChainAmplitude_2"": 1.0, ""EffectChainAmplitude_3"": 1.0, ""EffectSpellClassMaskA_1"": 6293255, ""EffectSpellClassMaskA_2"": 25301536, ""EffectSpellClassMaskB_1"": 7341831, ""EffectSpellClassMaskB_2"": 25559584, ""EffectSpellClassMaskC_2"": 16777216, ""EffectSpellClassMaskC_3"": 256, ""EquippedItemClass"": -1, ""NameSubtext_Lang_Mask"": 16712190, ""NameSubtext_Lang_enUS"": ""Rank 1"", ""Name_Lang_Mask"": 16712190, ""ProcChance"": 101, ""RangeIndex"": 1, ""SpellClassSet"": 7}",pulled from existing data
16820,Nature's Reach,1,0,0,464,0,0,0,0,0,0,0,0.0,,,"{""amplitude"": 0, ""apply_aura"": 108, ""base_points"": 19, ""chain_targets"": 0, ""die_sides"": 1, ""implicit_target_a"": 1, ""implicit_target_b"": 0, ""mechanic"": 0, ""misc_value"": 5, ""points_per_level"": 0.0, ""radius_yards"": null, ""trigger_spell"": 0, ""type"": 6}","{""amplitude"": 0, ""apply_aura"": 108, ""base_points"": -31, ""chain_targets"": 0, ""die_sides"": 1, ""implicit_target_a"": 1, ""implicit_target_b"": 0, ""mechanic"": 0, ""misc_value"": 2, ""points_per_level"": 0.0, ""radius_yards"": null, ""trigger_spell"": 0, ""type"": 6}","{""amplitude"": 0, ""apply_aura"": 108, ""base_points"": 19, ""chain_targets"": 0, ""die_sides"": 1, ""implicit_target_a"": 1, ""implicit_target_b"": 0, ""mechanic"": 0, ""misc_value"": 6, ""points_per_level"": 0.0, ""radius_yards"": null, ""trigger_spell"": 0, ""type"": 6}",39,,,"{""AuraDescription_Lang_Mask"": 16712188, ""CastingTimeIndex"": 1, ""Description_Lang_Mask"": 16712190, ""Description_Lang_enUS"": ""Increases the range of your Balance spells and Faerie Fire (Feral) ability by $s1%, and reduces the threat generated by your Balance spells by $s2%."", ""EffectBonusMultiplier_1"": 1.0, ""EffectChainAmplitude_1"": 1.0, ""EffectChainAmplitude_2"": 1.0, ""EffectChainAmplitude_3"": 1.0, ""EffectSpellClassMaskA_1"": 6293255, ""EffectSpellClassMaskA_2"": 25301536, ""EffectSpellClassMaskB_1"": 7341831, ""EffectSpellClassMaskB_2"": 25559584, ""EffectSpellClassMaskC_2"": 16777216, ""EffectSpellClassMaskC_3"": 256, ""EquippedItemClass"": -1, ""NameSubtext_Lang_Mask"": 16712190, ""NameSubtext_Lang_enUS"": ""Rank 2"", ""Name_Lang_Mask"": 16712190, ""ProcChance"": 101, ""RangeIndex"": 1, ""SpellClassSet"": 7}",pulled from existing data
16821,Improved Moonfire,1,0,0,464,0,0,0,0,0,0,0,0.0,,-1,"{""amplitude"": 0, ""apply_aura"": 107, ""base_points"": 4, ""chain_targets"": 0, ""die_sides"": 1, ""implicit_target_a"": 1, ""implicit_target_b"": 0, ""mechanic"": 0, ""misc_value"": 7, ""points_per_level"": 0.0, ""radius_yards"": null, ""trigger_spell"": 0, ""type"": 6}","{""amplitude"": 0, ""apply_aura"": 108, ""base_points"": 4, ""chain_targets"": 0, ""die_sides"": 1, ""implicit_target_a"": 1, ""implicit_target_b"": 0, ""mechanic"": 0, ""misc_value"": 0, ""points_per_level"": 0.0, ""radius_yards"": null, ""trigger_spell"": 0, ""type"": 6}","{""amplitude"": 0, ""apply_aura"": 108, ""base_points"": 4, ""chain_targets"": 0, ""die_sides"": 1, ""implicit_target_a"": 1, ""implicit_target_b"": 0, ""mechanic"": 0, ""misc_value"": 22, ""points_per_level"": 0.0, ""radius_yards"": null, ""trigger_spell"": 0, ""type"": 6}",225,,,"{""AuraDescription_Lang_Mask"": 16712188, ""CastingTimeIndex"": 1, ""Description_Lang_Mask"": 16712190, ""Description_Lang_enUS"": ""Increases the damage and critical strike chance of your Moonfire spell by $s1%."", ""EffectBonusMultiplier_1"": 1.0, ""EffectBonusMultiplier_2"": 1.0, ""EffectChainAmplitude_1"": 1.0, ""EffectChainAmplitude_2"": 1.0, ""EffectChainAmplitude_3"": 1.0, ""EffectSpellClassMaskA_1"": 2, ""EffectSpellClassMaskB_1"": 2, ""EffectSpellClassMaskC_1"": 2, ""EquippedItemClass"": -1, ""NameSubtext_Lang_Mask"": 16712190, ""NameSubtext_Lang_enUS"": ""Rank 1"", ""Name_Lang_Mask"": 16712190, ""ProcChance"": 101, ""RangeIndex"": 1, ""SpellClassSet"": 7}",pulled from existing data
16822,Improved Moonfire,1,0,0,464,0,0,0,0,0,0,0,0.0,,-1,"{""amplitude"": 0, ""apply_aura"": 107, ""base_points"": 9, ""chain_targets"": 0, ""die_sides"": 1, ""implicit_target_a"": 1, ""implicit_target_b"": 0, ""mechanic"": 0, ""misc_value"": 7, ""points_per_level"": 0.0, ""radius_yards"": null, ""trigger_spell"": 0, ""type"": 6}","{""amplitude"": 0, ""apply_aura"": 108, ""base_points"": 9, ""chain_targets"": 0, ""die_sides"": 1, ""implicit_target_a"": 1, ""implicit_target_b"": 0, ""mechanic"": 0, ""misc_value"": 0, ""points_per_level"": 0.0, ""radius_yards"": null, ""trigger_spell"": 0, ""type"": 6}","{""amplitude"": 0, ""apply_aura"": 108, ""base_points"": 9, ""chain_targets"": 0, ""die_sides"": 1, ""implicit_target_a"": 1, ""implicit_target_b"": 0, ""mechanic"": 0, ""misc_value"": 22, ""points_per_level"": 0.0, ""radius_yards"": null, ""trigger_spell"": 0, ""type"": 6}",225,,,"{""AuraDescription_Lang_Mask"": 16712188, ""CastingTimeIndex"": 1, ""Description_Lang_Mask"": 16712190, ""Description_Lang_enUS"": ""Increases the damage and critical strike chance of your Moonfire spell by $s1%."", ""EffectBonusMultiplier_1"": 1.0, ""EffectBonusMultiplier_2"": 1.0, ""EffectChainAmplitude_1"": 1.0, ""EffectChainAmplitude_2"": 1.0, ""EffectChainAmplitude_3"": 1.0, ""EffectSpellClassMaskA_1"": 2, ""EffectSpellClassMaskB_1"": 2, ""EffectSpellClassMaskC_1"": 2, ""EquippedItemClass"": -1, ""NameSubtext_Lang_Mask"": 16712190, ""NameSubtext_Lang_enUS"": ""Rank 2"", ""Name_Lang_Mask"": 16712190, ""ProcChance"": 101, ""RangeIndex"": 1, ""SpellClassSet"": 7}",pulled from existing data
16833,Natural Shapeshifter,1,0,0,464,0,0,0,0,0,0,0,0.0,,-1,"{""amplitude"": 0, ""apply_aura"": 108, ""base_points"": -11, ""chain_targets"": 0, ""die_sides"": 1, ""implicit_target_a"": 1, ""implicit_target_b"": 0, ""mechanic"": 0, ""misc_value"": 14, ""points_per_level"": 0.0, ""radius_yards"": null, ""trigger_spell"": 0, ""type"": 6}",,,122,,,"{""AuraDescription_Lang_Mask"": 16712188, ""CastingTimeIndex"": 1, ""Description_Lang_Mask"": 16712190, ""Description_Lang_enUS"": ""Reduces the mana cost of all shapeshifting by $s1%."", ""EffectBonusMultiplier_1"": 1.0, ""EffectBonusMultiplier_2"": 1.0, ""EffectBonusMultiplier_3"": 1.0, ""EffectChainAmplitude_1"": 1.0, ""EffectSpellClassMaskA_1"": 3758096384, ""EffectSpellClassMaskA_2"": 122880, ""EquippedItemClass"": -1, ""NameSubtext_Lang_Mask"": 16712190, ""NameSubtext_Lang_enUS"": ""Rank 1"", ""Name_Lang_Mask"": 16712190, ""ProcChance"": 101, ""RangeIndex"": 1, ""SpellClassSet"": 7}",pulled from existing data
16834,Natural Shapeshifter,1,0,0,464,0,0,0,0,0,0,0,0.0,,6000,"{""amplitude"": 0, ""apply_aura"": 108, ""base_points"": -21, ""chain_targets"": 0, ""die_sides"": 1, ""implicit_target_a"": 1, ""implicit_target_b"": 0, ""mechanic"": 0, ""misc_value"": 14, ""points_per_level"": 0.0, ""radius_yards"": null, ""trigger_spell"": 0, ""type"": 6}",,,122,,,"{""AuraDescription_Lang_Mask"": 16712188, ""CastingTimeIndex"": 1, ""Description_Lang_Mask"": 16712190, ""Description_Lang_enUS"": ""Reduces the mana cost of all shapeshifting by $s1%."", ""EffectBonusMultiplier_1"": 1.0, ""EffectBonusMultiplier_2"": 1.0, ""EffectBonusMultiplier_3"": 1.0, ""EffectChainAmplitude_1"": 1.0, ""EffectSpellClassMaskA_1"": 3758096384, ""EffectSpellClassMaskA_2"": 122880, ""EquippedItemClass"": -1, ""NameSubtext_Lang_Mask"": 16712190, ""NameSubtext_Lang_enUS"": ""Rank 2"", ""Name_Lang_Mask"": 16712190, ""ProcChance"": 101, ""RangeIndex"": 1, ""SpellClassSet"": 7}",pulled from existing data
16835,Natural Shapeshifter,1,0,0,464,0,0,0,0,0,0,0,0.0,,6000,"{""amplitude"": 0, ""apply_aura"": 108, ""base_points"": -31, ""chain_targets"": 0, ""die_sides"": 1, ""implicit_target_a"": 1, ""implicit_target_b"": 0, ""mechanic"": 0, ""misc_value"": 14, ""points_per_level"": 0.0, ""radius_yards"": null, ""trigger_spell"": 0, ""type"": 6}",,,122,,,"{""AuraDescription_Lang_Mask"": 16712188, ""CastingTimeIndex"": 1, ""Description_Lang_Mask"": 16712190, ""Description_Lang_enUS"": ""Reduces the mana cost of all shapeshifting by $s1%."", ""EffectBonusMultiplier_1"": 1.0, ""EffectBonusMultiplier_2"": 1.0, ""EffectBonusMultiplier_3"": 1.0, ""EffectChainAmplitude_1"": 1.0, ""EffectSpellClassMaskA_1"": 3758096384, ""EffectSpellClassMaskA_2"": 122880, ""EquippedItemClass"": -1, ""NameSubtext_Lang_Mask"": 16712190, ""NameSubtext_Lang_enUS"": ""Rank 3"", ""Name_Lang_Mask"": 16712190, ""ProcChance"": 101, ""RangeIndex"": 1, ""SpellClassSet"": 7}",pulled from existing data
16836,Brambles,1,0,0,464,0,0,0,0,0,0,0,0.0,,,"{""amplitude"": 0, ""apply_aura"": 4, ""base_points"": 24, ""chain_targets"": 0, ""die_sides"": 1, ""implicit_target_a"": 1, ""implicit_target_b"": 0, ""mechanic"": 0, ""misc_value"": 0, ""points_per_level"": 0.0, ""radius_yards"": null, ""trigger_spell"": 0, ""type"": 6}","{""amplitude"": 0, ""apply_aura"": 108, ""base_points"": 24, ""chain_targets"": 0, ""die_sides"": 1, ""implicit_target_a"": 1, ""implicit_target_b"": 0, ""mechanic"": 0, ""misc_value"": 22, ""points_per_level"": 0.0, ""radius_yards"": null, ""trigger_spell"": 0, ""type"": 6}","{""amplitude"": 0, ""apply_aura"": 107, ""base_points"": 4, ""chain_targets"": 0, ""die_sides"": 1, ""implicit_target_a"": 1, ""implicit_target_b"": 0, ""mechanic"": 0, ""misc_value"": 18, ""points_per_level"": 0.0, ""radius_yards"": null, ""trigger_spell"": 0, ""type"": 6}",53,,,"{""AuraDescription_Lang_Mask"": 16712188, ""CastingTimeIndex"": 1, ""Description_Lang_Mask"": 16712190, ""Description_Lang_enUS"": ""Damage from your Thorns and Entangling Roots increased by $s1% and damage done by your Treants increased by $s3%. In addition, damage from your Treants and attacks done to you while you have Barkskin active have a $s3% chance to daze the target for 3 sec."", ""EffectBonusMultiplier_1"": 1.0, ""EffectChainAmplitude_1"": 1.0, ""EffectChainAmplitude_2"": 1.0, ""EffectChainAmplitude_3"": 1.0, ""EffectSpellClassMaskA_1"": 256, ""EffectSpellClassMaskB_1"": 512, ""EffectSpellClassMaskC_2"": 262144, ""EquippedItemClass"": -1, ""NameSubtext_Lang_Mask"": 16712190, ""NameSubtext_Lang_enUS"": ""Rank 1"", ""Name_Lang_Mask"": 16712190, ""ProcChance"": 101, ""RangeIndex"": 1, ""SpellClassSet"": 7}",pulled from existing data
16839,Brambles,1,0,0,464,0,0,0,0,0,0,0,0.0,,,"{""amplitude"": 0, ""apply_aura"": 4, ""base_points"": 49, ""chain_targets"": 0, ""die_sides"": 1, ""implicit_target_a"": 1, ""implicit_target_b"": 0, ""mechanic"": 0, ""misc_value"": 28, ""points_per_level"": 0.0, ""radius_yards"": null, ""trigger_spell"": 0, ""type"": 6}","{""amplitude"": 0, ""apply_aura"": 108, ""base_points"": 49, ""chain_targets"": 0, ""die_sides"": 1, ""implicit_target_a"": 1, ""implicit_target_b"": 0, ""mechanic"": 0, ""misc_value"": 22, ""points_per_level"": 0.0, ""radius_yards"": null, ""trigger_spell"": 0, ""type"": 6}","{""amplitude"": 0, ""apply_aura"": 107, ""base_points"": 9, ""chain_targets"": 0, ""die_sides"": 1, ""implicit_target_a"": 1, ""implicit_target_b"": 0, ""mechanic"": 0, ""misc_value"": 18, ""points_per_level"": 0.0, ""radius_yards"": null, ""trigger_spell"": 0, ""type"": 6}",53,,,"{""AuraDescription_Lang_Mask"": 16712188, ""CastingTimeIndex"": 1, ""Description_Lang_Mask"": 16712190, ""Description_Lang_enUS"": ""Damage from your Thorns and Entangling Roots increased by $s1% and damage done by your Treants increased by $s3%. In addition, damage from your Treants and attacks done to you while you have Barkskin active have a $s3% chance to daze the target for 3 sec."", ""EffectBonusMultiplier_1"": 1.0, ""EffectChainAmplitude_1"": 1.0, ""EffectChainAmplitude_2"": 1.0, ""EffectChainAmplitude_3"": 1.0, ""EffectSpellClassMaskA_1"": 256, ""EffectSpellClassMaskB_1"": 512, ""EffectSpellClassMaskC_2"": 262144, ""EquippedItemClass"": -1, ""NameSubtext_Lang_Mask"": 16712190, ""NameSubtext_Lang_enUS"": ""Rank 2"", ""Name_Lang_Mask"": 16712190, ""ProcChance"": 101, ""RangeIndex"": 1, ""SpellClassSet"": 7}",pulled from existing data
16840,Brambles,1,0,0,464,0,0,0,0,0,0,0,0.0,,,"{""amplitude"": 0, ""apply_aura"": 4, ""base_points"": 74, ""chain_targets"": 0, ""die_sides"": 1, ""implicit_target_a"": 1, ""implicit_target_b"": 0, ""mechanic"": 0, ""misc_value"": 0, ""points_per_level"": 0.0, ""radius_yards"": null, ""trigger_spell"": 0, ""type"": 6}","{""amplitude"": 0, ""apply_aura"": 108, ""base_points"": 74, ""chain_targets"": 0, ""die_sides"": 1, ""implicit_target_a"": 1, ""implicit_target_b"": 0, ""mechanic"": 0, ""misc_value"": 22, ""points_per_level"": 0.0, ""radius_yards"": null, ""trigger_spell"": 0, ""type"": 6}","{""amplitude"": 0, ""apply_aura"": 107, ""base_points"": 14, ""chain_targets"": 0, ""die_sides"": 1, ""implicit_target_a"": 1, ""implicit_target_b"": 0, ""mechanic"": 0, ""misc_value"": 18, ""points_per_level"": 0.0, ""radius_yards"": null, ""trigger_spell"": 0, ""type"": 6}",53,,,"{""AuraDescription_Lang_Mask"": 16712188, ""CastingTimeIndex"": 1, ""Description_Lang_Mask"": 16712190, ""Description_Lang_enUS"": ""Damage from your Thorns and Entangling Roots increased by $s1% and damage done by your Treants increased by $s3%. In addition, damage from your Treants and attacks done to you while you have Barkskin active have a $s3% chance to daze the target for 3 sec."", ""EffectBonusMultiplier_1"": 1.0, ""EffectChainAmplitude_1"": 1.0, ""EffectChainAmplitude_2"": 1.0, ""EffectChainAmplitude_3"": 1.0, ""EffectSpellClassMaskA_1"": 256, ""EffectSpellClassMaskB_1"": 512, ""EffectSpellClassMaskC_2"": 262144, ""EquippedItemClass"": -1, ""NameSubtext_Lang_Mask"": 16712190, ""NameSubtext_Lang_enUS"": ""Rank 3"", ""Name_Lang_Mask"": 16712190, ""ProcChance"": 101, ""RangeIndex"": 1, ""SpellClassSet"": 7}",pulled from existing data
16845,Moonglow,1,0,0,464,0,0,0,0,0,0,0,0.0,,,"{""amplitude"": 0, ""apply_aura"": 108, ""base_points"": -4, ""chain_targets"": 0, ""die_sides"": 1, ""implicit_target_a"": 1, ""implicit_target_b"": 0, ""mechanic"": 0, ""misc_value"": 14, ""points_per_level"": 0.0, ""radius_yards"": null, ""trigger_spell"": 0, ""type"": 6}",,,310,,,"{""AuraDescription_Lang_Mask"": 16712188, ""CastingTimeIndex"": 1, ""Description_Lang_Mask"": 16712190, ""Description_Lang_enUS"": ""Reduces the Mana cost of your Moonfire, Starfire, Starfall, Wrath, Healing Touch, Nourish, Regrowth and Rejuvenation spells by $s1%."", ""EffectBonusMultiplier_1"": 1.0, ""EffectBonusMultiplier_2"": 1.0, ""EffectBonusMultiplier_3"": 1.0, ""EffectChainAmplitude_1"": 1.0, ""EffectChainAmplitude_2"": 1.0, ""EffectChainAmplitude_3"": 1.0, ""EffectSpellClassMaskA_1"": 119, ""EffectSpellClassMaskA_2"": 41943040, ""EquippedItemClass"": -1, ""NameSubtext_Lang_Mask"": 16712190, ""NameSubtext_Lang_enUS"": ""Rank 1"", ""Name_Lang_Mask"": 16712190, ""ProcChance"": 101, ""RangeIndex"": 1, ""SpellClassSet"": 7}",pulled from existing data
16846,Moonglow,1,0,0,464,0,0,0,0,0,0,0,0.0,,,"{""amplitude"": 0, ""apply_aura"": 108, ""base_points"": -7, ""chain_targets"": 0, ""die_sides"": 1, ""implicit_target_a"": 1, ""implicit_target_b"": 0, ""mechanic"": 0, ""misc_value"": 14, ""points_per_level"": 0.0, ""radius_yards"": null, ""trigger_spell"": 0, ""type"": 6}",,,310,,,"{""AuraDescription_Lang_Mask"": 16712188, ""CastingTimeIndex"": 1, ""Description_Lang_Mask"": 16712190, ""Description_Lang_enUS"": ""Reduces the Mana cost of your Moonfire, Starfire, Starfall, Wrath, Healing Touch, Nourish, Regrowth and Rejuvenation spells by $s1%."", ""EffectBonusMultiplier_1"": 1.0, ""EffectBonusMultiplier_2"": 1.0, ""EffectBonusMultiplier_3"": 1.0, ""EffectChainAmplitude_1"": 1.0, ""EffectChainAmplitude_2"": 1.0, ""EffectChainAmplitude_3"": 1.0, ""EffectSpellClassMaskA_1"": 119, ""EffectSpellClassMaskA_2"": 41943040, ""EquippedItemClass"": -1, ""NameSubtext_Lang_Mask"": 16712190, ""NameSubtext_Lang_enUS"": ""Rank 2"", ""Name_Lang_Mask"": 16712190, ""ProcChance"": 101, ""RangeIndex"": 1, ""SpellClassSet"": 7}",pulled from existing data
16847,Moonglow,1,0,0,464,0,0,0,0,0,0,0,0.0,,,"{""amplitude"": 0, ""apply_aura"": 108, ""base_points"": -10, ""chain_targets"": 0, ""die_sides"": 1, ""implicit_target_a"": 1, ""implicit_target_b"": 0, ""mechanic"": 0, ""misc_value"": 14, ""points_per_level"": 0.0, ""radius_yards"": null, ""trigger_spell"": 0, ""type"": 6}",,,310,,,"{""AuraDescription_Lang_Mask"": 16712188, ""CastingTimeIndex"": 1, ""Description_Lang_Mask"": 16712190, ""Description_Lang_enUS"": ""Reduces the Mana cost of your Moonfire, Starfire, Starfall, Wrath, Healing Touch, Nourish, Regrowth and Rejuvenation spells by $s1%."", ""EffectBonusMultiplier_1"": 1.0, ""EffectBonusMultiplier_2"": 1.0, ""EffectBonusMultiplier_3"": 1.0, ""EffectChainAmplitude_1"": 1.0, ""EffectChainAmplitude_2"": 1.0, ""EffectChainAmplitude_3"": 1.0, ""EffectSpellClassMaskA_1"": 119, ""EffectSpellClassMaskA_2"": 41943040, ""EquippedItemClass"": -1, ""NameSubtext_Lang_Mask"": 16712190, ""NameSubtext_Lang_enUS"": ""Rank 3"", ""Name_Lang_Mask"": 16712190, ""ProcChance"": 101, ""RangeIndex"": 1, ""SpellClassSet"": 7}",pulled from existing data
16850,Celestial Focus,1,0,0,464,0,0,0,0,0,0,0,0.0,,,"{""amplitude"": 0, ""apply_aura"": 108, ""base_points"": 22, ""chain_targets"": 0, ""die_sides"": 1, ""implicit_target_a"": 1, ""implicit_target_b"": 0, ""mechanic"": 0, ""misc_value"": 9, ""points_per_level"": 0.0, ""radius_yards"": null, ""trigger_spell"": 0, ""type"": 6}","{""amplitude"": 0, ""apply_aura"": 65, ""base_points"": 0, ""chain_targets"": 0, ""die_sides"": 1, ""implicit_target_a"": 1, ""implicit_target_b"": 0, ""mechanic"": 0, ""misc_value"": 9, ""points_per_level"": 0.0, ""radius_yards"": null, ""trigger_spell"": 0, ""type"": 6}",,1485,,,"{""AttributesEx3"": 524288, ""AuraDescription_Lang_Mask"": 16712188, ""CastingTimeIndex"": 1, ""Description_Lang_Mask"": 16712190, ""Description_Lang_enUS"": ""Reduces the pushback suffered from damaging attacks while casting Starfire, Hibernate and Hurricane by $s1% and increases your total spell haste by $s2%."", ""EffectBonusMultiplier_1"": 1.0, ""EffectBonusMultiplier_3"": 1.0, ""EffectChainAmplitude_1"": 1.0, ""EffectChainAmplitude_2"": 1.0, ""EffectChainAmplitude_3"": 1.0, ""EffectSpellClassMaskA_1"": 4194308, ""EffectSpellClassMaskA_2"": 131072, ""EffectSpellClassMaskB_1"": 1, ""EquippedItemClass"": -1, ""NameSubtext_Lang_Mask"": 16712190, ""NameSubtext_Lang_enUS"": ""Rank 1"", ""Name_Lang_Mask"": 16712190, ""ProcChance"": 5, ""ProcTypeMask"": 87376, ""RangeIndex"": 1, ""SpellClassSet"": 7}",pulled from existing data
16858,Feral Aggression,1,0,0,464,0,0,0,0,0,0,0,0.0,,-1,"{""amplitude"": 0, ""apply_aura"": 108, ""base_points"": 7, ""chain_targets"": 0, ""die_sides"": 1, ""implicit_target_a"": 1, ""implicit_target_b"": 0, ""mechanic"": 0, ""misc_value"": 8, ""points_per_level"": 0.0, ""radius_yards"": null, ""trigger_spell"": 0, ""type"": 6}","{""amplitude"": 0, ""apply_aura"": 108, ""base_points"": 2, ""chain_targets"": 0, ""die_sides"": 1, ""implicit_target_a"": 1, ""implicit_target_b"": 0, ""mechanic"": 0, ""misc_value"": 0, ""points_per_level"": 0.0, ""radius_yards"": null, ""trigger_spell"": 0, ""type"": 6}",,960,,,"{""AuraDescription_Lang_Mask"": 16712188, ""CastingTimeIndex"": 1, ""Description_Lang_Mask"": 16712190, ""Description_Lang_enUS"": ""Increases the attack power reduction of your Demoralizing Roar by $s1% and the damage caused by your Ferocious Bite by $s2%."", ""EffectBonusMultiplier_1"": 1.0, ""EffectBonusMultiplier_2"": 1.0, ""EffectBonusMultiplier_3"": 1.0, ""EffectChainAmplitude_1"": 1.0, ""EffectChainAmplitude_2"": 1.0, ""EffectItemType_1"": 8, ""EffectItemType_2"": 8388608, ""EffectSpellClassMaskA_1"": 8, ""EffectSpellClassMaskB_1"": 8388608, ""EquippedItemClass"": -1, ""NameSubtext_Lang_Mask"": 16712190, ""NameSubtext_Lang_enUS"": ""Rank 1"", ""Name_Lang_Mask"": 16712190, ""ProcChance"": 101, ""RangeIndex"": 1, ""SpellClassSet"": 7}",pulled from existing data
16859,Feral Aggression,1,0,0,464,0,0,0,0,0,0,0,0.0,,-1,"{""amplitude"": 0, ""apply_aura"": 108, ""base_points"": 15, ""chain_targets"": 0, ""die_sides"": 1, ""implicit_target_a"": 1, ""implicit_target_b"": 0, ""mechanic"": 0, ""misc_value"": 8, ""points_per_level"": 0.0, ""radius_yards"": null, ""trigger_spell"": 0, ""type"": 6}","{""amplitude"": 0, ""apply_aura"": 108, ""base_points"": 5, ""chain_targets"": 0, ""die_sides"": 1, ""implicit_target_a"": 1, ""implicit_target_b"": 0, ""mechanic"": 0, ""misc_value"": 0, ""points_per_level"": 0.0, ""radius_yards"": null, ""trigger_spell"": 0, ""type"": 6}",,960,,,"{""AuraDescription_Lang_Mask"": 16712188, ""CastingTimeIndex"": 1, ""Description_Lang_Mask"": 16712190, ""Description_Lang_enUS"": ""Increases the attack power reduction of your Demoralizing Roar by $s1% and the damage caused by your Ferocious Bite by $s2%."", ""EffectBonusMultiplier_1"": 1.0, ""EffectBonusMultiplier_2"": 1.0, ""EffectBonusMultiplier_3"": 1.0, ""EffectChainAmplitude_1"": 1.0, ""EffectChainAmplitude_2"": 1.0, ""EffectItemType_1"": 8, ""EffectItemType_2"": 8388608, ""EffectSpellClassMaskA_1"": 8, ""EffectSpellClassMaskB_1"": 8388608, ""EquippedItemClass"": -1, ""NameSubtext_Lang_Mask"": 16712190, ""NameSubtext_Lang_enUS"": ""Rank 2"", ""Name_Lang_Mask"": 16712190, ""ProcChance"": 101, ""RangeIndex"": 1, ""SpellClassSet"": 7}",pulled from existing data
16860,Feral Aggression,1,0,0,464,0,0,0,0,0,0,0,0.0,,-1,"{""amplitude"": 0, ""apply_aura"": 108, ""base_points"": 23, ""chain_targets"": 0, ""die_sides"": 1, ""implicit_target_a"": 1, ""implicit_target_b"": 0, ""mechanic"": 0, ""misc_value"": 8, ""points_per_level"": 0.0, ""radius_yards"": null, ""trigger_spell"": 0, ""type"": 6}","{""amplitude"": 0, ""apply_aura"": 108, ""base_points"": 8, ""chain_targets"": 0, ""die_sides"": 1, ""implicit_target_a"": 1, ""implicit_target_b"": 0, ""mechanic"": 0, ""misc_value"": 0, ""points_per_level"": 0.0, ""radius_yards"": null, ""trigger_spell"": 0, ""type"": 6}",,960,,,"{""AuraDescription_Lang_Mask"": 16712188, ""CastingTimeIndex"": 1, ""Description_Lang_Mask"": 16712190, ""Description_Lang_enUS"": ""Increases the attack power reduction of your Demoralizing Roar by $s1% and the damage caused by your Ferocious Bite by $s2%."", ""EffectBonusMultiplier_1"": 1.0, ""EffectBonusMultiplier_2"": 1.0, ""EffectBonusMultiplier_3"": 1.0, ""EffectChainAmplitude_1"": 1.0, ""EffectChainAmplitude_2"": 1.0, ""EffectItemType_1"": 8, ""EffectItemType_2"": 8388608, ""EffectSpellClassMaskA_1"": 8, ""EffectSpellClassMaskB_1"": 8388608, ""EquippedItemClass"": -1, ""NameSubtext_Lang_Mask"": 16712190, ""NameSubtext_Lang_enUS"": ""Rank 3"", ""Name_Lang_Mask"": 16712190, ""ProcChance"": 101, ""RangeIndex"": 1, ""SpellClassSet"": 7}",pulled from existing data
16861,Feral Aggression,1,0,0,464,0,0,0,0,0,0,0,0.0,,-1,"{""amplitude"": 0, ""apply_aura"": 108, ""base_points"": 31, ""chain_targets"": 0, ""die_sides"": 1, ""implicit_target_a"": 1, ""implicit_target_b"": 0, ""mechanic"": 0, ""misc_value"": 8, ""points_per_level"": 0.0, ""radius_yards"": null, ""trigger_spell"": 0, ""type"": 6}","{""amplitude"": 0, ""apply_aura"": 108, ""base_points"": 11, ""chain_targets"": 0, ""die_sides"": 1, ""implicit_target_a"": 1, ""implicit_target_b"": 0, ""mechanic"": 0, ""misc_value"": 0, ""points_per_level"": 0.0, ""radius_yards"": null, ""trigger_spell"": 0, ""type"": 6}",,960,,,"{""AuraDescription_Lang_Mask"": 16712188, ""CastingTimeIndex"": 1, ""Description_Lang_Mask"": 16712190, ""Description_Lang_enUS"": ""Increases the attack power reduction of your Demoralizing Roar by $s1% and the damage caused by your Ferocious Bite by $s2%."", ""EffectBonusMultiplier_1"": 1.0, ""EffectBonusMultiplier_2"": 1.0, ""EffectBonusMultiplier_3"": 1.0, ""EffectChainAmplitude_1"": 1.0, ""EffectChainAmplitude_2"": 1.0, ""EffectItemType_1"": 8, ""EffectItemType_2"": 8388608, ""EffectSpellClassMaskA_1"": 8, ""EffectSpellClassMaskB_1"": 8388608, ""EquippedItemClass"": -1, ""NameSubtext_Lang_Mask"": 16712190, ""NameSubtext_Lang_enUS"": ""Rank 4"", ""Name_Lang_Mask"": 16712190, ""ProcChance"": 101, ""RangeIndex"": 1, ""SpellClassSet"": 7}",pulled from existing data
16862,Feral Aggression,1,0,0,464,0,0,0,0,0,0,0,0.0,,-1,"{""amplitude"": 0, ""apply_aura"": 108, ""base_points"": 39, ""chain_targets"": 0, ""die_sides"": 1, ""implicit_target_a"": 1, ""implicit_target_b"": 0, ""mechanic"": 0, ""misc_value"": 8, ""points_per_level"": 0.0, ""radius_yards"": null, ""trigger_spell"": 0, ""type"": 6}","{""amplitude"": 0, ""apply_aura"": 108, ""base_points"": 14, ""chain_targets"": 0, ""die_sides"": 1, ""implicit_target_a"": 1, ""implicit_target_b"": 0, ""mechanic"": 0, ""misc_value"": 0, ""points_per_level"": 0.0, ""radius_yards"": null, ""trigger_spell"": 0, ""type"": 6}",,960,,,"{""AuraDescription_Lang_Mask"": 16712188, ""CastingTimeIndex"": 1, ""Description_Lang_Mask"": 16712190, ""Description_Lang_enUS"": ""Increases the attack power reduction of your Demoralizing Roar by $s1% and the damage caused by your Ferocious Bite by $s2%."", ""EffectBonusMultiplier_1"": 1.0, ""EffectBonusMultiplier_2"": 1.0, ""EffectBonusMultiplier_3"": 1.0, ""EffectChainAmplitude_1"": 1.0, ""EffectChainAmplitude_2"": 1.0, ""EffectItemType_1"": 8, ""EffectItemType_2"": 8388608, ""EffectSpellClassMaskA_1"": 8, ""EffectSpellClassMaskB_1"": 8388608, ""EquippedItemClass"": -1, ""NameSubtext_Lang_Mask"": 16712190, ""NameSubtext_Lang_enUS"": ""Rank 5"", ""Name_Lang_Mask"": 16712190, ""ProcChance"": 101, ""RangeIndex"": 1, ""SpellClassSet"": 7}",pulled from existing data
16864,Omen of Clarity,8,1,0,192,0,0,0,0,0,0,0,0.0,,,"{""amplitude"": 0, ""apply_aura"": 42, ""base_points"": -1, ""chain_targets"": 0, ""die_sides"": 1, ""implicit_target_a"": 1, ""implicit_target_b"": 0, ""mechanic"": 0, ""misc_value"": 0, ""points_per_level"": 0.0, ""radius_yards"": null, ""trigger_spell"": 16870, ""type"": 6}",,,1754,,,"{""AttributesEx3"": 67108864, ""AuraDescription_Lang_Mask"": 16712190, ""AuraDescription_Lang_enUS"": ""Each damage and healing spell and auto attacks have a chance of causing the caster to enter a Clearcasting state."", ""BaseLevel"": 20, ""CastingTimeIndex"": 1, ""DefenseType"": 1, ""Description_Lang_Mask"": 16712190, ""Description_Lang_enUS"": ""Each of the Druid's damage, healing spells and auto attacks has a chance of causing the caster to enter a Clearcasting state.  The Clearcasting state reduces the Mana, Rage or Energy cost of your next damage, healing spell or offensive ability by $16870s1%."", ""EffectBonusMultiplier_1"": 1.0, ""EffectBonusMultiplier_2"": 1.0, ""EffectChainAmplitude_1"": 1.0, ""EffectChainAmplitude_2"": 1.0, ""EffectChainAmplitude_3"": 1.0, ""EquippedItemClass"": -1, ""MaxLevel"": 26, ""NameSubtext_Lang_Mask"": 16712188, ""Name_Lang_Mask"": 16712190, ""PreventionType"": 1, ""ProcChance"": 100, ""ProcTypeMask"": 81924, ""RangeIndex"": 1, ""SpellClassMask_2"": 2097152, ""SpellClassSet"": 7, ""SpellLevel"": 20, ""SpellVisualID_1"": 4040, ""StartRecoveryCategory"": 133, ""StartRecoveryTime"": 1500}",pulled from existing data
16880,Nature's Grace,1,0,0,464,0,0,0,0,0,0,0,0.0,,,"{""amplitude"": 0, ""apply_aura"": 42, ""base_points"": 0, ""chain_targets"": 0, ""die_sides"": 0, ""implicit_target_a"": 1, ""implicit_target_b"": 0, ""mechanic"": 0, ""misc_value"": 0, ""points_per_level"": 0.0, ""radius_yards"": null, ""trigger_spell"": 16886, ""type"": 6}",,,10,,,"{""AttributesEx3"": 524288, ""AuraDescription_Lang_Mask"": 16712188, ""CastingTimeIndex"": 1, ""Description_Lang_Mask"": 16712190, ""Description_Lang_enUS"": ""All non-periodic spell criticals have a $h% chance to grace you with a blessing of nature, increasing your spell casting speed by $16886s1% for $16886d."", ""EffectBonusMultiplier_1"": 1.0, ""EffectBonusMultiplier_2"": 1.0, ""EffectBonusMultiplier_3"": 1.0, ""EffectChainAmplitude_1"": 1.0, ""EffectChainAmplitude_2"": 1.0, ""EffectChainAmplitude_3"": 1.0, ""EquippedItemClass"": -1, ""NameSubtext_Lang_Mask"": 16712188, ""Name_Lang_Mask"": 16712190, ""ProcChance"": 33, ""ProcTypeMask"": 87376, ""RangeIndex"": 1, ""SpellClassSet"": 7}",pulled from existing data
16896,Moonfury,1,0,0,464,0,0,0,0,0,0,0,0.0,,,"{""amplitude"": 0, ""apply_aura"": 108, ""base_points"": 2, ""chain_targets"": 0, ""die_sides"": 1, ""implicit_target_a"": 1, ""implicit_target_b"": 0, ""mechanic"": 0, ""misc_value"": 0, ""points_per_level"": 0.0, ""radius_yards"": null, ""trigger_spell"": 0, ""type"": 6}","{""amplitude"": 0, ""apply_aura"": 108, ""base_points"": 2, ""chain_targets"": 0, ""die_sides"": 1, ""implicit_target_a"": 1, ""implicit_target_b"": 0, ""mechanic"": 0, ""misc_value"": 22, ""points_per_level"": 0.0, ""radius_yards"": null, ""trigger_spell"": 0, ""type"": 6}",,46,,,"{""AuraDescription_Lang_Mask"": 16712188, ""CastingTimeIndex"": 1, ""Description_Lang_Mask"": 16712190, ""Description_Lang_enUS"": ""Increases the damage done by your Starfire, Moonfire and Wrath spells by $s1%."", ""EffectBonusMultiplier_1"": 1.0, ""EffectBonusMultiplier_3"": 1.0, ""EffectChainAmplitude_1"": 1.0, ""EffectChainAmplitude_2"": 1.0, ""EffectChainAmplitude_3"": 1.0, ""EffectSpellClassMaskA_1"": 7, ""EffectSpellClassMaskB_1"": 2, ""EquippedItemClass"": -1, ""NameSubtext_Lang_Mask"": 16712190, ""NameSubtext_Lang_enUS"": ""Rank 1"", ""Name_Lang_Mask"": 16712190, ""ProcChance"": 101, ""RangeIndex"": 1, ""SpellClassSet"": 7}",pulled from existing data
16897,Moonfury,1,0,0,464,0,0,0,0,0,0,0,0.0,,,"{""amplitude"": 0, ""apply_aura"": 108, ""base_points"": 5, ""chain_targets"": 0, ""die_sides"": 1, ""implicit_target_a"": 1, ""implicit_target_b"": 0, ""mechanic"": 0, ""misc_value"": 0, ""points_per_level"": 0.0, ""radius_yards"": null, ""trigger_spell"": 0, ""type"": 6}","{""amplitude"": 0, ""apply_aura"": 108, ""base_points"": 5, ""chain_targets"": 0, ""die_sides"": 1, ""implicit_target_a"": 1, ""implicit_target_b"": 0, ""mechanic"": 0, ""misc_value"": 22, ""points_per_level"": 0.0, ""radius_yards"": null, ""trigger_spell"": 0, ""type"": 6}",,46,,,"{""AuraDescription_Lang_Mask"": 16712188, ""CastingTimeIndex"": 1, ""Description_Lang_Mask"": 16712190, ""Description_Lang_enUS"": ""Increases the damage done by your Starfire, Moonfire and Wrath spells by $s1%."", ""EffectBonusMultiplier_1"": 1.0, ""EffectBonusMultiplier_3"": 1.0, ""EffectChainAmplitude_1"": 1.0, ""EffectChainAmplitude_2"": 1.0, ""EffectChainAmplitude_3"": 1.0, ""EffectSpellClassMaskA_1"": 7, ""EffectSpellClassMaskB_1"": 2, ""EquippedItemClass"": -1, ""NameSubtext_Lang_Mask"": 16712190, ""NameSubtext_Lang_enUS"": ""Rank 2"", ""Name_Lang_Mask"": 16712190, ""ProcChance"": 101, ""RangeIndex"": 1, ""SpellClassSet"": 7}",pulled from existing data
16899,Moonfury,1,0,0,464,0,0,0,0,0,0,0,0.0,,,"{""amplitude"": 0, ""apply_aura"": 108, ""base_points"": 9, ""chain_targets"": 0, ""die_sides"": 1, ""implicit_target_a"": 1, ""implicit_target_b"": 0, ""mechanic"": 0, ""misc_value"": 0, ""points_per_level"": 0.0, ""radius_yards"": null, ""trigger_spell"": 0, ""type"": 6}","{""amplitude"": 0, ""apply_aura"": 108, ""base_points"": 9, ""chain_targets"": 0, ""die_sides"": 1, ""implicit_target_a"": 1, ""implicit_target_b"": 0, ""mechanic"": 0, ""misc_value"": 22, ""points_per_level"": 0.0, ""radius_yards"": null, ""trigger_spell"": 0, ""type"": 6}",,46,,,"{""AuraDescription_Lang_Mask"": 16712188, ""CastingTimeIndex"": 1, ""Description_Lang_Mask"": 16712190, ""Description_Lang_enUS"": ""Increases the damage done by your Starfire, Moonfire and Wrath spells by $s1%."", ""EffectBonusMultiplier_1"": 1.0, ""EffectBonusMultiplier_3"": 1.0, ""EffectChainAmplitude_1"": 1.0, ""EffectChainAmplitude_2"": 1.0, ""EffectChainAmplitude_3"": 1.0, ""EffectSpellClassMaskA_1"": 7, ""EffectSpellClassMaskB_1"": 2, ""EquippedItemClass"": -1, ""NameSubtext_Lang_Mask"": 16712190, ""NameSubtext_Lang_enUS"": ""Rank 3"", ""Name_Lang_Mask"": 16712190, ""ProcChance"": 101, ""RangeIndex"": 1, ""SpellClassSet"": 7}",pulled from existing data
16909,Vengeance,1,0,0,464,0,0,0,0,0,0,0,0.0,,,"{""amplitude"": 0, ""apply_aura"": 108, ""base_points"": 19, ""chain_targets"": 0, ""die_sides"": 1, ""implicit_target_a"": 1, ""implicit_target_b"": 0, ""mechanic"": 0, ""misc_value"": 15, ""points_per_level"": 0.0, ""radius_yards"": null, ""trigger_spell"": 0, ""type"": 6}",,,47,,,"{""AuraDescription_Lang_Mask"": 16712188, ""CastingTimeIndex"": 1, ""Description_Lang_Mask"": 16712190, ""Description_Lang_enUS"": ""Increases the critical strike damage bonus of your Starfire, Starfall, Moonfire, and Wrath spells by $s1%."", ""EffectBonusMultiplier_1"": 1.0, ""EffectBonusMultiplier_2"": 1.0, ""EffectBonusMultiplier_3"": 1.0, ""EffectChainAmplitude_1"": 1.0, ""EffectChainAmplitude_2"": 1.0, ""EffectChainAmplitude_3"": 1.0, ""EffectSpellClassMaskA_1"": 7, ""EffectSpellClassMaskA_2"": 8388608, ""EquippedItemClass"": -1, ""NameSubtext_Lang_Mask"": 16712190, ""NameSubtext_Lang_enUS"": ""Rank 1"", ""Name_Lang_Mask"": 16712190, ""ProcChance"": 101, ""RangeIndex"": 1, ""SpellClassSet"": 7}",pulled from existing data
16910,Vengeance,1,0,0,464,0,0,0,0,0,0,0,0.0,,,"{""amplitude"": 0, ""apply_aura"": 108, ""base_points"": 39, ""chain_targets"": 0, ""die_sides"": 1, ""implicit_target_a"": 1, ""implicit_target_b"": 0, ""mechanic"": 0, ""misc_value"": 15, ""points_per_level"": 0.0, ""radius_yards"": null, ""trigger_spell"": 0, ""type"": 6}",,,47,,,"{""AuraDescription_Lang_Mask"": 16712188, ""CastingTimeIndex"": 1, ""Description_Lang_Mask"": 16712190, ""Description_Lang_enUS"": ""Increases the critical strike damage bonus of your Starfire, Starfall, Moonfire, and Wrath spells by $s1%."", ""EffectBonusMultiplier_1"": 1.0, ""EffectBonusMultiplier_2"": 1.0, ""EffectBonusMultiplier_3"": 1.0, ""EffectChainAmplitude_1"": 1.0, ""EffectChainAmplitude_2"": 1.0, ""EffectChainAmplitude_3"": 1.0, ""EffectSpellClassMaskA_1"": 7, ""EffectSpellClassMaskA_2"": 8388608, ""EquippedItemClass"": -1, ""NameSubtext_Lang_Mask"": 16712190, ""NameSubtext_Lang_enUS"": ""Rank 2"", ""Name_Lang_Mask"": 16712190, ""ProcChance"": 101, ""RangeIndex"": 1, ""SpellClassSet"": 7}",pulled from existing data
16911,Vengeance,1,0,0,464,0,0,0,0,0,0,0,0.0,,,"{""amplitude"": 0, ""apply_aura"": 108, ""base_points"": 59, ""chain_targets"": 0, ""die_sides"": 1, ""implicit_target_a"": 1, ""implicit_target_b"": 0, ""mechanic"": 0, ""misc_value"": 15, ""points_per_level"": 0.0, ""radius_yards"": null, ""trigger_spell"": 0, ""type"": 6}",,,47,,,"{""AuraDescription_Lang_Mask"": 16712188, ""CastingTimeIndex"": 1, ""Description_Lang_Mask"": 16712190, ""Description_Lang_enUS"": ""Increases the critical strike damage bonus of your Starfire, Starfall, Moonfire, and Wrath spells by $s1%."", ""EffectBonusMultiplier_1"": 1.0, ""EffectBonusMultiplier_2"": 1.0, ""EffectBonusMultiplier_3"": 1.0, ""EffectChainAmplitude_1"": 1.0, ""EffectChainAmplitude_2"": 1.0, ""EffectChainAmplitude_3"": 1.0, ""EffectSpellClassMaskA_1"": 7, ""EffectSpellClassMaskA_2"": 8388608, ""EquippedItemClass"": -1, ""NameSubtext_Lang_Mask"": 16712190, ""NameSubtext_Lang_enUS"": ""Rank 3"", ""Name_Lang_Mask"": 16712190, ""ProcChance"": 101, ""RangeIndex"": 1, ""SpellClassSet"": 7}",pulled from existing data
16912,Vengeance,1,0,0,464,0,0,0,0,0,0,0,0.0,,,"{""amplitude"": 0, ""apply_aura"": 108, ""base_points"": 79, ""chain_targets"": 0, ""die_sides"": 1, ""implicit_target_a"": 1, ""implicit_target_b"": 0, ""mechanic"": 0, ""misc_value"": 15, ""points_per_level"": 0.0, ""radius_yards"": null, ""trigger_spell"": 0, ""type"": 6}",,,47,,,"{""AuraDescription_Lang_Mask"": 16712188, ""CastingTimeIndex"": 1, ""Description_Lang_Mask"": 16712190, ""Description_Lang_enUS"": ""Increases the critical strike damage bonus of your Starfire, Starfall, Moonfire, and Wrath spells by $s1%."", ""EffectBonusMultiplier_1"": 1.0, ""EffectBonusMultiplier_2"": 1.0, ""EffectBonusMultiplier_3"": 1.0, ""EffectChainAmplitude_1"": 1.0, ""EffectChainAmplitude_2"": 1.0, ""EffectChainAmplitude_3"": 1.0, ""EffectSpellClassMaskA_1"": 7, ""EffectSpellClassMaskA_2"": 8388608, ""EquippedItemClass"": -1, ""NameSubtext_Lang_Mask"": 16712190, ""NameSubtext_Lang_enUS"": ""Rank 4"", ""Name_Lang_Mask"": 16712190, ""ProcChance"": 101, ""RangeIndex"": 1, ""SpellClassSet"": 7}",pulled from existing data
16913,Vengeance,1,0,0,464,0,0,0,0,0,0,0,0.0,,,"{""amplitude"": 0, ""apply_aura"": 108, ""base_points"": 99, ""chain_targets"": 0, ""die_sides"": 1, ""implicit_target_a"": 1, ""implicit_target_b"": 0, ""mechanic"": 0, ""misc_value"": 15, ""points_per_level"": 0.0, ""radius_yards"": null, ""trigger_spell"": 0, ""type"": 6}",,,47,,,"{""AuraDescription_Lang_Mask"": 16712188, ""CastingTimeIndex"": 1, ""Description_Lang_Mask"": 16712190, ""Description_Lang_enUS"": ""Increases the critical strike damage bonus of your Starfire, Starfall, Moonfire, and Wrath spells by $s1%."", ""EffectBonusMultiplier_1"": 1.0, ""EffectBonusMultiplier_2"": 1.0, ""EffectBonusMultiplier_3"": 1.0, ""EffectChainAmplitude_1"": 1.0, ""EffectChainAmplitude_2"": 1.0, ""EffectChainAmplitude_3"": 1.0, ""EffectSpellClassMaskA_1"": 7, ""EffectSpellClassMaskA_2"": 8388608, ""EquippedItemClass"": -1, ""NameSubtext_Lang_Mask"": 16712190, ""NameSubtext_Lang_enUS"": ""Rank 5"", ""Name_Lang_Mask"": 16712190, ""ProcChance"": 101, ""RangeIndex"": 1, ""SpellClassSet"": 7}",pulled from existing data
16923,Celestial Focus,1,0,0,464,0,0,0,0,0,0,0,0.0,,,"{""amplitude"": 0, ""apply_aura"": 108, ""base_points"": 45, ""chain_targets"": 0, ""die_sides"": 1, ""implicit_target_a"": 1, ""implicit_target_b"": 0, ""mechanic"": 0, ""misc_value"": 9, ""points_per_level"": 0.0, ""radius_yards"": null, ""trigger_spell"": 0, ""type"": 6}","{""amplitude"": 0, ""apply_aura"": 65, ""base_points"": 1, ""chain_targets"": 0, ""die_sides"": 1, ""implicit_target_a"": 1, ""implicit_target_b"": 0, ""mechanic"": 0, ""misc_value"": 9, ""points_per_level"": 0.0, ""radius_yards"": null, ""trigger_spell"": 0, ""type"": 6}",,1485,,,"{""AttributesEx3"": 524288, ""AuraDescription_Lang_Mask"": 16712188, ""CastingTimeIndex"": 1, ""Description_Lang_Mask"": 16712190, ""Description_Lang_enUS"": ""Reduces the pushback suffered from damaging attacks while casting Starfire, Hibernate and Hurricane by $s1% and increases your total spell haste by $s2%."", ""EffectBonusMultiplier_1"": 1.0, ""EffectBonusMultiplier_3"": 1.0, ""EffectChainAmplitude_1"": 1.0, ""EffectChainAmplitude_2"": 1.0, ""EffectChainAmplitude_3"": 1.0, ""EffectSpellClassMaskA_1"": 4194308, ""EffectSpellClassMaskA_2"": 131072, ""EffectSpellClassMaskB_1"": 1, ""EquippedItemClass"": -1, ""NameSubtext_Lang_Mask"": 16712190, ""NameSubtext_Lang_enUS"": ""Rank 2"", ""Name_Lang_Mask"": 16712190, ""ProcChance"": 10, ""ProcTypeMask"": 87376, ""RangeIndex"": 1, ""SpellClassSet"": 7}",pulled from existing data
16924,Celestial Focus,1,0,0,464,0,0,0,0,0,0,0,0.0,,,"{""amplitude"": 0, ""apply_aura"": 108, ""base_points"": 69, ""chain_targets"": 0, ""die_sides"": 1, ""implicit_target_a"": 1, ""implicit_target_b"": 0, ""mechanic"": 0, ""misc_value"": 9, ""points_per_level"": 0.0, ""radius_yards"": null, ""trigger_spell"": 0, ""type"": 6}","{""amplitude"": 0, ""apply_aura"": 65, ""base_points"": 2, ""chain_targets"": 0, ""die_sides"": 1, ""implicit_target_a"": 1, ""implicit_target_b"": 0, ""mechanic"": 0, ""misc_value"": 9, ""points_per_level"": 0.0, ""radius_yards"": null, ""trigger_spell"": 0, ""type"": 6}",,1485,,,"{""AttributesEx3"": 524288, ""AuraDescription_Lang_Mask"": 16712188, ""CastingTimeIndex"": 1, ""Description_Lang_Mask"": 16712190, ""Description_Lang_enUS"": ""Reduces the pushback suffered from damaging attacks while casting Starfire, Hibernate and Hurricane by $s1% and increases your total spell haste by $s2%."", ""EffectBonusMultiplier_1"": 1.0, ""EffectBonusMultiplier_3"": 1.0, ""EffectChainAmplitude_1"": 1.0, ""EffectChainAmplitude_2"": 1.0, ""EffectChainAmplitude_3"": 1.0, ""EffectSpellClassMaskA_1"": 4194308, ""EffectSpellClassMaskA_2"": 131072, ""EffectSpellClassMaskB_1"": 1, ""EquippedItemClass"": -1, ""NameSubtext_Lang_Mask"": 16712190, ""NameSubtext_Lang_enUS"": ""Rank 3"", ""Name_Lang_Mask"": 16712190, ""ProcChance"": 15, ""ProcTypeMask"": 87376, ""RangeIndex"": 1, ""SpellClassSet"": 7}",pulled from existing data
16934,Ferocity,1,0,0,464,0,0,0,0,0,0,0,0.0,,,"{""amplitude"": 0, ""apply_aura"": 107, ""base_points"": -11, ""chain_targets"": 0, ""die_sides"": 1, ""implicit_target_a"": 1, ""implicit_target_b"": 0, ""mechanic"": 0, ""misc_value"": 14, ""points_per_level"": 0.0, ""radius_yards"": null, ""trigger_spell"": 0, ""type"": 6}","{""amplitude"": 0, ""apply_aura"": 107, ""base_points"": -2, ""chain_targets"": 0, ""die_sides"": 1, ""implicit_target_a"": 1, ""implicit_target_b"": 0, ""mechanic"": 0, ""misc_value"": 14, ""points_per_level"": 0.0, ""radius_yards"": null, ""trigger_spell"": 0, ""type"": 6}",,1565,,,"{""AuraDescription_Lang_Mask"": 16712188, ""CastingTimeIndex"": 1, ""Description_Lang_Mask"": 16712190, ""Description_Lang_enUS"": ""Reduces the cost of your Maul, Swipe, Claw, Rake and Mangle abilities by $/10;s1 Rage or Energy."", ""EffectBonusMultiplier_1"": 1.0, ""EffectBonusMultiplier_2"": 1.0, ""EffectBonusMultiplier_3"": 1.0, ""EffectChainAmplitude_1"": 1.0, ""EffectChainAmplitude_2"": 1.0, ""EffectChainAmplitude_3"": 1.0, ""EffectSpellClassMaskA_1"": 2048, ""EffectSpellClassMaskA_2"": 1048640, ""EffectSpellClassMaskB_1"": 4096, ""EffectSpellClassMaskB_2"": 1024, ""EffectSpellClassMaskB_3"": 263168, ""EquippedItemClass"": -1, ""NameSubtext_Lang_Mask"": 16712190, ""NameSubtext_Lang_enUS"": ""Rank 1"", ""Name_Lang_Mask"": 16712190, ""ProcChance"": 101, ""RangeIndex"": 1, ""SpellClassSet"": 7}",pulled from existing data
16935,Ferocity,1,0,0,464,0,0,0,0,0,0,0,0.0,,,"{""amplitude"": 0, ""apply_aura"": 107, ""base_points"": -21, ""chain_targets"": 0, ""die_sides"": 1, ""implicit_target_a"": 1, ""implicit_target_b"": 0, ""mechanic"": 0, ""misc_value"": 14, ""points_per_level"": 0.0, ""radius_yards"": null, ""trigger_spell"": 0, ""type"": 6}","{""amplitude"": 0, ""apply_aura"": 107, ""base_points"": -3, ""chain_targets"": 0, ""die_sides"": 1, ""implicit_target_a"": 1, ""implicit_target_b"": 0, ""mechanic"": 0, ""misc_value"": 14, ""points_per_level"": 0.0, ""radius_yards"": null, ""trigger_spell"": 0, ""type"": 6}",,1565,,,"{""AuraDescription_Lang_Mask"": 16712188, ""CastingTimeIndex"": 1, ""Description_Lang_Mask"": 16712190, ""Description_Lang_enUS"": ""Reduces the cost of your Maul, Swipe, Claw, Rake and Mangle abilities by $/10;s1 Rage or Energy."", ""EffectBonusMultiplier_1"": 1.0, ""EffectBonusMultiplier_2"": 1.0, ""EffectBonusMultiplier_3"": 1.0, ""EffectChainAmplitude_1"": 1.0, ""EffectChainAmplitude_2"": 1.0, ""EffectChainAmplitude_3"": 1.0, ""EffectSpellClassMaskA_1"": 2048, ""EffectSpellClassMaskA_2"": 1048640, ""EffectSpellClassMaskB_1"": 4096, ""EffectSpellClassMaskB_2"": 1024, ""EffectSpellClassMaskB_3"": 263168, ""EquippedItemClass"": -1, ""NameSubtext_Lang_Mask"": 16712190, ""NameSubtext_Lang_enUS"": ""Rank 2"", ""Name_Lang_Mask"": 16712190, ""ProcChance"": 101, ""RangeIndex"": 1, ""SpellClassSet"": 7}",pulled from existing data
16936,Ferocity,1,0,0,464,0,0,0,0,0,0,0,0.0,,,"{""amplitude"": 0, ""apply_aura"": 107, ""base_points"": -31, ""chain_targets"": 0, ""die_sides"": 1, ""implicit_target_a"": 1, ""implicit_target_b"": 0, ""mechanic"": 0, ""misc_value"": 14, ""points_per_level"": 0.0, ""radius_yards"": null, ""trigger_spell"": 0, ""type"": 6}","{""amplitude"": 0, ""apply_aura"": 107, ""base_points"": -4, ""chain_targets"": 0, ""die_sides"": 1, ""implicit_target_a"": 1, ""implicit_target_b"": 0, ""mechanic"": 0, ""misc_value"": 14, ""points_per_level"": 0.0, ""radius_yards"": null, ""trigger_spell"": 0, ""type"": 6}",,1565,,,"{""AuraDescription_Lang_Mask"": 16712188, ""CastingTimeIndex"": 1, ""Description_Lang_Mask"": 16712190, ""Description_Lang_enUS"": ""Reduces the cost of your Maul, Swipe, Claw, Rake and Mangle abilities by $/10;s1 Rage or Energy."", ""EffectBonusMultiplier_1"": 1.0, ""EffectBonusMultiplier_2"": 1.0, ""EffectBonusMultiplier_3"": 1.0, ""EffectChainAmplitude_1"": 1.0, ""EffectChainAmplitude_2"": 1.0, ""EffectChainAmplitude_3"": 1.0, ""EffectSpellClassMaskA_1"": 2048, ""EffectSpellClassMaskA_2"": 1048640, ""EffectSpellClassMaskB_1"": 4096, ""EffectSpellClassMaskB_2"": 1024, ""EffectSpellClassMaskB_3"": 263168, ""EquippedItemClass"": -1, ""NameSubtext_Lang_Mask"": 16712190, ""NameSubtext_Lang_enUS"": ""Rank 3"", ""Name_Lang_Mask"": 16712190, ""ProcChance"": 101, ""RangeIndex"": 1, ""SpellClassSet"": 7}",pulled from existing data
16937,Ferocity,1,0,0,464,0,0,0,0,0,0,0,0.0,,,"{""amplitude"": 0, ""apply_aura"": 107, ""base_points"": -41, ""chain_targets"": 0, ""die_sides"": 1, ""implicit_target_a"": 1, ""implicit_target_b"": 0, ""mechanic"": 0, ""misc_value"": 14, ""points_per_level"": 0.0, ""radius_yards"": null, ""trigger_spell"": 0, ""type"": 6}","{""amplitude"": 0, ""apply_aura"": 107, ""base_points"": -5, ""chain_targets"": 0, ""die_sides"": 1, ""implicit_target_a"": 1, ""implicit_target_b"": 0, ""mechanic"": 0, ""misc_value"": 14, ""points_per_level"": 0.0, ""radius_yards"": null, ""trigger_spell"": 0, ""type"": 6}",,1565,,,"{""AuraDescription_Lang_Mask"": 16712188, ""CastingTimeIndex"": 1, ""Description_Lang_Mask"": 16712190, ""Description_Lang_enUS"": ""Reduces the cost of your Maul, Swipe, Claw, Rake and Mangle abilities by $/10;s1 Rage or Energy."", ""EffectBonusMultiplier_1"": 1.0, ""EffectBonusMultiplier_2"": 1.0, ""EffectBonusMultiplier_3"": 1.0, ""EffectChainAmplitude_1"": 1.0, ""EffectChainAmplitude_2"": 1.0, ""EffectChainAmplitude_3"": 1.0, ""EffectSpellClassMaskA_1"": 2048, ""EffectSpellClassMaskA_2"": 1048640, ""EffectSpellClassMaskB_1"": 4096, ""EffectSpellClassMaskB_2"": 1024, ""EffectSpellClassMaskB_3"": 263168, ""EquippedItemClass"": -1, ""NameSubtext_Lang_Mask"": 16712190, ""NameSubtext_Lang_enUS"": ""Rank 4"", ""Name_Lang_Mask"": 16712190, ""ProcChance"": 101, ""RangeIndex"": 1, ""SpellClassSet"": 7}",pulled from existing data
16938,Ferocity,1,0,0,464,0,0,0,0,0,0,0,0.0,,,"{""amplitude"": 0, ""apply_aura"": 107, ""base_points"": -51, ""chain_targets"": 0, ""die_sides"": 1, ""implicit_target_a"": 1, ""implicit_target_b"": 0, ""mechanic"": 0, ""misc_value"": 14, ""points_per_level"": 0.0, ""radius_yards"": null, ""trigger_spell"": 0, ""type"": 6}","{""amplitude"": 0, ""apply_aura"": 107, ""base_points"": -6, ""chain_targets"": 0, ""die_sides"": 1, ""implicit_target_a"": 1, ""implicit_target_b"": 0, ""mechanic"": 0, ""misc_value"": 14, ""points_per_level"": 0.0, ""radius_yards"": null, ""trigger_spell"": 0, ""type"": 6}",,1565,,,"{""AuraDescription_Lang_Mask"": 16712188, ""CastingTimeIndex"": 1, ""Description_Lang_Mask"": 16712190, ""Description_Lang_enUS"": ""Reduces the cost of your Maul, Swipe, Claw, Rake and Mangle abilities by $/10;s1 Rage or Energy."", ""EffectBonusMultiplier_1"": 1.0, ""EffectBonusMultiplier_2"": 1.0, ""EffectBonusMultiplier_3"": 1.0, ""EffectChainAmplitude_1"": 1.0, ""EffectChainAmplitude_2"": 1.0, ""EffectChainAmplitude_3"": 1.0, ""EffectSpellClassMaskA_1"": 2048, ""EffectSpellClassMaskA_2"": 1048640, ""EffectSpellClassMaskB_1"": 4096, ""EffectSpellClassMaskB_2"": 1024, ""EffectSpellClassMaskB_3"": 263168, ""EquippedItemClass"": -1, ""NameSubtext_Lang_Mask"": 16712190, ""NameSubtext_Lang_enUS"": ""Rank 5"", ""Name_Lang_Mask"": 16712190, ""ProcChance"": 101, ""RangeIndex"": 1, ""SpellClassSet"": 7}",pulled from existing data
16940,Brutal Impact,1,0,0,464,0,0,0,0,0,0,0,0.0,,,"{""amplitude"": 0, ""apply_aura"": 107, ""base_points"": 499, ""chain_targets"": 0, ""die_sides"": 1, ""implicit_target_a"": 1, ""implicit_target_b"": 0, ""mechanic"": 0, ""misc_value"": 1, ""points_per_level"": 0.0, ""radius_yards"": null, ""trigger_spell"": 0, ""type"": 6}","{""amplitude"": 0, ""apply_aura"": 107, ""base_points"": -15001, ""chain_targets"": 0, ""die_sides"": 1, ""implicit_target_a"": 1, ""implicit_target_b"": 0, ""mechanic"": 0, ""misc_value"": 11, ""points_per_level"": 0.0, ""radius_yards"": null, ""trigger_spell"": 0, ""type"": 6}",,473,,,"{""AuraDescription_Lang_Mask"": 16712188, ""CastingTimeIndex"": 1, ""Description_Lang_Mask"": 16712190, ""Description_Lang_enUS"": ""Increases the stun duration of your Bash and Pounce abilities by $/1000;S1 sec and decreases the cooldown of Bash by $/1000;S2 sec."", ""EffectBonusMultiplier_1"": 1.0, ""EffectBonusMultiplier_3"": 1.0, ""EffectChainAmplitude_1"": 1.0, ""EffectChainAmplitude_2"": 1.0, ""EffectChainAmplitude_3"": 1.0, ""EffectSpellClassMaskA_1"": 139264, ""EffectSpellClassMaskB_1"": 8192, ""EquippedItemClass"": -1, ""NameSubtext_Lang_Mask"": 16712190, ""NameSubtext_Lang_enUS"": ""Rank 1"", ""Name_Lang_Mask"": 16712190, ""ProcChance"": 101, ""RangeIndex"": 1, ""SpellClassSet"": 7}",pulled from existing data
16941,Brutal Impact,1,0,0,464,0,0,0,0,0,0,0,0.0,,,"{""amplitude"": 0, ""apply_aura"": 107, ""base_points"": 999, ""chain_targets"": 0, ""die_sides"": 1, ""implicit_target_a"": 1, ""implicit_target_b"": 0, ""mechanic"": 0, ""misc_value"": 1, ""points_per_level"": 0.0, ""radius_yards"": null, ""trigger_spell"": 0, ""type"": 6}","{""amplitude"": 0, ""apply_aura"": 107, ""base_points"": -30001, ""chain_targets"": 0, ""die_sides"": 1, ""implicit_target_a"": 1, ""implicit_target_b"": 0, ""mechanic"": 0, ""misc_value"": 11, ""points_per_level"": 0.0, ""radius_yards"": null, ""trigger_spell"": 0, ""type"": 6}",,473,,,"{""AuraDescription_Lang_Mask"": 16712188, ""CastingTimeIndex"": 1, ""Description_Lang_Mask"": 16712190, ""Description_Lang_enUS"": ""Increases the stun duration of your Bash and Pounce abilities by $/1000;S1 sec and decreases the cooldown of Bash by $/1000;S2 sec."", ""EffectBonusMultiplier_1"": 1.0, ""EffectBonusMultiplier_3"": 1.0, ""EffectChainAmplitude_1"": 1.0, ""EffectChainAmplitude_2"": 1.0, ""EffectChainAmplitude_3"": 1.0, ""EffectSpellClassMaskA_1"": 139264, ""EffectSpellClassMaskB_1"": 8192, ""EquippedItemClass"": -1, ""NameSubtext_Lang_Mask"": 16712190, ""NameSubtext_Lang_enUS"": ""Rank 2"", ""Name_Lang_Mask"": 16712190, ""ProcChance"": 101, ""RangeIndex"": 1, ""SpellClassSet"": 7}",pulled from existing data
16947,Feral Instinct,1,0,0,464,0,0,0,0,0,0,0,0.0,,,"{""amplitude"": 0, ""apply_aura"": 154, ""base_points"": 4, ""chain_targets"": 0, ""die_sides"": 1, ""implicit_target_a"": 1, ""implicit_target_b"": 0, ""mechanic"": 0, ""misc_value"": 0, ""points_per_level"": 0.0, ""radius_yards"": null, ""trigger_spell"": 0, ""type"": 6}","{""amplitude"": 0, ""apply_aura"": 108, ""base_points"": 9, ""chain_targets"": 0, ""die_sides"": 1, ""implicit_target_a"": 1, ""implicit_target_b"": 0, ""mechanic"": 0, ""misc_value"": 0, ""points_per_level"": 0.0, ""radius_yards"": null, ""trigger_spell"": 0, ""type"": 6}",,103,,,"{""AuraDescription_Lang_Mask"": 16712188, ""CastingTimeIndex"": 1, ""Description_Lang_Mask"": 16712190, ""Description_Lang_enUS"": ""Increases the damage done by your Swipe ability by $s2% and reduces the chance enemies have to detect you while Prowling."", ""EffectBonusMultiplier_1"": 1.0, ""EffectBonusMultiplier_2"": 1.0, ""EffectChainAmplitude_1"": 1.0, ""EffectChainAmplitude_2"": 1.0, ""EffectChainAmplitude_3"": 1.0, ""EffectSpellClassMaskB_2"": 1048576, ""EffectSpellClassMaskB_3"": 1024, ""EquippedItemClass"": -1, ""NameSubtext_Lang_Mask"": 16712190, ""NameSubtext_Lang_enUS"": ""Rank 1"", ""Name_Lang_Mask"": 16712190, ""ProcChance"": 101, ""RangeIndex"": 1, ""ShapeshiftMask"": 145, ""SpellClassSet"": 7}",pulled from existing data
16948,Feral Instinct,1,0,0,464,0,0,0,0,0,0,0,0.0,,,"{""amplitude"": 0, ""apply_aura"": 154, ""base_points"": 9, ""chain_targets"": 0, ""die_sides"": 1, ""implicit_target_a"": 1, ""implicit_target_b"": 0, ""mechanic"": 0, ""misc_value"": 0, ""points_per_level"": 0.0, ""radius_yards"": null, ""trigger_spell"": 0, ""type"": 6}","{""amplitude"": 0, ""apply_aura"": 108, ""base_points"": 19, ""chain_targets"": 0, ""die_sides"": 1, ""implicit_target_a"": 1, ""implicit_target_b"": 0, ""mechanic"": 0, ""misc_value"": 0, ""points_per_level"": 0.0, ""radius_yards"": null, ""trigger_spell"": 0, ""type"": 6}",,103,,,"{""AuraDescription_Lang_Mask"": 16712188, ""CastingTimeIndex"": 1, ""Description_Lang_Mask"": 16712190, ""Description_Lang_enUS"": ""Increases the damage done by your Swipe ability by $s2% and reduces the chance enemies have to detect you while Prowling."", ""EffectBonusMultiplier_1"": 1.0, ""EffectBonusMultiplier_2"": 1.0, ""EffectChainAmplitude_1"": 1.0, ""EffectChainAmplitude_2"": 1.0, ""EffectChainAmplitude_3"": 1.0, ""EffectSpellClassMaskB_2"": 1048576, ""EffectSpellClassMaskB_3"": 1024, ""EquippedItemClass"": -1, ""NameSubtext_Lang_Mask"": 16712190, ""NameSubtext_Lang_enUS"": ""Rank 2"", ""Name_Lang_Mask"": 16712190, ""ProcChance"": 101, ""RangeIndex"": 1, ""ShapeshiftMask"": 145, ""SpellClassSet"": 7}",pulled from existing data
16949,Feral Instinct,1,0,0,464,0,0,0,0,0,0,0,0.0,,,"{""amplitude"": 0, ""apply_aura"": 154, ""base_points"": 14, ""chain_targets"": 0, ""die_sides"": 1, ""implicit_target_a"": 1, ""implicit_target_b"": 0, ""mechanic"": 0, ""misc_value"": 0, ""points_per_level"": 0.0, ""radius_yards"": null, ""trigger_spell"": 0, ""type"": 6}","{""amplitude"": 0, ""apply_aura"": 108, ""base_points"": 29, ""chain_targets"": 0, ""die_sides"": 1, ""implicit_target_a"": 1, ""implicit_target_b"": 0, ""mechanic"": 0, ""misc_value"": 0, ""points_per_level"": 0.0, ""radius_yards"": null, ""trigger_spell"": 0, ""type"": 6}",,103,,,"{""AuraDescription_Lang_Mask"": 16712188, ""CastingTimeIndex"": 1, ""Description_Lang_Mask"": 16712190, ""Description_Lang_enUS"": ""Increases the damage done by your Swipe ability by $s2% and reduces the chance enemies have to detect you while Prowling."", ""EffectBonusMultiplier_1"": 1.0, ""EffectBonusMultiplier_2"": 1.0, ""EffectChainAmplitude_1"": 1.0, ""EffectChainAmplitude_2"": 1.0, ""EffectChainAmplitude_3"": 1.0, ""EffectSpellClassMaskB_2"": 1048576, ""EffectSpellClassMaskB_3"": 1024, ""EquippedItemClass"": -1, ""NameSubtext_Lang_Mask"": 16712190, ""NameSubtext_Lang_enUS"": ""Rank 3"", ""Name_Lang_Mask"": 16712190, ""ProcChance"": 101, ""RangeIndex"": 1, ""ShapeshiftMask"": 145, ""SpellClassSet"": 7}",pulled from existing data
16966,Shredding Attacks,1,0,0,464,0,0,0,0,0,0,0,0.0,,-1,"{""amplitude"": 0, ""apply_aura"": 107, ""base_points"": -10, ""chain_targets"": 0, ""die_sides"": 1, ""implicit_target_a"": 1, ""implicit_target_b"": 0, ""mechanic"": 0, ""misc_value"": 14, ""points_per_level"": 0.0, ""radius_yards"": null, ""trigger_spell"": 0, ""type"": 6}","{""amplitude"": 0, ""apply_aura"": 107, ""base_points"": -11, ""chain_targets"": 0, ""die_sides"": 1, ""implicit_target_a"": 1, ""implicit_target_b"": 0, ""mechanic"": 0, ""misc_value"": 14, ""points_per_level"": 0.0, ""radius_yards"": null, ""trigger_spell"": 0, ""type"": 6}",,147,,,"{""AuraDescription_Lang_Mask"": 16712188, ""CastingTimeIndex"": 1, ""Description_Lang_Mask"": 16712190, ""Description_Lang_enUS"": ""Reduces the energy cost of your Shred ability by $s1 and the rage cost of your Lacerate ability by $/10;s2."", ""EffectBonusMultiplier_1"": 1.0, ""EffectBonusMultiplier_3"": 1.0, ""EffectChainAmplitude_1"": 1.0, ""EffectChainAmplitude_2"": 1.0, ""EffectSpellClassMaskA_1"": 32768, ""EffectSpellClassMaskB_2"": 256, ""EquippedItemClass"": -1, ""NameSubtext_Lang_Mask"": 16712190, ""NameSubtext_Lang_enUS"": ""Rank 1"", ""Name_Lang_Mask"": 16712190, ""ProcChance"": 101, ""RangeIndex"": 1, ""SpellClassSet"": 7}",pulled from existing data
16968,Shredding Attacks,1,0,0,464,0,0,0,0,0,0,0,0.0,,-1,"{""amplitude"": 0, ""apply_aura"": 107, ""base_points"": -19, ""chain_targets"": 0, ""die_sides"": 1, ""implicit_target_a"": 1, ""implicit_target_b"": 0, ""mechanic"": 0, ""misc_value"": 14, ""points_per_level"": 0.0, ""radius_yards"": null, ""trigger_spell"": 0, ""type"": 6}","{""amplitude"": 0, ""apply_aura"": 107, ""base_points"": -21, ""chain_targets"": 0, ""die_sides"": 1, ""implicit_target_a"": 1, ""implicit_target_b"": 0, ""mechanic"": 0, ""misc_value"": 14, ""points_per_level"": 0.0, ""radius_yards"": null, ""trigger_spell"": 0, ""type"": 6}",,147,,,"{""AuraDescription_Lang_Mask"": 16712188, ""CastingTimeIndex"": 1, ""Description_Lang_Mask"": 16712190, ""Description_Lang_enUS"": ""Reduces the energy cost of your Shred ability by $s1 and the rage cost of your Lacerate ability by $/10;s2."", ""EffectBonusMultiplier_1"": 1.0, ""EffectBonusMultiplier_3"": 1.0, ""EffectChainAmplitude_1"": 1.0, ""EffectChainAmplitude_2"": 1.0, ""EffectSpellClassMaskA_1"": 32768, ""EffectSpellClassMaskB_2"": 256, ""EquippedItemClass"": -1, ""NameSubtext_Lang_Mask"": 16712190, ""NameSubtext_Lang_enUS"": ""Rank 2"", ""Name_Lang_Mask"": 16712190, ""ProcChance"": 101, ""RangeIndex"": 1, ""SpellClassSet"": 7}",pulled from existing data
16972,Predatory Strikes,1,0,0,464,0,0,0,0,0,0,0,0.0,,,"{""amplitude"": 0, ""apply_aura"": 4, ""base_points"": 49, ""chain_targets"": 0, ""die_sides"": 1, ""implicit_target_a"": 1, ""implicit_target_b"": 0, ""mechanic"": 0, ""misc_value"": 0, ""points_per_level"": 0.0, ""radius_yards"": null, ""trigger_spell"": 0, ""type"": 6}","{""amplitude"": 0, ""apply_aura"": 4, ""base_points"": 6, ""chain_targets"": 0, ""die_sides"": 1, ""implicit_target_a"": 1, ""implicit_target_b"": 0, ""mechanic"": 0, ""misc_value"": 0, ""points_per_level"": 0.0, ""radius_yards"": null, ""trigger_spell"": 0, ""type"": 6}","{""amplitude"": 0, ""apply_aura"": 109, ""base_points"": -1, ""chain_targets"": 0, ""die_sides"": 1, ""implicit_target_a"": 1, ""implicit_target_b"": 0, ""mechanic"": 0, ""misc_value"": 0, ""points_per_level"": 0.0, ""radius_yards"": null, ""trigger_spell"": 69369, ""type"": 6}",1563,,,"{""AuraDescription_Lang_Mask"": 16712188, ""CastingTimeIndex"": 1, ""Description_Lang_Mask"": 16712190, ""Description_Lang_enUS"": ""Increases your melee attack power in Cat, Bear and Dire Bear Forms by $s1% of your level and $s2% of any attack power on your equipped weapon.  In addition, your finishing moves have a $b3% chance per combo point to make your next Nature spell with a base casting time less than 10 sec. become an instant cast spell."", ""EffectBonusMultiplier_1"": 1.0, ""EffectChainAmplitude_1"": 1.0, ""EffectChainAmplitude_2"": 1.0, ""EffectChainAmplitude_3"": 1.0, ""EffectPointsPerCombo_3"": 7.0, ""EffectSpellClassMaskC_1"": 8388608, ""EffectSpellClassMaskC_2"": 268435584, ""EquippedItemClass"": -1, ""NameSubtext_Lang_Mask"": 16712190, ""NameSubtext_Lang_enUS"": ""Rank 1"", ""Name_Lang_Mask"": 16712190, ""ProcChance"": 101, ""RangeIndex"": 1, ""SpellClassSet"": 7}",pulled from existing data
16974,Predatory Strikes,1,0,0,464,0,0,0,0,0,0,0,0.0,,,"{""amplitude"": 0, ""apply_aura"": 4, ""base_points"": 99, ""chain_targets"": 0, ""die_sides"": 1, ""implicit_target_a"": 1, ""implicit_target_b"": 0, ""mechanic"": 0, ""misc_value"": 0, ""points_per_level"": 0.0, ""radius_yards"": null, ""trigger_spell"": 0, ""type"": 6}","{""amplitude"": 0, ""apply_aura"": 4, ""base_points"": 13, ""chain_targets"": 0, ""die_sides"": 1, ""implicit_target_a"": 1, ""implicit_target_b"": 0, ""mechanic"": 0, ""misc_value"": 0, ""points_per_level"": 0.0, ""radius_yards"": null, ""trigger_spell"": 0, ""type"": 6}","{""amplitude"": 0, ""apply_aura"": 109, ""base_points"": -1, ""chain_targets"": 0, ""die_sides"": 1, ""implicit_target_a"": 1, ""implicit_target_b"": 0, ""mechanic"": 0, ""misc_value"": 0, ""points_per_level"": 0.0, ""radius_yards"": null, ""trigger_spell"": 69369, ""type"": 6}",1563,,,"{""AuraDescription_Lang_Mask"": 16712188, ""CastingTimeIndex"": 1, ""Description_Lang_Mask"": 16712190, ""Description_Lang_enUS"": ""Increases your melee attack power in Cat, Bear and Dire Bear Forms by $s1% of your level and $s2% of any attack power on your equipped weapon.  In addition, your finishing moves have a $b3% chance per combo point to make your next Nature spell with a base casting time less than 10 sec. become an instant cast spell."", ""EffectBonusMultiplier_1"": 1.0, ""EffectChainAmplitude_1"": 1.0, ""EffectChainAmplitude_2"": 1.0, ""EffectChainAmplitude_3"": 1.0, ""EffectPointsPerCombo_3"": 13.0, ""EffectSpellClassMaskC_1"": 8388608, ""EffectSpellClassMaskC_2"": 268435584, ""EquippedItemClass"": -1, ""NameSubtext_Lang_Mask"": 16712190, ""NameSubtext_Lang_enUS"": ""Rank 2"", ""Name_Lang_Mask"": 16712190, ""ProcChance"": 101, ""RangeIndex"": 1, ""SpellClassSet"": 7}",pulled from existing data
16975,Predatory Strikes,1,0,0,464,0,0,0,0,0,0,0,0.0,,,"{""amplitude"": 0, ""apply_aura"": 4, ""base_points"": 149, ""chain_targets"": 0, ""die_sides"": 1, ""implicit_target_a"": 1, ""implicit_target_b"": 0, ""mechanic"": 0, ""misc_value"": 0, ""points_per_level"": 0.0, ""radius_yards"": null, ""trigger_spell"": 4294967295, ""type"": 6}","{""amplitude"": 0, ""apply_aura"": 4, ""base_points"": 19, ""chain_targets"": 0, ""die_sides"": 1, ""implicit_target_a"": 1, ""implicit_target_b"": 0, ""mechanic"": 0, ""misc_value"": 0, ""points_per_level"": 0.0, ""radius_yards"": null, ""trigger_spell"": 0, ""type"": 6}","{""amplitude"": 0, ""apply_aura"": 109, ""base_points"": -1, ""chain_targets"": 0, ""die_sides"": 1, ""implicit_target_a"": 1, ""implicit_target_b"": 0, ""mechanic"": 0, ""misc_value"": 0, ""points_per_level"": 0.0, ""radius_yards"": null, ""trigger_spell"": 69369, ""type"": 6}",1563,,,"{""AuraDescription_Lang_Mask"": 16712188, ""CastingTimeIndex"": 1, ""Description_Lang_Mask"": 16712190, ""Description_Lang_enUS"": ""Increases your melee attack power in Cat, Bear and Dire Bear Forms by $s1% of your level and $s2% of any attack power on your equipped weapon.  In addition, your finishing moves have a $b3% chance per combo point to make your next Nature spell with a base casting time less than 10 sec. become an instant cast spell."", ""EffectBonusMultiplier_1"": 1.0, ""EffectChainAmplitude_1"": 1.0, ""EffectChainAmplitude_2"": 1.0, ""EffectChainAmplitude_3"": 1.0, ""EffectPointsPerCombo_3"": 20.0, ""EffectSpellClassMaskC_1"": 8388608, ""EffectSpellClassMaskC_2"": 268435584, ""EquippedItemClass"": -1, ""NameSubtext_Lang_Mask"": 16712190, ""NameSubtext_Lang_enUS"": ""Rank 3"", ""Name_Lang_Mask"": 16712190, ""ProcChance"": 101, ""RangeIndex"": 1, ""SpellClassSet"": 7}",pulled from existing data
16998,Savage Fury,1,0,0,464,0,0,0,0,0,0,0,0.0,,,"{""amplitude"": 0, ""apply_aura"": 108, ""base_points"": 9, ""chain_targets"": 0, ""die_sides"": 1, ""implicit_target_a"": 1, ""implicit_target_b"": 0, ""mechanic"": 0, ""misc_value"": 0, ""points_per_level"": 0.0, ""radius_yards"": null, ""trigger_spell"": 0, ""type"": 6}","{""amplitude"": 0, ""apply_aura"": 108, ""base_points"": 9, ""chain_targets"": 0, ""die_sides"": 1, ""implicit_target_a"": 1, ""implicit_target_b"": 0, ""mechanic"": 0, ""misc_value"": 22, ""points_per_level"": 0.0, ""radius_yards"": null, ""trigger_spell"": 0, ""type"": 6}","{""amplitude"": 0, ""apply_aura"": 108, ""base_points"": 9, ""chain_targets"": 0, ""die_sides"": 1, ""implicit_target_a"": 1, ""implicit_target_b"": 0, ""mechanic"": 0, ""misc_value"": 23, ""points_per_level"": 0.0, ""radius_yards"": null, ""trigger_spell"": 0, ""type"": 6}",1531,,,"{""AuraDescription_Lang_Mask"": 16712188, ""CastingTimeIndex"": 1, ""Description_Lang_Mask"": 16712190, ""Description_Lang_enUS"": ""Increases the damage caused by your Claw, Rake, Mangle (Cat), Mangle (Bear), and Maul abilities by $s1%."", ""EffectBonusMultiplier_1"": 1.0, ""EffectBonusMultiplier_2"": 1.0, ""EffectChainAmplitude_1"": 1.0, ""EffectChainAmplitude_2"": 1.0, ""EffectChainAmplitude_3"": 1.0, ""EffectSpellClassMaskA_1"": 6144, ""EffectSpellClassMaskA_3"": 262144, ""EffectSpellClassMaskB_1"": 4096, ""EffectSpellClassMaskC_2"": 1088, ""EquippedItemClass"": -1, ""NameSubtext_Lang_Mask"": 16712190, ""NameSubtext_Lang_enUS"": ""Rank 1"", ""Name_Lang_Mask"": 16712190, ""ProcChance"": 101, ""RangeIndex"": 1, ""SpellClassSet"": 7}",pulled from existing data
16999,Savage Fury,1,0,0,464,0,0,0,0,0,0,0,0.0,,,"{""amplitude"": 0, ""apply_aura"": 108, ""base_points"": 19, ""chain_targets"": 0, ""die_sides"": 1, ""implicit_target_a"": 1, ""implicit_target_b"": 0, ""mechanic"": 0, ""misc_value"": 0, ""points_per_level"": 0.0, ""radius_yards"": null, ""trigger_spell"": 0, ""type"": 6}","{""amplitude"": 0, ""apply_aura"": 108, ""base_points"": 19, ""chain_targets"": 0, ""die_sides"": 1, ""implicit_target_a"": 1, ""implicit_target_b"": 0, ""mechanic"": 0, ""misc_value"": 22, ""points_per_level"": 0.0, ""radius_yards"": null, ""trigger_spell"": 0, ""type"": 6}","{""amplitude"": 0, ""apply_aura"": 108, ""base_points"": 19, ""chain_targets"": 0, ""die_sides"": 1, ""implicit_target_a"": 1, ""implicit_target_b"": 0, ""mechanic"": 0, ""misc_value"": 23, ""points_per_level"": 0.0, ""radius_yards"": null, ""trigger_spell"": 0, ""type"": 6}",1531,,,"{""AuraDescription_Lang_Mask"": 16712188, ""CastingTimeIndex"": 1, ""Description_Lang_Mask"": 16712190, ""Description_Lang_enUS"": ""Increases the damage caused by your Claw, Rake, Mangle (Cat), Mangle (Bear), and Maul abilities by $s1%."", ""EffectBonusMultiplier_1"": 1.0, ""EffectBonusMultiplier_2"": 1.0, ""EffectChainAmplitude_1"": 1.0, ""EffectChainAmplitude_2"": 1.0, ""EffectChainAmplitude_3"": 1.0, ""EffectSpellClassMaskA_1"": 6144, ""EffectSpellClassMaskA_3"": 262144, ""EffectSpellClassMaskB_1"": 4096, ""EffectSpellClassMaskC_2"": 1088, ""EquippedItemClass"": -1, ""NameSubtext_Lang_Mask"": 16712190, ""NameSubtext_Lang_enUS"": ""Rank 2"", ""Name_Lang_Mask"": 16712190, ""ProcChance"": 101, ""RangeIndex"": 1, ""SpellClassSet"": 7}",pulled from existing data
17002,Feral Swiftness,1,0,0,464,0,0,0,0,0,0,0,0.0,,,"{""amplitude"": 0, ""apply_aura"": 31, ""base_points"": 14, ""chain_targets"": 0, ""die_sides"": 1, ""implicit_target_a"": 1, ""implicit_target_b"": 0, ""mechanic"": 0, ""misc_value"": 0, ""points_per_level"": 0.0, ""radius_yards"": null, ""trigger_spell"": 0, ""type"": 6}",,,67,,,"{""AuraDescription_Lang_Mask"": 16712188, ""CastingTimeIndex"": 1, ""Description_Lang_Mask"": 16712190, ""Description_Lang_enUS"": ""Increases your movement speed by $s1% in Cat Form and increases your chance to dodge while in Cat Form, Bear Form and Dire Bear Form by $24867s1%."", ""EffectBonusMultiplier_1"": 1.0, ""EffectBonusMultiplier_2"": 1.0, ""EffectBonusMultiplier_3"": 1.0, ""EffectChainAmplitude_1"": 1.0, ""EffectChainAmplitude_2"": 1.0, ""EffectChainAmplitude_3"": 1.0, ""EquippedItemClass"": -1, ""NameSubtext_Lang_Mask"": 16712188, ""Name_Lang_Mask"": 16712190, ""ProcChance"": 101, ""RangeIndex"": 1, ""ShapeshiftMask"": 1, ""SpellClassSet"": 7}",pulled from existing data
17007,Leader of the Pack,1,0,0,464,0,0,0,0,0,0,0,0.0,,,"{""amplitude"": 0, ""apply_aura"": 4, ""base_points"": -1, ""chain_targets"": 0, ""die_sides"": 1, ""implicit_target_a"": 1, ""implicit_target_b"": 0, ""mechanic"": 0, ""misc_value"": 0, ""points_per_level"": 0.0, ""radius_yards"": null, ""trigger_spell"": 0, ""type"": 6}",,,312,,,"{""AuraDescription_Lang_Mask"": 16712188, ""CastingTimeIndex"": 1, ""Description_Lang_Mask"": 16712190, ""Description_Lang_enUS"": ""While in Cat, Bear or Dire Bear Form, the Leader of the Pack increases ranged and melee critical chance of all party and raid members within $24932a1 yards by $24932s1%."", ""EffectBonusMultiplier_1"": 1.0, ""EffectBonusMultiplier_2"": 1.0, ""EffectBonusMultiplier_3"": 1.0, ""EffectChainAmplitude_1"": 1.0, ""EffectChainAmplitude_2"": 1.0, ""EffectChainAmplitude_3"": 1.0, ""EquippedItemClass"": -1, ""NameSubtext_Lang_Mask"": 16712188, ""Name_Lang_Mask"": 16712190, ""ProcChance"": 101, ""RangeIndex"": 1, ""SpellClassSet"": 7}",pulled from existing data
17050,Improved Mark of the Wild,1,0,0,464,0,0,0,0,0,0,0,0.0,,,"{""amplitude"": 0, ""apply_aura"": 108, ""base_points"": 19, ""chain_targets"": 0, ""die_sides"": 1, ""implicit_target_a"": 1, ""implicit_target_b"": 0, ""mechanic"": 0, ""misc_value"": 8, ""points_per_level"": 0.0, ""radius_yards"": null, ""trigger_spell"": 0, ""type"": 6}","{""amplitude"": 0, ""apply_aura"": 137, ""base_points"": 0, ""chain_targets"": 0, ""die_sides"": 1, ""implicit_target_a"": 1, ""implicit_target_b"": 0, ""mechanic"": 0, ""misc_value"": -1, ""points_per_level"": 0.0, ""radius_yards"": null, ""trigger_spell"": 0, ""type"": 6}",,123,,,"{""AuraDescription_Lang_Mask"": 16712188, ""CastingTimeIndex"": 1, ""Description_Lang_Mask"": 16712190, ""Description_Lang_enUS"": ""Increases the effects of your Mark of the Wild and Gift of the Wild spells by $s1%, and increases all of your total attributes by $s2%."", ""EffectBonusMultiplier_1"": 1.0, ""EffectBonusMultiplier_3"": 1.0, ""EffectChainAmplitude_1"": 1.0, ""EffectChainAmplitude_2"": 1.0, ""EffectChainAmplitude_3"": 1.0, ""EffectSpellClassMaskA_1"": 262144, ""EquippedItemClass"": -1, ""NameSubtext_Lang_Mask"": 16712190, ""NameSubtext_Lang_enUS"": ""Rank 1"", ""Name_Lang_Mask"": 16712190, ""ProcChance"": 101, ""RangeIndex"": 1, ""SpellClassSet"": 7}",pulled from existing data
17051,Improved Mark of the Wild,1,0,0,464,0,0,0,0,0,0,0,0.0,,,"{""amplitude"": 0, ""apply_aura"": 108, ""base_points"": 39, ""chain_targets"": 0, ""die_sides"": 1, ""implicit_target_a"": 1, ""implicit_target_b"": 0, ""mechanic"": 0, ""misc_value"": 8, ""points_per_level"": 0.0, ""radius_yards"": null, ""trigger_spell"": 0, ""type"": 6}","{""amplitude"": 0, ""apply_aura"": 137, ""base_points"": 1, ""chain_targets"": 0, ""die_sides"": 1, ""implicit_target_a"": 1, ""implicit_target_b"": 0, ""mechanic"": 0, ""misc_value"": -1, ""points_per_level"": 0.0, ""radius_yards"": null, ""trigger_spell"": 0, ""type"": 6}",,123,,,"{""AuraDescription_Lang_Mask"": 16712188, ""CastingTimeIndex"": 1, ""Description_Lang_Mask"": 16712190, ""Description_Lang_enUS"": ""Increases the effects of your Mark of the Wild and Gift of the Wild spells by $s1%, and increases all of your total attributes by $s2%."", ""EffectBonusMultiplier_1"": 1.0, ""EffectBonusMultiplier_3"": 1.0, ""EffectChainAmplitude_1"": 1.0, ""EffectChainAmplitude_2"": 1.0, ""EffectChainAmplitude_3"": 1.0, ""EffectSpellClassMaskA_1"": 262144, ""EquippedItemClass"": -1, ""NameSubtext_Lang_Mask"": 16712190, ""NameSubtext_Lang_enUS"": ""Rank 2"", ""Name_Lang_Mask"": 16712190, ""ProcChance"": 101, ""RangeIndex"": 1, ""SpellClassSet"": 7}",pulled from existing data
17056,Furor,1,0,0,464,0,0,0,0,0,0,0,0.0,,,"{""amplitude"": 0, ""apply_aura"": 4, ""base_points"": 19, ""chain_targets"": 0, ""die_sides"": 1, ""implicit_target_a"": 1, ""implicit_target_b"": 0, ""mechanic"": 0, ""misc_value"": 0, ""points_per_level"": 0.0, ""radius_yards"": null, ""trigger_spell"": 0, ""type"": 6}","{""amplitude"": 0, ""apply_aura"": 107, ""base_points"": 1, ""chain_targets"": 0, ""die_sides"": 1, ""implicit_target_a"": 1, ""implicit_target_b"": 0, ""mechanic"": 0, ""misc_value"": 12, ""points_per_level"": 0.0, ""radius_yards"": null, ""trigger_spell"": 0, ""type"": 6}",,238,,,"{""AuraDescription_Lang_Mask"": 16712188, ""CastingTimeIndex"": 1, ""Description_Lang_Mask"": 16712190, ""Description_Lang_enUS"": ""Gives you $s1% chance to gain $/10;17057s1 Rage when you shapeshift into Bear and Dire Bear Form, and you keep up to $s1 of your Energy when you shapeshift into Cat Form, and increases your total Intellect while in Moonkin form by $s2%."", ""EffectBonusMultiplier_1"": 1.0, ""EffectBonusMultiplier_3"": 1.0, ""EffectChainAmplitude_1"": 1.0, ""EffectChainAmplitude_2"": 1.0, ""EffectChainAmplitude_3"": 1.0, ""EffectSpellClassMaskB_3"": 4, ""EquippedItemClass"": -1, ""NameSubtext_Lang_Mask"": 16712190, ""NameSubtext_Lang_enUS"": ""Rank 1"", ""Name_Lang_Mask"": 16712190, ""ProcChance"": 101, ""RangeIndex"": 1, ""SpellClassSet"": 7}",pulled from existing data
17058,Furor,1,0,0,464,0,0,0,0,0,0,0,0.0,,,"{""amplitude"": 0, ""apply_aura"": 4, ""base_points"": 39, ""chain_targets"": 0, ""die_sides"": 1, ""implicit_target_a"": 1, ""implicit_target_b"": 0, ""mechanic"": 0, ""misc_value"": 0, ""points_per_level"": 0.0, ""radius_yards"": null, ""trigger_spell"": 0, ""type"": 6}","{""amplitude"": 0, ""apply_aura"": 107, ""base_points"": 3, ""chain_targets"": 0, ""die_sides"": 1, ""implicit_target_a"": 1, ""implicit_target_b"": 0, ""mechanic"": 0, ""misc_value"": 12, ""points_per_level"": 0.0, ""radius_yards"": null, ""trigger_spell"": 0, ""type"": 6}",,238,,,"{""AuraDescription_Lang_Mask"": 16712188, ""CastingTimeIndex"": 1, ""Description_Lang_Mask"": 16712190, ""Description_Lang_enUS"": ""Gives you $s1% chance to gain $/10;17057s1 Rage when you shapeshift into Bear and Dire Bear Form, and you keep up to $s1 of your Energy when you shapeshift into Cat Form, and increases your total Intellect while in Moonkin form by $s2%."", ""EffectBonusMultiplier_1"": 1.0, ""EffectBonusMultiplier_3"": 1.0, ""EffectChainAmplitude_1"": 1.0, ""EffectChainAmplitude_2"": 1.0, ""EffectChainAmplitude_3"": 1.0, ""EffectSpellClassMaskB_3"": 4, ""EquippedItemClass"": -1, ""NameSubtext_Lang_Mask"": 16712190, ""NameSubtext_Lang_enUS"": ""Rank 2"", ""Name_Lang_Mask"": 16712190, ""ProcChance"": 101, ""RangeIndex"": 1, ""SpellClassSet"": 7}",pulled from existing data
17059,Furor,1,0,0,464,0,0,0,0,0,0,0,0.0,,,"{""amplitude"": 0, ""apply_aura"": 4, ""base_points"": 59, ""chain_targets"": 0, ""die_sides"": 1, ""implicit_target_a"": 1, ""implicit_target_b"": 0, ""mechanic"": 0, ""misc_value"": 0, ""points_per_level"": 0.0, ""radius_yards"": null, ""trigger_spell"": 0, ""type"": 6}","{""amplitude"": 0, ""apply_aura"": 107, ""base_points"": 5, ""chain_targets"": 0, ""die_sides"": 1, ""implicit_target_a"": 1, ""implicit_target_b"": 0, ""mechanic"": 0, ""misc_value"": 12, ""points_per_level"": 0.0, ""radius_yards"": null, ""trigger_spell"": 0, ""type"": 6}",,238,,,"{""AuraDescription_Lang_Mask"": 16712188, ""CastingTimeIndex"": 1, ""Description_Lang_Mask"": 16712190, ""Description_Lang_enUS"": ""Gives you $s1% chance to gain $/10;17057s1 Rage when you shapeshift into Bear and Dire Bear Form, and you keep up to $s1 of your Energy when you shapeshift into Cat Form, and increases your total Intellect while in Moonkin form by $s2%."", ""EffectBonusMultiplier_1"": 1.0, ""EffectBonusMultiplier_3"": 1.0, ""EffectChainAmplitude_1"": 1.0, ""EffectChainAmplitude_2"": 1.0, ""EffectChainAmplitude_3"": 1.0, ""EffectSpellClassMaskB_3"": 4, ""EquippedItemClass"": -1, ""NameSubtext_Lang_Mask"": 16712190, ""NameSubtext_Lang_enUS"": ""Rank 3"", ""Name_Lang_Mask"": 16712190, ""ProcChance"": 101, ""RangeIndex"": 1, ""SpellClassSet"": 7}",pulled from existing data
17060,Furor,1,0,0,464,0,0,0,0,0,0,0,0.0,,,"{""amplitude"": 0, ""apply_aura"": 4, ""base_points"": 79, ""chain_targets"": 0, ""die_sides"": 1, ""implicit_target_a"": 1, ""implicit_target_b"": 0, ""mechanic"": 0, ""misc_value"": 0, ""points_per_level"": 0.0, ""radius_yards"": null, ""trigger_spell"": 0, ""type"": 6}","{""amplitude"": 0, ""apply_aura"": 107, ""base_points"": 7, ""chain_targets"": 0, ""die_sides"": 1, ""implicit_target_a"": 1, ""implicit_target_b"": 0, ""mechanic"": 0, ""misc_value"": 12, ""points_per_level"": 0.0, ""radius_yards"": null, ""trigger_spell"": 0, ""type"": 6}",,238,,,"{""AuraDescription_Lang_Mask"": 16712188, ""CastingTimeIndex"": 1, ""Description_Lang_Mask"": 16712190, ""Description_Lang_enUS"": ""Gives you $s1% chance to gain $/10;17057s1 Rage when you shapeshift into Bear and Dire Bear Form, and you keep up to $s1 of your Energy when you shapeshift into Cat Form, and increases your total Intellect while in Moonkin form by $s2%."", ""EffectBonusMultiplier_1"": 1.0, ""EffectBonusMultiplier_3"": 1.0, ""EffectChainAmplitude_1"": 1.0, ""EffectChainAmplitude_2"": 1.0, ""EffectChainAmplitude_3"": 1.0, ""EffectSpellClassMaskB_3"": 4, ""EquippedItemClass"": -1, ""NameSubtext_Lang_Mask"": 16712190, ""NameSubtext_Lang_enUS"": ""Rank 4"", ""Name_Lang_Mask"": 16712190, ""ProcChance"": 101, ""RangeIndex"": 1, ""SpellClassSet"": 7}",pulled from existing data
17061,Furor,1,0,0,464,0,0,0,0,0,0,0,0.0,,,"{""amplitude"": 0, ""apply_aura"": 4, ""base_points"": 99, ""chain_targets"": 0, ""die_sides"": 1, ""implicit_target_a"": 1, ""implicit_target_b"": 0, ""mechanic"": 0, ""misc_value"": 0, ""points_per_level"": 0.0, ""radius_yards"": null, ""trigger_spell"": 0, ""type"": 6}","{""amplitude"": 0, ""apply_aura"": 107, ""base_points"": 9, ""chain_targets"": 0, ""die_sides"": 1, ""implicit_target_a"": 1, ""implicit_target_b"": 0, ""mechanic"": 0, ""misc_value"": 12, ""points_per_level"": 0.0, ""radius_yards"": null, ""trigger_spell"": 0, ""type"": 6}",,238,,,"{""AuraDescription_Lang_Mask"": 16712188, ""CastingTimeIndex"": 1, ""Description_Lang_Mask"": 16712190, ""Description_Lang_enUS"": ""Gives you $s1% chance to gain $/10;17057s1 Rage when you shapeshift into Bear and Dire Bear Form, and you keep up to $s1 of your Energy when you shapeshift into Cat Form, and increases your total Intellect while in Moonkin form by $s2%."", ""EffectBonusMultiplier_1"": 1.0, ""EffectBonusMultiplier_3"": 1.0, ""EffectChainAmplitude_1"": 1.0, ""EffectChainAmplitude_2"": 1.0, ""EffectChainAmplitude_3"": 1.0, ""EffectSpellClassMaskB_3"": 4, ""EquippedItemClass"": -1, ""NameSubtext_Lang_Mask"": 16712190, ""NameSubtext_Lang_enUS"": ""Rank 5"", ""Name_Lang_Mask"": 16712190, ""ProcChance"": 101, ""RangeIndex"": 1, ""SpellClassSet"": 7}",pulled from existing data
17063,Nature's Focus,1,0,0,464,0,0,0,0,0,0,0,0.0,,,"{""amplitude"": 0, ""apply_aura"": 108, ""base_points"": 22, ""chain_targets"": 0, ""die_sides"": 1, ""implicit_target_a"": 1, ""implicit_target_b"": 0, ""mechanic"": 0, ""misc_value"": 9, ""points_per_level"": 0.0, ""radius_yards"": null, ""trigger_spell"": 0, ""type"": 6}",,,963,,,"{""AuraDescription_Lang_Mask"": 16712188, ""CastingTimeIndex"": 1, ""Description_Lang_Mask"": 16712190, ""Description_Lang_enUS"": ""Reduces the pushback suffered from damaging attacks  while casting Healing Touch, Wrath, Entangling Roots, Cyclone, Nourish, Regrowth and Tranquility by $s1%."", ""EffectBonusMultiplier_1"": 1.0, ""EffectBonusMultiplier_2"": 1.0, ""EffectBonusMultiplier_3"": 1.0, ""EffectChainAmplitude_1"": 1.0, ""EffectChainAmplitude_2"": 1.0, ""EffectChainAmplitude_3"": 1.0, ""EffectSpellClassMaskA_1"": 737, ""EffectSpellClassMaskA_2"": 33554464, ""EquippedItemClass"": -1, ""NameSubtext_Lang_Mask"": 16712190, ""NameSubtext_Lang_enUS"": ""Rank 1"", ""Name_Lang_Mask"": 16712190, ""ProcChance"": 101, ""RangeIndex"": 1, ""SpellClassSet"": 7}",pulled from existing data
17065,Nature's Focus,1,0,0,464,0,0,0,0,0,0,0,0.0,,,"{""amplitude"": 0, ""apply_aura"": 108, ""base_points"": 45, ""chain_targets"": 0, ""die_sides"": 1, ""implicit_target_a"": 1, ""implicit_target_b"": 0, ""mechanic"": 0, ""misc_value"": 9, ""points_per_level"": 0.0, ""radius_yards"": null, ""trigger_spell"": 0, ""type"": 6}",,,963,,,"{""AuraDescription_Lang_Mask"": 16712188, ""CastingTimeIndex"": 1, ""Description_Lang_Mask"": 16712190, ""Description_Lang_enUS"": ""Reduces the pushback suffered from damaging attacks  while casting Healing Touch, Wrath, Entangling Roots, Cyclone, Nourish, Regrowth and Tranquility by $s1%."", ""EffectBonusMultiplier_1"": 1.0, ""EffectBonusMultiplier_2"": 1.0, ""EffectBonusMultiplier_3"": 1.0, ""EffectChainAmplitude_1"": 1.0, ""EffectChainAmplitude_2"": 1.0, ""EffectChainAmplitude_3"": 1.0, ""EffectSpellClassMaskA_1"": 737, ""EffectSpellClassMaskA_2"": 33554464, ""EquippedItemClass"": -1, ""NameSubtext_Lang_Mask"": 16712190, ""NameSubtext_Lang_enUS"": ""Rank 2"", ""Name_Lang_Mask"": 16712190, ""ProcChance"": 101, ""RangeIndex"": 1, ""SpellClassSet"": 7}",pulled from existing data
17066,Nature's Focus,1,0,0,464,0,0,0,0,0,0,0,0.0,,,"{""amplitude"": 0, ""apply_aura"": 108, ""base_points"": 69, ""chain_targets"": 0, ""die_sides"": 1, ""implicit_target_a"": 1, ""implicit_target_b"": 0, ""mechanic"": 0, ""misc_value"": 9, ""points_per_level"": 0.0, ""radius_yards"": null, ""trigger_spell"": 0, ""type"": 6}",,,963,,,"{""AuraDescription_Lang_Mask"": 16712188, ""CastingTimeIndex"": 1, ""Description_Lang_Mask"": 16712190, ""Description_Lang_enUS"": ""Reduces the pushback suffered from damaging attacks  while casting Healing Touch, Wrath, Entangling Roots, Cyclone, Nourish, Regrowth and Tranquility by $s1%."", ""EffectBonusMultiplier_1"": 1.0, ""EffectBonusMultiplier_2"": 1.0, ""EffectBonusMultiplier_3"": 1.0, ""EffectChainAmplitude_1"": 1.0, ""EffectChainAmplitude_2"": 1.0, ""EffectChainAmplitude_3"": 1.0, ""EffectSpellClassMaskA_1"": 737, ""EffectSpellClassMaskA_2"": 33554464, ""EquippedItemClass"": -1, ""NameSubtext_Lang_Mask"": 16712190, ""NameSubtext_Lang_enUS"": ""Rank 3"", ""Name_Lang_Mask"": 16712190, ""ProcChance"": 101, ""RangeIndex"": 1, ""SpellClassSet"": 7}",pulled from existing data
17069,Naturalist,1,0,0,464,0,0,0,0,0,0,0,0.0,,-1,"{""amplitude"": 0, ""apply_aura"": 107, ""base_points"": -101, ""chain_targets"": 0, ""die_sides"": 1, ""implicit_target_a"": 1, ""implicit_target_b"": 0, ""mechanic"": 0, ""misc_value"": 10, ""points_per_level"": 0.0, ""radius_yards"": null, ""trigger_spell"": 0, ""type"": 6}","{""amplitude"": 0, ""apply_aura"": 79, ""base_points"": 1, ""chain_targets"": 0, ""die_sides"": 1, ""implicit_target_a"": 1, ""implicit_target_b"": 0, ""mechanic"": 0, ""misc_value"": 1, ""points_per_level"": 0.0, ""radius_yards"": null, ""trigger_spell"": 0, ""type"": 6}",,962,,,"{""AuraDescription_Lang_Mask"": 16712188, ""CastingTimeIndex"": 1, ""Description_Lang_Mask"": 16712190, ""Description_Lang_enUS"": ""Reduces the cast time of your Healing Touch spell by $/1000;S1 sec and increases the damage you deal with physical attacks in all forms by $s2%."", ""EffectBonusMultiplier_1"": 1.0, ""EffectBonusMultiplier_3"": 1.0, ""EffectChainAmplitude_1"": 1.0, ""EffectChainAmplitude_2"": 1.0, ""EffectItemType_1"": 32, ""EffectSpellClassMaskA_1"": 32, ""EquippedItemClass"": -1, ""NameSubtext_Lang_Mask"": 16712190, ""NameSubtext_Lang_enUS"": ""Rank 1"", ""Name_Lang_Mask"": 16712190, ""ProcChance"": 101, ""RangeIndex"": 1, ""SpellClassSet"": 7}",pulled from existing data
17070,Naturalist,1,0,0,464,0,0,0,0,0,0,0,0.0,,-1,"{""amplitude"": 0, ""apply_aura"": 107, ""base_points"": -201, ""chain_targets"": 0, ""die_sides"": 1, ""implicit_target_a"": 1, ""implicit_target_b"": 0, ""mechanic"": 0, ""misc_value"": 10, ""points_per_level"": 0.0, ""radius_yards"": null, ""trigger_spell"": 0, ""type"": 6}","{""amplitude"": 0, ""apply_aura"": 79, ""base_points"": 3, ""chain_targets"": 0, ""die_sides"": 1, ""implicit_target_a"": 1, ""implicit_target_b"": 0, ""mechanic"": 0, ""misc_value"": 1, ""points_per_level"": 0.0, ""radius_yards"": null, ""trigger_spell"": 0, ""type"": 6}",,962,,,"{""AuraDescription_Lang_Mask"": 16712188, ""CastingTimeIndex"": 1, ""Description_Lang_Mask"": 16712190, ""Description_Lang_enUS"": ""Reduces the cast time of your Healing Touch spell by $/1000;S1 sec and increases the damage you deal with physical attacks in all forms by $s2%."", ""EffectBonusMultiplier_1"": 1.0, ""EffectBonusMultiplier_3"": 1.0, ""EffectChainAmplitude_1"": 1.0, ""EffectChainAmplitude_2"": 1.0, ""EffectItemType_1"": 32, ""EffectSpellClassMaskA_1"": 32, ""EquippedItemClass"": -1, ""NameSubtext_Lang_Mask"": 16712190, ""NameSubtext_Lang_enUS"": ""Rank 2"", ""Name_Lang_Mask"": 16712190, ""ProcChance"": 101, ""RangeIndex"": 1, ""SpellClassSet"": 7}",pulled from existing data
17071,Naturalist,1,0,0,464,0,0,0,0,0,0,0,0.0,,-1,"{""amplitude"": 0, ""apply_aura"": 107, ""base_points"": -301, ""chain_targets"": 0, ""die_sides"": 1, ""implicit_target_a"": 1, ""implicit_target_b"": 0, ""mechanic"": 0, ""misc_value"": 10, ""points_per_level"": 0.0, ""radius_yards"": null, ""trigger_spell"": 0, ""type"": 6}","{""amplitude"": 0, ""apply_aura"": 79, ""base_points"": 5, ""chain_targets"": 0, ""die_sides"": 1, ""implicit_target_a"": 1, ""implicit_target_b"": 0, ""mechanic"": 0, ""misc_value"": 1, ""points_per_level"": 0.0, ""radius_yards"": null, ""trigger_spell"": 0, ""type"": 6}",,962,,,"{""AuraDescription_Lang_Mask"": 16712188, ""CastingTimeIndex"": 1, ""Description_Lang_Mask"": 16712190, ""Description_Lang_enUS"": ""Reduces the cast time of your Healing Touch spell by $/1000;S1 sec and increases the damage you deal with physical attacks in all forms by $s2%."", ""EffectBonusMultiplier_1"": 1.0, ""EffectBonusMultiplier_3"": 1.0, ""EffectChainAmplitude_1"": 1.0, ""EffectChainAmplitude_2"": 1.0, ""EffectItemType_1"": 32, ""EffectSpellClassMaskA_1"": 32, ""EquippedItemClass"": -1, ""NameSubtext_Lang_Mask"": 16712190, ""NameSubtext_Lang_enUS"": ""Rank 3"", ""Name_Lang_Mask"": 16712190, ""ProcChance"": 101, ""RangeIndex"": 1, ""SpellClassSet"": 7}",pulled from existing data
17072,Naturalist,1,0,0,464,0,0,0,0,0,0,0,0.0,,-1,"{""amplitude"": 0, ""apply_aura"": 107, ""base_points"": -401, ""chain_targets"": 0, ""die_sides"": 1, ""implicit_target_a"": 1, ""implicit_target_b"": 0, ""mechanic"": 0, ""misc_value"": 10, ""points_per_level"": 0.0, ""radius_yards"": null, ""trigger_spell"": 0, ""type"": 6}","{""amplitude"": 0, ""apply_aura"": 79, ""base_points"": 7, ""chain_targets"": 0, ""die_sides"": 1, ""implicit_target_a"": 1, ""implicit_target_b"": 0, ""mechanic"": 0, ""misc_value"": 1, ""points_per_level"": 0.0, ""radius_yards"": null, ""trigger_spell"": 0, ""type"": 6}",,962,,,"{""AuraDescription_Lang_Mask"": 16712188, ""CastingTimeIndex"": 1, ""Description_Lang_Mask"": 16712190, ""Description_Lang_enUS"": ""Reduces the cast time of your Healing Touch spell by $/1000;S1 sec and increases the damage you deal with physical attacks in all forms by $s2%."", ""EffectBonusMultiplier_1"": 1.0, ""EffectBonusMultiplier_3"": 1.0, ""EffectChainAmplitude_1"": 1.0, ""EffectChainAmplitude_2"": 1.0, ""EffectItemType_1"": 32, ""EffectSpellClassMaskA_1"": 32, ""EquippedItemClass"": -1, ""NameSubtext_Lang_Mask"": 16712190, ""NameSubtext_Lang_enUS"": ""Rank 4"", ""Name_Lang_Mask"": 16712190, ""ProcChance"": 101, ""RangeIndex"": 1, ""SpellClassSet"": 7}",pulled from existing data
17073,Naturalist,1,0,0,464,0,0,0,0,0,0,0,0.0,,-1,"{""amplitude"": 0, ""apply_aura"": 107, ""base_points"": -501, ""chain_targets"": 0, ""die_sides"": 1, ""implicit_target_a"": 1, ""implicit_target_b"": 0, ""mechanic"": 0, ""misc_value"": 10, ""points_per_level"": 0.0, ""radius_yards"": null, ""trigger_spell"": 0, ""type"": 6}","{""amplitude"": 0, ""apply_aura"": 79, ""base_points"": 9, ""chain_targets"": 0, ""die_sides"": 1, ""implicit_target_a"": 1, ""implicit_target_b"": 0, ""mechanic"": 0, ""misc_value"": 1, ""points_per_level"": 0.0, ""radius_yards"": null, ""trigger_spell"": 0, ""type"": 6}",,962,,,"{""AuraDescription_Lang_Mask"": 16712188, ""CastingTimeIndex"": 1, ""Description_Lang_Mask"": 16712190, ""Description_Lang_enUS"": ""Reduces the cast time of your Healing Touch spell by $/1000;S1 sec and increases the damage you deal with physical attacks in all forms by $s2%."", ""EffectBonusMultiplier_1"": 1.0, ""EffectBonusMultiplier_3"": 1.0, ""EffectChainAmplitude_1"": 1.0, ""EffectChainAmplitude_2"": 1.0, ""EffectItemType_1"": 32, ""EffectSpellClassMaskA_1"": 32, ""EquippedItemClass"": -1, ""NameSubtext_Lang_Mask"": 16712190, ""NameSubtext_Lang_enUS"": ""Rank 5"", ""Name_Lang_Mask"": 16712190, ""ProcChance"": 101, ""RangeIndex"": 1, ""SpellClassSet"": 7}",pulled from existing data
17074,Nature's Bounty,1,0,0,464,0,0,0,0,0,0,0,0.0,,,"{""amplitude"": 0, ""apply_aura"": 107, ""base_points"": 4, ""chain_targets"": 0, ""die_sides"": 1, ""implicit_target_a"": 1, ""implicit_target_b"": 0, ""mechanic"": 0, ""misc_value"": 7, ""points_per_level"": 0.0, ""radius_yards"": null, ""trigger_spell"": 0, ""type"": 6}",,,197,,,"{""AuraDescription_Lang_Mask"": 16712188, ""CastingTimeIndex"": 1, ""Description_Lang_Mask"": 16712190, ""Description_Lang_enUS"": ""Increases the critical effect chance of your Regrowth and Nourish spells by $s1%."", ""EffectBonusMultiplier_1"": 1.0, ""EffectBonusMultiplier_2"": 1.0, ""EffectBonusMultiplier_3"": 1.0, ""EffectChainAmplitude_1"": 1.0, ""EffectChainAmplitude_2"": 1.0, ""EffectChainAmplitude_3"": 1.0, ""EffectSpellClassMaskA_1"": 64, ""EffectSpellClassMaskA_2"": 33554432, ""EquippedItemClass"": -1, ""NameSubtext_Lang_Mask"": 16712190, ""NameSubtext_Lang_enUS"": ""Rank 1"", ""Name_Lang_Mask"": 16712190, ""ProcChance"": 101, ""RangeIndex"": 1, ""SpellClassSet"": 7}",pulled from existing data
17075,Nature's Bounty,1,0,0,464,0,0,0,0,0,0,0,0.0,,,"{""amplitude"": 0, ""apply_aura"": 107, ""base_points"": 9, ""chain_targets"": 0, ""die_sides"": 1, ""implicit_target_a"": 1, ""implicit_target_b"": 0, ""mechanic"": 0, ""misc_value"": 7, ""points_per_level"": 0.0, ""radius_yards"": null, ""trigger_spell"": 0, ""type"": 6}",,,197,,,"{""AuraDescription_Lang_Mask"": 16712188, ""CastingTimeIndex"": 1, ""Description_Lang_Mask"": 16712190, ""Description_Lang_enUS"": ""Increases the critical effect chance of your Regrowth and Nourish spells by $s1%."", ""EffectBonusMultiplier_1"": 1.0, ""EffectBonusMultiplier_2"": 1.0, ""EffectBonusMultiplier_3"": 1.0, ""EffectChainAmplitude_1"": 1.0, ""EffectChainAmplitude_2"": 1.0, ""EffectChainAmplitude_3"": 1.0, ""EffectSpellClassMaskA_1"": 64, ""EffectSpellClassMaskA_2"": 33554432, ""EquippedItemClass"": -1, ""NameSubtext_Lang_Mask"": 16712190, ""NameSubtext_Lang_enUS"": ""Rank 2"", ""Name_Lang_Mask"": 16712190, ""ProcChance"": 101, ""RangeIndex"": 1, ""SpellClassSet"": 7}",pulled from existing data
17076,Nature's Bounty,1,0,0,464,0,0,0,0,0,0,0,0.0,,,"{""amplitude"": 0, ""apply_aura"": 107, ""base_points"": 14, ""chain_targets"": 0, ""die_sides"": 1, ""implicit_target_a"": 1, ""implicit_target_b"": 0, ""mechanic"": 0, ""misc_value"": 7, ""points_per_level"": 0.0, ""radius_yards"": null, ""trigger_spell"": 0, ""type"": 6}",,,197,,,"{""AuraDescription_Lang_Mask"": 16712188, ""CastingTimeIndex"": 1, ""Description_Lang_Mask"": 16712190, ""Description_Lang_enUS"": ""Increases the critical effect chance of your Regrowth and Nourish spells by $s1%."", ""EffectBonusMultiplier_1"": 1.0, ""EffectBonusMultiplier_2"": 1.0, ""EffectBonusMultiplier_3"": 1.0, ""EffectChainAmplitude_1"": 1.0, ""EffectChainAmplitude_2"": 1.0, ""EffectChainAmplitude_3"": 1.0, ""EffectSpellClassMaskA_1"": 64, ""EffectSpellClassMaskA_2"": 33554432, ""EquippedItemClass"": -1, ""NameSubtext_Lang_Mask"": 16712190, ""NameSubtext_Lang_enUS"": ""Rank 3"", ""Name_Lang_Mask"": 16712190, ""ProcChance"": 101, ""RangeIndex"": 1, ""SpellClassSet"": 7}",pulled from existing data
17077,Nature's Bounty,1,0,0,464,0,0,0,0,0,0,0,0.0,,,"{""amplitude"": 0, ""apply_aura"": 107, ""base_points"": 19, ""chain_targets"": 0, ""die_sides"": 1, ""implicit_target_a"": 1, ""implicit_target_b"": 0, ""mechanic"": 0, ""misc_value"": 7, ""points_per_level"": 0.0, ""radius_yards"": null, ""trigger_spell"": 0, ""type"": 6}",,,197,,,"{""AuraDescription_Lang_Mask"": 16712188, ""CastingTimeIndex"": 1, ""Description_Lang_Mask"": 16712190, ""Description_Lang_enUS"": ""Increases the critical effect chance of your Regrowth and Nourish spells by $s1%."", ""EffectBonusMultiplier_1"": 1.0, ""EffectBonusMultiplier_2"": 1.0, ""EffectBonusMultiplier_3"": 1.0, ""EffectChainAmplitude_1"": 1.0, ""EffectChainAmplitude_2"": 1.0, ""EffectChainAmplitude_3"": 1.0, ""EffectSpellClassMaskA_1"": 64, ""EffectSpellClassMaskA_2"": 33554432, ""EquippedItemClass"": -1, ""NameSubtext_Lang_Mask"": 16712190, ""NameSubtext_Lang_enUS"": ""Rank 4"", ""Name_Lang_Mask"": 16712190, ""ProcChance"": 101, ""RangeIndex"": 1, ""SpellClassSet"": 7}",pulled from existing data
17078,Nature's Bounty,1,0,0,464,0,0,0,0,0,0,0,0.0,,,"{""amplitude"": 0, ""apply_aura"": 107, ""base_points"": 24, ""chain_targets"": 0, ""die_sides"": 1, ""implicit_target_a"": 1, ""implicit_target_b"": 0, ""mechanic"": 0, ""misc_value"": 7, ""points_per_level"": 0.0, ""radius_yards"": null, ""trigger_spell"": 0, ""type"": 6}",,,197,,,"{""AuraDescription_Lang_Mask"": 16712188, ""CastingTimeIndex"": 1, ""Description_Lang_Mask"": 16712190, ""Description_Lang_enUS"": ""Increases the critical effect chance of your Regrowth and Nourish spells by $s1%."", ""EffectBonusMultiplier_1"": 1.0, ""EffectBonusMultiplier_2"": 1.0, ""EffectBonusMultiplier_3"": 1.0, ""EffectChainAmplitude_1"": 1.0, ""EffectChainAmplitude_2"": 1.0, ""EffectChainAmplitude_3"": 1.0, ""EffectSpellClassMaskA_1"": 64, ""EffectSpellClassMaskA_2"": 33554432, ""EquippedItemClass"": -1, ""NameSubtext_Lang_Mask"": 16712190, ""NameSubtext_Lang_enUS"": ""Rank 5"", ""Name_Lang_Mask"": 16712190, ""ProcChance"": 101, ""RangeIndex"": 1, ""SpellClassSet"": 7}",pulled from existing data
17104,Gift of Nature,1,0,0,464,0,0,0,0,0,0,0,0.0,,,"{""amplitude"": 0, ""apply_aura"": 108, ""base_points"": 1, ""chain_targets"": 0, ""die_sides"": 1, ""implicit_target_a"": 1, ""implicit_target_b"": 0, ""mechanic"": 0, ""misc_value"": 0, ""points_per_level"": 0.0, ""radius_yards"": null, ""trigger_spell"": 0, ""type"": 6}","{""amplitude"": 0, ""apply_aura"": 108, ""base_points"": 1, ""chain_targets"": 0, ""die_sides"": 1, ""implicit_target_a"": 1, ""implicit_target_b"": 0, ""mechanic"": 0, ""misc_value"": 22, ""points_per_level"": 0.0, ""radius_yards"": null, ""trigger_spell"": 0, ""type"": 6}",,266,,,"{""AuraDescription_Lang_Mask"": 16712188, ""CastingTimeIndex"": 1, ""Description_Lang_Mask"": 16712190, ""Description_Lang_enUS"": ""Increases the effect of all healing spells by $s1%."", ""EffectBonusMultiplier_1"": 1.0, ""EffectBonusMultiplier_3"": 1.0, ""EffectChainAmplitude_1"": 1.0, ""EffectChainAmplitude_2"": 1.0, ""EffectChainAmplitude_3"": 1.0, ""EffectSpellClassMaskA_1"": 224, ""EffectSpellClassMaskA_2"": 33554448, ""EffectSpellClassMaskB_1"": 80, ""EffectSpellClassMaskB_2"": 67108880, ""EquippedItemClass"": -1, ""NameSubtext_Lang_Mask"": 16712190, ""NameSubtext_Lang_enUS"": ""Rank 1"", ""Name_Lang_Mask"": 16712190, ""ProcChance"": 101, ""RangeIndex"": 1, ""SpellClassSet"": 7}",pulled from existing data
17106,Intensity,1,0,0,464,0,0,0,0,0,0,0,0.0,,,"{""amplitude"": 0, ""apply_aura"": 134, ""base_points"": 16, ""chain_targets"": 0, ""die_sides"": 1, ""implicit_target_a"": 1, ""implicit_target_b"": 0, ""mechanic"": 0, ""misc_value"": 0, ""points_per_level"": 0.0, ""radius_yards"": null, ""trigger_spell"": 0, ""type"": 6}","{""amplitude"": 0, ""apply_aura"": 42, ""base_points"": -1, ""chain_targets"": 0, ""die_sides"": 1, ""implicit_target_a"": 1, ""implicit_target_b"": 0, ""mechanic"": 0, ""misc_value"": 0, ""points_per_level"": 0.0, ""radius_yards"": null, ""trigger_spell"": 17080, ""type"": 6}",,101,,,"{""AuraDescription_Lang_Mask"": 16712188, ""CastingTimeIndex"": 1, ""Description_Lang_Mask"": 16712190, ""Description_Lang_enUS"": ""Allows $s1% of your Mana regeneration to continue while casting and causes your Enrage ability to instantly generate $/10;17080s1 rage."", ""EffectBonusMultiplier_1"": 1.0, ""EffectBonusMultiplier_3"": 1.0, ""EffectChainAmplitude_1"": 1.0, ""EffectChainAmplitude_2"": 1.0, ""EffectChainAmplitude_3"": 1.0, ""EquippedItemClass"": -1, ""NameSubtext_Lang_Mask"": 16712190, ""NameSubtext_Lang_enUS"": ""Rank 1"", ""Name_Lang_Mask"": 16712190, ""ProcChance"": 100, ""ProcTypeMask"": 17408, ""RangeIndex"": 1, ""SpellClassSet"": 7}",pulled from existing data
17107,Intensity,1,0,0,464,0,0,0,0,0,0,0,0.0,,,"{""amplitude"": 0, ""apply_aura"": 134, ""base_points"": 32, ""chain_targets"": 0, ""die_sides"": 1, ""implicit_target_a"": 1, ""implicit_target_b"": 0, ""mechanic"": 0, ""misc_value"": 0, ""points_per_level"": 0.0, ""radius_yards"": null, ""trigger_spell"": 0, ""type"": 6}","{""amplitude"": 0, ""apply_aura"": 42, ""base_points"": -1, ""chain_targets"": 0, ""die_sides"": 1, ""implicit_target_a"": 1, ""implicit_target_b"": 0, ""mechanic"": 0, ""misc_value"": 0, ""points_per_level"": 0.0, ""radius_yards"": null, ""trigger_spell"": 35358, ""type"": 6}",,101,,,"{""AuraDescription_Lang_Mask"": 16712188, ""CastingTimeIndex"": 1, ""Description_Lang_Mask"": 16712190, ""Description_Lang_enUS"": ""Allows $s1% of your Mana regeneration to continue while casting and causes your Enrage ability to instantly generate $/10;35358s1 rage."", ""EffectBonusMultiplier_1"": 1.0, ""EffectBonusMultiplier_3"": 1.0, ""EffectChainAmplitude_1"": 1.0, ""EffectChainAmplitude_2"": 1.0, ""EffectChainAmplitude_3"": 1.0, ""EquippedItemClass"": -1, ""NameSubtext_Lang_Mask"": 16712190, ""NameSubtext_Lang_enUS"": ""Rank 2"", ""Name_Lang_Mask"": 16712190, ""ProcChance"": 100, ""ProcTypeMask"": 17408, ""RangeIndex"": 1, ""SpellClassSet"": 7}",pulled from existing data
17108,Intensity,1,0,0,464,0,0,0,0,0,0,0,0.0,,,"{""amplitude"": 0, ""apply_aura"": 134, ""base_points"": 49, ""chain_targets"": 0, ""die_sides"": 1, ""implicit_target_a"": 1, ""implicit_target_b"": 0, ""mechanic"": 0, ""misc_value"": 0, ""points_per_level"": 0.0, ""radius_yards"": null, ""trigger_spell"": 0, ""type"": 6}","{""amplitude"": 0, ""apply_aura"": 42, ""base_points"": -1, ""chain_targets"": 0, ""die_sides"": 1, ""implicit_target_a"": 1, ""implicit_target_b"": 0, ""mechanic"": 0, ""misc_value"": 0, ""points_per_level"": 0.0, ""radius_yards"": null, ""trigger_spell"": 35359, ""type"": 6}",,101,,,"{""AuraDescription_Lang_Mask"": 16712188, ""CastingTimeIndex"": 1, ""Description_Lang_Mask"": 16712190, ""Description_Lang_enUS"": ""Allows $s1% of your Mana regeneration to continue while casting and causes your Enrage ability to instantly generate $/10;35359s1 rage."", ""EffectBonusMultiplier_1"": 1.0, ""EffectBonusMultiplier_3"": 1.0, ""EffectChainAmplitude_1"": 1.0, ""EffectChainAmplitude_2"": 1.0, ""EffectChainAmplitude_3"": 1.0, ""EquippedItemClass"": -1, ""NameSubtext_Lang_Mask"": 16712190, ""NameSubtext_Lang_enUS"": ""Rank 3"", ""Name_Lang_Mask"": 16712190, ""ProcChance"": 100, ""ProcTypeMask"": 17408, ""RangeIndex"": 1, ""SpellClassSet"": 7}",pulled from existing data
17111,Improved Rejuvenation,1,0,0,464,0,0,0,0,0,0,0,0.0,,-1,"{""amplitude"": 0, ""apply_aura"": 108, ""base_points"": 4, ""chain_targets"": 0, ""die_sides"": 1, ""implicit_target_a"": 1, ""implicit_target_b"": 0, ""mechanic"": 0, ""misc_value"": 22, ""points_per_level"": 0.0, ""radius_yards"": null, ""trigger_spell"": 0, ""type"": 6}",,,64,,,"{""AuraDescription_Lang_Mask"": 16712188, ""CastingTimeIndex"": 1, ""Description_Lang_Mask"": 16712190, ""Description_Lang_enUS"": ""Increases the effect of your Rejuvenation spell by $s1%."", ""EffectBonusMultiplier_1"": 1.0, ""EffectBonusMultiplier_3"": 1.0, ""EffectChainAmplitude_1"": 1.0, ""EffectChainAmplitude_2"": 1.0, ""EffectSpellClassMaskA_1"": 16, ""EffectSpellClassMaskB_2"": 2, ""EquippedItemClass"": -1, ""NameSubtext_Lang_Mask"": 16712190, ""NameSubtext_Lang_enUS"": ""Rank 1"", ""Name_Lang_Mask"": 16712190, ""ProcChance"": 101, ""RangeIndex"": 1, ""SpellClassSet"": 7}",pulled from existing data
17112,Improved Rejuvenation,1,0,0,464,0,0,0,0,0,0,0,0.0,,-1,"{""amplitude"": 0, ""apply_aura"": 108, ""base_points"": 9, ""chain_targets"": 0, ""die_sides"": 1, ""implicit_target_a"": 1, ""implicit_target_b"": 0, ""mechanic"": 0, ""misc_value"": 22, ""points_per_level"": 0.0, ""radius_yards"": null, ""trigger_spell"": 0, ""type"": 6}",,,64,,,"{""AuraDescription_Lang_Mask"": 16712188, ""CastingTimeIndex"": 1, ""Description_Lang_Mask"": 16712190, ""Description_Lang_enUS"": ""Increases the effect of your Rejuvenation spell by $s1%."", ""EffectBonusMultiplier_1"": 1.0, ""EffectBonusMultiplier_2"": 1.0, ""EffectBonusMultiplier_3"": 1.0, ""EffectChainAmplitude_1"": 1.0, ""EffectSpellClassMaskA_1"": 16, ""EquippedItemClass"": -1, ""NameSubtext_Lang_Mask"": 16712190, ""NameSubtext_Lang_enUS"": ""Rank 2"", ""Name_Lang_Mask"": 16712190, ""ProcChance"": 101, ""RangeIndex"": 1, ""SpellClassSet"": 7}",pulled from existing data
17113,Improved Rejuvenation,1,0,0,464,0,0,0,0,0,0,0,0.0,,-1,"{""amplitude"": 0, ""apply_aura"": 108, ""base_points"": 14, ""chain_targets"": 0, ""die_sides"": 1, ""implicit_target_a"": 1, ""implicit_target_b"": 0, ""mechanic"": 0, ""misc_value"": 22, ""points_per_level"": 0.0, ""radius_yards"": null, ""trigger_spell"": 0, ""type"": 6}",,,64,,,"{""AuraDescription_Lang_Mask"": 16712188, ""CastingTimeIndex"": 1, ""Description_Lang_Mask"": 16712190, ""Description_Lang_enUS"": ""Increases the effect of your Rejuvenation spell by $s1%."", ""EffectBonusMultiplier_1"": 1.0, ""EffectBonusMultiplier_3"": 1.0, ""EffectChainAmplitude_1"": 1.0, ""EffectChainAmplitude_2"": 1.0, ""EffectSpellClassMaskA_1"": 16, ""EffectSpellClassMaskB_2"": 2, ""EquippedItemClass"": -1, ""NameSubtext_Lang_Mask"": 16712190, ""NameSubtext_Lang_enUS"": ""Rank 3"", ""Name_Lang_Mask"": 16712190, ""ProcChance"": 101, ""RangeIndex"": 1, ""SpellClassSet"": 7}",pulled from existing data
17116,Nature's Swiftness,1,1,0,33882112,0,0,180000,0,0,0,0,0.0,,-1,"{""amplitude"": 0, ""apply_aura"": 108, ""base_points"": -101, ""chain_targets"": 0, ""die_sides"": 1, ""implicit_target_a"": 1, ""implicit_target_b"": 0, ""mechanic"": 0, ""misc_value"": 10, ""points_per_level"": 0.0, ""radius_yards"": null, ""trigger_spell"": 0, ""type"": 6}",,,112,,,"{""AttributesEx"": 131072, ""AttributesEx3"": 196608, ""AttributesEx4"": 64, ""AuraDescription_Lang_Mask"": 16712190, ""AuraDescription_Lang_enUS"": ""Your next Nature spell will be an instant cast spell."", ""CastingTimeIndex"": 1, ""DefenseType"": 1, ""Description_Lang_Mask"": 16712190, ""Description_Lang_enUS"": ""When activated, your next Nature spell with a base casting time less than 10 sec. becomes an instant cast spell."", ""EffectChainAmplitude_1"": 1.0, ""EffectChainAmplitude_2"": 1.0, ""EffectChainAmplitude_3"": 1.0, ""EffectSpellClassMaskA_1"": 268436065, ""EffectSpellClassMaskA_2"": 33554464, ""EffectSpellClassMaskA_3"": 32768, ""EquippedItemClass"": -1, ""InterruptFlags"": 4, ""NameSubtext_Lang_Mask"": 16712188, ""Name_Lang_Mask"": 16712190, ""PreventionType"": 1, ""ProcChance"": 100, ""ProcCharges"": 1, ""ProcTypeMask"": 87376, ""RangeIndex"": 1, ""ShapeshiftExclude"": 1073741824, ""SpellClassMask_2"": 524288, ""SpellClassSet"": 7, ""SpellLevel"": 1, ""SpellPriority"": 50, ""SpellVisualID_1"": 4040}",pulled from existing data
17118,Subtlety,1,0,0,464,0,0,0,0,0,0,0,0.0,,,"{""amplitude"": 0, ""apply_aura"": 108, ""base_points"": -11, ""chain_targets"": 0, ""die_sides"": 1, ""implicit_target_a"": 1, ""implicit_target_b"": 0, ""mechanic"": 0, ""misc_value"": 2, ""points_per_level"": 0.0, ""radius_yards"": null, ""trigger_spell"": 0, ""type"": 6}","{""amplitude"": 0, ""apply_aura"": 107, ""base_points"": 9, ""chain_targets"": 0, ""die_sides"": 1, ""implicit_target_a"": 1, ""implicit_target_b"": 0, ""mechanic"": 0, ""misc_value"": 28, ""points_per_level"": 0.0, ""radius_yards"": null, ""trigger_spell"": 0, ""type"": 6}",,49,,,"{""AuraDescription_Lang_Mask"": 16712188, ""CastingTimeIndex"": 1, ""Description_Lang_Mask"": 16712190, ""Description_Lang_enUS"": ""Reduces the threat generated by your restoration spells by $s1% and reduces the chance your helpful spells, Moonfire, and Insect Swarm will be dispelled by $s2%."", ""EffectBonusMultiplier_1"": 1.0, ""EffectBonusMultiplier_3"": 1.0, ""EffectChainAmplitude_1"": 1.0, ""EffectChainAmplitude_2"": 1.0, ""EffectChainAmplitude_3"": 1.0, ""EffectSpellClassMaskA_1"": 262384, ""EffectSpellClassMaskA_2"": 239603734, ""EffectSpellClassMaskB_1"": 2359634, ""EffectSpellClassMaskB_2"": 204214292, ""EffectSpellClassMaskB_3"": 4096, ""EquippedItemClass"": -1, ""NameSubtext_Lang_Mask"": 16712190, ""NameSubtext_Lang_enUS"": ""Rank 1"", ""Name_Lang_Mask"": 16712190, ""ProcChance"": 101, ""RangeIndex"": 1, ""SpellClassMask_3"": 8192, ""SpellClassSet"": 7}",pulled from existing data
17119,Subtlety,1,0,0,464,0,0,0,0,0,0,0,0.0,,,"{""amplitude"": 0, ""apply_aura"": 108, ""base_points"": -21, ""chain_targets"": 0, ""die_sides"": 1, ""implicit_target_a"": 1, ""implicit_target_b"": 0, ""mechanic"": 0, ""misc_value"": 2, ""points_per_level"": 0.0, ""radius_yards"": null, ""trigger_spell"": 0, ""type"": 6}","{""amplitude"": 0, ""apply_aura"": 107, ""base_points"": 19, ""chain_targets"": 0, ""die_sides"": 1, ""implicit_target_a"": 1, ""implicit_target_b"": 0, ""mechanic"": 0, ""misc_value"": 28, ""points_per_level"": 0.0, ""radius_yards"": null, ""trigger_spell"": 0, ""type"": 6}",,49,,,"{""AuraDescription_Lang_Mask"": 16712188, ""CastingTimeIndex"": 1, ""Description_Lang_Mask"": 16712190, ""Description_Lang_enUS"": ""Reduces the threat generated by your restoration spells by $s1% and reduces the chance your helpful spells, Moonfire, and Insect Swarm will be dispelled by $s2%."", ""EffectBonusMultiplier_1"": 1.0, ""EffectBonusMultiplier_3"": 1.0, ""EffectChainAmplitude_1"": 1.0, ""EffectChainAmplitude_2"": 1.0, ""EffectChainAmplitude_3"": 1.0, ""EffectSpellClassMaskA_1"": 262384, ""EffectSpellClassMaskA_2"": 235405334, ""EffectSpellClassMaskB_1"": 2359634, ""EffectSpellClassMaskB_2"": 204214292, ""EquippedItemClass"": -1, ""NameSubtext_Lang_Mask"": 16712190, ""NameSubtext_Lang_enUS"": ""Rank 2"", ""Name_Lang_Mask"": 16712190, ""ProcChance"": 101, ""RangeIndex"": 1, ""SpellClassMask_3"": 8192, ""SpellClassSet"": 7}",pulled from existing data
17120,Subtlety,1,0,0,464,0,0,0,0,0,0,0,0.0,,,"{""amplitude"": 0, ""apply_aura"": 108, ""base_points"": -31, ""chain_targets"": 0, ""die_sides"": 1, ""implicit_target_a"": 1, ""implicit_target_b"": 0, ""mechanic"": 0, ""misc_value"": 2, ""points_per_level"": 0.0, ""radius_yards"": null, ""trigger_spell"": 0, ""type"": 6}","{""amplitude"": 0, ""apply_aura"": 107, ""base_points"": 29, ""chain_targets"": 0, ""die_sides"": 1, ""implicit_target_a"": 1, ""implicit_target_b"": 0, ""mechanic"": 0, ""misc_value"": 28, ""points_per_level"": 0.0, ""radius_yards"": null, ""trigger_spell"": 0, ""type"": 6}",,49,,,"{""AuraDescription_Lang_Mask"": 16712188, ""CastingTimeIndex"": 1, ""Description_Lang_Mask"": 16712190, ""Description_Lang_enUS"": ""Reduces the threat generated by your restoration spells by $s1% and reduces the chance your helpful spells, Moonfire, and Insect Swarm will be dispelled by $s2%."", ""EffectBonusMultiplier_1"": 1.0, ""EffectBonusMultiplier_3"": 1.0, ""EffectChainAmplitude_1"": 1.0, ""EffectChainAmplitude_2"": 1.0, ""EffectChainAmplitude_3"": 1.0, ""EffectSpellClassMaskA_1"": 262384, ""EffectSpellClassMaskA_2"": 239603734, ""EffectSpellClassMaskA_3"": 8192, ""EffectSpellClassMaskB_1"": 2359634, ""EffectSpellClassMaskB_2"": 204214292, ""EffectSpellClassMaskB_3"": 4096, ""EquippedItemClass"": -1, ""NameSubtext_Lang_Mask"": 16712190, ""NameSubtext_Lang_enUS"": ""Rank 3"", ""Name_Lang_Mask"": 16712190, ""ProcChance"": 101, ""RangeIndex"": 1, ""SpellClassSet"": 7}",pulled from existing data
17123,Improved Tranquility,1,0,0,464,0,0,0,0,0,0,0,0.0,,,"{""amplitude"": 0, ""apply_aura"": 108, ""base_points"": -51, ""chain_targets"": 0, ""die_sides"": 1, ""implicit_target_a"": 1, ""implicit_target_b"": 0, ""mechanic"": 0, ""misc_value"": 2, ""points_per_level"": 0.0, ""radius_yards"": null, ""trigger_spell"": 0, ""type"": 6}","{""amplitude"": 0, ""apply_aura"": 108, ""base_points"": -31, ""chain_targets"": 0, ""die_sides"": 1, ""implicit_target_a"": 1, ""implicit_target_b"": 0, ""mechanic"": 0, ""misc_value"": 11, ""points_per_level"": 0.0, ""radius_yards"": null, ""trigger_spell"": 0, ""type"": 6}",,100,,,"{""AuraDescription_Lang_Mask"": 16712188, ""CastingTimeIndex"": 1, ""Description_Lang_Mask"": 16712190, ""Description_Lang_enUS"": ""Reduces threat caused by Tranquility by $s1%, and reduces the cooldown by $s2%."", ""EffectBonusMultiplier_1"": 1.0, ""EffectBonusMultiplier_3"": 1.0, ""EffectChainAmplitude_1"": 1.0, ""EffectChainAmplitude_2"": 1.0, ""EffectChainAmplitude_3"": 1.0, ""EffectSpellClassMaskA_1"": 128, ""EffectSpellClassMaskB_1"": 128, ""EquippedItemClass"": -1, ""NameSubtext_Lang_Mask"": 16712190, ""NameSubtext_Lang_enUS"": ""Rank 1"", ""Name_Lang_Mask"": 16712190, ""ProcChance"": 101, ""RangeIndex"": 1, ""SpellClassSet"": 7}",pulled from existing data
17124,Improved Tranquility,1,0,0,464,0,0,0,0,0,0,0,0.0,,,"{""amplitude"": 0, ""apply_aura"": 108, ""base_points"": -101, ""chain_targets"": 0, ""die_sides"": 1, ""implicit_target_a"": 1, ""implicit_target_b"": 0, ""mechanic"": 0, ""misc_value"": 2, ""points_per_level"": 0.0, ""radius_yards"": null, ""trigger_spell"": 0, ""type"": 6}","{""amplitude"": 0, ""apply_aura"": 108, ""base_points"": -61, ""chain_targets"": 0, ""die_sides"": 1, ""implicit_target_a"": 1, ""implicit_target_b"": 0, ""mechanic"": 0, ""misc_value"": 11, ""points_per_level"": 0.0, ""radius_yards"": null, ""trigger_spell"": 0, ""type"": 6}",,100,,,"{""AuraDescription_Lang_Mask"": 16712188, ""CastingTimeIndex"": 1, ""Description_Lang_Mask"": 16712190, ""Description_Lang_enUS"": ""Reduces threat caused by Tranquility by $s1%, and reduces the cooldown by $s2%."", ""EffectBonusMultiplier_1"": 1.0, ""EffectBonusMultiplier_3"": 1.0, ""EffectChainAmplitude_1"": 1.0, ""EffectChainAmplitude_2"": 1.0, ""EffectChainAmplitude_3"": 1.0, ""EffectSpellClassMaskA_1"": 128, ""EffectSpellClassMaskB_1"": 128, ""EquippedItemClass"": -1, ""NameSubtext_Lang_Mask"": 16712190, ""NameSubtext_Lang_enUS"": ""Rank 2"", ""Name_Lang_Mask"": 16712190, ""ProcChance"": 101, ""RangeIndex"": 1, ""SpellClassSet"": 7}",pulled from existing data
18562,Swiftmend,8,0,0,65536,0,0,15000,0,0,0,16,40.0,,,"{""amplitude"": 0, ""apply_aura"": 0, ""base_points"": 0, ""chain_targets"": 0, ""die_sides"": 1, ""implicit_target_a"": 21, ""implicit_target_b"": 0, ""mechanic"": 0, ""misc_value"": 0, ""points_per_level"": 0.0, ""radius_yards"": null, ""trigger_spell"": 0, ""type"": 10}",,,1917,,,"{""AttributesEx2"": 524288, ""AuraDescription_Lang_Mask"": 16712190, ""CastingTimeIndex"": 1, ""DefenseType"": 1, ""Description_Lang_Mask"": 16712190, ""Description_Lang_enUS"": ""Consumes a Rejuvenation or Regrowth effect on a friendly target to instantly heal them an amount equal to 12 sec. of Rejuvenation or 18 sec. of Regrowth."", ""EffectBonusMultiplier_3"": 1.0, ""EffectChainAmplitude_1"": 1.0, ""EffectChainAmplitude_2"": 1.0, ""EffectChainAmplitude_3"": 1.0, ""EquippedItemClass"": -1, ""NameSubtext_Lang_Mask"": 16712188, ""Name_Lang_Mask"": 16712190, ""PreventionType"": 1, ""ProcChance"": 101, ""ShapeshiftExclude"": 1073741824, ""ShapeshiftMask"": 2, ""SpellClassMask_2"": 2, ""SpellClassSet"": 7, ""SpellLevel"": 1, ""SpellVisualID_1"": 3884, ""StartRecoveryCategory"": 133, ""StartRecoveryTime"": 1500, ""TargetAuraState"": 15}",pulled from existing data
24858,Moonkin Form,1,0,0,327696,0,0,0,0,0,0,13,0.0,,-1,"{""amplitude"": 0, ""apply_aura"": 36, ""base_points"": -1, ""chain_targets"": 0, ""die_sides"": 1, ""implicit_target_a"": 1, ""implicit_target_b"": 0, ""mechanic"": 0, ""misc_value"": 31, ""points_per_level"": 0.0, ""radius_yards"": null, ""trigger_spell"": 0, ""type"": 6}","{""amplitude"": 0, ""apply_aura"": 77, ""base_points"": -1, ""chain_targets"": 0, ""die_sides"": 1, ""implicit_target_a"": 1, ""implicit_target_b"": 0, ""mechanic"": 0, ""misc_value"": 17, ""points_per_level"": 0.0, ""radius_yards"": null, ""trigger_spell"": 0, ""type"": 6}","{""amplitude"": 0, ""apply_aura"": 0, ""base_points"": -1, ""chain_targets"": 0, ""die_sides"": 1, ""implicit_target_a"": 1, ""implicit_target_b"": 0, ""mechanic"": 0, ""misc_value"": 0, ""points_per_level"": 0.0, ""radius_yards"": null, ""trigger_spell"": 24907, ""type"": 64}",111,,,"{""ActiveIconID"": 122, ""AttributesEx"": 98304, ""AttributesEx4"": 2097152, ""AuraDescription_Lang_Mask"": 16712190, ""AuraDescription_Lang_enUS"": ""Immune to Polymorph effects.\r\nArmor contribution from items is increased by $24905s1%.\r\nDamage taken while stunned reduced $69366s1%.\r\nSingle target spell criticals have a chance to instantly regenerate $53506s1% of your total mana."", ""BaseLevel"": 40, ""CastingTimeIndex"": 1, ""Description_Lang_Mask"": 16712190, ""Description_Lang_enUS"": ""Shapeshift into Moonkin Form.  While in this form the armor contribution from items is increased by $24905s1%, damage taken while stunned is reduced by $69366s1%, and all party and raid members within $24907a1 yards have their spell critical chance increased by $24907s1%.  Single target spell critical strikes in this form have a chance to instantly regenerate $53506s1% of your total mana.  The Moonkin can not cast healing or resurrection spells while shapeshifted.\r\n\r\nThe act of shapeshifting frees the caster of Polymorph and Movement Impairing effects."", ""EffectBonusMultiplier_3"": 1.0, ""EffectChainAmplitude_1"": 1.0, ""EffectChainAmplitude_2"": 1.0, ""EffectChainAmplitude_3"": 1.0, ""EquippedItemClass"": -1, ""NameSubtext_Lang_Mask"": 16712190, ""NameSubtext_Lang_enUS"": ""Shapeshift"", ""Name_Lang_Mask"": 16712190, ""ProcChance"": 101, ""RangeIndex"": 1, ""ShapeshiftExclude"": 2, ""SpellClassMask_2"": 8192, ""SpellClassSet"": 7, ""SpellLevel"": 40, ""SpellVisualID_1"": 9302, ""StanceBarOrder"": 4, ""StartRecoveryCategory"": 133, ""StartRecoveryTime"": 1500}",pulled from existing data
24866,Feral Swiftness,1,0,0,464,0,0,0,0,0,0,0,0.0,,,"{""amplitude"": 0, ""apply_aura"": 31, ""base_points"": 29, ""chain_targets"": 0, ""die_sides"": 1, ""implicit_target_a"": 1, ""implicit_target_b"": 0, ""mechanic"": 0, ""misc_value"": 0, ""points_per_level"": 0.0, ""radius_yards"": null, ""trigger_spell"": 0, ""type"": 6}",,,67,,,"{""AttributesEx"": 2147483648, ""AuraDescription_Lang_Mask"": 16712188, ""CastingTimeIndex"": 1, ""Description_Lang_Mask"": 16712190, ""Description_Lang_enUS"": ""Increases your movement speed by $s1% in Cat Form and increases your chance to dodge while in Cat Form, Bear Form and Dire Bear Form by $24864s1%."", ""EffectBonusMultiplier_1"": 1.0, ""EffectBonusMultiplier_2"": 1.0, ""EffectBonusMultiplier_3"": 1.0, ""EffectChainAmplitude_1"": 1.0, ""EffectChainAmplitude_2"": 1.0, ""EffectChainAmplitude_3"": 1.0, ""EquippedItemClass"": -1, ""NameSubtext_Lang_Mask"": 16712188, ""Name_Lang_Mask"": 16712190, ""ProcChance"": 101, ""RangeIndex"": 1, ""ShapeshiftMask"": 1, ""SpellClassSet"": 7}",pulled from existing data
24943,Gift of Nature,1,0,0,464,0,0,0,0,0,0,0,0.0,,,"{""amplitude"": 0, ""apply_aura"": 108, ""base_points"": 3, ""chain_targets"": 0, ""die_sides"": 1, ""implicit_target_a"": 1, ""implicit_target_b"": 0, ""mechanic"": 0, ""misc_value"": 0, ""points_per_level"": 0.0, ""radius_yards"": null, ""trigger_spell"": 0, ""type"": 6}","{""amplitude"": 0, ""apply_aura"": 108, ""base_points"": 3, ""chain_targets"": 0, ""die_sides"": 1, ""implicit_target_a"": 1, ""implicit_target_b"": 0, ""mechanic"": 0, ""misc_value"": 22, ""points_per_level"": 0.0, ""radius_yards"": null, ""trigger_spell"": 0, ""type"": 6}",,266,,,"{""AuraDescription_Lang_Mask"": 16712188, ""CastingTimeIndex"": 1, ""Description_Lang_Mask"": 16712190, ""Description_Lang_enUS"": ""Increases the effect of all healing spells by $s1%."", ""EffectBonusMultiplier_1"": 1.0, ""EffectBonusMultiplier_3"": 1.0, ""EffectChainAmplitude_1"": 1.0, ""EffectChainAmplitude_2"": 1.0, ""EffectChainAmplitude_3"": 1.0, ""EffectSpellClassMaskA_1"": 224, ""EffectSpellClassMaskA_2"": 33554448, ""EffectSpellClassMaskB_1"": 80, ""EffectSpellClassMaskB_2"": 67108880, ""EquippedItemClass"": -1, ""NameSubtext_Lang_Mask"": 16712190, ""NameSubtext_Lang_enUS"": ""Rank 2"", ""Name_Lang_Mask"": 16712190, ""ProcChance"": 101, ""RangeIndex"": 1, ""SpellClassSet"": 7}",pulled from existing data
24944,Gift of Nature,1,0,0,464,0,0,0,0,0,0,0,0.0,,,"{""amplitude"": 0, ""apply_aura"": 108, ""base_points"": 5, ""chain_targets"": 0, ""die_sides"": 1, ""implicit_target_a"": 1, ""implicit_target_b"": 0, ""mechanic"": 0, ""misc_value"": 0, ""points_per_level"": 0.0, ""radius_yards"": null, ""trigger_spell"": 0, ""type"": 6}","{""amplitude"": 0, ""apply_aura"": 108, ""base_points"": 5, ""chain_targets"": 0, ""die_sides"": 1, ""implicit_target_a"": 1, ""implicit_target_b"": 0, ""mechanic"": 0, ""misc_value"": 22, ""points_per_level"": 0.0, ""radius_yards"": null, ""trigger_spell"": 0, ""type"": 6}",,266,,,"{""AuraDescription_Lang_Mask"": 16712188, ""CastingTimeIndex"": 1, ""Description_Lang_Mask"": 16712190, ""Description_Lang_enUS"": ""Increases the effect of all healing spells by $s1%."", ""EffectBonusMultiplier_1"": 1.0, ""EffectBonusMultiplier_3"": 1.0, ""EffectChainAmplitude_1"": 1.0, ""EffectChainAmplitude_2"": 1.0, ""EffectChainAmplitude_3"": 1.0, ""EffectSpellClassMaskA_1"": 224, ""EffectSpellClassMaskA_2"": 33554448, ""EffectSpellClassMaskB_1"": 80, ""EffectSpellClassMaskB_2"": 67108880, ""EquippedItemClass"": -1, ""NameSubtext_Lang_Mask"": 16712190, ""NameSubtext_Lang_enUS"": ""Rank 3"", ""Name_Lang_Mask"": 16712190, ""ProcChance"": 101, ""RangeIndex"": 1, ""SpellClassSet"": 7}",pulled from existing data
24945,Gift of Nature,1,0,0,464,0,0,0,0,0,0,0,0.0,,,"{""amplitude"": 0, ""apply_aura"": 108, ""base_points"": 7, ""chain_targets"": 0, ""die_sides"": 1, ""implicit_target_a"": 1, ""implicit_target_b"": 0, ""mechanic"": 0, ""misc_value"": 0, ""points_per_level"": 0.0, ""radius_yards"": null, ""trigger_spell"": 0, ""type"": 6}","{""amplitude"": 0, ""apply_aura"": 108, ""base_points"": 7, ""chain_targets"": 0, ""die_sides"": 1, ""implicit_target_a"": 1, ""implicit_target_b"": 0, ""mechanic"": 0, ""misc_value"": 22, ""points_per_level"": 0.0, ""radius_yards"": null, ""trigger_spell"": 0, ""type"": 6}",,266,,,"{""AuraDescription_Lang_Mask"": 16712188, ""CastingTimeIndex"": 1, ""Description_Lang_Mask"": 16712190, ""Description_Lang_enUS"": ""Increases the effect of all healing spells by $s1%."", ""EffectBonusMultiplier_1"": 1.0, ""EffectBonusMultiplier_3"": 1.0, ""EffectChainAmplitude_1"": 1.0, ""EffectChainAmplitude_2"": 1.0, ""EffectChainAmplitude_3"": 1.0, ""EffectSpellClassMaskA_1"": 224, ""EffectSpellClassMaskA_2"": 33554448, ""EffectSpellClassMaskB_1"": 80, ""EffectSpellClassMaskB_2"": 67108880, ""EquippedItemClass"": -1, ""NameSubtext_Lang_Mask"": 16712190, ""NameSubtext_Lang_enUS"": ""Rank 4"", ""Name_Lang_Mask"": 16712190, ""ProcChance"": 101, ""RangeIndex"": 1, ""SpellClassSet"": 7}",pulled from existing data
24946,Gift of Nature,1,0,0,464,0,0,0,0,0,0,0,0.0,,,"{""amplitude"": 0, ""apply_aura"": 108, ""base_points"": 9, ""chain_targets"": 0, ""die_sides"": 1, ""implicit_target_a"": 1, ""implicit_target_b"": 0, ""mechanic"": 0, ""misc_value"": 0, ""points_per_level"": 0.0, ""radius_yards"": null, ""trigger_spell"": 0, ""type"": 6}","{""amplitude"": 0, ""apply_aura"": 108, ""base_points"": 9, ""chain_targets"": 0, ""die_sides"": 1, ""implicit_target_a"": 1, ""implicit_target_b"": 0, ""mechanic"": 0, ""misc_value"": 22, ""points_per_level"": 0.0, ""radius_yards"": null, ""trigger_spell"": 0, ""type"": 6}",,266,,,"{""AuraDescription_Lang_Mask"": 16712188, ""CastingTimeIndex"": 1, ""Description_Lang_Mask"": 16712190, ""Description_Lang_enUS"": ""Increases the effect of all healing spells by $s1%."", ""EffectBonusMultiplier_1"": 1.0, ""EffectBonusMultiplier_3"": 1.0, ""EffectChainAmplitude_1"": 1.0, ""EffectChainAmplitude_2"": 1.0, ""EffectChainAmplitude_3"": 1.0, ""EffectSpellClassMaskA_1"": 224, ""EffectSpellClassMaskA_2"": 33554448, ""EffectSpellClassMaskB_1"": 80, ""EffectSpellClassMaskB_2"": 67108880, ""EquippedItemClass"": -1, ""NameSubtext_Lang_Mask"": 16712190, ""NameSubtext_Lang_enUS"": ""Rank 5"", ""Name_Lang_Mask"": 16712190, ""ProcChance"": 101, ""RangeIndex"": 1, ""SpellClassSet"": 7}",pulled from existing data
24968,Tranquil Spirit,1,0,0,464,0,0,0,0,0,0,0,0.0,,,"{""amplitude"": 0, ""apply_aura"": 108, ""base_points"": -3, ""chain_targets"": 0, ""die_sides"": 1, ""implicit_target_a"": 1, ""implicit_target_b"": 0, ""mechanic"": 0, ""misc_value"": 14, ""points_per_level"": 0.0, ""radius_yards"": null, ""trigger_spell"": 0, ""type"": 6}",,,1714,,,"{""AuraDescription_Lang_Mask"": 16712188, ""CastingTimeIndex"": 1, ""Description_Lang_Mask"": 16712190, ""Description_Lang_enUS"": ""Reduces the mana cost of your Healing Touch, Nourish and Tranquility spells by $s1%."", ""EffectBonusMultiplier_1"": 1.0, ""EffectBonusMultiplier_2"": 1.0, ""EffectBonusMultiplier_3"": 1.0, ""EffectChainAmplitude_1"": 1.0, ""EffectChainAmplitude_2"": 1.0, ""EffectChainAmplitude_3"": 1.0, ""EffectSpellClassMaskA_1"": 160, ""EffectSpellClassMaskA_2"": 33554432, ""EquippedItemClass"": -1, ""NameSubtext_Lang_Mask"": 16712190, ""NameSubtext_Lang_enUS"": ""Rank 1"", ""Name_Lang_Mask"": 16712190, ""ProcChance"": 101, ""RangeIndex"": 1, ""SpellClassSet"": 7}",pulled from existing data
24969,Tranquil Spirit,1,0,0,464,0,0,0,0,0,0,0,0.0,,,"{""amplitude"": 0, ""apply_aura"": 108, ""base_points"": -5, ""chain_targets"": 0, ""die_sides"": 1, ""implicit_target_a"": 1, ""implicit_target_b"": 0, ""mechanic"": 0, ""misc_value"": 14, ""points_per_level"": 0.0, ""radius_yards"": null, ""trigger_spell"": 0, ""type"": 6}",,,1714,,,"{""AuraDescription_Lang_Mask"": 16712188, ""CastingTimeIndex"": 1, ""Description_Lang_Mask"": 16712190, ""Description_Lang_enUS"": ""Reduces the mana cost of your Healing Touch, Nourish and Tranquility spells by $s1%."", ""EffectBonusMultiplier_1"": 1.0, ""EffectBonusMultiplier_2"": 1.0, ""EffectBonusMultiplier_3"": 1.0, ""EffectChainAmplitude_1"": 1.0, ""EffectChainAmplitude_2"": 1.0, ""EffectChainAmplitude_3"": 1.0, ""EffectSpellClassMaskA_1"": 160, ""EffectSpellClassMaskA_2"": 33554432, ""EquippedItemClass"": -1, ""NameSubtext_Lang_Mask"": 16712190, ""NameSubtext_Lang_enUS"": ""Rank 2"", ""Name_Lang_Mask"": 16712190, ""ProcChance"": 101, ""RangeIndex"": 1, ""SpellClassSet"": 7}",pulled from existing data
24970,Tranquil Spirit,1,0,0,464,0,0,0,0,0,0,0,0.0,,,"{""amplitude"": 0, ""apply_aura"": 108, ""base_points"": -7, ""chain_targets"": 0, ""die_sides"": 1, ""implicit_target_a"": 1, ""implicit_target_b"": 0, ""mechanic"": 0, ""misc_value"": 14, ""points_per_level"": 0.0, ""radius_yards"": null, ""trigger_spell"": 0, ""type"": 6}",,,1714,,,"{""AuraDescription_Lang_Mask"": 16712188, ""CastingTimeIndex"": 1, ""Description_Lang_Mask"": 16712190, ""Description_Lang_enUS"": ""Reduces the mana cost of your Healing Touch, Nourish and Tranquility spells by $s1%."", ""EffectBonusMultiplier_1"": 1.0, ""EffectBonusMultiplier_2"": 1.0, ""EffectBonusMultiplier_3"": 1.0, ""EffectChainAmplitude_1"": 1.0, ""EffectChainAmplitude_2"": 1.0, ""EffectChainAmplitude_3"": 1.0, ""EffectSpellClassMaskA_1"": 160, ""EffectSpellClassMaskA_2"": 33554432, ""EquippedItemClass"": -1, ""NameSubtext_Lang_Mask"": 16712190, ""NameSubtext_Lang_enUS"": ""Rank 3"", ""Name_Lang_Mask"": 16712190, ""ProcChance"": 101, ""RangeIndex"": 1, ""SpellClassSet"": 7}",pulled from existing data
24971,Tranquil Spirit,1,0,0,464,0,0,0,0,0,0,0,0.0,,,"{""amplitude"": 0, ""apply_aura"": 108, ""base_points"": -9, ""chain_targets"": 0, ""die_sides"": 1, ""implicit_target_a"": 1, ""implicit_target_b"": 0, ""mechanic"": 0, ""misc_value"": 14, ""points_per_level"": 0.0, ""radius_yards"": null, ""trigger_spell"": 0, ""type"": 6}",,,1714,,,"{""AuraDescription_Lang_Mask"": 16712188, ""CastingTimeIndex"": 1, ""Description_Lang_Mask"": 16712190, ""Description_Lang_enUS"": ""Reduces the mana cost of your Healing Touch, Nourish and Tranquility spells by $s1%."", ""EffectBonusMultiplier_1"": 1.0, ""EffectBonusMultiplier_2"": 1.0, ""EffectBonusMultiplier_3"": 1.0, ""EffectChainAmplitude_1"": 1.0, ""EffectChainAmplitude_2"": 1.0, ""EffectChainAmplitude_3"": 1.0, ""EffectSpellClassMaskA_1"": 160, ""EffectSpellClassMaskA_2"": 33554432, ""EquippedItemClass"": -1, ""NameSubtext_Lang_Mask"": 16712190, ""NameSubtext_Lang_enUS"": ""Rank 4"", ""Name_Lang_Mask"": 16712190, ""ProcChance"": 101, ""RangeIndex"": 1, ""SpellClassSet"": 7}",pulled from existing data
24972,Tranquil Spirit,1,0,0,464,0,0,0,0,0,0,0,0.0,,,"{""amplitude"": 0, ""apply_aura"": 108, ""base_points"": -11, ""chain_targets"": 0, ""die_sides"": 1, ""implicit_target_a"": 1, ""implicit_target_b"": 0, ""mechanic"": 0, ""misc_value"": 14, ""points_per_level"": 0.0, ""radius_yards"": null, ""trigger_spell"": 0, ""type"": 6}",,,1714,,,"{""AuraDescription_Lang_Mask"": 16712188, ""CastingTimeIndex"": 1, ""Description_Lang_Mask"": 16712190, ""Description_Lang_enUS"": ""Reduces the mana cost of your Healing Touch, Nourish and Tranquility spells by $s1%."", ""EffectBonusMultiplier_1"": 1.0, ""EffectBonusMultiplier_2"": 1.0, ""EffectBonusMultiplier_3"": 1.0, ""EffectChainAmplitude_1"": 1.0, ""EffectChainAmplitude_2"": 1.0, ""EffectChainAmplitude_3"": 1.0, ""EffectSpellClassMaskA_1"": 160, ""EffectSpellClassMaskA_2"": 33554432, ""EquippedItemClass"": -1, ""NameSubtext_Lang_Mask"": 16712190, ""NameSubtext_Lang_enUS"": ""Rank 5"", ""Name_Lang_Mask"": 16712190, ""ProcChance"": 101, ""RangeIndex"": 1, ""SpellClassSet"": 7}",pulled from existing data
33589,Lunar Guidance,1,0,0,464,0,0,0,0,0,0,0,0.0,,,"{""amplitude"": 0, ""apply_aura"": 174, ""base_points"": 3, ""chain_targets"": 0, ""die_sides"": 1, ""implicit_target_a"": 1, ""implicit_target_b"": 0, ""mechanic"": 0, ""misc_value"": 126, ""points_per_level"": 0.0, ""radius_yards"": null, ""trigger_spell"": 0, ""type"": 6}","{""amplitude"": 0, ""apply_aura"": 175, ""base_points"": 3, ""chain_targets"": 0, ""die_sides"": 1, ""implicit_target_a"": 1, ""implicit_target_b"": 0, ""mechanic"": 0, ""misc_value"": 3, ""points_per_level"": 0.0, ""radius_yards"": null, ""trigger_spell"": 0, ""type"": 6}",,2256,,,"{""AuraDescription_Lang_Mask"": 16712188, ""CastingTimeIndex"": 1, ""Description_Lang_Mask"": 16712190, ""Description_Lang_enUS"": ""Increases your spell power by $s1% of your total Intellect."", ""EffectBonusMultiplier_1"": 1.0, ""EffectBonusMultiplier_3"": 1.0, ""EffectChainAmplitude_1"": 1.0, ""EffectChainAmplitude_2"": 1.0, ""EffectChainAmplitude_3"": 1.0, ""EffectMiscValueB_1"": 3, ""EffectSpellClassMaskA_1"": 7, ""EffectSpellClassMaskB_1"": 2, ""EquippedItemClass"": -1, ""NameSubtext_Lang_Mask"": 16712190, ""NameSubtext_Lang_enUS"": ""Rank 1"", ""Name_Lang_Mask"": 16712190, ""ProcChance"": 101, ""RangeIndex"": 1, ""SpellClassSet"": 7}",pulled from existing data
33590,Lunar Guidance,1,0,0,464,0,0,0,0,0,0,0,0.0,,,"{""amplitude"": 0, ""apply_aura"": 174, ""base_points"": 7, ""chain_targets"": 0, ""die_sides"": 1, ""implicit_target_a"": 1, ""implicit_target_b"": 0, ""mechanic"": 0, ""misc_value"": 126, ""points_per_level"": 0.0, ""radius_yards"": null, ""trigger_spell"": 0, ""type"": 6}","{""amplitude"": 0, ""apply_aura"": 175, ""base_points"": 7, ""chain_targets"": 0, ""die_sides"": 1, ""implicit_target_a"": 1, ""implicit_target_b"": 0, ""mechanic"": 0, ""misc_value"": 3, ""points_per_level"": 0.0, ""radius_yards"": null, ""trigger_spell"": 0, ""type"": 6}",,2256,,,"{""AuraDescription_Lang_Mask"": 16712188, ""CastingTimeIndex"": 1, ""Description_Lang_Mask"": 16712190, ""Description_Lang_enUS"": ""Increases your spell power by $s1% of your total Intellect."", ""EffectBonusMultiplier_1"": 1.0, ""EffectBonusMultiplier_3"": 1.0, ""EffectChainAmplitude_1"": 1.0, ""EffectChainAmplitude_2"": 1.0, ""EffectChainAmplitude_3"": 1.0, ""EffectMiscValueB_1"": 3, ""EffectSpellClassMaskA_1"": 7, ""EffectSpellClassMaskB_1"": 2, ""EquippedItemClass"": -1, ""NameSubtext_Lang_Mask"": 16712190, ""NameSubtext_Lang_enUS"": ""Rank 2"", ""Name_Lang_Mask"": 16712190, ""ProcChance"": 101, ""RangeIndex"": 1, ""SpellClassSet"": 7}",pulled from existing data
33591,Lunar Guidance,1,0,0,464,0,0,0,0,0,0,0,0.0,,,"{""amplitude"": 0, ""apply_aura"": 174, ""base_points"": 11, ""chain_targets"": 0, ""die_sides"": 1, ""implicit_target_a"": 1, ""implicit_target_b"": 0, ""mechanic"": 0, ""misc_value"": 126, ""points_per_level"": 0.0, ""radius_yards"": null, ""trigger_spell"": 0, ""type"": 6}","{""amplitude"": 0, ""apply_aura"": 175, ""base_points"": 11, ""chain_targets"": 0, ""die_sides"": 1, ""implicit_target_a"": 1, ""implicit_target_b"": 0, ""mechanic"": 0, ""misc_value"": 3, ""points_per_level"": 0.0, ""radius_yards"": null, ""trigger_spell"": 0, ""type"": 6}",,2256,,,"{""AuraDescription_Lang_Mask"": 16712188, ""CastingTimeIndex"": 1, ""Description_Lang_Mask"": 16712190, ""Description_Lang_enUS"": ""Increases your spell power by $s1% of your total Intellect."", ""EffectBonusMultiplier_1"": 1.0, ""EffectBonusMultiplier_3"": 1.0, ""EffectChainAmplitude_1"": 1.0, ""EffectChainAmplitude_2"": 1.0, ""EffectChainAmplitude_3"": 1.0, ""EffectMiscValueB_1"": 3, ""EffectSpellClassMaskA_1"": 7, ""EffectSpellClassMaskB_1"": 2, ""EquippedItemClass"": -1, ""NameSubtext_Lang_Mask"": 16712190, ""NameSubtext_Lang_enUS"": ""Rank 3"", ""Name_Lang_Mask"": 16712190, ""ProcChance"": 101, ""RangeIndex"": 1, ""SpellClassSet"": 7}",pulled from existing data
33592,Balance of Power,1,0,0,464,0,0,0,0,0,0,0,0.0,,,"{""amplitude"": 0, ""apply_aura"": 199, ""base_points"": 1, ""chain_targets"": 0, ""die_sides"": 1, ""implicit_target_a"": 1, ""implicit_target_b"": 0, ""mechanic"": 0, ""misc_value"": 126, ""points_per_level"": 0.0, ""radius_yards"": null, ""trigger_spell"": 0, ""type"": 6}","{""amplitude"": 0, ""apply_aura"": 87, ""base_points"": -4, ""chain_targets"": 0, ""die_sides"": 1, ""implicit_target_a"": 1, ""implicit_target_b"": 0, ""mechanic"": 0, ""misc_value"": 126, ""points_per_level"": 0.0, ""radius_yards"": null, ""trigger_spell"": 0, ""type"": 6}",,2247,,,"{""AuraDescription_Lang_Mask"": 16712188, ""CastingTimeIndex"": 1, ""Description_Lang_Mask"": 16712190, ""Description_Lang_enUS"": ""Increases your chance to hit with all spells by $s1% and reduces your damage taken from all spells by $s2%."", ""EffectBonusMultiplier_1"": 1.0, ""EffectBonusMultiplier_3"": 1.0, ""EffectChainAmplitude_1"": 1.0, ""EffectChainAmplitude_2"": 1.0, ""EffectChainAmplitude_3"": 1.0, ""EffectSpellClassMaskA_1"": 7, ""EffectSpellClassMaskB_1"": 2, ""EquippedItemClass"": -1, ""NameSubtext_Lang_Mask"": 16712190, ""NameSubtext_Lang_enUS"": ""Rank 1"", ""Name_Lang_Mask"": 16712190, ""ProcChance"": 101, ""RangeIndex"": 1, ""SpellClassSet"": 7}",pulled from existing data
33596,Balance of Power,1,0,0,464,0,0,0,0,0,0,0,0.0,,,"{""amplitude"": 0, ""apply_aura"": 199, ""base_points"": 3, ""chain_targets"": 0, ""die_sides"": 1, ""implicit_target_a"": 1, ""implicit_target_b"": 0, ""mechanic"": 0, ""misc_value"": 126, ""points_per_level"": 0.0, ""radius_yards"": null, ""trigger_spell"": 0, ""type"": 6}","{""amplitude"": 0, ""apply_aura"": 87, ""base_points"": -7, ""chain_targets"": 0, ""die_sides"": 1, ""implicit_target_a"": 1, ""implicit_target_b"": 0, ""mechanic"": 0, ""misc_value"": 126, ""points_per_level"": 0.0, ""radius_yards"": null, ""trigger_spell"": 0, ""type"": 6}",,2247,,,"{""AuraDescription_Lang_Mask"": 16712188, ""CastingTimeIndex"": 1, ""Description_Lang_Mask"": 16712190, ""Description_Lang_enUS"": ""Increases your chance to hit with all spells by $s1% and reduces your damage taken from all spells by $s2%."", ""EffectBonusMultiplier_1"": 1.0, ""EffectBonusMultiplier_3"": 1.0, ""EffectChainAmplitude_1"": 1.0, ""EffectChainAmplitude_2"": 1.0, ""EffectChainAmplitude_3"": 1.0, ""EffectSpellClassMaskA_1"": 7, ""EffectSpellClassMaskB_1"": 2, ""EquippedItemClass"": -1, ""NameSubtext_Lang_Mask"": 16712190, ""NameSubtext_Lang_enUS"": ""Rank 2"", ""Name_Lang_Mask"": 16712190, ""ProcChance"": 101, ""RangeIndex"": 1, ""SpellClassSet"": 7}",pulled from existing data
33597,Dreamstate,1,0,0,464,0,0,0,0,0,0,0,0.0,,-1,"{""amplitude"": 0, ""apply_aura"": 219, ""base_points"": 3, ""chain_targets"": 0, ""die_sides"": 1, ""implicit_target_a"": 1, ""implicit_target_b"": 0, ""mechanic"": 0, ""misc_value"": 3, ""points_per_level"": 0.0, ""radius_yards"": null, ""trigger_spell"": 0, ""type"": 6}",,,2255,,,"{""AuraDescription_Lang_Mask"": 16712188, ""CastingTimeIndex"": 1, ""Description_Lang_Mask"": 16712190, ""Description_Lang_enUS"": ""Regenerate mana equal to $s1% of your Intellect every 5 sec, even while casting."", ""EffectBonusMultiplier_1"": 1.0, ""EffectBonusMultiplier_3"": 1.0, ""EffectChainAmplitude_1"": 1.0, ""EffectChainAmplitude_2"": 1.0, ""EffectSpellClassMaskA_1"": 7, ""EffectSpellClassMaskB_1"": 2, ""EquippedItemClass"": -1, ""NameSubtext_Lang_Mask"": 16712190, ""NameSubtext_Lang_enUS"": ""Rank 1"", ""Name_Lang_Mask"": 16712190, ""ProcChance"": 101, ""RangeIndex"": 1, ""SpellClassSet"": 7}",pulled from existing data
33599,Dreamstate,1,0,0,464,0,0,0,0,0,0,0,0.0,,-1,"{""amplitude"": 0, ""apply_aura"": 219, ""base_points"": 6, ""chain_targets"": 0, ""die_sides"": 1, ""implicit_target_a"": 1, ""implicit_target_b"": 0, ""mechanic"": 0, ""misc_value"": 3, ""points_per_level"": 0.0, ""radius_yards"": null, ""trigger_spell"": 0, ""type"": 6}",,,2255,,,"{""AuraDescription_Lang_Mask"": 16712188, ""CastingTimeIndex"": 1, ""Description_Lang_Mask"": 16712190, ""Description_Lang_enUS"": ""Regenerate mana equal to $s1% of your Intellect every 5 sec, even while casting."", ""EffectBonusMultiplier_1"": 1.0, ""EffectBonusMultiplier_3"": 1.0, ""EffectChainAmplitude_1"": 1.0, ""EffectChainAmplitude_2"": 1.0, ""EffectSpellClassMaskA_1"": 7, ""EffectSpellClassMaskB_1"": 2, ""EquippedItemClass"": -1, ""NameSubtext_Lang_Mask"": 16712190, ""NameSubtext_Lang_enUS"": ""Rank 2"", ""Name_Lang_Mask"": 16712190, ""ProcChance"": 101, ""RangeIndex"": 1, ""SpellClassSet"": 7}",pulled from existing data
33600,Improved Faerie Fire,1,0,0,464,0,0,0,0,0,0,0,0.0,,,"{""amplitude"": 0, ""apply_aura"": 4, ""base_points"": 0, ""chain_targets"": 0, ""die_sides"": 1, ""implicit_target_a"": 1, ""implicit_target_b"": 0, ""mechanic"": 0, ""misc_value"": 0, ""points_per_level"": 0.0, ""radius_yards"": null, ""trigger_spell"": 0, ""type"": 6}","{""amplitude"": 0, ""apply_aura"": 107, ""base_points"": 0, ""chain_targets"": 0, ""die_sides"": 1, ""implicit_target_a"": 1, ""implicit_target_b"": 0, ""mechanic"": 0, ""misc_value"": 23, ""points_per_level"": 0.0, ""radius_yards"": null, ""trigger_spell"": 0, ""type"": 6}",,109,,,"{""AuraDescription_Lang_Mask"": 16712188, ""CastingTimeIndex"": 1, ""Description_Lang_Mask"": 16712190, ""Description_Lang_enUS"": ""Your Faerie Fire spell also increases the chance the target will be hit by spell attacks by $s2%, and increases the critical strike chance of your damage spells by $s1% on targets afflicted by Faerie Fire."", ""EffectBonusMultiplier_3"": 1.0, ""EffectChainAmplitude_1"": 1.0, ""EffectChainAmplitude_2"": 1.0, ""EffectChainAmplitude_3"": 1.0, ""EffectSpellClassMaskA_1"": 1024, ""EffectSpellClassMaskB_1"": 1024, ""EquippedItemClass"": -1, ""NameSubtext_Lang_Mask"": 16712190, ""NameSubtext_Lang_enUS"": ""Rank 1"", ""Name_Lang_Mask"": 16712190, ""ProcChance"": 101, ""RangeIndex"": 1, ""SpellClassSet"": 7}",pulled from existing data
33601,Improved Faerie Fire,1,0,0,464,0,0,0,0,0,0,0,0.0,,,"{""amplitude"": 0, ""apply_aura"": 4, ""base_points"": 1, ""chain_targets"": 0, ""die_sides"": 1, ""implicit_target_a"": 1, ""implicit_target_b"": 0, ""mechanic"": 0, ""misc_value"": 0, ""points_per_level"": 0.0, ""radius_yards"": null, ""trigger_spell"": 0, ""type"": 6}","{""amplitude"": 0, ""apply_aura"": 107, ""base_points"": 1, ""chain_targets"": 0, ""die_sides"": 1, ""implicit_target_a"": 1, ""implicit_target_b"": 0, ""mechanic"": 0, ""misc_value"": 23, ""points_per_level"": 0.0, ""radius_yards"": null, ""trigger_spell"": 0, ""type"": 6}",,109,,,"{""AuraDescription_Lang_Mask"": 16712188, ""CastingTimeIndex"": 1, ""Description_Lang_Mask"": 16712190, ""Description_Lang_enUS"": ""Your Faerie Fire spell also increases the chance the target will be hit by spell attacks by $s2%, and increases the critical strike chance of your damage spells by $s1% on targets afflicted by Faerie Fire."", ""EffectBonusMultiplier_3"": 1.0, ""EffectChainAmplitude_1"": 1.0, ""EffectChainAmplitude_2"": 1.0, ""EffectChainAmplitude_3"": 1.0, ""EffectSpellClassMaskA_1"": 1024, ""EffectSpellClassMaskB_1"": 1024, ""EquippedItemClass"": -1, ""NameSubtext_Lang_Mask"": 16712190, ""NameSubtext_Lang_enUS"": ""Rank 2"", ""Name_Lang_Mask"": 16712190, ""ProcChance"": 101, ""RangeIndex"": 1, ""SpellClassSet"": 7}",pulled from existing data
33602,Improved Faerie Fire,1,0,0,464,0,0,0,0,0,0,0,0.0,,,"{""amplitude"": 0, ""apply_aura"": 4, ""base_points"": 2, ""chain_targets"": 0, ""die_sides"": 1, ""implicit_target_a"": 1, ""implicit_target_b"": 0, ""mechanic"": 0, ""misc_value"": 0, ""points_per_level"": 0.0, ""radius_yards"": null, ""trigger_spell"": 0, ""type"": 6}","{""amplitude"": 0, ""apply_aura"": 107, ""base_points"": 2, ""chain_targets"": 0, ""die_sides"": 1, ""implicit_target_a"": 1, ""implicit_target_b"": 0, ""mechanic"": 0, ""misc_value"": 23, ""points_per_level"": 0.0, ""radius_yards"": null, ""trigger_spell"": 0, ""type"": 6}",,109,,,"{""AuraDescription_Lang_Mask"": 16712188, ""CastingTimeIndex"": 1, ""Description_Lang_Mask"": 16712190, ""Description_Lang_enUS"": ""Your Faerie Fire spell also increases the chance the target will be hit by spell attacks by $s2%, and increases the critical strike chance of your damage spells by $s1% on targets afflicted by Faerie Fire."", ""EffectBonusMultiplier_3"": 1.0, ""EffectChainAmplitude_1"": 1.0, ""EffectChainAmplitude_2"": 1.0, ""EffectChainAmplitude_3"": 1.0, ""EffectSpellClassMaskA_1"": 1024, ""EffectSpellClassMaskB_1"": 1024, ""EquippedItemClass"": -1, ""NameSubtext_Lang_Mask"": 16712190, ""NameSubtext_Lang_enUS"": ""Rank 3"", ""Name_Lang_Mask"": 16712190, ""ProcChance"": 101, ""RangeIndex"": 1, ""SpellClassSet"": 7}",pulled from existing data
33603,Wrath of Cenarius,1,0,0,464,0,0,0,0,0,0,0,0.0,,-1,"{""amplitude"": 0, ""apply_aura"": 107, ""base_points"": 3, ""chain_targets"": 0, ""die_sides"": 1, ""implicit_target_a"": 1, ""implicit_target_b"": 0, ""mechanic"": 0, ""misc_value"": 24, ""points_per_level"": 0.0, ""radius_yards"": null, ""trigger_spell"": 0, ""type"": 6}","{""amplitude"": 0, ""apply_aura"": 107, ""base_points"": 1, ""chain_targets"": 0, ""die_sides"": 1, ""implicit_target_a"": 1, ""implicit_target_b"": 0, ""mechanic"": 0, ""misc_value"": 24, ""points_per_level"": 0.0, ""radius_yards"": null, ""trigger_spell"": 0, ""type"": 6}",,2248,,,"{""AuraDescription_Lang_Mask"": 16712188, ""CastingTimeIndex"": 1, ""Description_Lang_Mask"": 16712190, ""Description_Lang_enUS"": ""Your Starfire spell gains an additional $s1% and your Wrath gains an additional $s2% of your bonus damage effects."", ""EffectBonusMultiplier_1"": 1.0, ""EffectBonusMultiplier_3"": 1.0, ""EffectChainAmplitude_1"": 1.0, ""EffectChainAmplitude_2"": 1.0, ""EffectSpellClassMaskA_1"": 4, ""EffectSpellClassMaskB_1"": 1, ""EquippedItemClass"": -1, ""NameSubtext_Lang_Mask"": 16712190, ""NameSubtext_Lang_enUS"": ""Rank 1"", ""Name_Lang_Mask"": 16712190, ""ProcChance"": 101, ""RangeIndex"": 1, ""SpellClassSet"": 7}",pulled from existing data
33604,Wrath of Cenarius,1,0,0,464,0,0,0,0,0,0,0,0.0,,-1,"{""amplitude"": 0, ""apply_aura"": 107, ""base_points"": 7, ""chain_targets"": 0, ""die_sides"": 1, ""implicit_target_a"": 1, ""implicit_target_b"": 0, ""mechanic"": 0, ""misc_value"": 24, ""points_per_level"": 0.0, ""radius_yards"": null, ""trigger_spell"": 0, ""type"": 6}","{""amplitude"": 0, ""apply_aura"": 107, ""base_points"": 3, ""chain_targets"": 0, ""die_sides"": 1, ""implicit_target_a"": 1, ""implicit_target_b"": 0, ""mechanic"": 0, ""misc_value"": 24, ""points_per_level"": 0.0, ""radius_yards"": null, ""trigger_spell"": 0, ""type"": 6}",,2248,,,"{""AuraDescription_Lang_Mask"": 16712188, ""CastingTimeIndex"": 1, ""Description_Lang_Mask"": 16712190, ""Description_Lang_enUS"": ""Your Starfire spell gains an additional $s1% and your Wrath gains an additional $s2% of your bonus damage effects."", ""EffectBonusMultiplier_1"": 1.0, ""EffectBonusMultiplier_3"": 1.0, ""EffectChainAmplitude_1"": 1.0, ""EffectChainAmplitude_2"": 1.0, ""EffectSpellClassMaskA_1"": 4, ""EffectSpellClassMaskB_1"": 1, ""EquippedItemClass"": -1, ""NameSubtext_Lang_Mask"": 16712190, ""NameSubtext_Lang_enUS"": ""Rank 2"", ""Name_Lang_Mask"": 16712190, ""ProcChance"": 101, ""RangeIndex"": 1, ""SpellClassSet"": 7}",pulled from existing data
33605,Wrath of Cenarius,1,0,0,464,0,0,0,0,0,0,0,0.0,,-1,"{""amplitude"": 0, ""apply_aura"": 107, ""base_points"": 11, ""chain_targets"": 0, ""die_sides"": 1, ""implicit_target_a"": 1, ""implicit_target_b"": 0, ""mechanic"": 0, ""misc_value"": 24, ""points_per_level"": 0.0, ""radius_yards"": null, ""trigger_spell"": 0, ""type"": 6}","{""amplitude"": 0, ""apply_aura"": 107, ""base_points"": 5, ""chain_targets"": 0, ""die_sides"": 1, ""implicit_target_a"": 1, ""implicit_target_b"": 0, ""mechanic"": 0, ""misc_value"": 24, ""points_per_level"": 0.0, ""radius_yards"": null, ""trigger_spell"": 0, ""type"": 6}",,2248,,,"{""AuraDescription_Lang_Mask"": 16712188, ""CastingTimeIndex"": 1, ""Description_Lang_Mask"": 16712190, ""Description_Lang_enUS"": ""Your Starfire spell gains an additional $s1% and your Wrath gains an additional $s2% of your bonus damage effects."", ""EffectBonusMultiplier_1"": 1.0, ""EffectBonusMultiplier_3"": 1.0, ""EffectChainAmplitude_1"": 1.0, ""EffectChainAmplitude_2"": 1.0, ""EffectSpellClassMaskA_1"": 4, ""EffectSpellClassMaskB_1"": 1, ""EquippedItemClass"": -1, ""NameSubtext_Lang_Mask"": 16712190, ""NameSubtext_Lang_enUS"": ""Rank 3"", ""Name_Lang_Mask"": 16712190, ""ProcChance"": 101, ""RangeIndex"": 1, ""SpellClassSet"": 7}",pulled from existing data
33606,Wrath of Cenarius,1,0,0,464,0,0,0,0,0,0,0,0.0,,-1,"{""amplitude"": 0, ""apply_aura"": 107, ""base_points"": 15, ""chain_targets"": 0, ""die_sides"": 1, ""implicit_target_a"": 1, ""implicit_target_b"": 0, ""mechanic"": 0, ""misc_value"": 24, ""points_per_level"": 0.0, ""radius_yards"": null, ""trigger_spell"": 0, ""type"": 6}","{""amplitude"": 0, ""apply_aura"": 107, ""base_points"": 7, ""chain_targets"": 0, ""die_sides"": 1, ""implicit_target_a"": 1, ""implicit_target_b"": 0, ""mechanic"": 0, ""misc_value"": 24, ""points_per_level"": 0.0, ""radius_yards"": null, ""trigger_spell"": 0, ""type"": 6}",,2248,,,"{""AuraDescription_Lang_Mask"": 16712188, ""CastingTimeIndex"": 1, ""Description_Lang_Mask"": 16712190, ""Description_Lang_enUS"": ""Your Starfire spell gains an additional $s1% and your Wrath gains an additional $s2% of your bonus damage effects."", ""EffectBonusMultiplier_1"": 1.0, ""EffectBonusMultiplier_3"": 1.0, ""EffectChainAmplitude_1"": 1.0, ""EffectChainAmplitude_2"": 1.0, ""EffectSpellClassMaskA_1"": 4, ""EffectSpellClassMaskB_1"": 1, ""EquippedItemClass"": -1, ""NameSubtext_Lang_Mask"": 16712190, ""NameSubtext_Lang_enUS"": ""Rank 4"", ""Name_Lang_Mask"": 16712190, ""ProcChance"": 101, ""RangeIndex"": 1, ""SpellClassSet"": 7}",pulled from existing data
33607,Wrath of Cenarius,1,0,0,464,0,0,0,0,0,0,0,0.0,,-1,"{""amplitude"": 0, ""apply_aura"": 107, ""base_points"": 19, ""chain_targets"": 0, ""die_sides"": 1, ""implicit_target_a"": 1, ""implicit_target_b"": 0, ""mechanic"": 0, ""misc_value"": 24, ""points_per_level"": 0.0, ""radius_yards"": null, ""trigger_spell"": 0, ""type"": 6}","{""amplitude"": 0, ""apply_aura"": 107, ""base_points"": 9, ""chain_targets"": 0, ""die_sides"": 1, ""implicit_target_a"": 1, ""implicit_target_b"": 0, ""mechanic"": 0, ""misc_value"": 24, ""points_per_level"": 0.0, ""radius_yards"": null, ""trigger_spell"": 0, ""type"": 6}",,2248,,,"{""AuraDescription_Lang_Mask"": 16712188, ""CastingTimeIndex"": 1, ""Description_Lang_Mask"": 16712190, ""Description_Lang_enUS"": ""Your Starfire spell gains an additional $s1% and your Wrath gains an additional $s2% of your bonus damage effects."", ""EffectBonusMultiplier_1"": 1.0, ""EffectBonusMultiplier_3"": 1.0, ""EffectChainAmplitude_1"": 1.0, ""EffectChainAmplitude_2"": 1.0, ""EffectSpellClassMaskA_1"": 4, ""EffectSpellClassMaskB_1"": 1, ""EquippedItemClass"": -1, ""NameSubtext_Lang_Mask"": 16712190, ""NameSubtext_Lang_enUS"": ""Rank 5"", ""Name_Lang_Mask"": 16712190, ""ProcChance"": 101, ""RangeIndex"": 1, ""SpellClassSet"": 7}",pulled from existing data
33831,Force of Nature,8,0,0,65536,0,0,180000,0,0,0,12,30.0,,30000,"{""amplitude"": 0, ""apply_aura"": 0, ""base_points"": 2, ""chain_targets"": 0, ""die_sides"": 1, ""implicit_target_a"": 8, ""implicit_target_b"": 0, ""mechanic"": 0, ""misc_value"": 1964, ""points_per_level"": 0.0, ""radius_yards"": null, ""trigger_spell"": 0, ""type"": 28}","{""amplitude"": 200, ""apply_aura"": 226, ""base_points"": 0, ""chain_targets"": 0, ""die_sides"": 0, ""implicit_target_a"": 16, ""implicit_target_b"": 0, ""mechanic"": 0, ""misc_value"": 0, ""points_per_level"": 0.0, ""radius_yards"": 2.0, ""trigger_spell"": 0, ""type"": 6}",,2258,,,"{""AttributesEx"": 268436480, ""AttributesEx2"": 524288, ""AttributesEx3"": 131072, ""AttributesEx6"": 1024, ""AuraDescription_Lang_Mask"": 16712188, ""BaseLevel"": 50, ""CastingTimeIndex"": 1, ""Description_Lang_Mask"": 16712190, ""Description_Lang_enUS"": ""Summons $s1 treants to attack enemy targets for $d."", ""EffectChainAmplitude_1"": 1.0, ""EffectChainAmplitude_2"": 1.0, ""EffectChainAmplitude_3"": 1.0, ""EffectMiscValueB_1"": 1562, ""EquippedItemClass"": -1, ""InterruptFlags"": 8, ""NameSubtext_Lang_Mask"": 16712188, ""Name_Lang_Mask"": 16712190, ""PreventionType"": 1, ""ProcChance"": 101, ""ShapeshiftExclude"": 2, ""ShapeshiftMask"": 1073741824, ""SpellClassMask_2"": 512, ""SpellClassSet"": 7, ""SpellLevel"": 50, ""SpellVisualID_1"": 8111, ""StartRecoveryCategory"": 133, ""StartRecoveryTime"": 1500, ""Targets"": 64}",pulled from existing data
33851,Primal Tenacity,1,0,0,464,0,0,0,0,0,0,0,0.0,,,"{""amplitude"": 0, ""apply_aura"": 232, ""base_points"": -11, ""chain_targets"": 0, ""die_sides"": 1, ""implicit_target_a"": 1, ""implicit_target_b"": 0, ""mechanic"": 0, ""misc_value"": 5, ""points_per_level"": 0.0, ""radius_yards"": null, ""trigger_spell"": 0, ""type"": 6}","{""amplitude"": 0, ""apply_aura"": 69, ""base_points"": 9, ""chain_targets"": 0, ""die_sides"": 1, ""implicit_target_a"": 1, ""implicit_target_b"": 0, ""mechanic"": 0, ""misc_value"": 127, ""points_per_level"": 0.0, ""radius_yards"": null, ""trigger_spell"": 0, ""type"": 6}",,2253,,,"{""AuraDescription_Lang_Mask"": 16712188, ""CastingTimeIndex"": 1, ""Description_Lang_Mask"": 16712190, ""Description_Lang_enUS"": ""Reduces the duration of fear effects by $s1%, reduces all damage taken while stunned by $s2% while in Cat Form."", ""EffectBonusMultiplier_1"": 1.0, ""EffectBonusMultiplier_2"": 1.0, ""EffectChainAmplitude_1"": 1.0, ""EffectChainAmplitude_2"": 1.0, ""EffectChainAmplitude_3"": 1.0, ""EffectSpellClassMaskB_1"": 33554432, ""EffectSpellClassMaskC_1"": 3221225472, ""EquippedItemClass"": -1, ""NameSubtext_Lang_Mask"": 16712190, ""NameSubtext_Lang_enUS"": ""Rank 1"", ""Name_Lang_Mask"": 16712190, ""ProcChance"": 101, ""RangeIndex"": 1, ""SpellClassSet"": 7}",pulled from existing data
33852,Primal Tenacity,1,0,0,464,0,0,0,0,0,0,0,0.0,,,"{""amplitude"": 0, ""apply_aura"": 232, ""base_points"": -21, ""chain_targets"": 0, ""die_sides"": 1, ""implicit_target_a"": 1, ""implicit_target_b"": 0, ""mechanic"": 0, ""misc_value"": 5, ""points_per_level"": 0.0, ""radius_yards"": null, ""trigger_spell"": 0, ""type"": 6}","{""amplitude"": 0, ""apply_aura"": 69, ""base_points"": 19, ""chain_targets"": 0, ""die_sides"": 1, ""implicit_target_a"": 1, ""implicit_target_b"": 0, ""mechanic"": 0, ""misc_value"": 127, ""points_per_level"": 0.0, ""radius_yards"": null, ""trigger_spell"": 0, ""type"": 6}",,2253,,,"{""AuraDescription_Lang_Mask"": 16712188, ""CastingTimeIndex"": 1, ""Description_Lang_Mask"": 16712190, ""Description_Lang_enUS"": ""Reduces the duration of fear effects by $s1%, reduces all damage taken while stunned by $s2% while in Cat Form."", ""EffectBonusMultiplier_1"": 1.0, ""EffectBonusMultiplier_2"": 1.0, ""EffectChainAmplitude_1"": 1.0, ""EffectChainAmplitude_2"": 1.0, ""EffectChainAmplitude_3"": 1.0, ""EffectSpellClassMaskB_1"": 33554432, ""EffectSpellClassMaskC_1"": 3221225472, ""EquippedItemClass"": -1, ""NameSubtext_Lang_Mask"": 16712190, ""NameSubtext_Lang_enUS"": ""Rank 2"", ""Name_Lang_Mask"": 16712190, ""ProcChance"": 101, ""RangeIndex"": 1, ""SpellClassSet"": 7}",pulled from existing data
33853,Survival of the Fittest,1,0,0,464,0,0,0,0,0,0,0,0.0,,,"{""amplitude"": 0, ""apply_aura"": 137, ""base_points"": 1, ""chain_targets"": 0, ""die_sides"": 1, ""implicit_target_a"": 1, ""implicit_target_b"": 0, ""mechanic"": 0, ""misc_value"": -1, ""points_per_level"": 0.0, ""radius_yards"": null, ""trigger_spell"": 0, ""type"": 6}","{""amplitude"": 0, ""apply_aura"": 187, ""base_points"": -3, ""chain_targets"": 0, ""die_sides"": 1, ""implicit_target_a"": 1, ""implicit_target_b"": 0, ""mechanic"": 0, ""misc_value"": 0, ""points_per_level"": 0.0, ""radius_yards"": null, ""trigger_spell"": 0, ""type"": 6}","{""amplitude"": 0, ""apply_aura"": 0, ""base_points"": 10, ""chain_targets"": 0, ""die_sides"": 1, ""implicit_target_a"": 1, ""implicit_target_b"": 0, ""mechanic"": 0, ""misc_value"": 0, ""points_per_level"": 0.0, ""radius_yards"": null, ""trigger_spell"": 0, ""type"": 3}",961,,,"{""AuraDescription_Lang_Mask"": 16712188, ""CastingTimeIndex"": 1, ""Description_Lang_Mask"": 16712190, ""Description_Lang_enUS"": ""Increases all attributes by $s1%, reduces the chance you'll be critically hit by melee attacks by $s2%, and increases your armor contribution from cloth and leather items in Bear Form and Dire Bear Form by $s3%."", ""EffectBonusMultiplier_1"": 1.0, ""EffectBonusMultiplier_2"": 1.0, ""EffectChainAmplitude_1"": 1.0, ""EffectChainAmplitude_2"": 1.0, ""EffectChainAmplitude_3"": 1.0, ""EffectSpellClassMaskB_1"": 33554432, ""EquippedItemClass"": -1, ""NameSubtext_Lang_Mask"": 16712190, ""NameSubtext_Lang_enUS"": ""Rank 1"", ""Name_Lang_Mask"": 16712190, ""ProcChance"": 101, ""RangeIndex"": 1, ""SpellClassSet"": 7}",pulled from existing data
33855,Survival of the Fittest,1,0,0,464,0,0,0,0,0,0,0,0.0,,,"{""amplitude"": 0, ""apply_aura"": 137, ""base_points"": 3, ""chain_targets"": 0, ""die_sides"": 1, ""implicit_target_a"": 1, ""implicit_target_b"": 0, ""mechanic"": 0, ""misc_value"": -1, ""points_per_level"": 0.0, ""radius_yards"": null, ""trigger_spell"": 0, ""type"": 6}","{""amplitude"": 0, ""apply_aura"": 187, ""base_points"": -5, ""chain_targets"": 0, ""die_sides"": 1, ""implicit_target_a"": 1, ""implicit_target_b"": 0, ""mechanic"": 0, ""misc_value"": 0, ""points_per_level"": 0.0, ""radius_yards"": null, ""trigger_spell"": 0, ""type"": 6}","{""amplitude"": 0, ""apply_aura"": 0, ""base_points"": 21, ""chain_targets"": 0, ""die_sides"": 1, ""implicit_target_a"": 1, ""implicit_target_b"": 0, ""mechanic"": 0, ""misc_value"": 0, ""points_per_level"": 0.0, ""radius_yards"": null, ""trigger_spell"": 0, ""type"": 3}",961,,,"{""AuraDescription_Lang_Mask"": 16712188, ""CastingTimeIndex"": 1, ""Description_Lang_Mask"": 16712190, ""Description_Lang_enUS"": ""Increases all attributes by $s1%, reduces the chance you'll be critically hit by melee attacks by $s2%, and increases your armor contribution from cloth and leather items in Bear Form and Dire Bear Form by $s3%."", ""EffectBonusMultiplier_1"": 1.0, ""EffectBonusMultiplier_2"": 1.0, ""EffectChainAmplitude_1"": 1.0, ""EffectChainAmplitude_2"": 1.0, ""EffectChainAmplitude_3"": 1.0, ""EffectSpellClassMaskB_1"": 33554432, ""EquippedItemClass"": -1, ""NameSubtext_Lang_Mask"": 16712190, ""NameSubtext_Lang_enUS"": ""Rank 2"", ""Name_Lang_Mask"": 16712190, ""ProcChance"": 101, ""RangeIndex"": 1, ""SpellClassSet"": 7}",pulled from existing data
33856,Survival of the Fittest,1,0,0,464,0,0,0,0,0,0,0,0.0,,,"{""amplitude"": 0, ""apply_aura"": 137, ""base_points"": 5, ""chain_targets"": 0, ""die_sides"": 1, ""implicit_target_a"": 1, ""implicit_target_b"": 0, ""mechanic"": 0, ""misc_value"": -1, ""points_per_level"": 0.0, ""radius_yards"": null, ""trigger_spell"": 0, ""type"": 6}","{""amplitude"": 0, ""apply_aura"": 187, ""base_points"": -7, ""chain_targets"": 0, ""die_sides"": 1, ""implicit_target_a"": 1, ""implicit_target_b"": 0, ""mechanic"": 0, ""misc_value"": 0, ""points_per_level"": 0.0, ""radius_yards"": null, ""trigger_spell"": 0, ""type"": 6}","{""amplitude"": 0, ""apply_aura"": 0, ""base_points"": 32, ""chain_targets"": 0, ""die_sides"": 1, ""implicit_target_a"": 1, ""implicit_target_b"": 0, ""mechanic"": 0, ""misc_value"": 0, ""points_per_level"": 0.0, ""radius_yards"": null, ""trigger_spell"": 0, ""type"": 3}",961,,,"{""AuraDescription_Lang_Mask"": 16712188, ""CastingTimeIndex"": 1, ""Description_Lang_Mask"": 16712190, ""Description_Lang_enUS"": ""Increases all attributes by $s1%, reduces the chance you'll be critically hit by melee attacks by $s2%, and increases your armor contribution from cloth and leather items in Bear Form and Dire Bear Form by $s3%."", ""EffectBonusMultiplier_1"": 1.0, ""EffectBonusMultiplier_2"": 1.0, ""EffectChainAmplitude_1"": 1.0, ""EffectChainAmplitude_2"": 1.0, ""EffectChainAmplitude_3"": 1.0, ""EffectSpellClassMaskB_1"": 33554432, ""EquippedItemClass"": -1, ""NameSubtext_Lang_Mask"": 16712190, ""NameSubtext_Lang_enUS"": ""Rank 3"", ""Name_Lang_Mask"": 16712190, ""ProcChance"": 101, ""RangeIndex"": 1, ""SpellClassSet"": 7}",pulled from existing data
33859,Predatory Instincts,1,0,0,464,0,0,0,0,0,0,0,0.0,,,"{""amplitude"": 0, ""apply_aura"": 163, ""base_points"": 2, ""chain_targets"": 0, ""die_sides"": 1, ""implicit_target_a"": 1, ""implicit_target_b"": 0, ""mechanic"": 0, ""misc_value"": 1, ""points_per_level"": 0.0, ""radius_yards"": null, ""trigger_spell"": 0, ""type"": 6}","{""amplitude"": 0, ""apply_aura"": 229, ""base_points"": -11, ""chain_targets"": 0, ""die_sides"": 1, ""implicit_target_a"": 1, ""implicit_target_b"": 0, ""mechanic"": 0, ""misc_value"": 127, ""points_per_level"": 0.0, ""radius_yards"": null, ""trigger_spell"": 0, ""type"": 6}",,2252,,,"{""AuraDescription_Lang_Mask"": 16712188, ""CastingTimeIndex"": 1, ""Description_Lang_Mask"": 16712190, ""Description_Lang_enUS"": ""While in Cat Form increases your damage from melee critical strikes by $s1% and reduces the damage taken from area of effect attacks by $s2%."", ""EffectBonusMultiplier_1"": 1.0, ""EffectBonusMultiplier_2"": 1.0, ""EffectChainAmplitude_1"": 1.0, ""EffectChainAmplitude_2"": 1.0, ""EffectChainAmplitude_3"": 1.0, ""EffectSpellClassMaskB_1"": 33554432, ""EquippedItemClass"": -1, ""NameSubtext_Lang_Mask"": 16712190, ""NameSubtext_Lang_enUS"": ""Rank 1"", ""Name_Lang_Mask"": 16712190, ""ProcChance"": 101, ""RangeIndex"": 1, ""ShapeshiftMask"": 1, ""SpellClassSet"": 7}",pulled from existing data
33866,Predatory Instincts,1,0,0,464,0,0,0,0,0,0,0,0.0,,,"{""amplitude"": 0, ""apply_aura"": 163, ""base_points"": 6, ""chain_targets"": 0, ""die_sides"": 1, ""implicit_target_a"": 1, ""implicit_target_b"": 0, ""mechanic"": 0, ""misc_value"": 1, ""points_per_level"": 0.0, ""radius_yards"": null, ""trigger_spell"": 0, ""type"": 6}","{""amplitude"": 0, ""apply_aura"": 229, ""base_points"": -21, ""chain_targets"": 0, ""die_sides"": 1, ""implicit_target_a"": 1, ""implicit_target_b"": 0, ""mechanic"": 0, ""misc_value"": 127, ""points_per_level"": 0.0, ""radius_yards"": null, ""trigger_spell"": 0, ""type"": 6}",,2252,,,"{""AuraDescription_Lang_Mask"": 16712188, ""CastingTimeIndex"": 1, ""Description_Lang_Mask"": 16712190, ""Description_Lang_enUS"": ""While in Cat Form increases your damage from melee critical strikes by $s1% and reduces the damage taken from area of effect attacks by $s2%."", ""EffectBonusMultiplier_1"": 1.0, ""EffectBonusMultiplier_2"": 1.0, ""EffectChainAmplitude_1"": 1.0, ""EffectChainAmplitude_2"": 1.0, ""EffectChainAmplitude_3"": 1.0, ""EffectSpellClassMaskB_1"": 33554432, ""EquippedItemClass"": -1, ""NameSubtext_Lang_Mask"": 16712190, ""NameSubtext_Lang_enUS"": ""Rank 2"", ""Name_Lang_Mask"": 16712190, ""ProcChance"": 101, ""RangeIndex"": 1, ""ShapeshiftMask"": 1, ""SpellClassSet"": 7}",pulled from existing data
33867,Predatory Instincts,1,0,0,464,0,0,0,0,0,0,0,0.0,,,"{""amplitude"": 0, ""apply_aura"": 163, ""base_points"": 9, ""chain_targets"": 0, ""die_sides"": 1, ""implicit_target_a"": 1, ""implicit_target_b"": 0, ""mechanic"": 0, ""misc_value"": 1, ""points_per_level"": 0.0, ""radius_yards"": null, ""trigger_spell"": 0, ""type"": 6}","{""amplitude"": 0, ""apply_aura"": 229, ""base_points"": -31, ""chain_targets"": 0, ""die_sides"": 1, ""implicit_target_a"": 1, ""implicit_target_b"": 0, ""mechanic"": 0, ""misc_value"": 127, ""points_per_level"": 0.0, ""radius_yards"": null, ""trigger_spell"": 0, ""type"": 6}",,2252,,,"{""AuraDescription_Lang_Mask"": 16712188, ""CastingTimeIndex"": 1, ""Description_Lang_Mask"": 16712190, ""Description_Lang_enUS"": ""While in Cat Form increases your damage from melee critical strikes by $s1% and reduces the damage taken from area of effect attacks by $s2%."", ""EffectBonusMultiplier_1"": 1.0, ""EffectBonusMultiplier_2"": 1.0, ""EffectChainAmplitude_1"": 1.0, ""EffectChainAmplitude_2"": 1.0, ""EffectChainAmplitude_3"": 1.0, ""EffectSpellClassMaskB_1"": 33554432, ""EquippedItemClass"": -1, ""NameSubtext_Lang_Mask"": 16712190, ""NameSubtext_Lang_enUS"": ""Rank 3"", ""Name_Lang_Mask"": 16712190, ""ProcChance"": 101, ""RangeIndex"": 1, ""ShapeshiftMask"": 1, ""SpellClassSet"": 7}",pulled from existing data
33872,Nurturing Instinct,1,0,0,464,0,0,0,0,0,0,0,0.0,,,"{""amplitude"": 0, ""apply_aura"": 175, ""base_points"": 34, ""chain_targets"": 0, ""die_sides"": 1, ""implicit_target_a"": 1, ""implicit_target_b"": 0, ""mechanic"": 0, ""misc_value"": 1, ""points_per_level"": 0.0, ""radius_yards"": null, ""trigger_spell"": 0, ""type"": 6}",,,2254,,,"{""AuraDescription_Lang_Mask"": 16712188, ""CastingTimeIndex"": 1, ""Description_Lang_Mask"": 16712190, ""Description_Lang_enUS"": ""Increases your healing spells by up to $s1% of your Agility, and increases healing done to you by $47179s1% while in Cat form."", ""EffectBonusMultiplier_1"": 1.0, ""EffectChainAmplitude_1"": 1.0, ""EffectChainAmplitude_2"": 1.0, ""EffectChainAmplitude_3"": 1.0, ""EffectSpellClassMaskB_1"": 33554432, ""EquippedItemClass"": -1, ""NameSubtext_Lang_Mask"": 16712190, ""NameSubtext_Lang_enUS"": ""Rank 1"", ""Name_Lang_Mask"": 16712190, ""ProcChance"": 101, ""RangeIndex"": 1, ""SpellClassSet"": 7}",pulled from existing data
33873,Nurturing Instinct,1,0,0,464,0,0,0,0,0,0,0,0.0,,,"{""amplitude"": 0, ""apply_aura"": 175, ""base_points"": 69, ""chain_targets"": 0, ""die_sides"": 1, ""implicit_target_a"": 1, ""implicit_target_b"": 0, ""mechanic"": 0, ""misc_value"": 1, ""points_per_level"": 0.0, ""radius_yards"": null, ""trigger_spell"": 0, ""type"": 6}",,,2254,,,"{""AttributesEx3"": 67108864, ""AuraDescription_Lang_Mask"": 16712188, ""CastingTimeIndex"": 1, ""Description_Lang_Mask"": 16712190, ""Description_Lang_enUS"": ""Increases your healing spells by up to $s1% of your Agility, and increases healing done to you by $47180s1% while in Cat form."", ""EffectBonusMultiplier_1"": 1.0, ""EffectChainAmplitude_1"": 1.0, ""EffectChainAmplitude_2"": 1.0, ""EffectChainAmplitude_3"": 1.0, ""EffectSpellClassMaskB_1"": 33554432, ""EquippedItemClass"": -1, ""ImplicitTargetA_2"": 1, ""NameSubtext_Lang_Mask"": 16712190, ""NameSubtext_Lang_enUS"": ""Rank 2"", ""Name_Lang_Mask"": 16712190, ""ProcChance"": 101, ""RangeIndex"": 1, ""SpellClassSet"": 7}",pulled from existing data
33879,Empowered Touch,1,0,0,464,0,0,0,0,0,0,0,0.0,,,"{""amplitude"": 0, ""apply_aura"": 107, ""base_points"": 19, ""chain_targets"": 0, ""die_sides"": 1, ""implicit_target_a"": 1, ""implicit_target_b"": 0, ""mechanic"": 0, ""misc_value"": 24, ""points_per_level"": 0.0, ""radius_yards"": null, ""trigger_spell"": 0, ""type"": 6}","{""amplitude"": 0, ""apply_aura"": 107, ""base_points"": 9, ""chain_targets"": 0, ""die_sides"": 1, ""implicit_target_a"": 1, ""implicit_target_b"": 0, ""mechanic"": 0, ""misc_value"": 24, ""points_per_level"": 0.0, ""radius_yards"": null, ""trigger_spell"": 0, ""type"": 6}",,2251,,,"{""AuraDescription_Lang_Mask"": 16712188, ""CastingTimeIndex"": 1, ""Description_Lang_Mask"": 16712190, ""Description_Lang_enUS"": ""Your Healing Touch spell gains an additional $s1% and your Nourish spell gains an additional $s2% of your bonus healing effects."", ""EffectBonusMultiplier_1"": 1.0, ""EffectBonusMultiplier_3"": 1.0, ""EffectChainAmplitude_1"": 1.0, ""EffectChainAmplitude_2"": 1.0, ""EffectChainAmplitude_3"": 1.0, ""EffectSpellClassMaskA_1"": 32, ""EffectSpellClassMaskB_2"": 33554432, ""EquippedItemClass"": -1, ""NameSubtext_Lang_Mask"": 16712190, ""NameSubtext_Lang_enUS"": ""Rank 1"", ""Name_Lang_Mask"": 16712190, ""ProcChance"": 101, ""RangeIndex"": 1, ""SpellClassSet"": 7}",pulled from existing data
33880,Empowered Touch,1,0,0,464,0,0,0,0,0,0,0,0.0,,,"{""amplitude"": 0, ""apply_aura"": 107, ""base_points"": 39, ""chain_targets"": 0, ""die_sides"": 1, ""implicit_target_a"": 1, ""implicit_target_b"": 0, ""mechanic"": 0, ""misc_value"": 24, ""points_per_level"": 0.0, ""radius_yards"": null, ""trigger_spell"": 0, ""type"": 6}","{""amplitude"": 0, ""apply_aura"": 107, ""base_points"": 19, ""chain_targets"": 0, ""die_sides"": 1, ""implicit_target_a"": 1, ""implicit_target_b"": 0, ""mechanic"": 0, ""misc_value"": 24, ""points_per_level"": 0.0, ""radius_yards"": null, ""trigger_spell"": 0, ""type"": 6}",,2251,,,"{""AuraDescription_Lang_Mask"": 16712188, ""CastingTimeIndex"": 1, ""Description_Lang_Mask"": 16712190, ""Description_Lang_enUS"": ""Your Healing Touch spell gains an additional $s1% and your Nourish spell gains an additional $s2% of your bonus healing effects."", ""EffectBonusMultiplier_1"": 1.0, ""EffectBonusMultiplier_3"": 1.0, ""EffectChainAmplitude_1"": 1.0, ""EffectChainAmplitude_2"": 1.0, ""EffectChainAmplitude_3"": 1.0, ""EffectSpellClassMaskA_1"": 32, ""EffectSpellClassMaskB_2"": 33554432, ""EquippedItemClass"": -1, ""NameSubtext_Lang_Mask"": 16712190, ""NameSubtext_Lang_enUS"": ""Rank 2"", ""Name_Lang_Mask"": 16712190, ""ProcChance"": 101, ""RangeIndex"": 1, ""SpellClassSet"": 7}",pulled from existing data
33881,Natural Perfection,1,0,0,464,0,0,0,0,0,0,0,0.0,,,"{""amplitude"": 0, ""apply_aura"": 42, ""base_points"": -1, ""chain_targets"": 0, ""die_sides"": 1, ""implicit_target_a"": 1, ""implicit_target_b"": 0, ""mechanic"": 0, ""misc_value"": 0, ""points_per_level"": 0.0, ""radius_yards"": null, ""trigger_spell"": 45281, ""type"": 6}","{""amplitude"": 0, ""apply_aura"": 57, ""base_points"": 0, ""chain_targets"": 0, ""die_sides"": 1, ""implicit_target_a"": 1, ""implicit_target_b"": 0, ""mechanic"": 0, ""misc_value"": 127, ""points_per_level"": 0.0, ""radius_yards"": null, ""trigger_spell"": 0, ""type"": 6}",,2250,,,"{""AuraDescription_Lang_Mask"": 16712188, ""CastingTimeIndex"": 1, ""Description_Lang_Mask"": 16712190, ""Description_Lang_enUS"": ""Your critical strike chance with all spells is increased by $s2% and critical strikes against you give you the Natural Perfection effect reducing all damage taken by $45281s1%.  Stacks up to $45281u times.  Lasts $45281d."", ""EffectBasePoints_3"": -1, ""EffectBonusMultiplier_1"": 1.0, ""EffectChainAmplitude_1"": 1.0, ""EffectChainAmplitude_2"": 1.0, ""EffectChainAmplitude_3"": 1.0, ""EffectDieSides_3"": 1, ""EffectSpellClassMaskA_1"": 32, ""EquippedItemClass"": -1, ""NameSubtext_Lang_Mask"": 16712190, ""NameSubtext_Lang_enUS"": ""Rank 1"", ""Name_Lang_Mask"": 16712190, ""ProcChance"": 100, ""ProcTypeMask"": 664232, ""RangeIndex"": 1, ""SpellClassSet"": 7}",pulled from existing data
33882,Natural Perfection,1,0,0,464,0,0,0,0,0,0,0,0.0,,,"{""amplitude"": 0, ""apply_aura"": 42, ""base_points"": -1, ""chain_targets"": 0, ""die_sides"": 1, ""implicit_target_a"": 1, ""implicit_target_b"": 0, ""mechanic"": 0, ""misc_value"": 0, ""points_per_level"": 0.0, ""radius_yards"": null, ""trigger_spell"": 45282, ""type"": 6}","{""amplitude"": 0, ""apply_aura"": 57, ""base_points"": 1, ""chain_targets"": 0, ""die_sides"": 1, ""implicit_target_a"": 1, ""implicit_target_b"": 0, ""mechanic"": 0, ""misc_value"": 127, ""points_per_level"": 0.0, ""radius_yards"": null, ""trigger_spell"": 0, ""type"": 6}",,2250,,,"{""AuraDescription_Lang_Mask"": 16712188, ""CastingTimeIndex"": 1, ""Description_Lang_Mask"": 16712190, ""Description_Lang_enUS"": ""Your critical strike chance with all spells is increased by $s2% and critical strikes against you give you the Natural Perfection effect reducing all damage taken by $45282s1%.  Stacks up to $45282u times.  Lasts $45282d."", ""EffectBasePoints_3"": -1, ""EffectBonusMultiplier_1"": 1.0, ""EffectChainAmplitude_1"": 1.0, ""EffectChainAmplitude_2"": 1.0, ""EffectChainAmplitude_3"": 1.0, ""EffectDieSides_3"": 1, ""EffectSpellClassMaskA_1"": 32, ""EquippedItemClass"": -1, ""NameSubtext_Lang_Mask"": 16712190, ""NameSubtext_Lang_enUS"": ""Rank 2"", ""Name_Lang_Mask"": 16712190, ""ProcChance"": 100, ""ProcTypeMask"": 664232, ""RangeIndex"": 1, ""SpellClassSet"": 7}",pulled from existing data
33883,Natural Perfection,1,0,0,464,0,0,0,0,0,0,0,0.0,,,"{""amplitude"": 0, ""apply_aura"": 42, ""base_points"": -1, ""chain_targets"": 0, ""die_sides"": 1, ""implicit_target_a"": 1, ""implicit_target_b"": 0, ""mechanic"": 0, ""misc_value"": 0, ""points_per_level"": 0.0, ""radius_yards"": null, ""trigger_spell"": 45283, ""type"": 6}","{""amplitude"": 0, ""apply_aura"": 57, ""base_points"": 2, ""chain_targets"": 0, ""die_sides"": 1, ""implicit_target_a"": 1, ""implicit_target_b"": 0, ""mechanic"": 0, ""misc_value"": 127, ""points_per_level"": 0.0, ""radius_yards"": null, ""trigger_spell"": 0, ""type"": 6}",,2250,,,"{""AuraDescription_Lang_Mask"": 16712188, ""CastingTimeIndex"": 1, ""Description_Lang_Mask"": 16712190, ""Description_Lang_enUS"": ""Your critical strike chance with all spells is increased by $s2% and critical strikes against you give you the Natural Perfection effect reducing all damage taken by $45283s1%.  Stacks up to $45283u times.  Lasts $45283d."", ""EffectBonusMultiplier_1"": 1.0, ""EffectChainAmplitude_1"": 1.0, ""EffectChainAmplitude_2"": 1.0, ""EffectChainAmplitude_3"": 1.0, ""EffectSpellClassMaskA_1"": 32, ""EquippedItemClass"": -1, ""ImplicitTargetA_3"": 1, ""NameSubtext_Lang_Mask"": 16712190, ""NameSubtext_Lang_enUS"": ""Rank 3"", ""Name_Lang_Mask"": 16712190, ""ProcChance"": 100, ""ProcTypeMask"": 664232, ""RangeIndex"": 1, ""SpellClassSet"": 7}",pulled from existing data
33886,Empowered Rejuvenation,1,0,0,464,0,0,0,0,0,0,0,0.0,,,"{""amplitude"": 0, ""apply_aura"": 108, ""base_points"": 3, ""chain_targets"": 0, ""die_sides"": 1, ""implicit_target_a"": 1, ""implicit_target_b"": 0, ""mechanic"": 0, ""misc_value"": 24, ""points_per_level"": 0.0, ""radius_yards"": null, ""trigger_spell"": 0, ""type"": 6}",,,2249,,,"{""AuraDescription_Lang_Mask"": 16712188, ""CastingTimeIndex"": 1, ""Description_Lang_Mask"": 16712190, ""Description_Lang_enUS"": ""The bonus healing effects of your healing over time spells is increased by $s1%."", ""EffectBonusMultiplier_1"": 1.0, ""EffectBonusMultiplier_2"": 1.0, ""EffectBonusMultiplier_3"": 1.0, ""EffectChainAmplitude_1"": 1.0, ""EffectChainAmplitude_2"": 1.0, ""EffectChainAmplitude_3"": 1.0, ""EffectSpellClassMaskA_1"": 208, ""EffectSpellClassMaskA_2"": 67108880, ""EquippedItemClass"": -1, ""NameSubtext_Lang_Mask"": 16712190, ""NameSubtext_Lang_enUS"": ""Rank 1"", ""Name_Lang_Mask"": 16712190, ""ProcChance"": 101, ""RangeIndex"": 1, ""SpellClassSet"": 7}",pulled from existing data
33887,Empowered Rejuvenation,1,0,0,464,0,0,0,0,0,0,0,0.0,,,"{""amplitude"": 0, ""apply_aura"": 108, ""base_points"": 7, ""chain_targets"": 0, ""die_sides"": 1, ""implicit_target_a"": 1, ""implicit_target_b"": 0, ""mechanic"": 0, ""misc_value"": 24, ""points_per_level"": 0.0, ""radius_yards"": null, ""trigger_spell"": 0, ""type"": 6}",,,2249,,,"{""AuraDescription_Lang_Mask"": 16712188, ""CastingTimeIndex"": 1, ""Description_Lang_Mask"": 16712190, ""Description_Lang_enUS"": ""The bonus healing effects of your healing over time spells is increased by $s1%."", ""EffectBonusMultiplier_1"": 1.0, ""EffectBonusMultiplier_2"": 1.0, ""EffectBonusMultiplier_3"": 1.0, ""EffectChainAmplitude_1"": 1.0, ""EffectChainAmplitude_2"": 1.0, ""EffectChainAmplitude_3"": 1.0, ""EffectSpellClassMaskA_1"": 208, ""EffectSpellClassMaskA_2"": 67108880, ""EquippedItemClass"": -1, ""NameSubtext_Lang_Mask"": 16712190, ""NameSubtext_Lang_enUS"": ""Rank 2"", ""Name_Lang_Mask"": 16712190, ""ProcChance"": 101, ""RangeIndex"": 1, ""SpellClassSet"": 7}",pulled from existing data
33888,Empowered Rejuvenation,1,0,0,464,0,0,0,0,0,0,0,0.0,,,"{""amplitude"": 0, ""apply_aura"": 108, ""base_points"": 11, ""chain_targets"": 0, ""die_sides"": 1, ""implicit_target_a"": 1, ""implicit_target_b"": 0, ""mechanic"": 0, ""misc_value"": 24, ""points_per_level"": 0.0, ""radius_yards"": null, ""trigger_spell"": 0, ""type"": 6}",,,2249,,,"{""AuraDescription_Lang_Mask"": 16712188, ""CastingTimeIndex"": 1, ""Description_Lang_Mask"": 16712190, ""Description_Lang_enUS"": ""The bonus healing effects of your healing over time spells is increased by $s1%."", ""EffectBonusMultiplier_1"": 1.0, ""EffectBonusMultiplier_2"": 1.0, ""EffectBonusMultiplier_3"": 1.0, ""EffectChainAmplitude_1"": 1.0, ""EffectChainAmplitude_2"": 1.0, ""EffectChainAmplitude_3"": 1.0, ""EffectSpellClassMaskA_1"": 208, ""EffectSpellClassMaskA_2"": 67108880, ""EquippedItemClass"": -1, ""NameSubtext_Lang_Mask"": 16712190, ""NameSubtext_Lang_enUS"": ""Rank 3"", ""Name_Lang_Mask"": 16712190, ""ProcChance"": 101, ""RangeIndex"": 1, ""SpellClassSet"": 7}",pulled from existing data
33889,Empowered Rejuvenation,1,0,0,464,0,0,0,0,0,0,0,0.0,,,"{""amplitude"": 0, ""apply_aura"": 108, ""base_points"": 15, ""chain_targets"": 0, ""die_sides"": 1, ""implicit_target_a"": 1, ""implicit_target_b"": 0, ""mechanic"": 0, ""misc_value"": 24, ""points_per_level"": 0.0, ""radius_yards"": null, ""trigger_spell"": 0, ""type"": 6}",,,2249,,,"{""AuraDescription_Lang_Mask"": 16712188, ""CastingTimeIndex"": 1, ""Description_Lang_Mask"": 16712190, ""Description_Lang_enUS"": ""The bonus healing effects of your healing over time spells is increased by $s1%."", ""EffectBonusMultiplier_1"": 1.0, ""EffectBonusMultiplier_2"": 1.0, ""EffectBonusMultiplier_3"": 1.0, ""EffectChainAmplitude_1"": 1.0, ""EffectChainAmplitude_2"": 1.0, ""EffectChainAmplitude_3"": 1.0, ""EffectSpellClassMaskA_1"": 208, ""EffectSpellClassMaskA_2"": 67108880, ""EquippedItemClass"": -1, ""NameSubtext_Lang_Mask"": 16712190, ""NameSubtext_Lang_enUS"": ""Rank 4"", ""Name_Lang_Mask"": 16712190, ""ProcChance"": 101, ""RangeIndex"": 1, ""SpellClassSet"": 7}",pulled from existing data
33890,Empowered Rejuvenation,1,0,0,464,0,0,0,0,0,0,0,0.0,,,"{""amplitude"": 0, ""apply_aura"": 108, ""base_points"": 19, ""chain_targets"": 0, ""die_sides"": 1, ""implicit_target_a"": 1, ""implicit_target_b"": 0, ""mechanic"": 0, ""misc_value"": 24, ""points_per_level"": 0.0, ""radius_yards"": null, ""trigger_spell"": 0, ""type"": 6}",,,2249,,,"{""AuraDescription_Lang_Mask"": 16712188, ""CastingTimeIndex"": 1, ""Description_Lang_Mask"": 16712190, ""Description_Lang_enUS"": ""The bonus healing effects of your healing over time spells is increased by $s1%."", ""EffectBonusMultiplier_1"": 1.0, ""EffectBonusMultiplier_2"": 1.0, ""EffectBonusMultiplier_3"": 1.0, ""EffectChainAmplitude_1"": 1.0, ""EffectChainAmplitude_2"": 1.0, ""EffectChainAmplitude_3"": 1.0, ""EffectSpellClassMaskA_1"": 208, ""EffectSpellClassMaskA_2"": 67108880, ""EquippedItemClass"": -1, ""NameSubtext_Lang_Mask"": 16712190, ""NameSubtext_Lang_enUS"": ""Rank 5"", ""Name_Lang_Mask"": 16712190, ""ProcChance"": 101, ""RangeIndex"": 1, ""SpellClassSet"": 7}",pulled from existing data
33956,Dreamstate,1,0,0,464,0,0,0,0,0,0,0,0.0,,-1,"{""amplitude"": 0, ""apply_aura"": 219, ""base_points"": 9, ""chain_targets"": 0, ""die_sides"": 1, ""implicit_target_a"": 1, ""implicit_target_b"": 0, ""mechanic"": 0, ""misc_value"": 3, ""points_per_level"": 0.0, ""radius_yards"": null, ""trigger_spell"": 0, ""type"": 6}",,,2255,,,"{""AuraDescription_Lang_Mask"": 16712188, ""CastingTimeIndex"": 1, ""Description_Lang_Mask"": 16712190, ""Description_Lang_enUS"": ""Regenerate mana equal to $s1% of your Intellect every 5 sec, even while casting."", ""EffectBonusMultiplier_1"": 1.0, ""EffectBonusMultiplier_3"": 1.0, ""EffectChainAmplitude_1"": 1.0, ""EffectChainAmplitude_2"": 1.0, ""EffectSpellClassMaskA_1"": 7, ""EffectSpellClassMaskB_1"": 2, ""EquippedItemClass"": -1, ""NameSubtext_Lang_Mask"": 16712190, ""NameSubtext_Lang_enUS"": ""Rank 3"", ""Name_Lang_Mask"": 16712190, ""ProcChance"": 101, ""RangeIndex"": 1, ""SpellClassSet"": 7}",pulled from existing data
33957,Primal Tenacity,1,0,0,464,0,0,0,0,0,0,0,0.0,,,"{""amplitude"": 0, ""apply_aura"": 232, ""base_points"": -31, ""chain_targets"": 0, ""die_sides"": 1, ""implicit_target_a"": 1, ""implicit_target_b"": 0, ""mechanic"": 0, ""misc_value"": 5, ""points_per_level"": 0.0, ""radius_yards"": null, ""trigger_spell"": 0, ""type"": 6}","{""amplitude"": 0, ""apply_aura"": 69, ""base_points"": 29, ""chain_targets"": 0, ""die_sides"": 1, ""implicit_target_a"": 1, ""implicit_target_b"": 0, ""mechanic"": 0, ""misc_value"": 127, ""points_per_level"": 0.0, ""radius_yards"": null, ""trigger_spell"": 0, ""type"": 6}",,2253,,,"{""AuraDescription_Lang_Mask"": 16712188, ""CastingTimeIndex"": 1, ""Description_Lang_Mask"": 16712190, ""Description_Lang_enUS"": ""Reduces the duration of fear effects by $s1%, reduces all damage taken while stunned by $s2% while in Cat Form."", ""EffectBonusMultiplier_1"": 1.0, ""EffectBonusMultiplier_2"": 1.0, ""EffectChainAmplitude_1"": 1.0, ""EffectChainAmplitude_2"": 1.0, ""EffectChainAmplitude_3"": 1.0, ""EffectSpellClassMaskB_1"": 33554432, ""EffectSpellClassMaskC_1"": 3221225472, ""EquippedItemClass"": -1, ""NameSubtext_Lang_Mask"": 16712190, ""NameSubtext_Lang_enUS"": ""Rank 3"", ""Name_Lang_Mask"": 16712190, ""ProcChance"": 101, ""RangeIndex"": 1, ""SpellClassSet"": 7}",pulled from existing data
34151,Living Spirit,1,0,0,464,0,0,0,0,0,0,0,0.0,,-1,"{""amplitude"": 0, ""apply_aura"": 137, ""base_points"": 4, ""chain_targets"": 0, ""die_sides"": 1, ""implicit_target_a"": 1, ""implicit_target_b"": 0, ""mechanic"": 0, ""misc_value"": 4, ""points_per_level"": 0.0, ""radius_yards"": null, ""trigger_spell"": 0, ""type"": 6}",,,2011,,,"{""AuraDescription_Lang_Mask"": 16712188, ""CastingTimeIndex"": 1, ""Description_Lang_Mask"": 16712190, ""Description_Lang_enUS"": ""Increases your total Spirit by $s1%."", ""EffectBonusMultiplier_1"": 1.0, ""EffectBonusMultiplier_2"": 1.0, ""EffectBonusMultiplier_3"": 1.0, ""EffectChainAmplitude_1"": 1.0, ""EffectSpellClassMaskA_1"": 32, ""EquippedItemClass"": -1, ""NameSubtext_Lang_Mask"": 16712190, ""NameSubtext_Lang_enUS"": ""Rank 1"", ""Name_Lang_Mask"": 16712190, ""ProcChance"": 101, ""RangeIndex"": 1, ""SpellClassSet"": 7}",pulled from existing data
34152,Living Spirit,1,0,0,464,0,0,0,0,0,0,0,0.0,,-1,"{""amplitude"": 0, ""apply_aura"": 137, ""base_points"": 9, ""chain_targets"": 0, ""die_sides"": 1, ""implicit_target_a"": 1, ""implicit_target_b"": 0, ""mechanic"": 0, ""misc_value"": 4, ""points_per_level"": 0.0, ""radius_yards"": null, ""trigger_spell"": 0, ""type"": 6}",,,2011,,,"{""AuraDescription_Lang_Mask"": 16712188, ""CastingTimeIndex"": 1, ""Description_Lang_Mask"": 16712190, ""Description_Lang_enUS"": ""Increases your total Spirit by $s1%."", ""EffectBonusMultiplier_1"": 1.0, ""EffectBonusMultiplier_2"": 1.0, ""EffectBonusMultiplier_3"": 1.0, ""EffectChainAmplitude_1"": 1.0, ""EffectSpellClassMaskA_1"": 32, ""EquippedItemClass"": -1, ""NameSubtext_Lang_Mask"": 16712190, ""NameSubtext_Lang_enUS"": ""Rank 2"", ""Name_Lang_Mask"": 16712190, ""ProcChance"": 101, ""RangeIndex"": 1, ""SpellClassSet"": 7}",pulled from existing data
34153,Living Spirit,1,0,0,464,0,0,0,0,0,0,0,0.0,,-1,"{""amplitude"": 0, ""apply_aura"": 137, ""base_points"": 14, ""chain_targets"": 0, ""die_sides"": 1, ""implicit_target_a"": 1, ""implicit_target_b"": 0, ""mechanic"": 0, ""misc_value"": 4, ""points_per_level"": 0.0, ""radius_yards"": null, ""trigger_spell"": 0, ""type"": 6}",,,2011,,,"{""AuraDescription_Lang_Mask"": 16712188, ""CastingTimeIndex"": 1, ""Description_Lang_Mask"": 16712190, ""Description_Lang_enUS"": ""Increases your total Spirit by $s1%."", ""EffectBonusMultiplier_1"": 1.0, ""EffectBonusMultiplier_2"": 1.0, ""EffectBonusMultiplier_3"": 1.0, ""EffectChainAmplitude_1"": 1.0, ""EffectSpellClassMaskA_1"": 32, ""EquippedItemClass"": -1, ""NameSubtext_Lang_Mask"": 16712190, ""NameSubtext_Lang_enUS"": ""Rank 3"", ""Name_Lang_Mask"": 16712190, ""ProcChance"": 101, ""RangeIndex"": 1, ""SpellClassSet"": 7}",pulled from existing data
34297,Improved Leader of the Pack,1,0,0,464,0,0,0,0,0,0,0,0.0,,,"{""amplitude"": 0, ""apply_aura"": 107, ""base_points"": 1, ""chain_targets"": 0, ""die_sides"": 1, ""implicit_target_a"": 1, ""implicit_target_b"": 0, ""mechanic"": 0, ""misc_value"": 12, ""points_per_level"": 0.0, ""radius_yards"": null, ""trigger_spell"": 0, ""type"": 6}","{""amplitude"": 0, ""apply_aura"": 0, ""base_points"": 3, ""chain_targets"": 0, ""die_sides"": 1, ""implicit_target_a"": 1, ""implicit_target_b"": 0, ""mechanic"": 0, ""misc_value"": 0, ""points_per_level"": 0.0, ""radius_yards"": null, ""trigger_spell"": 0, ""type"": 3}",,312,,,"{""AuraDescription_Lang_Mask"": 16712188, ""CastingTimeIndex"": 1, ""Description_Lang_Mask"": 16712190, ""Description_Lang_enUS"": ""Your Leader of the Pack ability also causes affected targets to heal themselves for $s1% of their total health when they critically hit with a melee or ranged attack.  The healing effect cannot occur more than once every 6 sec.  In addition, you gain $s2% of your maximum mana when you benefit from this heal."", ""EffectBonusMultiplier_3"": 1.0, ""EffectChainAmplitude_1"": 1.0, ""EffectChainAmplitude_2"": 1.0, ""EffectChainAmplitude_3"": 1.0, ""EffectSpellClassMaskA_2"": 2048, ""EffectSpellClassMaskB_1"": 1024, ""EquippedItemClass"": -1, ""NameSubtext_Lang_Mask"": 16712190, ""NameSubtext_Lang_enUS"": ""Rank 1"", ""Name_Lang_Mask"": 16712190, ""ProcChance"": 101, ""RangeIndex"": 1, ""SpellClassSet"": 7}",pulled from existing data
34300,Improved Leader of the Pack,1,0,0,464,0,0,0,0,0,0,0,0.0,,,"{""amplitude"": 0, ""apply_aura"": 107, ""base_points"": 3, ""chain_targets"": 0, ""die_sides"": 1, ""implicit_target_a"": 1, ""implicit_target_b"": 0, ""mechanic"": 0, ""misc_value"": 12, ""points_per_level"": 0.0, ""radius_yards"": null, ""trigger_spell"": 0, ""type"": 6}","{""amplitude"": 0, ""apply_aura"": 0, ""base_points"": 7, ""chain_targets"": 0, ""die_sides"": 1, ""implicit_target_a"": 1, ""implicit_target_b"": 0, ""mechanic"": 0, ""misc_value"": 0, ""points_per_level"": 0.0, ""radius_yards"": null, ""trigger_spell"": 0, ""type"": 3}",,312,,,"{""AuraDescription_Lang_Mask"": 16712188, ""CastingTimeIndex"": 1, ""Description_Lang_Mask"": 16712190, ""Description_Lang_enUS"": ""Your Leader of the Pack ability also causes affected targets to heal themselves for $s1% of their total health when they critically hit with a melee or ranged attack.  The healing effect cannot occur more than once every 6 sec.  In addition, you gain $s2% of your maximum mana when you benefit from this heal."", ""EffectBonusMultiplier_3"": 1.0, ""EffectChainAmplitude_1"": 1.0, ""EffectChainAmplitude_2"": 1.0, ""EffectChainAmplitude_3"": 1.0, ""EffectSpellClassMaskA_2"": 2048, ""EffectSpellClassMaskB_1"": 1024, ""EquippedItemClass"": -1, ""NameSubtext_Lang_Mask"": 16712190, ""NameSubtext_Lang_enUS"": ""Rank 2"", ""Name_Lang_Mask"": 16712190, ""ProcChance"": 101, ""RangeIndex"": 1, ""SpellClassSet"": 7}",pulled from existing data
35363,Nature's Majesty,1,0,0,464,0,0,0,0,0,0,0,0.0,,,"{""amplitude"": 0, ""apply_aura"": 107, ""base_points"": 1, ""chain_targets"": 0, ""die_sides"": 1, ""implicit_target_a"": 1, ""implicit_target_b"": 0, ""mechanic"": 0, ""misc_value"": 7, ""points_per_level"": 0.0, ""radius_yards"": null, ""trigger_spell"": 0, ""type"": 6}",,,598,,,"{""AuraDescription_Lang_Mask"": 16712188, ""CastingTimeIndex"": 1, ""Description_Lang_Mask"": 16712190, ""Description_Lang_enUS"": ""Increases the critical strike chance of your Wrath, Starfire, Starfall, Nourish and Healing Touch spells by $s1%."", ""EffectBonusMultiplier_1"": 1.0, ""EffectBonusMultiplier_2"": 1.0, ""EffectBonusMultiplier_3"": 1.0, ""EffectChainAmplitude_1"": 1.0, ""EffectChainAmplitude_2"": 1.0, ""EffectChainAmplitude_3"": 1.0, ""EffectSpellClassMaskA_1"": 37, ""EffectSpellClassMaskA_2"": 41943040, ""EquippedItemClass"": -1, ""NameSubtext_Lang_Mask"": 16712190, ""NameSubtext_Lang_enUS"": ""Rank 1"", ""Name_Lang_Mask"": 16712190, ""ProcChance"": 101, ""RangeIndex"": 1, ""SpellClassSet"": 7}",pulled from existing data
35364,Nature's Majesty,1,0,0,464,0,0,0,0,0,0,0,0.0,,,"{""amplitude"": 0, ""apply_aura"": 107, ""base_points"": 3, ""chain_targets"": 0, ""die_sides"": 1, ""implicit_target_a"": 1, ""implicit_target_b"": 0, ""mechanic"": 0, ""misc_value"": 7, ""points_per_level"": 0.0, ""radius_yards"": null, ""trigger_spell"": 0, ""type"": 6}",,,598,,,"{""AuraDescription_Lang_Mask"": 16712188, ""CastingTimeIndex"": 1, ""Description_Lang_Mask"": 16712190, ""Description_Lang_enUS"": ""Increases the critical strike chance of your Wrath, Starfire, Starfall, Nourish and Healing Touch spells by $s1%."", ""EffectBonusMultiplier_1"": 1.0, ""EffectBonusMultiplier_2"": 1.0, ""EffectBonusMultiplier_3"": 1.0, ""EffectChainAmplitude_1"": 1.0, ""EffectChainAmplitude_2"": 1.0, ""EffectChainAmplitude_3"": 1.0, ""EffectSpellClassMaskA_1"": 37, ""EffectSpellClassMaskA_2"": 41943040, ""EquippedItemClass"": -1, ""NameSubtext_Lang_Mask"": 16712190, ""NameSubtext_Lang_enUS"": ""Rank 1"", ""Name_Lang_Mask"": 16712190, ""ProcChance"": 101, ""RangeIndex"": 1, ""SpellClassSet"": 7}",pulled from existing data
48384,Improved Moonkin Form,1,0,0,448,0,0,0,0,0,0,0,0.0,,,"{""amplitude"": 0, ""apply_aura"": 4, ""base_points"": 32, ""chain_targets"": 0, ""die_sides"": 1, ""implicit_target_a"": 1, ""implicit_target_b"": 0, ""mechanic"": 0, ""misc_value"": 18, ""points_per_level"": 0.0, ""radius_yards"": null, ""trigger_spell"": 0, ""type"": 6}","{""amplitude"": 0, ""apply_aura"": 174, ""base_points"": 9, ""chain_targets"": 0, ""die_sides"": 1, ""implicit_target_a"": 1, ""implicit_target_b"": 0, ""mechanic"": 0, ""misc_value"": 126, ""points_per_level"": 0.0, ""radius_yards"": null, ""trigger_spell"": 0, ""type"": 6}",,2855,,,"{""AuraDescription_Lang_Mask"": 16712188, ""CastingTimeIndex"": 1, ""Description_Lang_Mask"": 16712190, ""Description_Lang_enUS"": ""Your Moonkin Aura also causes affected targets to gain $50170s1% haste and you to gain $s2% of your spirit as additional spell damage."", ""EffectBasePoints_3"": -1, ""EffectChainAmplitude_1"": 1.0, ""EffectChainAmplitude_2"": 1.0, ""EffectChainAmplitude_3"": 1.0, ""EffectDieSides_3"": 1, ""EffectMiscValueB_2"": 4, ""EffectSpellClassMaskA_2"": 8192, ""EffectSpellClassMaskB_1"": 1024, ""EffectSpellClassMaskC_2"": 8192, ""EquippedItemClass"": -1, ""NameSubtext_Lang_Mask"": 16712190, ""NameSubtext_Lang_enUS"": ""Rank 1"", ""Name_Lang_Mask"": 16712190, ""ProcChance"": 101, ""RangeIndex"": 1, ""ShapeshiftMask"": 1073741824, ""SpellClassSet"": 7}",pulled from existing data
48395,Improved Moonkin Form,1,0,0,448,0,0,0,0,0,0,0,0.0,,,"{""amplitude"": 0, ""apply_aura"": 4, ""base_points"": 65, ""chain_targets"": 0, ""die_sides"": 1, ""implicit_target_a"": 1, ""implicit_target_b"": 0, ""mechanic"": 0, ""misc_value"": 18, ""points_per_level"": 0.0, ""radius_yards"": null, ""trigger_spell"": 0, ""type"": 6}","{""amplitude"": 0, ""apply_aura"": 174, ""base_points"": 19, ""chain_targets"": 0, ""die_sides"": 1, ""implicit_target_a"": 1, ""implicit_target_b"": 0, ""mechanic"": 0, ""misc_value"": 126, ""points_per_level"": 0.0, ""radius_yards"": null, ""trigger_spell"": 0, ""type"": 6}",,2855,,,"{""AuraDescription_Lang_Mask"": 16712188, ""CastingTimeIndex"": 1, ""Description_Lang_Mask"": 16712190, ""Description_Lang_enUS"": ""Your Moonkin Aura also causes affected targets to gain $50171s1% haste and you to gain $s2% of your spirit as additional spell damage."", ""EffectBasePoints_3"": -1, ""EffectChainAmplitude_1"": 1.0, ""EffectChainAmplitude_2"": 1.0, ""EffectChainAmplitude_3"": 1.0, ""EffectDieSides_3"": 1, ""EffectMiscValueB_2"": 4, ""EffectSpellClassMaskA_2"": 8192, ""EffectSpellClassMaskB_1"": 1024, ""EffectSpellClassMaskC_2"": 8192, ""EquippedItemClass"": -1, ""NameSubtext_Lang_Mask"": 16712190, ""NameSubtext_Lang_enUS"": ""Rank 2"", ""Name_Lang_Mask"": 16712190, ""ProcChance"": 101, ""RangeIndex"": 1, ""ShapeshiftMask"": 1073741824, ""SpellClassSet"": 7}",pulled from existing data
48396,Improved Moonkin Form,1,0,0,448,0,0,0,0,0,0,0,0.0,,,"{""amplitude"": 0, ""apply_aura"": 4, ""base_points"": 99, ""chain_targets"": 0, ""die_sides"": 1, ""implicit_target_a"": 1, ""implicit_target_b"": 0, ""mechanic"": 0, ""misc_value"": 18, ""points_per_level"": 0.0, ""radius_yards"": null, ""trigger_spell"": 0, ""type"": 6}","{""amplitude"": 0, ""apply_aura"": 174, ""base_points"": 29, ""chain_targets"": 0, ""die_sides"": 1, ""implicit_target_a"": 1, ""implicit_target_b"": 0, ""mechanic"": 0, ""misc_value"": 126, ""points_per_level"": 0.0, ""radius_yards"": null, ""trigger_spell"": 0, ""type"": 6}",,2855,,,"{""AuraDescription_Lang_Mask"": 16712188, ""CastingTimeIndex"": 1, ""Description_Lang_Mask"": 16712190, ""Description_Lang_enUS"": ""Your Moonkin Aura also causes affected targets to gain $50172s1% haste and you to gain $s2% of your spirit as additional spell damage."", ""EffectBasePoints_3"": -1, ""EffectChainAmplitude_1"": 1.0, ""EffectChainAmplitude_2"": 1.0, ""EffectChainAmplitude_3"": 1.0, ""EffectDieSides_3"": 1, ""EffectMiscValueB_2"": 4, ""EffectSpellClassMaskA_2"": 8192, ""EffectSpellClassMaskB_1"": 1024, ""EffectSpellClassMaskC_2"": 8192, ""EquippedItemClass"": -1, ""NameSubtext_Lang_Mask"": 16712190, ""NameSubtext_Lang_enUS"": ""Rank 3"", ""Name_Lang_Mask"": 16712190, ""ProcChance"": 101, ""RangeIndex"": 1, ""ShapeshiftMask"": 1073741824, ""SpellClassSet"": 7}",pulled from existing data
48409,Primal Precision,1,0,0,464,0,0,0,0,0,0,0,0.0,,,"{""amplitude"": 0, ""apply_aura"": 240, ""base_points"": 4, ""chain_targets"": 0, ""die_sides"": 1, ""implicit_target_a"": 1, ""implicit_target_b"": 0, ""mechanic"": 0, ""misc_value"": 0, ""points_per_level"": 0.0, ""radius_yards"": null, ""trigger_spell"": 0, ""type"": 6}","{""amplitude"": 0, ""apply_aura"": 108, ""base_points"": -41, ""chain_targets"": 0, ""die_sides"": 1, ""implicit_target_a"": 1, ""implicit_target_b"": 0, ""mechanic"": 0, ""misc_value"": 30, ""points_per_level"": 0.0, ""radius_yards"": null, ""trigger_spell"": 0, ""type"": 6}",,2858,,,"{""AuraDescription_Lang_Mask"": 16712188, ""CastingTimeIndex"": 1, ""Description_Lang_Mask"": 16712190, ""Description_Lang_enUS"": ""Increases your expertise by $s1, and you are refunded $s2% of the energy cost of a finishing move if it fails to land."", ""EffectBasePoints_3"": -1, ""EffectBonusMultiplier_1"": 1.0, ""EffectChainAmplitude_1"": 1.0, ""EffectChainAmplitude_2"": 1.0, ""EffectChainAmplitude_3"": 1.0, ""EffectDieSides_3"": 1, ""EffectSpellClassMaskA_1"": 4096, ""EffectSpellClassMaskB_1"": 8388608, ""EffectSpellClassMaskB_2"": 268435584, ""EffectSpellClassMaskC_2"": 1024, ""EquippedItemClass"": -1, ""NameSubtext_Lang_Mask"": 16712190, ""NameSubtext_Lang_enUS"": ""Rank 1"", ""Name_Lang_Mask"": 16712190, ""ProcChance"": 101, ""RangeIndex"": 1, ""SpellClassSet"": 7}",pulled from existing data
48410,Primal Precision,1,0,0,464,0,0,0,0,0,0,0,0.0,,,"{""amplitude"": 0, ""apply_aura"": 240, ""base_points"": 9, ""chain_targets"": 0, ""die_sides"": 1, ""implicit_target_a"": 1, ""implicit_target_b"": 0, ""mechanic"": 0, ""misc_value"": 0, ""points_per_level"": 0.0, ""radius_yards"": null, ""trigger_spell"": 0, ""type"": 6}","{""amplitude"": 0, ""apply_aura"": 108, ""base_points"": -81, ""chain_targets"": 0, ""die_sides"": 1, ""implicit_target_a"": 1, ""implicit_target_b"": 0, ""mechanic"": 0, ""misc_value"": 30, ""points_per_level"": 0.0, ""radius_yards"": null, ""trigger_spell"": 0, ""type"": 6}",,2858,,,"{""AuraDescription_Lang_Mask"": 16712188, ""CastingTimeIndex"": 1, ""Description_Lang_Mask"": 16712190, ""Description_Lang_enUS"": ""Increases your expertise by $s1, and you are refunded $s2% of the energy cost of a finishing move if it fails to land."", ""EffectBasePoints_3"": -1, ""EffectBonusMultiplier_1"": 1.0, ""EffectChainAmplitude_1"": 1.0, ""EffectChainAmplitude_2"": 1.0, ""EffectChainAmplitude_3"": 1.0, ""EffectDieSides_3"": 1, ""EffectSpellClassMaskA_1"": 4096, ""EffectSpellClassMaskB_1"": 8388608, ""EffectSpellClassMaskB_2"": 268435584, ""EffectSpellClassMaskC_2"": 1024, ""EquippedItemClass"": -1, ""NameSubtext_Lang_Mask"": 16712190, ""NameSubtext_Lang_enUS"": ""Rank 2"", ""Name_Lang_Mask"": 16712190, ""ProcChance"": 101, ""RangeIndex"": 1, ""SpellClassSet"": 7}",pulled from existing data
48432,Rend and Tear,1,0,0,448,0,0,0,0,0,0,0,0.0,,,"{""amplitude"": 0, ""apply_aura"": 4, ""base_points"": 3, ""chain_targets"": 0, ""die_sides"": 1, ""implicit_target_a"": 1, ""implicit_target_b"": 0, ""mechanic"": 0, ""misc_value"": 7, ""points_per_level"": 0.0, ""radius_yards"": null, ""trigger_spell"": 0, ""type"": 6}","{""amplitude"": 0, ""apply_aura"": 4, ""base_points"": 4, ""chain_targets"": 0, ""die_sides"": 1, ""implicit_target_a"": 1, ""implicit_target_b"": 0, ""mechanic"": 0, ""misc_value"": 0, ""points_per_level"": 0.0, ""radius_yards"": null, ""trigger_spell"": 0, ""type"": 6}",,2859,,,"{""AttributesEx3"": 67108864, ""AuraDescription_Lang_Mask"": 16712188, ""CastingTimeIndex"": 1, ""Description_Lang_Mask"": 16712190, ""Description_Lang_enUS"": ""Increases damage done by your Maul and Shred attacks on bleeding targets by $s1%, and increases the critical strike chance of your Ferocious Bite ability on bleeding targets by $s2%."", ""EffectBonusMultiplier_3"": 1.0, ""EffectChainAmplitude_1"": 1.0, ""EffectChainAmplitude_2"": 1.0, ""EffectChainAmplitude_3"": 1.0, ""EffectSpellClassMaskA_1"": 34816, ""EquippedItemClass"": -1, ""NameSubtext_Lang_Mask"": 16712190, ""NameSubtext_Lang_enUS"": ""Rank 1"", ""Name_Lang_Mask"": 16712190, ""ProcChance"": 101, ""RangeIndex"": 1, ""SpellClassSet"": 7}",pulled from existing data
48433,Rend and Tear,1,0,0,448,0,0,0,0,0,0,0,0.0,,,"{""amplitude"": 0, ""apply_aura"": 4, ""base_points"": 7, ""chain_targets"": 0, ""die_sides"": 1, ""implicit_target_a"": 1, ""implicit_target_b"": 0, ""mechanic"": 0, ""misc_value"": 7, ""points_per_level"": 0.0, ""radius_yards"": null, ""trigger_spell"": 0, ""type"": 6}","{""amplitude"": 0, ""apply_aura"": 4, ""base_points"": 9, ""chain_targets"": 0, ""die_sides"": 1, ""implicit_target_a"": 1, ""implicit_target_b"": 0, ""mechanic"": 0, ""misc_value"": 0, ""points_per_level"": 0.0, ""radius_yards"": null, ""trigger_spell"": 0, ""type"": 6}",,2859,,,"{""AttributesEx3"": 67108864, ""AuraDescription_Lang_Mask"": 16712188, ""CastingTimeIndex"": 1, ""Description_Lang_Mask"": 16712190, ""Description_Lang_enUS"": ""Increases damage done by your Maul and Shred attacks on bleeding targets by $s1%, and increases the critical strike chance of your Ferocious Bite ability on bleeding targets by $s2%."", ""EffectBonusMultiplier_3"": 1.0, ""EffectChainAmplitude_1"": 1.0, ""EffectChainAmplitude_2"": 1.0, ""EffectChainAmplitude_3"": 1.0, ""EffectSpellClassMaskA_1"": 34816, ""EquippedItemClass"": -1, ""NameSubtext_Lang_Mask"": 16712190, ""NameSubtext_Lang_enUS"": ""Rank 2"", ""Name_Lang_Mask"": 16712190, ""ProcChance"": 101, ""RangeIndex"": 1, ""SpellClassSet"": 7}",pulled from existing data
48434,Rend and Tear,1,0,0,448,0,0,0,0,0,0,0,0.0,,,"{""amplitude"": 0, ""apply_aura"": 4, ""base_points"": 11, ""chain_targets"": 0, ""die_sides"": 1, ""implicit_target_a"": 1, ""implicit_target_b"": 0, ""mechanic"": 0, ""misc_value"": 7, ""points_per_level"": 0.0, ""radius_yards"": null, ""trigger_spell"": 0, ""type"": 6}","{""amplitude"": 0, ""apply_aura"": 4, ""base_points"": 14, ""chain_targets"": 0, ""die_sides"": 1, ""implicit_target_a"": 1, ""implicit_target_b"": 0, ""mechanic"": 0, ""misc_value"": 0, ""points_per_level"": 0.0, ""radius_yards"": null, ""trigger_spell"": 0, ""type"": 6}",,2859,,,"{""AttributesEx3"": 67108864, ""AuraDescription_Lang_Mask"": 16712188, ""CastingTimeIndex"": 1, ""Description_Lang_Mask"": 16712190, ""Description_Lang_enUS"": ""Increases damage done by your Maul and Shred attacks on bleeding targets by $s1%, and increases the critical strike chance of your Ferocious Bite ability on bleeding targets by $s2%."", ""EffectBonusMultiplier_3"": 1.0, ""EffectChainAmplitude_1"": 1.0, ""EffectChainAmplitude_2"": 1.0, ""EffectChainAmplitude_3"": 1.0, ""EffectSpellClassMaskA_1"": 34816, ""EquippedItemClass"": -1, ""NameSubtext_Lang_Mask"": 16712190, ""NameSubtext_Lang_enUS"": ""Rank 3"", ""Name_Lang_Mask"": 16712190, ""ProcChance"": 101, ""RangeIndex"": 1, ""SpellClassSet"": 7}",pulled from existing data
48483,Infected Wounds,1,0,0,448,0,0,0,0,0,0,0,0.0,,,"{""amplitude"": 0, ""apply_aura"": 42, ""base_points"": -1, ""chain_targets"": 0, ""die_sides"": 1, ""implicit_target_a"": 1, ""implicit_target_b"": 0, ""mechanic"": 0, ""misc_value"": 0, ""points_per_level"": 0.0, ""radius_yards"": null, ""trigger_spell"": 58179, ""type"": 6}",,,2857,,,"{""AttributesEx3"": 524288, ""AuraDescription_Lang_Mask"": 16712188, ""CastingTimeIndex"": 1, ""Description_Lang_Mask"": 16712190, ""Description_Lang_enUS"": ""Your Shred, Maul, and Mangle attacks cause an Infected Wound in the target. The Infected Wound reduces the movement speed of the target by $58179s1% and the attack speed by $58179s2%. Lasts $58179d."", ""EffectBonusMultiplier_1"": 1.0, ""EffectChainAmplitude_1"": 1.0, ""EffectChainAmplitude_2"": 1.0, ""EffectChainAmplitude_3"": 1.0, ""EquippedItemClass"": -1, ""NameSubtext_Lang_Mask"": 16712190, ""NameSubtext_Lang_enUS"": ""Rank 1"", ""Name_Lang_Mask"": 16712190, ""ProcChance"": 100, ""ProcTypeMask"": 16, ""RangeIndex"": 1, ""SpellClassSet"": 7}",pulled from existing data
48484,Infected Wounds,1,0,0,448,0,0,0,0,0,0,0,0.0,,,"{""amplitude"": 0, ""apply_aura"": 42, ""base_points"": -1, ""chain_targets"": 0, ""die_sides"": 1, ""implicit_target_a"": 1, ""implicit_target_b"": 0, ""mechanic"": 0, ""misc_value"": 0, ""points_per_level"": 0.0, ""radius_yards"": null, ""trigger_spell"": 58180, ""type"": 6}",,,2857,,,"{""AttributesEx3"": 524288, ""AuraDescription_Lang_Mask"": 16712188, ""CastingTimeIndex"": 1, ""Description_Lang_Mask"": 16712190, ""Description_Lang_enUS"": ""Your Shred, Maul, and Mangle attacks cause an Infected Wound in the target. The Infected Wound reduces the movement speed of the target by $58180s1% and the attack speed by $58180s2%. Lasts $58180d."", ""EffectBonusMultiplier_1"": 1.0, ""EffectChainAmplitude_1"": 1.0, ""EffectChainAmplitude_2"": 1.0, ""EffectChainAmplitude_3"": 1.0, ""EquippedItemClass"": -1, ""NameSubtext_Lang_Mask"": 16712190, ""NameSubtext_Lang_enUS"": ""Rank 2"", ""Name_Lang_Mask"": 16712190, ""ProcChance"": 100, ""ProcTypeMask"": 16, ""RangeIndex"": 1, ""SpellClassSet"": 7}",pulled from existing data
48485,Infected Wounds,1,0,0,448,0,0,0,0,0,0,0,0.0,,,"{""amplitude"": 0, ""apply_aura"": 42, ""base_points"": -1, ""chain_targets"": 0, ""die_sides"": 1, ""implicit_target_a"": 1, ""implicit_target_b"": 0, ""mechanic"": 0, ""misc_value"": 0, ""points_per_level"": 0.0, ""radius_yards"": null, ""trigger_spell"": 58181, ""type"": 6}",,,2857,,,"{""AttributesEx3"": 524288, ""AuraDescription_Lang_Mask"": 16712188, ""CastingTimeIndex"": 1, ""Description_Lang_Mask"": 16712190, ""Description_Lang_enUS"": ""Your Shred, Maul, and Mangle attacks cause an Infected Wound in the target. The Infected Wound reduces the movement speed of the target by $58181s1% and the attack speed by $58181s2%. Lasts $58181d."", ""EffectBonusMultiplier_1"": 1.0, ""EffectChainAmplitude_1"": 1.0, ""EffectChainAmplitude_2"": 1.0, ""EffectChainAmplitude_3"": 1.0, ""EquippedItemClass"": -1, ""NameSubtext_Lang_Mask"": 16712190, ""NameSubtext_Lang_enUS"": ""Rank 3"", ""Name_Lang_Mask"": 16712190, ""ProcChance"": 100, ""ProcTypeMask"": 16, ""RangeIndex"": 1, ""SpellClassSet"": 7}",pulled from existing data
48488,Gale Winds,1,0,0,464,0,0,0,0,0,0,0,0.0,,,"{""amplitude"": 0, ""apply_aura"": 108, ""base_points"": 14, ""chain_targets"": 0, ""die_sides"": 1, ""implicit_target_a"": 1, ""implicit_target_b"": 0, ""mechanic"": 0, ""misc_value"": 0, ""points_per_level"": 0.0, ""radius_yards"": null, ""trigger_spell"": 0, ""type"": 6}","{""amplitude"": 0, ""apply_aura"": 107, ""base_points"": 1, ""chain_targets"": 0, ""die_sides"": 1, ""implicit_target_a"": 1, ""implicit_target_b"": 0, ""mechanic"": 0, ""misc_value"": 5, ""points_per_level"": 0.0, ""radius_yards"": null, ""trigger_spell"": 0, ""type"": 6}",,2837,,,"{""AuraDescription_Lang_Mask"": 16712188, ""CastingTimeIndex"": 1, ""Description_Lang_Mask"": 16712190, ""Description_Lang_enUS"": ""Increases damage done by your Hurricane and Typhoon spells by $s1%, and increases the range of your Cyclone spell by $s2 yards."", ""EffectChainAmplitude_1"": 1.0, ""EffectChainAmplitude_2"": 1.0, ""EffectChainAmplitude_3"": 1.0, ""EffectSpellClassMaskA_1"": 4194304, ""EffectSpellClassMaskA_2"": 16777216, ""EffectSpellClassMaskB_2"": 32, ""EquippedItemClass"": -1, ""NameSubtext_Lang_Mask"": 16712190, ""NameSubtext_Lang_enUS"": ""Rank 1"", ""Name_Lang_Mask"": 16712190, ""ProcChance"": 101, ""RangeIndex"": 1, ""SpellClassSet"": 7, ""SpellLevel"": 1, ""SpellPriority"": 50}",pulled from existing data
48489,Improved Mangle,1,0,0,464,0,0,0,0,0,0,0,0.0,,,"{""amplitude"": 0, ""apply_aura"": 107, ""base_points"": -1001, ""chain_targets"": 0, ""die_sides"": 1, ""implicit_target_a"": 6, ""implicit_target_b"": 0, ""mechanic"": 0, ""misc_value"": 11, ""points_per_level"": 0.0, ""radius_yards"": null, ""trigger_spell"": 0, ""type"": 6}","{""amplitude"": 0, ""apply_aura"": 107, ""base_points"": -5, ""chain_targets"": 0, ""die_sides"": 1, ""implicit_target_a"": 1, ""implicit_target_b"": 0, ""mechanic"": 0, ""misc_value"": 14, ""points_per_level"": 0.0, ""radius_yards"": null, ""trigger_spell"": 0, ""type"": 6}",,2312,,,"{""AuraDescription_Lang_Mask"": 16712188, ""CastingTimeIndex"": 1, ""Description_Lang_Mask"": 16712190, ""Description_Lang_enUS"": ""Reduces the cooldown of your Mangle (Bear) ability by ${$m1/-1000}.1 sec., and reduces the energy cost of your Mangle (Cat) ability by $s2."", ""EffectChainAmplitude_1"": 1.0, ""EffectChainAmplitude_2"": 1.0, ""EffectChainAmplitude_3"": 1.0, ""EffectSpellClassMaskA_2"": 64, ""EffectSpellClassMaskB_2"": 1024, ""EquippedItemClass"": -1, ""NameSubtext_Lang_Mask"": 16712190, ""NameSubtext_Lang_enUS"": ""Rank 2"", ""Name_Lang_Mask"": 16712190, ""ProcChance"": 101, ""RangeIndex"": 1, ""SpellClassSet"": 7, ""SpellLevel"": 1, ""SpellPriority"": 50}",pulled from existing data
48491,Improved Mangle,1,0,0,464,0,0,0,0,0,0,0,0.0,,,"{""amplitude"": 0, ""apply_aura"": 107, ""base_points"": -1501, ""chain_targets"": 0, ""die_sides"": 1, ""implicit_target_a"": 6, ""implicit_target_b"": 0, ""mechanic"": 0, ""misc_value"": 11, ""points_per_level"": 0.0, ""radius_yards"": null, ""trigger_spell"": 0, ""type"": 6}","{""amplitude"": 0, ""apply_aura"": 107, ""base_points"": -7, ""chain_targets"": 0, ""die_sides"": 1, ""implicit_target_a"": 1, ""implicit_target_b"": 0, ""mechanic"": 0, ""misc_value"": 14, ""points_per_level"": 0.0, ""radius_yards"": null, ""trigger_spell"": 0, ""type"": 6}",,2312,,,"{""AuraDescription_Lang_Mask"": 16712188, ""CastingTimeIndex"": 1, ""Description_Lang_Mask"": 16712190, ""Description_Lang_enUS"": ""Reduces the cooldown of your Mangle (Bear) ability by ${$m1/-1000}.1 sec., and reduces the energy cost of your Mangle (Cat) ability by $s2."", ""EffectChainAmplitude_1"": 1.0, ""EffectChainAmplitude_2"": 1.0, ""EffectChainAmplitude_3"": 1.0, ""EffectSpellClassMaskA_2"": 64, ""EffectSpellClassMaskB_2"": 1024, ""EquippedItemClass"": -1, ""NameSubtext_Lang_Mask"": 16712190, ""NameSubtext_Lang_enUS"": ""Rank 3"", ""Name_Lang_Mask"": 16712190, ""ProcChance"": 101, ""RangeIndex"": 1, ""SpellClassSet"": 7, ""SpellLevel"": 1, ""SpellPriority"": 50}",pulled from existing data
48492,King of the Jungle,1,0,0,464,0,0,0,0,0,0,0,0.0,,,"{""amplitude"": 0, ""apply_aura"": 4, ""base_points"": 4, ""chain_targets"": 0, ""die_sides"": 1, ""implicit_target_a"": 1, ""implicit_target_b"": 0, ""mechanic"": 0, ""misc_value"": 126, ""points_per_level"": 0.0, ""radius_yards"": null, ""trigger_spell"": 0, ""type"": 6}","{""amplitude"": 0, ""apply_aura"": 4, ""base_points"": 19, ""chain_targets"": 0, ""die_sides"": 1, ""implicit_target_a"": 1, ""implicit_target_b"": 0, ""mechanic"": 0, ""misc_value"": 1, ""points_per_level"": 0.0, ""radius_yards"": null, ""trigger_spell"": 0, ""type"": 6}","{""amplitude"": 0, ""apply_aura"": 108, ""base_points"": -21, ""chain_targets"": 0, ""die_sides"": 1, ""implicit_target_a"": 1, ""implicit_target_b"": 0, ""mechanic"": 0, ""misc_value"": 14, ""points_per_level"": 0.0, ""radius_yards"": null, ""trigger_spell"": 0, ""type"": 6}",2850,,,"{""AuraDescription_Lang_Mask"": 16712188, ""CastingTimeIndex"": 1, ""Description_Lang_Mask"": 16712190, ""Description_Lang_enUS"": ""While using your Enrage ability in Bear Form or Dire Bear Form, your damage is increased by $s1%, and your Tiger's Fury ability also instantly restores $s2 energy.  In addition, the mana cost of Bear Form, Cat Form, and Dire Bear Form is reduced by $s3%."", ""EffectBonusMultiplier_2"": 1.0, ""EffectChainAmplitude_1"": 1.0, ""EffectChainAmplitude_2"": 1.0, ""EffectChainAmplitude_3"": 1.0, ""EffectSpellClassMaskC_1"": 3221225472, ""EquippedItemClass"": -1, ""NameSubtext_Lang_Mask"": 16712190, ""NameSubtext_Lang_enUS"": ""Rank 1"", ""Name_Lang_Mask"": 16712190, ""ProcChance"": 101, ""RangeIndex"": 1, ""SpellClassSet"": 7}",pulled from existing data
48494,King of the Jungle,1,0,0,464,0,0,0,0,0,0,0,0.0,,,"{""amplitude"": 0, ""apply_aura"": 4, ""base_points"": 9, ""chain_targets"": 0, ""die_sides"": 1, ""implicit_target_a"": 1, ""implicit_target_b"": 0, ""mechanic"": 0, ""misc_value"": 126, ""points_per_level"": 0.0, ""radius_yards"": null, ""trigger_spell"": 0, ""type"": 6}","{""amplitude"": 0, ""apply_aura"": 4, ""base_points"": 39, ""chain_targets"": 0, ""die_sides"": 1, ""implicit_target_a"": 1, ""implicit_target_b"": 0, ""mechanic"": 0, ""misc_value"": 1, ""points_per_level"": 0.0, ""radius_yards"": null, ""trigger_spell"": 0, ""type"": 6}","{""amplitude"": 0, ""apply_aura"": 108, ""base_points"": -41, ""chain_targets"": 0, ""die_sides"": 1, ""implicit_target_a"": 1, ""implicit_target_b"": 0, ""mechanic"": 0, ""misc_value"": 14, ""points_per_level"": 0.0, ""radius_yards"": null, ""trigger_spell"": 0, ""type"": 6}",2850,,,"{""AuraDescription_Lang_Mask"": 16712188, ""CastingTimeIndex"": 1, ""Description_Lang_Mask"": 16712190, ""Description_Lang_enUS"": ""While using your Enrage ability in Bear Form or Dire Bear Form, your damage is increased by $s1%, and your Tiger's Fury ability also instantly restores $s2 energy.  In addition, the mana cost of Bear Form, Cat Form, and Dire Bear Form is reduced by $s3%."", ""EffectBonusMultiplier_1"": 1.0, ""EffectChainAmplitude_1"": 1.0, ""EffectChainAmplitude_2"": 1.0, ""EffectChainAmplitude_3"": 1.0, ""EffectSpellClassMaskC_1"": 3221225472, ""EquippedItemClass"": -1, ""NameSubtext_Lang_Mask"": 16712190, ""NameSubtext_Lang_enUS"": ""Rank 2"", ""Name_Lang_Mask"": 16712190, ""ProcChance"": 101, ""RangeIndex"": 1, ""SpellClassSet"": 7}",pulled from existing data
48495,King of the Jungle,1,0,0,464,0,0,0,0,0,0,0,0.0,,,"{""amplitude"": 0, ""apply_aura"": 4, ""base_points"": 14, ""chain_targets"": 0, ""die_sides"": 1, ""implicit_target_a"": 1, ""implicit_target_b"": 0, ""mechanic"": 0, ""misc_value"": 126, ""points_per_level"": 0.0, ""radius_yards"": null, ""trigger_spell"": 0, ""type"": 6}","{""amplitude"": 0, ""apply_aura"": 4, ""base_points"": 59, ""chain_targets"": 0, ""die_sides"": 1, ""implicit_target_a"": 1, ""implicit_target_b"": 0, ""mechanic"": 0, ""misc_value"": 0, ""points_per_level"": 0.0, ""radius_yards"": null, ""trigger_spell"": 0, ""type"": 6}","{""amplitude"": 0, ""apply_aura"": 108, ""base_points"": -61, ""chain_targets"": 0, ""die_sides"": 1, ""implicit_target_a"": 1, ""implicit_target_b"": 0, ""mechanic"": 0, ""misc_value"": 14, ""points_per_level"": 0.0, ""radius_yards"": null, ""trigger_spell"": 0, ""type"": 6}",2850,,,"{""AuraDescription_Lang_Mask"": 16712188, ""CastingTimeIndex"": 1, ""Description_Lang_Mask"": 16712190, ""Description_Lang_enUS"": ""While using your Enrage ability in Bear Form or Dire Bear Form, your damage is increased by $s1%, and your Tiger's Fury ability also instantly restores $s2 energy.  In addition, the mana cost of Bear Form, Cat Form, and Dire Bear Form is reduced by $s3%."", ""EffectBonusMultiplier_1"": 1.0, ""EffectChainAmplitude_1"": 1.0, ""EffectChainAmplitude_2"": 1.0, ""EffectChainAmplitude_3"": 1.0, ""EffectSpellClassMaskC_1"": 3221225472, ""EquippedItemClass"": -1, ""NameSubtext_Lang_Mask"": 16712190, ""NameSubtext_Lang_enUS"": ""Rank 3"", ""Name_Lang_Mask"": 16712190, ""ProcChance"": 101, ""RangeIndex"": 1, ""SpellClassSet"": 7}",pulled from existing data
48496,Living Seed,1,0,0,448,0,0,0,0,0,0,0,0.0,,,"{""amplitude"": 0, ""apply_aura"": 4, ""base_points"": 29, ""chain_targets"": 0, ""die_sides"": 1, ""implicit_target_a"": 1, ""implicit_target_b"": 0, ""mechanic"": 0, ""misc_value"": 0, ""points_per_level"": 0.0, ""radius_yards"": null, ""trigger_spell"": 0, ""type"": 6}",,,2860,,,"{""AuraDescription_Lang_Mask"": 16712188, ""CastingTimeIndex"": 1, ""Description_Lang_Mask"": 16712190, ""Description_Lang_enUS"": ""When you critically heal your target with Swiftmend, Regrowth, Nourish or Healing Touch spell you have a $h% chance to plant a Living Seed on the target for $s1% of the amount healed. The Living Seed will bloom when the target is next attacked. Lasts $48504d."", ""EffectBonusMultiplier_1"": 1.0, ""EffectChainAmplitude_1"": 1.0, ""EffectChainAmplitude_2"": 1.0, ""EffectChainAmplitude_3"": 1.0, ""EquippedItemClass"": -1, ""NameSubtext_Lang_Mask"": 16712190, ""NameSubtext_Lang_enUS"": ""Rank 1"", ""Name_Lang_Mask"": 16712190, ""ProcChance"": 33, ""ProcTypeMask"": 16384, ""RangeIndex"": 1, ""ShapeshiftExclude"": 134217728, ""SpellClassSet"": 7}",pulled from existing data
48499,Living Seed,1,0,0,448,0,0,0,0,0,0,0,0.0,,,"{""amplitude"": 0, ""apply_aura"": 4, ""base_points"": 29, ""chain_targets"": 0, ""die_sides"": 1, ""implicit_target_a"": 1, ""implicit_target_b"": 0, ""mechanic"": 0, ""misc_value"": 0, ""points_per_level"": 0.0, ""radius_yards"": null, ""trigger_spell"": 0, ""type"": 6}",,,2860,,,"{""AuraDescription_Lang_Mask"": 16712188, ""CastingTimeIndex"": 1, ""Description_Lang_Mask"": 16712190, ""Description_Lang_enUS"": ""When you critically heal your target with Swiftmend, Regrowth, Nourish or Healing Touch spell you have a $h% chance to plant a Living Seed on the target for $s1% of the amount healed. The Living Seed will bloom when the target is next attacked. Lasts $48504d."", ""EffectBonusMultiplier_1"": 1.0, ""EffectChainAmplitude_1"": 1.0, ""EffectChainAmplitude_2"": 1.0, ""EffectChainAmplitude_3"": 1.0, ""EquippedItemClass"": -1, ""NameSubtext_Lang_Mask"": 16712190, ""NameSubtext_Lang_enUS"": ""Rank 2"", ""Name_Lang_Mask"": 16712190, ""ProcChance"": 66, ""ProcTypeMask"": 16384, ""RangeIndex"": 1, ""ShapeshiftExclude"": 134217728, ""SpellClassSet"": 7}",pulled from existing data
48500,Living Seed,1,0,0,448,0,0,0,0,0,0,0,0.0,,,"{""amplitude"": 0, ""apply_aura"": 4, ""base_points"": 29, ""chain_targets"": 0, ""die_sides"": 1, ""implicit_target_a"": 1, ""implicit_target_b"": 0, ""mechanic"": 0, ""misc_value"": 0, ""points_per_level"": 0.0, ""radius_yards"": null, ""trigger_spell"": 0, ""type"": 6}",,,2860,,,"{""AuraDescription_Lang_Mask"": 16712188, ""CastingTimeIndex"": 1, ""Description_Lang_Mask"": 16712190, ""Description_Lang_enUS"": ""When you critically heal your target with Swiftmend, Regrowth, Nourish or Healing Touch spell you have a $h% chance to plant a Living Seed on the target for $s1% of the amount healed. The Living Seed will bloom when the target is next attacked. Lasts $48504d."", ""EffectBonusMultiplier_1"": 1.0, ""EffectChainAmplitude_1"": 1.0, ""EffectChainAmplitude_2"": 1.0, ""EffectChainAmplitude_3"": 1.0, ""EquippedItemClass"": -1, ""NameSubtext_Lang_Mask"": 16712190, ""NameSubtext_Lang_enUS"": ""Rank 3"", ""Name_Lang_Mask"": 16712190, ""ProcChance"": 100, ""ProcTypeMask"": 16384, ""RangeIndex"": 1, ""ShapeshiftExclude"": 134217728, ""SpellClassSet"": 7}",pulled from existing data
48506,Earth and Moon,1,0,0,192,0,0,0,0,0,0,0,0.0,,,"{""amplitude"": 0, ""apply_aura"": 42, ""base_points"": 0, ""chain_targets"": 0, ""die_sides"": 1, ""implicit_target_a"": 1, ""implicit_target_b"": 0, ""mechanic"": 0, ""misc_value"": 0, ""points_per_level"": 0.0, ""radius_yards"": null, ""trigger_spell"": 60431, ""type"": 6}","{""amplitude"": 0, ""apply_aura"": 79, ""base_points"": 1, ""chain_targets"": 0, ""die_sides"": 1, ""implicit_target_a"": 1, ""implicit_target_b"": 0, ""mechanic"": 0, ""misc_value"": 126, ""points_per_level"": 0.0, ""radius_yards"": null, ""trigger_spell"": 0, ""type"": 6}",,2991,,,"{""AuraDescription_Lang_Mask"": 16712188, ""CastingTimeIndex"": 1, ""Description_Lang_Mask"": 16712190, ""Description_Lang_enUS"": ""Your Wrath and Starfire spells have a $h% chance to apply the Earth and Moon effect, which increases spell damage taken by $60431s1% for $60431d.  Also increases your spell damage by $s2%."", ""EffectBasePoints_3"": -1, ""EffectChainAmplitude_1"": 1.0, ""EffectChainAmplitude_2"": 1.0, ""EffectChainAmplitude_3"": 1.0, ""EffectDieSides_3"": 1, ""EffectSpellClassMaskB_1"": 2, ""EffectSpellClassMaskB_2"": 32785, ""EquippedItemClass"": -1, ""NameSubtext_Lang_Mask"": 16712190, ""NameSubtext_Lang_enUS"": ""Rank 1"", ""Name_Lang_Mask"": 16712190, ""ProcChance"": 100, ""ProcTypeMask"": 65536, ""RangeIndex"": 1, ""SpellClassSet"": 7}",pulled from existing data
48510,Earth and Moon,1,0,0,192,0,0,0,0,0,0,0,0.0,,,"{""amplitude"": 0, ""apply_aura"": 42, ""base_points"": 0, ""chain_targets"": 0, ""die_sides"": 1, ""implicit_target_a"": 1, ""implicit_target_b"": 0, ""mechanic"": 0, ""misc_value"": 0, ""points_per_level"": 0.0, ""radius_yards"": null, ""trigger_spell"": 60432, ""type"": 6}","{""amplitude"": 0, ""apply_aura"": 79, ""base_points"": 3, ""chain_targets"": 0, ""die_sides"": 1, ""implicit_target_a"": 1, ""implicit_target_b"": 0, ""mechanic"": 0, ""misc_value"": 126, ""points_per_level"": 0.0, ""radius_yards"": null, ""trigger_spell"": 0, ""type"": 6}",,2991,,,"{""AuraDescription_Lang_Mask"": 16712188, ""CastingTimeIndex"": 1, ""Description_Lang_Mask"": 16712190, ""Description_Lang_enUS"": ""Your Wrath and Starfire spells have a $h% chance to  apply the Earth and Moon effect, which increases spell damage taken by $60432s1% for $60432d.  Also increases your spell damage by $s2%."", ""EffectBasePoints_3"": -1, ""EffectChainAmplitude_1"": 1.0, ""EffectChainAmplitude_2"": 1.0, ""EffectChainAmplitude_3"": 1.0, ""EffectDieSides_3"": 1, ""EffectSpellClassMaskB_1"": 2, ""EffectSpellClassMaskB_2"": 32785, ""EquippedItemClass"": -1, ""NameSubtext_Lang_Mask"": 16712190, ""NameSubtext_Lang_enUS"": ""Rank 2"", ""Name_Lang_Mask"": 16712190, ""ProcChance"": 100, ""ProcTypeMask"": 65536, ""RangeIndex"": 1, ""SpellClassSet"": 7}",pulled from existing data
48511,Earth and Moon,1,0,0,192,0,0,0,0,0,0,0,0.0,,,"{""amplitude"": 0, ""apply_aura"": 42, ""base_points"": 0, ""chain_targets"": 0, ""die_sides"": 1, ""implicit_target_a"": 1, ""implicit_target_b"": 0, ""mechanic"": 0, ""misc_value"": 0, ""points_per_level"": 0.0, ""radius_yards"": null, ""trigger_spell"": 60433, ""type"": 6}","{""amplitude"": 0, ""apply_aura"": 79, ""base_points"": 5, ""chain_targets"": 0, ""die_sides"": 1, ""implicit_target_a"": 1, ""implicit_target_b"": 0, ""mechanic"": 0, ""misc_value"": 126, ""points_per_level"": 0.0, ""radius_yards"": null, ""trigger_spell"": 0, ""type"": 6}",,2991,,,"{""AuraDescription_Lang_Mask"": 16712188, ""CastingTimeIndex"": 1, ""Description_Lang_Mask"": 16712190, ""Description_Lang_enUS"": ""Your Wrath and Starfire spells have a $h% chance to apply the Earth and Moon effect, which increases spell damage taken by $60433s1% for $60433d.  Also increases your spell damage by $s2%."", ""EffectBasePoints_3"": -1, ""EffectChainAmplitude_1"": 1.0, ""EffectChainAmplitude_2"": 1.0, ""EffectChainAmplitude_3"": 1.0, ""EffectDieSides_3"": 1, ""EffectSpellClassMaskB_1"": 2, ""EffectSpellClassMaskB_2"": 32785, ""EquippedItemClass"": -1, ""NameSubtext_Lang_Mask"": 16712190, ""NameSubtext_Lang_enUS"": ""Rank 3"", ""Name_Lang_Mask"": 16712190, ""ProcChance"": 100, ""ProcTypeMask"": 65536, ""RangeIndex"": 1, ""SpellClassSet"": 7}",pulled from existing data
48514,Gale Winds,1,0,0,464,0,0,0,0,0,0,0,0.0,,,"{""amplitude"": 0, ""apply_aura"": 108, ""base_points"": 29, ""chain_targets"": 0, ""die_sides"": 1, ""implicit_target_a"": 1, ""implicit_target_b"": 0, ""mechanic"": 0, ""misc_value"": 0, ""points_per_level"": 0.0, ""radius_yards"": null, ""trigger_spell"": 0, ""type"": 6}","{""amplitude"": 0, ""apply_aura"": 107, ""base_points"": 3, ""chain_targets"": 0, ""die_sides"": 1, ""implicit_target_a"": 1, ""implicit_target_b"": 0, ""mechanic"": 0, ""misc_value"": 5, ""points_per_level"": 0.0, ""radius_yards"": null, ""trigger_spell"": 0, ""type"": 6}",,2837,,,"{""AuraDescription_Lang_Mask"": 16712188, ""CastingTimeIndex"": 1, ""Description_Lang_Mask"": 16712190, ""Description_Lang_enUS"": ""Increases damage done by your Hurricane and Typhoon spells by $s1%, and increases the range of your Cyclone spell by $s2 yards."", ""EffectChainAmplitude_1"": 1.0, ""EffectChainAmplitude_2"": 1.0, ""EffectChainAmplitude_3"": 1.0, ""EffectSpellClassMaskA_1"": 4194304, ""EffectSpellClassMaskA_2"": 16777216, ""EffectSpellClassMaskB_2"": 32, ""EquippedItemClass"": -1, ""NameSubtext_Lang_Mask"": 16712190, ""NameSubtext_Lang_enUS"": ""Rank 2"", ""Name_Lang_Mask"": 16712190, ""ProcChance"": 101, ""RangeIndex"": 1, ""SpellClassSet"": 7, ""SpellLevel"": 1, ""SpellPriority"": 50}",pulled from existing data
48516,Eclipse,1,0,0,192,0,0,0,0,0,0,0,0.0,,,"{""amplitude"": 0, ""apply_aura"": 4, ""base_points"": 29, ""chain_targets"": 0, ""die_sides"": 1, ""implicit_target_a"": 1, ""implicit_target_b"": 0, ""mechanic"": 0, ""misc_value"": 12, ""points_per_level"": 0.0, ""radius_yards"": null, ""trigger_spell"": 0, ""type"": 6}","{""amplitude"": 0, ""apply_aura"": 4, ""base_points"": 11, ""chain_targets"": 0, ""die_sides"": 1, ""implicit_target_a"": 1, ""implicit_target_b"": 0, ""mechanic"": 0, ""misc_value"": 0, ""points_per_level"": 0.0, ""radius_yards"": null, ""trigger_spell"": 0, ""type"": 6}",,2856,,,"{""AuraDescription_Lang_Mask"": 16712188, ""CastingTimeIndex"": 1, ""Description_Lang_Mask"": 16712190, ""Description_Lang_enUS"": ""When you critically hit with Starfire, you have a $h1% chance of increasing damage done by Wrath by $48517s1%. When you critically hit with Wrath, you have a ${$h*0.6}% chance of increasing your critical strike chance with Starfire by $48518s1%. Each effect lasts $48518d and each has a separate $s1 sec cooldown.  Both effects cannot occur simultaneously."", ""EffectChainAmplitude_1"": 1.0, ""EffectChainAmplitude_2"": 1.0, ""EffectChainAmplitude_3"": 1.0, ""EffectSpellClassMaskA_1"": 1026, ""EffectSpellClassMaskA_2"": 1, ""EquippedItemClass"": -1, ""NameSubtext_Lang_Mask"": 16712190, ""NameSubtext_Lang_enUS"": ""Rank 1"", ""Name_Lang_Mask"": 16712190, ""ProcChance"": 33, ""ProcTypeMask"": 69632, ""RangeIndex"": 1, ""SpellClassMask_3"": 1048576, ""SpellClassSet"": 7}",pulled from existing data
48521,Eclipse,1,0,0,192,0,0,0,0,0,0,0,0.0,,,"{""amplitude"": 0, ""apply_aura"": 4, ""base_points"": 29, ""chain_targets"": 0, ""die_sides"": 1, ""implicit_target_a"": 1, ""implicit_target_b"": 0, ""mechanic"": 0, ""misc_value"": 12, ""points_per_level"": 0.0, ""radius_yards"": null, ""trigger_spell"": 0, ""type"": 6}","{""amplitude"": 0, ""apply_aura"": 4, ""base_points"": 11, ""chain_targets"": 0, ""die_sides"": 1, ""implicit_target_a"": 1, ""implicit_target_b"": 0, ""mechanic"": 0, ""misc_value"": 0, ""points_per_level"": 0.0, ""radius_yards"": null, ""trigger_spell"": 0, ""type"": 6}",,2856,,,"{""AuraDescription_Lang_Mask"": 16712188, ""CastingTimeIndex"": 1, ""Description_Lang_Mask"": 16712190, ""Description_Lang_enUS"": ""When you critically hit with Starfire, you have a $h1% chance of increasing damage done by Wrath by $48517s1%. When you critically hit with Wrath, you have a ${$h*0.6}% chance of increasing your critical strike chance with Starfire by $48518s1%. Each effect lasts $48518d and each has a separate $s1 sec cooldown.  Both effects cannot occur simultaneously."", ""EffectChainAmplitude_1"": 1.0, ""EffectChainAmplitude_2"": 1.0, ""EffectChainAmplitude_3"": 1.0, ""EffectSpellClassMaskA_1"": 1026, ""EffectSpellClassMaskA_2"": 1, ""EquippedItemClass"": -1, ""NameSubtext_Lang_Mask"": 16712190, ""NameSubtext_Lang_enUS"": ""Rank 2"", ""Name_Lang_Mask"": 16712190, ""ProcChance"": 66, ""ProcTypeMask"": 69632, ""RangeIndex"": 1, ""SpellClassMask_3"": 1048576, ""SpellClassSet"": 7}",pulled from existing data
48525,Eclipse,1,0,0,192,0,0,0,0,0,0,0,0.0,,,"{""amplitude"": 0, ""apply_aura"": 4, ""base_points"": 29, ""chain_targets"": 0, ""die_sides"": 1, ""implicit_target_a"": 1, ""implicit_target_b"": 0, ""mechanic"": 0, ""misc_value"": 12, ""points_per_level"": 0.0, ""radius_yards"": null, ""trigger_spell"": 0, ""type"": 6}","{""amplitude"": 0, ""apply_aura"": 4, ""base_points"": 11, ""chain_targets"": 0, ""die_sides"": 1, ""implicit_target_a"": 1, ""implicit_target_b"": 0, ""mechanic"": 0, ""misc_value"": 0, ""points_per_level"": 0.0, ""radius_yards"": null, ""trigger_spell"": 0, ""type"": 6}",,2856,,,"{""AuraDescription_Lang_Mask"": 16712188, ""CastingTimeIndex"": 1, ""Description_Lang_Mask"": 16712190, ""Description_Lang_enUS"": ""When you critically hit with Starfire, you have a $h1% chance of increasing damage done by Wrath by $48517s1%. When you critically hit with Wrath, you have a ${$h*0.6}% chance of increasing your critical strike chance with Starfire by $48518s1%. Each effect lasts $48518d and each has a separate $s1 sec cooldown.  Both effects cannot occur simultaneously."", ""EffectChainAmplitude_1"": 1.0, ""EffectChainAmplitude_2"": 1.0, ""EffectChainAmplitude_3"": 1.0, ""EffectSpellClassMaskA_1"": 1026, ""EffectSpellClassMaskA_2"": 1, ""EquippedItemClass"": -1, ""NameSubtext_Lang_Mask"": 16712190, ""NameSubtext_Lang_enUS"": ""Rank 3"", ""Name_Lang_Mask"": 16712190, ""ProcChance"": 100, ""ProcTypeMask"": 69632, ""RangeIndex"": 1, ""SpellClassMask_3"": 1048576, ""SpellClassSet"": 7}",pulled from existing data
48532,Improved Mangle,1,0,0,464,0,0,0,0,0,0,0,0.0,,,"{""amplitude"": 0, ""apply_aura"": 107, ""base_points"": -501, ""chain_targets"": 0, ""die_sides"": 1, ""implicit_target_a"": 6, ""implicit_target_b"": 0, ""mechanic"": 0, ""misc_value"": 11, ""points_per_level"": 0.0, ""radius_yards"": null, ""trigger_spell"": 0, ""type"": 6}","{""amplitude"": 0, ""apply_aura"": 107, ""base_points"": -3, ""chain_targets"": 0, ""die_sides"": 1, ""implicit_target_a"": 1, ""implicit_target_b"": 0, ""mechanic"": 0, ""misc_value"": 14, ""points_per_level"": 0.0, ""radius_yards"": null, ""trigger_spell"": 0, ""type"": 6}",,2312,,,"{""AuraDescription_Lang_Mask"": 16712188, ""CastingTimeIndex"": 1, ""Description_Lang_Mask"": 16712190, ""Description_Lang_enUS"": ""Reduces the cooldown of your Mangle (Bear) ability by ${$m1/-1000}.1 sec., and reduces the energy cost of your Mangle (Cat) ability by $s2."", ""EffectChainAmplitude_1"": 1.0, ""EffectChainAmplitude_2"": 1.0, ""EffectChainAmplitude_3"": 1.0, ""EffectSpellClassMaskA_2"": 64, ""EffectSpellClassMaskB_2"": 1024, ""EquippedItemClass"": -1, ""NameSubtext_Lang_Mask"": 16712190, ""NameSubtext_Lang_enUS"": ""Rank 1"", ""Name_Lang_Mask"": 16712190, ""ProcChance"": 101, ""RangeIndex"": 1, ""SpellClassSet"": 7, ""SpellLevel"": 1, ""SpellPriority"": 50}",pulled from existing data
48535,Improved Tree of Life,1,0,0,464,0,0,0,0,0,0,0,0.0,,,"{""amplitude"": 0, ""apply_aura"": 142, ""base_points"": 66, ""chain_targets"": 0, ""die_sides"": 1, ""implicit_target_a"": 1, ""implicit_target_b"": 0, ""mechanic"": 0, ""misc_value"": 1, ""points_per_level"": 0.0, ""radius_yards"": null, ""trigger_spell"": 0, ""type"": 6}","{""amplitude"": 0, ""apply_aura"": 175, ""base_points"": 4, ""chain_targets"": 0, ""die_sides"": 1, ""implicit_target_a"": 1, ""implicit_target_b"": 0, ""mechanic"": 0, ""misc_value"": 4, ""points_per_level"": 0.0, ""radius_yards"": null, ""trigger_spell"": 0, ""type"": 6}",,2861,,,"{""AuraDescription_Lang_Mask"": 16712188, ""CastingTimeIndex"": 1, ""Description_Lang_Mask"": 16712190, ""Description_Lang_enUS"": ""Increases your armor contribution from items while in Tree of Life Form by $s1%, and increases your healing spell power by $s2% of your spirit while in Tree of Life Form."", ""EffectChainAmplitude_1"": 1.0, ""EffectChainAmplitude_2"": 1.0, ""EffectChainAmplitude_3"": 1.0, ""EffectSpellClassMaskA_2"": 1088, ""EffectSpellClassMaskB_2"": 134217728, ""EquippedItemClass"": -1, ""NameSubtext_Lang_Mask"": 16712190, ""NameSubtext_Lang_enUS"": ""Rank 1"", ""Name_Lang_Mask"": 16712190, ""ProcChance"": 101, ""RangeIndex"": 1, ""ShapeshiftMask"": 2, ""SpellClassSet"": 7, ""SpellLevel"": 1, ""SpellPriority"": 50}",pulled from existing data
48536,Improved Tree of Life,1,0,0,464,0,0,0,0,0,0,0,0.0,,,"{""amplitude"": 0, ""apply_aura"": 142, ""base_points"": 132, ""chain_targets"": 0, ""die_sides"": 1, ""implicit_target_a"": 1, ""implicit_target_b"": 0, ""mechanic"": 0, ""misc_value"": 1, ""points_per_level"": 0.0, ""radius_yards"": null, ""trigger_spell"": 0, ""type"": 6}","{""amplitude"": 0, ""apply_aura"": 175, ""base_points"": 9, ""chain_targets"": 0, ""die_sides"": 1, ""implicit_target_a"": 1, ""implicit_target_b"": 0, ""mechanic"": 0, ""misc_value"": 4, ""points_per_level"": 0.0, ""radius_yards"": null, ""trigger_spell"": 0, ""type"": 6}",,2861,,,"{""AuraDescription_Lang_Mask"": 16712188, ""CastingTimeIndex"": 1, ""Description_Lang_Mask"": 16712190, ""Description_Lang_enUS"": ""Increases your armor contribution from items while in Tree of Life Form by $s1%, and increases your healing spell power by $s2% of your spirit while in Tree of Life Form."", ""EffectChainAmplitude_1"": 1.0, ""EffectChainAmplitude_2"": 1.0, ""EffectChainAmplitude_3"": 1.0, ""EffectSpellClassMaskA_2"": 1088, ""EffectSpellClassMaskB_2"": 134217728, ""EquippedItemClass"": -1, ""NameSubtext_Lang_Mask"": 16712190, ""NameSubtext_Lang_enUS"": ""Rank 2"", ""Name_Lang_Mask"": 16712190, ""ProcChance"": 101, ""RangeIndex"": 1, ""ShapeshiftMask"": 2, ""SpellClassSet"": 7, ""SpellLevel"": 1, ""SpellPriority"": 50}",pulled from existing data
48537,Improved Tree of Life,1,0,0,464,0,0,0,0,0,0,0,0.0,,,"{""amplitude"": 0, ""apply_aura"": 142, ""base_points"": 199, ""chain_targets"": 0, ""die_sides"": 1, ""implicit_target_a"": 1, ""implicit_target_b"": 0, ""mechanic"": 0, ""misc_value"": 1, ""points_per_level"": 0.0, ""radius_yards"": null, ""trigger_spell"": 0, ""type"": 6}","{""amplitude"": 0, ""apply_aura"": 175, ""base_points"": 14, ""chain_targets"": 0, ""die_sides"": 1, ""implicit_target_a"": 1, ""implicit_target_b"": 0, ""mechanic"": 0, ""misc_value"": 4, ""points_per_level"": 0.0, ""radius_yards"": null, ""trigger_spell"": 0, ""type"": 6}",,2861,,,"{""AuraDescription_Lang_Mask"": 16712188, ""CastingTimeIndex"": 1, ""Description_Lang_Mask"": 16712190, ""Description_Lang_enUS"": ""Increases your armor contribution from items while in Tree of Life Form by $s1%, and increases your healing spell power by $s2% of your spirit while in Tree of Life Form."", ""EffectChainAmplitude_1"": 1.0, ""EffectChainAmplitude_2"": 1.0, ""EffectChainAmplitude_3"": 1.0, ""EffectSpellClassMaskA_2"": 1088, ""EffectSpellClassMaskB_2"": 134217728, ""EquippedItemClass"": -1, ""NameSubtext_Lang_Mask"": 16712190, ""NameSubtext_Lang_enUS"": ""Rank 3"", ""Name_Lang_Mask"": 16712190, ""ProcChance"": 101, ""RangeIndex"": 1, ""ShapeshiftMask"": 2, ""SpellClassSet"": 7, ""SpellLevel"": 1, ""SpellPriority"": 50}",pulled from existing data
48539,Revitalize,1,0,0,192,0,0,0,0,0,0,0,0.0,,,"{""amplitude"": 0, ""apply_aura"": 112, ""base_points"": 4, ""chain_targets"": 0, ""die_sides"": 1, ""implicit_target_a"": 1, ""implicit_target_b"": 0, ""mechanic"": 0, ""misc_value"": 7010, ""points_per_level"": 0.0, ""radius_yards"": null, ""trigger_spell"": 0, ""type"": 6}","{""amplitude"": 0, ""apply_aura"": 107, ""base_points"": 4, ""chain_targets"": 0, ""die_sides"": 1, ""implicit_target_a"": 1, ""implicit_target_b"": 0, ""mechanic"": 0, ""misc_value"": 12, ""points_per_level"": 0.0, ""radius_yards"": null, ""trigger_spell"": 0, ""type"": 6}",,2862,,,"{""AuraDescription_Lang_Mask"": 16712188, ""CastingTimeIndex"": 1, ""Description_Lang_Mask"": 16712190, ""Description_Lang_enUS"": ""Your Rejuvenation and Wild Growth spells have a $s1% chance to restore $48540s1 Energy, $/10;48541s1 Rage, $48542s1% Mana or $/10;48543s1 Runic Power per tick."", ""EffectChainAmplitude_1"": 1.0, ""EffectChainAmplitude_2"": 1.0, ""EffectChainAmplitude_3"": 1.0, ""EffectSpellClassMaskA_1"": 16, ""EffectSpellClassMaskB_2"": 67108864, ""EquippedItemClass"": -1, ""NameSubtext_Lang_Mask"": 16712190, ""NameSubtext_Lang_enUS"": ""Rank 1"", ""Name_Lang_Mask"": 16712190, ""ProcChance"": 101, ""RangeIndex"": 1, ""SpellClassSet"": 7}",pulled from existing data
48544,Revitalize,1,0,0,192,0,0,0,0,0,0,0,0.0,,,"{""amplitude"": 0, ""apply_aura"": 112, ""base_points"": 9, ""chain_targets"": 0, ""die_sides"": 1, ""implicit_target_a"": 1, ""implicit_target_b"": 0, ""mechanic"": 0, ""misc_value"": 7011, ""points_per_level"": 0.0, ""radius_yards"": null, ""trigger_spell"": 0, ""type"": 6}","{""amplitude"": 0, ""apply_aura"": 107, ""base_points"": 9, ""chain_targets"": 0, ""die_sides"": 1, ""implicit_target_a"": 1, ""implicit_target_b"": 0, ""mechanic"": 0, ""misc_value"": 12, ""points_per_level"": 0.0, ""radius_yards"": null, ""trigger_spell"": 0, ""type"": 6}",,2862,,,"{""AuraDescription_Lang_Mask"": 16712188, ""CastingTimeIndex"": 1, ""Description_Lang_Mask"": 16712190, ""Description_Lang_enUS"": ""Your Rejuvenation and Wild Growth spells have a $s1% chance to restore $48540s1 Energy, $/10;48541s1 Rage, $48542s1% Mana or $/10;48543s1 Runic Power per tick."", ""EffectChainAmplitude_1"": 1.0, ""EffectChainAmplitude_2"": 1.0, ""EffectChainAmplitude_3"": 1.0, ""EffectSpellClassMaskA_1"": 16, ""EffectSpellClassMaskB_2"": 67108864, ""EquippedItemClass"": -1, ""NameSubtext_Lang_Mask"": 16712190, ""NameSubtext_Lang_enUS"": ""Rank 2"", ""Name_Lang_Mask"": 16712190, ""ProcChance"": 101, ""RangeIndex"": 1, ""SpellClassSet"": 7}",pulled from existing data
48545,Revitalize,1,0,0,192,0,0,0,0,0,0,0,0.0,,,"{""amplitude"": 0, ""apply_aura"": 112, ""base_points"": 14, ""chain_targets"": 0, ""die_sides"": 1, ""implicit_target_a"": 1, ""implicit_target_b"": 0, ""mechanic"": 0, ""misc_value"": 7012, ""points_per_level"": 0.0, ""radius_yards"": null, ""trigger_spell"": 0, ""type"": 6}","{""amplitude"": 0, ""apply_aura"": 107, ""base_points"": 14, ""chain_targets"": 0, ""die_sides"": 1, ""implicit_target_a"": 1, ""implicit_target_b"": 0, ""mechanic"": 0, ""misc_value"": 12, ""points_per_level"": 0.0, ""radius_yards"": null, ""trigger_spell"": 0, ""type"": 6}",,2862,,,"{""AuraDescription_Lang_Mask"": 16712188, ""CastingTimeIndex"": 1, ""Description_Lang_Mask"": 16712190, ""Description_Lang_enUS"": ""Your Rejuvenation and Wild Growth spells have a $s1% chance to restore $48540s1 Energy, $/10;48541s1 Rage, $48542s1% Mana or $/10;48543s1 Runic Power per tick."", ""EffectChainAmplitude_1"": 1.0, ""EffectChainAmplitude_2"": 1.0, ""EffectChainAmplitude_3"": 1.0, ""EffectSpellClassMaskA_1"": 16, ""EffectSpellClassMaskB_2"": 67108864, ""EquippedItemClass"": -1, ""NameSubtext_Lang_Mask"": 16712190, ""NameSubtext_Lang_enUS"": ""Rank 3"", ""Name_Lang_Mask"": 16712190, ""ProcChance"": 101, ""RangeIndex"": 1, ""SpellClassSet"": 7}",pulled from existing data
49220,Impurity,1,0,0,464,0,0,0,0,0,0,0,0.0,,,"{""amplitude"": 0, ""apply_aura"": 0, ""base_points"": 3, ""chain_targets"": 0, ""die_sides"": 1, ""implicit_target_a"": 1, ""implicit_target_b"": 0, ""mechanic"": 0, ""misc_value"": 0, ""points_per_level"": 0.0, ""radius_yards"": null, ""trigger_spell"": 0, ""type"": 3}",,,1986,,,"{""AuraDescription_Lang_Mask"": 16712188, ""CastingTimeIndex"": 1, ""Description_Lang_Mask"": 16712190, ""Description_Lang_enUS"": ""The attack power bonus of your spells is increased by $49220s1%."", ""EffectChainAmplitude_1"": 1.0, ""EffectChainAmplitude_2"": 1.0, ""EffectChainAmplitude_3"": 1.0, ""EffectSpellClassMaskB_1"": 33554432, ""EquippedItemClass"": -1, ""NameSubtext_Lang_Mask"": 16712190, ""NameSubtext_Lang_enUS"": ""Rank 1"", ""Name_Lang_Mask"": 16712190, ""ProcChance"": 101, ""RangeIndex"": 1, ""SpellClassSet"": 7}",pulled from existing data
49633,Impurity,1,0,0,464,0,0,0,0,0,0,0,0.0,,,"{""amplitude"": 0, ""apply_aura"": 0, ""base_points"": 7, ""chain_targets"": 0, ""die_sides"": 1, ""implicit_target_a"": 1, ""implicit_target_b"": 0, ""mechanic"": 0, ""misc_value"": 0, ""points_per_level"": 0.0, ""radius_yards"": null, ""trigger_spell"": 0, ""type"": 3}",,,1986,,,"{""AuraDescription_Lang_Mask"": 16712188, ""CastingTimeIndex"": 1, ""Description_Lang_Mask"": 16712190, ""Description_Lang_enUS"": ""The attack power bonus of your spells is increased by $49633s1%."", ""EffectChainAmplitude_1"": 1.0, ""EffectChainAmplitude_2"": 1.0, ""EffectChainAmplitude_3"": 1.0, ""EffectSpellClassMaskB_1"": 33554432, ""EquippedItemClass"": -1, ""NameSubtext_Lang_Mask"": 16712190, ""NameSubtext_Lang_enUS"": ""Rank 2"", ""Name_Lang_Mask"": 16712190, ""ProcChance"": 101, ""RangeIndex"": 1, ""SpellClassSet"": 7}",pulled from existing data
49635,Impurity,1,0,0,464,0,0,0,0,0,0,0,0.0,,,"{""amplitude"": 0, ""apply_aura"": 0, ""base_points"": 11, ""chain_targets"": 0, ""die_sides"": 1, ""implicit_target_a"": 1, ""implicit_target_b"": 0, ""mechanic"": 0, ""misc_value"": 0, ""points_per_level"": 0.0, ""radius_yards"": null, ""trigger_spell"": 0, ""type"": 3}",,,1986,,,"{""AuraDescription_Lang_Mask"": 16712188, ""CastingTimeIndex"": 1, ""Description_Lang_Mask"": 16712190, ""Description_Lang_enUS"": ""The attack power bonus of your spells is increased by $49635s1%."", ""EffectChainAmplitude_1"": 1.0, ""EffectChainAmplitude_2"": 1.0, ""EffectChainAmplitude_3"": 1.0, ""EffectSpellClassMaskB_1"": 33554432, ""EquippedItemClass"": -1, ""NameSubtext_Lang_Mask"": 16712190, ""NameSubtext_Lang_enUS"": ""Rank 3"", ""Name_Lang_Mask"": 16712190, ""ProcChance"": 101, ""RangeIndex"": 1, ""SpellClassSet"": 7}",pulled from existing data
49636,Impurity,1,0,0,464,0,0,0,0,0,0,0,0.0,,,"{""amplitude"": 0, ""apply_aura"": 0, ""base_points"": 15, ""chain_targets"": 0, ""die_sides"": 1, ""implicit_target_a"": 1, ""implicit_target_b"": 0, ""mechanic"": 0, ""misc_value"": 0, ""points_per_level"": 0.0, ""radius_yards"": null, ""trigger_spell"": 0, ""type"": 3}",,,1986,,,"{""AuraDescription_Lang_Mask"": 16712188, ""CastingTimeIndex"": 1, ""Description_Lang_Mask"": 16712190, ""Description_Lang_enUS"": ""The attack power bonus of your spells is increased by $49636s1%."", ""EffectChainAmplitude_1"": 1.0, ""EffectChainAmplitude_2"": 1.0, ""EffectChainAmplitude_3"": 1.0, ""EffectSpellClassMaskB_1"": 33554432, ""EquippedItemClass"": -1, ""NameSubtext_Lang_Mask"": 16712190, ""NameSubtext_Lang_enUS"": ""Rank 4"", ""Name_Lang_Mask"": 16712190, ""ProcChance"": 101, ""RangeIndex"": 1, ""SpellClassSet"": 7}",pulled from existing data
49638,Impurity,1,0,0,464,0,0,0,0,0,0,0,0.0,,,"{""amplitude"": 0, ""apply_aura"": 0, ""base_points"": 19, ""chain_targets"": 0, ""die_sides"": 1, ""implicit_target_a"": 1, ""implicit_target_b"": 0, ""mechanic"": 0, ""misc_value"": 0, ""points_per_level"": 0.0, ""radius_yards"": null, ""trigger_spell"": 0, ""type"": 3}",,,1986,,,"{""AuraDescription_Lang_Mask"": 16712188, ""CastingTimeIndex"": 1, ""Description_Lang_Mask"": 16712190, ""Description_Lang_enUS"": ""Your spells receive an additional $49638s1% benefit from your attack power."", ""EffectChainAmplitude_1"": 1.0, ""EffectChainAmplitude_2"": 1.0, ""EffectChainAmplitude_3"": 1.0, ""EffectSpellClassMaskB_1"": 33554432, ""EquippedItemClass"": -1, ""NameSubtext_Lang_Mask"": 16712190, ""NameSubtext_Lang_enUS"": ""Rank 5"", ""Name_Lang_Mask"": 16712190, ""ProcChance"": 101, ""RangeIndex"": 1, ""SpellClassSet"": 7}",pulled from existing data
50334,Berserk,1,0,0,16,1208,0,180000,180000,3,0,0,0.0,,15000,"{""amplitude"": 0, ""apply_aura"": 108, ""base_points"": -51, ""chain_targets"": 0, ""die_sides"": 1, ""implicit_target_a"": 1, ""implicit_target_b"": 0, ""mechanic"": 0, ""misc_value"": 14, ""points_per_level"": 0.0, ""radius_yards"": null, ""trigger_spell"": 0, ""type"": 6}","{""amplitude"": 0, ""apply_aura"": 107, ""base_points"": -6001, ""chain_targets"": 0, ""die_sides"": 1, ""implicit_target_a"": 1, ""implicit_target_b"": 0, ""mechanic"": 0, ""misc_value"": 11, ""points_per_level"": 0.0, ""radius_yards"": null, ""trigger_spell"": 0, ""type"": 6}","{""amplitude"": 0, ""apply_aura"": 77, ""base_points"": 2, ""chain_targets"": 0, ""die_sides"": 1, ""implicit_target_a"": 1, ""implicit_target_b"": 0, ""mechanic"": 0, ""misc_value"": 5, ""points_per_level"": 0.0, ""radius_yards"": null, ""trigger_spell"": 0, ""type"": 6}",2852,,,"{""AttributesEx"": 163872, ""AttributesEx5"": 131072, ""AuraDescription_Lang_Mask"": 16712190, ""AuraDescription_Lang_enUS"": ""Immune to Fear effects."", ""BaseLevel"": 60, ""CastingTimeIndex"": 1, ""Description_Lang_Mask"": 16712190, ""Description_Lang_enUS"": ""When activated, this ability causes your Mangle (Bear) ability to hit up to $58923s1 targets and have no cooldown, and reduces the energy cost of all your Cat Form abilities by $s1%.  Lasts $d.  You cannot use Tiger's Fury while Berserk is active. \r\n\r\nClears the effect of Fear and makes you immune to Fear for the duration."", ""EffectBonusMultiplier_1"": 1.0, ""EffectChainAmplitude_1"": 1.0, ""EffectChainAmplitude_2"": 1.0, ""EffectChainAmplitude_3"": 1.0, ""EffectSpellClassMaskA_1"": 8622080, ""EffectSpellClassMaskA_2"": 805307520, ""EffectSpellClassMaskA_3"": 263200, ""EffectSpellClassMaskB_2"": 64, ""EffectSpellClassMaskC_2"": 64, ""EquippedItemClass"": -1, ""NameSubtext_Lang_Mask"": 16712188, ""Name_Lang_Mask"": 16712190, ""ProcChance"": 101, ""RangeIndex"": 1, ""SpellClassMask_3"": 64, ""SpellClassSet"": 7, ""SpellLevel"": 60, ""SpellVisualID_1"": 11566, ""StartRecoveryCategory"": 133, ""StartRecoveryTime"": 1000}",pulled from existing data
51179,Gift of the Earthmother,1,0,0,448,0,0,0,0,0,0,0,0.0,,,"{""amplitude"": 0, ""apply_aura"": 65, ""base_points"": 1, ""chain_targets"": 0, ""die_sides"": 1, ""implicit_target_a"": 1, ""implicit_target_b"": 0, ""mechanic"": 0, ""misc_value"": 21, ""points_per_level"": 0.0, ""radius_yards"": null, ""trigger_spell"": 0, ""type"": 6}","{""amplitude"": 0, ""apply_aura"": 107, ""base_points"": -31, ""chain_targets"": 0, ""die_sides"": 1, ""implicit_target_a"": 1, ""implicit_target_b"": 0, ""mechanic"": 0, ""misc_value"": 21, ""points_per_level"": 0.0, ""radius_yards"": null, ""trigger_spell"": 0, ""type"": 6}",,3186,,,"{""AuraDescription_Lang_Mask"": 16712188, ""CastingTimeIndex"": 1, ""Description_Lang_Mask"": 16712190, ""Description_Lang_enUS"": ""Increases your total spell haste by $s1% and reduces the base cooldown of your Lifebloom spell by ${$m2/-15}%."", ""EffectBonusMultiplier_1"": 1.0, ""EffectChainAmplitude_1"": 1.0, ""EffectChainAmplitude_2"": 1.0, ""EffectChainAmplitude_3"": 1.0, ""EffectSpellClassMaskA_1"": 16, ""EffectSpellClassMaskA_2"": 67108880, ""EffectSpellClassMaskB_2"": 16, ""EquippedItemClass"": -1, ""NameSubtext_Lang_Mask"": 16712190, ""NameSubtext_Lang_enUS"": ""Rank 1"", ""Name_Lang_Mask"": 16712190, ""ProcChance"": 101, ""RangeIndex"": 1, ""SpellClassSet"": 7}",pulled from existing data
51180,Gift of the Earthmother,1,0,0,448,0,0,0,0,0,0,0,0.0,,,"{""amplitude"": 0, ""apply_aura"": 65, ""base_points"": 3, ""chain_targets"": 0, ""die_sides"": 1, ""implicit_target_a"": 1, ""implicit_target_b"": 0, ""mechanic"": 0, ""misc_value"": 21, ""points_per_level"": 0.0, ""radius_yards"": null, ""trigger_spell"": 0, ""type"": 6}","{""amplitude"": 0, ""apply_aura"": 107, ""base_points"": -61, ""chain_targets"": 0, ""die_sides"": 1, ""implicit_target_a"": 1, ""implicit_target_b"": 0, ""mechanic"": 0, ""misc_value"": 21, ""points_per_level"": 0.0, ""radius_yards"": null, ""trigger_spell"": 0, ""type"": 6}",,3186,,,"{""AuraDescription_Lang_Mask"": 16712188, ""CastingTimeIndex"": 1, ""Description_Lang_Mask"": 16712190, ""Description_Lang_enUS"": ""Increases your total spell haste by $s1% and reduces the base cooldown of your Lifebloom spell by ${$m2/-15}%."", ""EffectBonusMultiplier_1"": 1.0, ""EffectChainAmplitude_1"": 1.0, ""EffectChainAmplitude_2"": 1.0, ""EffectChainAmplitude_3"": 1.0, ""EffectSpellClassMaskA_1"": 16, ""EffectSpellClassMaskA_2"": 67108880, ""EffectSpellClassMaskB_2"": 16, ""EquippedItemClass"": -1, ""NameSubtext_Lang_Mask"": 16712190, ""NameSubtext_Lang_enUS"": ""Rank 2"", ""Name_Lang_Mask"": 16712190, ""ProcChance"": 101, ""RangeIndex"": 1, ""SpellClassSet"": 7}",pulled from existing data
51181,Gift of the Earthmother,1,0,0,448,0,0,0,0,0,0,0,0.0,,,"{""amplitude"": 0, ""apply_aura"": 65, ""base_points"": 5, ""chain_targets"": 0, ""die_sides"": 1, ""implicit_target_a"": 1, ""implicit_target_b"": 0, ""mechanic"": 0, ""misc_value"": 21, ""points_per_level"": 0.0, ""radius_yards"": null, ""trigger_spell"": 0, ""type"": 6}","{""amplitude"": 0, ""apply_aura"": 107, ""base_points"": -91, ""chain_targets"": 0, ""die_sides"": 1, ""implicit_target_a"": 1, ""implicit_target_b"": 0, ""mechanic"": 0, ""misc_value"": 21, ""points_per_level"": 0.0, ""radius_yards"": null, ""trigger_spell"": 0, ""type"": 6}",,3186,,,"{""AuraDescription_Lang_Mask"": 16712188, ""CastingTimeIndex"": 1, ""Description_Lang_Mask"": 16712190, ""Description_Lang_enUS"": ""Increases your total spell haste by $s1% and reduces the base cooldown of your Lifebloom spell by ${$m2/-15}%."", ""EffectBonusMultiplier_1"": 1.0, ""EffectChainAmplitude_1"": 1.0, ""EffectChainAmplitude_2"": 1.0, ""EffectChainAmplitude_3"": 1.0, ""EffectSpellClassMaskA_1"": 16, ""EffectSpellClassMaskA_2"": 67108880, ""EffectSpellClassMaskB_2"": 16, ""EquippedItemClass"": -1, ""NameSubtext_Lang_Mask"": 16712190, ""NameSubtext_Lang_enUS"": ""Rank 3"", ""Name_Lang_Mask"": 16712190, ""ProcChance"": 101, ""RangeIndex"": 1, ""SpellClassSet"": 7}",pulled from existing data
51182,Gift of the Earthmother,1,0,0,448,0,0,0,0,0,0,0,0.0,,,"{""amplitude"": 0, ""apply_aura"": 65, ""base_points"": 7, ""chain_targets"": 0, ""die_sides"": 1, ""implicit_target_a"": 1, ""implicit_target_b"": 0, ""mechanic"": 0, ""misc_value"": 21, ""points_per_level"": 0.0, ""radius_yards"": null, ""trigger_spell"": 0, ""type"": 6}","{""amplitude"": 0, ""apply_aura"": 107, ""base_points"": -121, ""chain_targets"": 0, ""die_sides"": 1, ""implicit_target_a"": 1, ""implicit_target_b"": 0, ""mechanic"": 0, ""misc_value"": 21, ""points_per_level"": 0.0, ""radius_yards"": null, ""trigger_spell"": 0, ""type"": 6}",,3186,,,"{""AuraDescription_Lang_Mask"": 16712188, ""CastingTimeIndex"": 1, ""Description_Lang_Mask"": 16712190, ""Description_Lang_enUS"": ""Increases your total spell haste by $s1% and reduces the base cooldown of your Lifebloom spell by ${$m2/-15}%."", ""EffectBonusMultiplier_1"": 1.0, ""EffectChainAmplitude_1"": 1.0, ""EffectChainAmplitude_2"": 1.0, ""EffectChainAmplitude_3"": 1.0, ""EffectSpellClassMaskA_1"": 16, ""EffectSpellClassMaskA_2"": 67108880, ""EffectSpellClassMaskB_2"": 16, ""EquippedItemClass"": -1, ""NameSubtext_Lang_Mask"": 16712190, ""NameSubtext_Lang_enUS"": ""Rank 4"", ""Name_Lang_Mask"": 16712190, ""ProcChance"": 101, ""RangeIndex"": 1, ""SpellClassSet"": 7}",pulled from existing data
51183,Gift of the Earthmother,1,0,0,448,0,0,0,0,0,0,0,0.0,,,"{""amplitude"": 0, ""apply_aura"": 65, ""base_points"": 9, ""chain_targets"": 0, ""die_sides"": 1, ""implicit_target_a"": 1, ""implicit_target_b"": 0, ""mechanic"": 0, ""misc_value"": 21, ""points_per_level"": 0.0, ""radius_yards"": null, ""trigger_spell"": 0, ""type"": 6}","{""amplitude"": 0, ""apply_aura"": 107, ""base_points"": -151, ""chain_targets"": 0, ""die_sides"": 1, ""implicit_target_a"": 1, ""implicit_target_b"": 0, ""mechanic"": 0, ""misc_value"": 21, ""points_per_level"": 0.0, ""radius_yards"": null, ""trigger_spell"": 0, ""type"": 6}",,3186,,,"{""AuraDescription_Lang_Mask"": 16712188, ""CastingTimeIndex"": 1, ""Description_Lang_Mask"": 16712190, ""Description_Lang_enUS"": ""Increases your total spell haste by $s1% and reduces the base cooldown of your Lifebloom spell by ${$m2/-15}%."", ""EffectBonusMultiplier_1"": 1.0, ""EffectChainAmplitude_1"": 1.0, ""EffectChainAmplitude_2"": 1.0, ""EffectChainAmplitude_3"": 1.0, ""EffectSpellClassMaskA_1"": 16, ""EffectSpellClassMaskA_2"": 67108880, ""EffectSpellClassMaskB_2"": 16, ""EquippedItemClass"": -1, ""NameSubtext_Lang_Mask"": 16712190, ""NameSubtext_Lang_enUS"": ""Rank 5"", ""Name_Lang_Mask"": 16712190, ""ProcChance"": 101, ""RangeIndex"": 1, ""SpellClassSet"": 7}",pulled from existing data
51268,Rend and Tear,1,0,0,448,0,0,0,0,0,0,0,0.0,,,"{""amplitude"": 0, ""apply_aura"": 4, ""base_points"": 15, ""chain_targets"": 0, ""die_sides"": 1, ""implicit_target_a"": 1, ""implicit_target_b"": 0, ""mechanic"": 0, ""misc_value"": 7, ""points_per_level"": 0.0, ""radius_yards"": null, ""trigger_spell"": 0, ""type"": 6}","{""amplitude"": 0, ""apply_aura"": 4, ""base_points"": 19, ""chain_targets"": 0, ""die_sides"": 1, ""implicit_target_a"": 1, ""implicit_target_b"": 0, ""mechanic"": 0, ""misc_value"": 0, ""points_per_level"": 0.0, ""radius_yards"": null, ""trigger_spell"": 0, ""type"": 6}",,2859,,,"{""AttributesEx3"": 67108864, ""AuraDescription_Lang_Mask"": 16712188, ""CastingTimeIndex"": 1, ""Description_Lang_Mask"": 16712190, ""Description_Lang_enUS"": ""Increases damage done by your Maul and Shred attacks on bleeding targets by $s1%, and increases the critical strike chance of your Ferocious Bite ability on bleeding targets by $s2%."", ""EffectBonusMultiplier_3"": 1.0, ""EffectChainAmplitude_1"": 1.0, ""EffectChainAmplitude_2"": 1.0, ""EffectChainAmplitude_3"": 1.0, ""EffectSpellClassMaskA_1"": 34816, ""EquippedItemClass"": -1, ""NameSubtext_Lang_Mask"": 16712190, ""NameSubtext_Lang_enUS"": ""Rank 4"", ""Name_Lang_Mask"": 16712190, ""ProcChance"": 101, ""RangeIndex"": 1, ""SpellClassSet"": 7}",pulled from existing data
51269,Rend and Tear,1,0,0,448,0,0,0,0,0,0,0,0.0,,,"{""amplitude"": 0, ""apply_aura"": 4, ""base_points"": 19, ""chain_targets"": 0, ""die_sides"": 1, ""implicit_target_a"": 1, ""implicit_target_b"": 0, ""mechanic"": 0, ""misc_value"": 7, ""points_per_level"": 0.0, ""radius_yards"": null, ""trigger_spell"": 0, ""type"": 6}","{""amplitude"": 0, ""apply_aura"": 4, ""base_points"": 24, ""chain_targets"": 0, ""die_sides"": 1, ""implicit_target_a"": 1, ""implicit_target_b"": 0, ""mechanic"": 0, ""misc_value"": 0, ""points_per_level"": 0.0, ""radius_yards"": null, ""trigger_spell"": 0, ""type"": 6}",,2859,,,"{""AttributesEx3"": 67108864, ""AuraDescription_Lang_Mask"": 16712188, ""CastingTimeIndex"": 1, ""Description_Lang_Mask"": 16712190, ""Description_Lang_enUS"": ""Increases damage done by your Maul and Shred attacks on bleeding targets by $s1%, and increases the critical strike chance of your Ferocious Bite ability on bleeding targets by $s2%."", ""EffectBonusMultiplier_3"": 1.0, ""EffectChainAmplitude_1"": 1.0, ""EffectChainAmplitude_2"": 1.0, ""EffectChainAmplitude_3"": 1.0, ""EffectSpellClassMaskA_1"": 34816, ""EquippedItemClass"": -1, ""NameSubtext_Lang_Mask"": 16712190, ""NameSubtext_Lang_enUS"": ""Rank 5"", ""Name_Lang_Mask"": 16712190, ""ProcChance"": 101, ""RangeIndex"": 1, ""SpellClassSet"": 7}",pulled from existing data
57810,Genesis,1,0,0,464,0,0,0,0,0,0,0,0.0,,,"{""amplitude"": 0, ""apply_aura"": 108, ""base_points"": 0, ""chain_targets"": 0, ""die_sides"": 1, ""implicit_target_a"": 1, ""implicit_target_b"": 0, ""mechanic"": 0, ""misc_value"": 22, ""points_per_level"": 0.0, ""radius_yards"": null, ""trigger_spell"": 0, ""type"": 6}","{""amplitude"": 0, ""apply_aura"": 108, ""base_points"": 0, ""chain_targets"": 0, ""die_sides"": 1, ""implicit_target_a"": 1, ""implicit_target_b"": 0, ""mechanic"": 0, ""misc_value"": 0, ""points_per_level"": 0.0, ""radius_yards"": null, ""trigger_spell"": 0, ""type"": 6}",,1957,,,"{""AuraDescription_Lang_Mask"": 16712188, ""CastingTimeIndex"": 1, ""Description_Lang_Mask"": 16712190, ""Description_Lang_enUS"": ""Increases the damage and healing done by your periodic spell damage and healing effects by $s1%."", ""EffectBonusMultiplier_1"": 1.0, ""EffectBonusMultiplier_3"": 1.0, ""EffectChainAmplitude_1"": 1.0, ""EffectChainAmplitude_2"": 1.0, ""EffectChainAmplitude_3"": 1.0, ""EffectSpellClassMaskA_1"": 2097746, ""EffectSpellClassMaskA_2"": 67108880, ""EffectSpellClassMaskB_1"": 4194432, ""EquippedItemClass"": -1, ""NameSubtext_Lang_Mask"": 16712190, ""NameSubtext_Lang_enUS"": ""Rank 1"", ""Name_Lang_Mask"": 16712190, ""ProcChance"": 101, ""RangeIndex"": 1, ""SpellClassSet"": 7}",pulled from existing data
57811,Genesis,1,0,0,464,0,0,0,0,0,0,0,0.0,,,"{""amplitude"": 0, ""apply_aura"": 108, ""base_points"": 1, ""chain_targets"": 0, ""die_sides"": 1, ""implicit_target_a"": 1, ""implicit_target_b"": 0, ""mechanic"": 0, ""misc_value"": 22, ""points_per_level"": 0.0, ""radius_yards"": null, ""trigger_spell"": 0, ""type"": 6}","{""amplitude"": 0, ""apply_aura"": 108, ""base_points"": 1, ""chain_targets"": 0, ""die_sides"": 1, ""implicit_target_a"": 1, ""implicit_target_b"": 0, ""mechanic"": 0, ""misc_value"": 0, ""points_per_level"": 0.0, ""radius_yards"": null, ""trigger_spell"": 0, ""type"": 6}",,1957,,,"{""AuraDescription_Lang_Mask"": 16712188, ""CastingTimeIndex"": 1, ""Description_Lang_Mask"": 16712190, ""Description_Lang_enUS"": ""Increases the damage and healing done by your periodic spell damage and healing effects by $s1%."", ""EffectBonusMultiplier_1"": 1.0, ""EffectBonusMultiplier_3"": 1.0, ""EffectChainAmplitude_1"": 1.0, ""EffectChainAmplitude_2"": 1.0, ""EffectChainAmplitude_3"": 1.0, ""EffectSpellClassMaskA_1"": 6292178, ""EffectSpellClassMaskA_2"": 67108880, ""EffectSpellClassMaskB_1"": 4194432, ""EquippedItemClass"": -1, ""NameSubtext_Lang_Mask"": 16712190, ""NameSubtext_Lang_enUS"": ""Rank 2"", ""Name_Lang_Mask"": 16712190, ""ProcChance"": 101, ""RangeIndex"": 1, ""SpellClassSet"": 7}",pulled from existing data
57812,Genesis,1,0,0,464,0,0,0,0,0,0,0,0.0,,,"{""amplitude"": 0, ""apply_aura"": 108, ""base_points"": 2, ""chain_targets"": 0, ""die_sides"": 1, ""implicit_target_a"": 1, ""implicit_target_b"": 0, ""mechanic"": 0, ""misc_value"": 22, ""points_per_level"": 0.0, ""radius_yards"": null, ""trigger_spell"": 0, ""type"": 6}","{""amplitude"": 0, ""apply_aura"": 108, ""base_points"": 2, ""chain_targets"": 0, ""die_sides"": 1, ""implicit_target_a"": 1, ""implicit_target_b"": 0, ""mechanic"": 0, ""misc_value"": 0, ""points_per_level"": 0.0, ""radius_yards"": null, ""trigger_spell"": 0, ""type"": 6}",,1957,,,"{""AuraDescription_Lang_Mask"": 16712188, ""CastingTimeIndex"": 1, ""Description_Lang_Mask"": 16712190, ""Description_Lang_enUS"": ""Increases the damage and healing done by your periodic spell damage and healing effects by $s1%."", ""EffectBonusMultiplier_1"": 1.0, ""EffectBonusMultiplier_3"": 1.0, ""EffectChainAmplitude_1"": 1.0, ""EffectChainAmplitude_2"": 1.0, ""EffectChainAmplitude_3"": 1.0, ""EffectSpellClassMaskA_1"": 2097746, ""EffectSpellClassMaskA_2"": 67108880, ""EffectSpellClassMaskB_1"": 4194432, ""EquippedItemClass"": -1, ""NameSubtext_Lang_Mask"": 16712190, ""NameSubtext_Lang_enUS"": ""Rank 3"", ""Name_Lang_Mask"": 16712190, ""ProcChance"": 101, ""RangeIndex"": 1, ""SpellClassSet"": 7}",pulled from existing data
57813,Genesis,1,0,0,464,0,0,0,0,0,0,0,0.0,,,"{""amplitude"": 0, ""apply_aura"": 108, ""base_points"": 3, ""chain_targets"": 0, ""die_sides"": 1, ""implicit_target_a"": 1, ""implicit_target_b"": 0, ""mechanic"": 0, ""misc_value"": 22, ""points_per_level"": 0.0, ""radius_yards"": null, ""trigger_spell"": 0, ""type"": 6}","{""amplitude"": 0, ""apply_aura"": 108, ""base_points"": 3, ""chain_targets"": 0, ""die_sides"": 1, ""implicit_target_a"": 1, ""implicit_target_b"": 0, ""mechanic"": 0, ""misc_value"": 0, ""points_per_level"": 0.0, ""radius_yards"": null, ""trigger_spell"": 0, ""type"": 6}",,1957,,,"{""AuraDescription_Lang_Mask"": 16712188, ""CastingTimeIndex"": 1, ""Description_Lang_Mask"": 16712190, ""Description_Lang_enUS"": ""Increases the damage and healing done by your periodic spell damage and healing effects by $s1%."", ""EffectBonusMultiplier_1"": 1.0, ""EffectBonusMultiplier_3"": 1.0, ""EffectChainAmplitude_1"": 1.0, ""EffectChainAmplitude_2"": 1.0, ""EffectChainAmplitude_3"": 1.0, ""EffectSpellClassMaskA_1"": 2097746, ""EffectSpellClassMaskA_2"": 67108880, ""EffectSpellClassMaskB_1"": 4194432, ""EquippedItemClass"": -1, ""NameSubtext_Lang_Mask"": 16712190, ""NameSubtext_Lang_enUS"": ""Rank 4"", ""Name_Lang_Mask"": 16712190, ""ProcChance"": 101, ""RangeIndex"": 1, ""SpellClassSet"": 7}",pulled from existing data
57814,Genesis,1,0,0,464,0,0,0,0,0,0,0,0.0,,,"{""amplitude"": 0, ""apply_aura"": 108, ""base_points"": 4, ""chain_targets"": 0, ""die_sides"": 1, ""implicit_target_a"": 1, ""implicit_target_b"": 0, ""mechanic"": 0, ""misc_value"": 22, ""points_per_level"": 0.0, ""radius_yards"": null, ""trigger_spell"": 0, ""type"": 6}","{""amplitude"": 0, ""apply_aura"": 108, ""base_points"": 4, ""chain_targets"": 0, ""die_sides"": 1, ""implicit_target_a"": 1, ""implicit_target_b"": 0, ""mechanic"": 0, ""misc_value"": 0, ""points_per_level"": 0.0, ""radius_yards"": null, ""trigger_spell"": 0, ""type"": 6}",,1957,,,"{""AuraDescription_Lang_Mask"": 16712188, ""CastingTimeIndex"": 1, ""Description_Lang_Mask"": 16712190, ""Description_Lang_enUS"": ""Increases the damage and healing done by your periodic spell damage and healing effects by $s1%."", ""EffectBonusMultiplier_1"": 1.0, ""EffectBonusMultiplier_3"": 1.0, ""EffectChainAmplitude_1"": 1.0, ""EffectChainAmplitude_2"": 1.0, ""EffectChainAmplitude_3"": 1.0, ""EffectSpellClassMaskA_1"": 2097746, ""EffectSpellClassMaskA_2"": 67108880, ""EffectSpellClassMaskB_1"": 4194432, ""EquippedItemClass"": -1, ""NameSubtext_Lang_Mask"": 16712190, ""NameSubtext_Lang_enUS"": ""Rank 5"", ""Name_Lang_Mask"": 16712190, ""ProcChance"": 101, ""RangeIndex"": 1, ""SpellClassSet"": 7}",pulled from existing data
57849,Improved Insect Swarm,1,0,0,464,0,0,0,0,0,0,0,0.0,,,"{""amplitude"": 0, ""apply_aura"": 4, ""base_points"": 0, ""chain_targets"": 0, ""die_sides"": 1, ""implicit_target_a"": 1, ""implicit_target_b"": 0, ""mechanic"": 0, ""misc_value"": 22, ""points_per_level"": 0.0, ""radius_yards"": null, ""trigger_spell"": 0, ""type"": 6}","{""amplitude"": 0, ""apply_aura"": 4, ""base_points"": 0, ""chain_targets"": 0, ""die_sides"": 1, ""implicit_target_a"": 1, ""implicit_target_b"": 0, ""mechanic"": 0, ""misc_value"": 0, ""points_per_level"": 0.0, ""radius_yards"": null, ""trigger_spell"": 0, ""type"": 6}",,1771,,,"{""AuraDescription_Lang_Mask"": 16712188, ""CastingTimeIndex"": 1, ""Description_Lang_Mask"": 16712190, ""Description_Lang_enUS"": ""Increases your damage done by your Wrath spell to targets afflicted by your Insect Swarm by $s1%, and increases the critical strike chance of your Starfire spell by $s2% on targets afflicted by your Moonfire spell."", ""EffectBonusMultiplier_1"": 1.0, ""EffectBonusMultiplier_3"": 1.0, ""EffectChainAmplitude_1"": 1.0, ""EffectChainAmplitude_2"": 1.0, ""EffectChainAmplitude_3"": 1.0, ""EffectSpellClassMaskA_1"": 6291666, ""EffectSpellClassMaskA_2"": 67108880, ""EquippedItemClass"": -1, ""NameSubtext_Lang_Mask"": 16712190, ""NameSubtext_Lang_enUS"": ""Rank 1"", ""Name_Lang_Mask"": 16712190, ""ProcChance"": 101, ""RangeIndex"": 1, ""SpellClassSet"": 7}",pulled from existing data
57850,Improved Insect Swarm,1,0,0,464,0,0,0,0,0,0,0,0.0,,,"{""amplitude"": 0, ""apply_aura"": 4, ""base_points"": 1, ""chain_targets"": 0, ""die_sides"": 1, ""implicit_target_a"": 1, ""implicit_target_b"": 0, ""mechanic"": 0, ""misc_value"": 22, ""points_per_level"": 0.0, ""radius_yards"": null, ""trigger_spell"": 0, ""type"": 6}","{""amplitude"": 0, ""apply_aura"": 4, ""base_points"": 1, ""chain_targets"": 0, ""die_sides"": 1, ""implicit_target_a"": 1, ""implicit_target_b"": 0, ""mechanic"": 0, ""misc_value"": 0, ""points_per_level"": 0.0, ""radius_yards"": null, ""trigger_spell"": 0, ""type"": 6}",,1771,,,"{""AuraDescription_Lang_Mask"": 16712188, ""CastingTimeIndex"": 1, ""Description_Lang_Mask"": 16712190, ""Description_Lang_enUS"": ""Increases your damage done by your Wrath spell to targets afflicted by your Insect Swarm by $s1%, and increases the critical strike chance of your Starfire spell by $s2% on targets afflicted by your Moonfire spell."", ""EffectBonusMultiplier_1"": 1.0, ""EffectBonusMultiplier_3"": 1.0, ""EffectChainAmplitude_1"": 1.0, ""EffectChainAmplitude_2"": 1.0, ""EffectChainAmplitude_3"": 1.0, ""EffectSpellClassMaskA_1"": 6291666, ""EffectSpellClassMaskA_2"": 67108880, ""EquippedItemClass"": -1, ""NameSubtext_Lang_Mask"": 16712190, ""NameSubtext_Lang_enUS"": ""Rank 2"", ""Name_Lang_Mask"": 16712190, ""ProcChance"": 101, ""RangeIndex"": 1, ""SpellClassSet"": 7}",pulled from existing data
57851,Improved Insect Swarm,1,0,0,464,0,0,0,0,0,0,0,0.0,,,"{""amplitude"": 0, ""apply_aura"": 4, ""base_points"": 2, ""chain_targets"": 0, ""die_sides"": 1, ""implicit_target_a"": 1, ""implicit_target_b"": 0, ""mechanic"": 0, ""misc_value"": 22, ""points_per_level"": 0.0, ""radius_yards"": null, ""trigger_spell"": 0, ""type"": 6}","{""amplitude"": 0, ""apply_aura"": 4, ""base_points"": 2, ""chain_targets"": 0, ""die_sides"": 1, ""implicit_target_a"": 1, ""implicit_target_b"": 0, ""mechanic"": 0, ""misc_value"": 0, ""points_per_level"": 0.0, ""radius_yards"": null, ""trigger_spell"": 0, ""type"": 6}",,1771,,,"{""AuraDescription_Lang_Mask"": 16712188, ""CastingTimeIndex"": 1, ""Description_Lang_Mask"": 16712190, ""Description_Lang_enUS"": ""Increases your damage done by your Wrath spell to targets afflicted by your Insect Swarm by $s1%, and increases the critical strike chance of your Starfire spell by $s2% on targets afflicted by your Moonfire spell."", ""EffectBonusMultiplier_1"": 1.0, ""EffectBonusMultiplier_3"": 1.0, ""EffectChainAmplitude_1"": 1.0, ""EffectChainAmplitude_2"": 1.0, ""EffectChainAmplitude_3"": 1.0, ""EffectSpellClassMaskA_1"": 6291666, ""EffectSpellClassMaskA_2"": 67108880, ""EquippedItemClass"": -1, ""NameSubtext_Lang_Mask"": 16712190, ""NameSubtext_Lang_enUS"": ""Rank 3"", ""Name_Lang_Mask"": 16712190, ""ProcChance"": 101, ""RangeIndex"": 1, ""SpellClassSet"": 7}",pulled from existing data
57865,Nature's Splendor,1,0,0,464,0,0,0,0,0,0,0,0.0,,,"{""amplitude"": 0, ""apply_aura"": 107, ""base_points"": 2999, ""chain_targets"": 0, ""die_sides"": 1, ""implicit_target_a"": 1, ""implicit_target_b"": 0, ""mechanic"": 0, ""misc_value"": 1, ""points_per_level"": 0.0, ""radius_yards"": null, ""trigger_spell"": 0, ""type"": 6}","{""amplitude"": 0, ""apply_aura"": 107, ""base_points"": 5999, ""chain_targets"": 0, ""die_sides"": 1, ""implicit_target_a"": 1, ""implicit_target_b"": 0, ""mechanic"": 0, ""misc_value"": 1, ""points_per_level"": 0.0, ""radius_yards"": null, ""trigger_spell"": 0, ""type"": 6}","{""amplitude"": 0, ""apply_aura"": 107, ""base_points"": 1999, ""chain_targets"": 0, ""die_sides"": 1, ""implicit_target_a"": 1, ""implicit_target_b"": 0, ""mechanic"": 0, ""misc_value"": 1, ""points_per_level"": 0.0, ""radius_yards"": null, ""trigger_spell"": 0, ""type"": 6}",2013,,,"{""AuraDescription_Lang_Mask"": 16712188, ""CastingTimeIndex"": 1, ""Description_Lang_Mask"": 16712190, ""Description_Lang_enUS"": ""Increases the duration of your Moonfire and Rejuvenation spells by ${$m1/1000} sec, your Regrowth spell by ${$m2/1000} sec, and your Insect Swarm and Lifebloom spells by ${$m3/1000} sec."", ""EffectBonusMultiplier_1"": 1.0, ""EffectChainAmplitude_1"": 1.0, ""EffectChainAmplitude_2"": 1.0, ""EffectChainAmplitude_3"": 1.0, ""EffectSpellClassMaskA_1"": 18, ""EffectSpellClassMaskB_1"": 64, ""EffectSpellClassMaskC_1"": 2097152, ""EffectSpellClassMaskC_2"": 16, ""EquippedItemClass"": -1, ""NameSubtext_Lang_Mask"": 16712190, ""NameSubtext_Lang_enUS"": ""Rank 1"", ""Name_Lang_Mask"": 16712190, ""ProcChance"": 101, ""RangeIndex"": 1, ""SpellClassSet"": 7}",pulled from existing data
57873,Protector of the Pack,1,0,0,464,0,0,0,0,0,0,0,0.0,,,"{""amplitude"": 0, ""apply_aura"": 166, ""base_points"": 1, ""chain_targets"": 0, ""die_sides"": 1, ""implicit_target_a"": 1, ""implicit_target_b"": 0, ""mechanic"": 0, ""misc_value"": 23, ""points_per_level"": 0.0, ""radius_yards"": null, ""trigger_spell"": 0, ""type"": 6}","{""amplitude"": 0, ""apply_aura"": 87, ""base_points"": -5, ""chain_targets"": 0, ""die_sides"": 1, ""implicit_target_a"": 1, ""implicit_target_b"": 0, ""mechanic"": 0, ""misc_value"": 127, ""points_per_level"": 0.0, ""radius_yards"": null, ""trigger_spell"": 0, ""type"": 6}",,957,,,"{""AuraDescription_Lang_Mask"": 16712188, ""CastingTimeIndex"": 1, ""Description_Lang_Mask"": 16712190, ""Description_Lang_enUS"": ""Increases your attack power by $s1% and reduces the damage you take by $s2%, while in Bear or Dire Bear Form."", ""EffectBonusMultiplier_3"": 1.0, ""EffectChainAmplitude_1"": 1.0, ""EffectChainAmplitude_2"": 1.0, ""EffectChainAmplitude_3"": 1.0, ""EffectSpellClassMaskA_3"": 2, ""EquippedItemClass"": -1, ""NameSubtext_Lang_Mask"": 16712190, ""NameSubtext_Lang_enUS"": ""Rank 1"", ""Name_Lang_Mask"": 16712190, ""ProcChance"": 101, ""RangeIndex"": 1, ""ShapeshiftMask"": 144, ""SpellClassSet"": 7}",pulled from existing data
57876,Protector of the Pack,1,0,0,464,0,0,0,0,0,0,0,0.0,,,"{""amplitude"": 0, ""apply_aura"": 166, ""base_points"": 3, ""chain_targets"": 0, ""die_sides"": 1, ""implicit_target_a"": 1, ""implicit_target_b"": 0, ""mechanic"": 0, ""misc_value"": 23, ""points_per_level"": 0.0, ""radius_yards"": null, ""trigger_spell"": 0, ""type"": 6}","{""amplitude"": 0, ""apply_aura"": 87, ""base_points"": -9, ""chain_targets"": 0, ""die_sides"": 1, ""implicit_target_a"": 1, ""implicit_target_b"": 0, ""mechanic"": 0, ""misc_value"": 127, ""points_per_level"": 0.0, ""radius_yards"": null, ""trigger_spell"": 0, ""type"": 6}",,957,,,"{""AuraDescription_Lang_Mask"": 16712188, ""CastingTimeIndex"": 1, ""Description_Lang_Mask"": 16712190, ""Description_Lang_enUS"": ""Increases your attack power by $s1% and reduces the damage you take by $s2%, while in Bear or Dire Bear Form."", ""EffectBonusMultiplier_3"": 1.0, ""EffectChainAmplitude_1"": 1.0, ""EffectChainAmplitude_2"": 1.0, ""EffectChainAmplitude_3"": 1.0, ""EffectSpellClassMaskA_3"": 2, ""EquippedItemClass"": -1, ""NameSubtext_Lang_Mask"": 16712190, ""NameSubtext_Lang_enUS"": ""Rank 2"", ""Name_Lang_Mask"": 16712190, ""ProcChance"": 101, ""RangeIndex"": 1, ""ShapeshiftMask"": 144, ""SpellClassSet"": 7}",pulled from existing data
57877,Protector of the Pack,1,0,0,464,0,0,0,0,0,0,0,0.0,,,"{""amplitude"": 0, ""apply_aura"": 166, ""base_points"": 5, ""chain_targets"": 0, ""die_sides"": 1, ""implicit_target_a"": 1, ""implicit_target_b"": 0, ""mechanic"": 0, ""misc_value"": 23, ""points_per_level"": 0.0, ""radius_yards"": null, ""trigger_spell"": 0, ""type"": 6}","{""amplitude"": 0, ""apply_aura"": 87, ""base_points"": -13, ""chain_targets"": 0, ""die_sides"": 1, ""implicit_target_a"": 1, ""implicit_target_b"": 0, ""mechanic"": 0, ""misc_value"": 127, ""points_per_level"": 0.0, ""radius_yards"": null, ""trigger_spell"": 0, ""type"": 6}",,957,,,"{""AuraDescription_Lang_Mask"": 16712188, ""CastingTimeIndex"": 1, ""Description_Lang_Mask"": 16712190, ""Description_Lang_enUS"": ""Increases your attack power by $s1% and reduces the damage you take by $s2%, while in Bear or Dire Bear Form."", ""EffectBonusMultiplier_3"": 1.0, ""EffectChainAmplitude_1"": 1.0, ""EffectChainAmplitude_2"": 1.0, ""EffectChainAmplitude_3"": 1.0, ""EffectSpellClassMaskA_3"": 2, ""EquippedItemClass"": -1, ""NameSubtext_Lang_Mask"": 16712190, ""NameSubtext_Lang_enUS"": ""Rank 3"", ""Name_Lang_Mask"": 16712190, ""ProcChance"": 101, ""RangeIndex"": 1, ""ShapeshiftMask"": 144, ""SpellClassSet"": 7}",pulled from existing data
57878,Natural Reaction,1,0,0,464,0,0,0,0,0,0,0,0.0,,,"{""amplitude"": 0, ""apply_aura"": 49, ""base_points"": 1, ""chain_targets"": 0, ""die_sides"": 1, ""implicit_target_a"": 1, ""implicit_target_b"": 0, ""mechanic"": 0, ""misc_value"": 12, ""points_per_level"": 0.0, ""radius_yards"": null, ""trigger_spell"": 0, ""type"": 6}","{""amplitude"": 0, ""apply_aura"": 42, ""base_points"": 0, ""chain_targets"": 0, ""die_sides"": 1, ""implicit_target_a"": 1, ""implicit_target_b"": 0, ""mechanic"": 0, ""misc_value"": 0, ""points_per_level"": 0.0, ""radius_yards"": null, ""trigger_spell"": 57893, ""type"": 6}",,50,,,"{""AuraDescription_Lang_Mask"": 16712188, ""CastingTimeIndex"": 1, ""Description_Lang_Mask"": 16712190, ""Description_Lang_enUS"": ""Increases your dodge while in Bear Form or Dire Bear Form by $s1%, and you regenerate $s2 rage every time you dodge while in Bear Form or Dire Bear Form."", ""EffectBonusMultiplier_3"": 1.0, ""EffectChainAmplitude_1"": 1.0, ""EffectChainAmplitude_2"": 1.0, ""EffectChainAmplitude_3"": 1.0, ""EffectSpellClassMaskA_1"": 33554432, ""EquippedItemClass"": -1, ""NameSubtext_Lang_Mask"": 16712190, ""NameSubtext_Lang_enUS"": ""Rank 1"", ""Name_Lang_Mask"": 16712190, ""ProcChance"": 100, ""ProcTypeMask"": 172712, ""RangeIndex"": 1, ""ShapeshiftMask"": 144, ""SpellClassSet"": 7}",pulled from existing data
57880,Natural Reaction,1,0,0,464,0,0,0,0,0,0,0,0.0,,,"{""amplitude"": 0, ""apply_aura"": 49, ""base_points"": 3, ""chain_targets"": 0, ""die_sides"": 1, ""implicit_target_a"": 1, ""implicit_target_b"": 0, ""mechanic"": 0, ""misc_value"": 12, ""points_per_level"": 0.0, ""radius_yards"": null, ""trigger_spell"": 0, ""type"": 6}","{""amplitude"": 0, ""apply_aura"": 42, ""base_points"": 1, ""chain_targets"": 0, ""die_sides"": 1, ""implicit_target_a"": 1, ""implicit_target_b"": 0, ""mechanic"": 0, ""misc_value"": 0, ""points_per_level"": 0.0, ""radius_yards"": null, ""trigger_spell"": 59071, ""type"": 6}",,50,,,"{""AuraDescription_Lang_Mask"": 16712188, ""CastingTimeIndex"": 1, ""Description_Lang_Mask"": 16712190, ""Description_Lang_enUS"": ""Increases your dodge while in Bear Form or Dire Bear Form by $s1%, and you regenerate $s2 rage every time you dodge while in Bear Form or Dire Bear Form."", ""EffectBonusMultiplier_3"": 1.0, ""EffectChainAmplitude_1"": 1.0, ""EffectChainAmplitude_2"": 1.0, ""EffectChainAmplitude_3"": 1.0, ""EffectSpellClassMaskA_1"": 33554432, ""EquippedItemClass"": -1, ""NameSubtext_Lang_Mask"": 16712190, ""NameSubtext_Lang_enUS"": ""Rank 2"", ""Name_Lang_Mask"": 16712190, ""ProcChance"": 100, ""ProcTypeMask"": 10920, ""RangeIndex"": 1, ""ShapeshiftMask"": 144, ""SpellClassSet"": 7}",pulled from existing data
57881,Natural Reaction,1,0,0,464,0,0,0,0,0,0,0,0.0,,,"{""amplitude"": 0, ""apply_aura"": 49, ""base_points"": 5, ""chain_targets"": 0, ""die_sides"": 1, ""implicit_target_a"": 1, ""implicit_target_b"": 0, ""mechanic"": 0, ""misc_value"": 12, ""points_per_level"": 0.0, ""radius_yards"": null, ""trigger_spell"": 0, ""type"": 6}","{""amplitude"": 0, ""apply_aura"": 42, ""base_points"": 2, ""chain_targets"": 0, ""die_sides"": 1, ""implicit_target_a"": 1, ""implicit_target_b"": 0, ""mechanic"": 0, ""misc_value"": 0, ""points_per_level"": 0.0, ""radius_yards"": null, ""trigger_spell"": 59072, ""type"": 6}",,50,,,"{""AuraDescription_Lang_Mask"": 16712188, ""CastingTimeIndex"": 1, ""Description_Lang_Mask"": 16712190, ""Description_Lang_enUS"": ""Increases your dodge while in Bear Form or Dire Bear Form by $s1%, and you regenerate $s2 rage every time you dodge while in Bear Form or Dire Bear Form."", ""EffectBonusMultiplier_3"": 1.0, ""EffectChainAmplitude_1"": 1.0, ""EffectChainAmplitude_2"": 1.0, ""EffectChainAmplitude_3"": 1.0, ""EffectSpellClassMaskA_1"": 33554432, ""EquippedItemClass"": -1, ""NameSubtext_Lang_Mask"": 16712190, ""NameSubtext_Lang_enUS"": ""Rank 3"", ""Name_Lang_Mask"": 16712190, ""ProcChance"": 100, ""ProcTypeMask"": 10920, ""RangeIndex"": 1, ""ShapeshiftMask"": 144, ""SpellClassSet"": 7}",pulled from existing data
61336,Survival Instincts,1,0,0,16,1251,0,0,180000,3,0,0,0.0,,20000,"{""amplitude"": 0, ""apply_aura"": 4, ""base_points"": 29, ""chain_targets"": 0, ""die_sides"": 1, ""implicit_target_a"": 1, ""implicit_target_b"": 0, ""mechanic"": 0, ""misc_value"": 14, ""points_per_level"": 0.0, ""radius_yards"": null, ""trigger_spell"": 0, ""type"": 6}",,,3707,,,"{""AuraDescription_Lang_Mask"": 16712190, ""AuraDescription_Lang_enUS"": ""Health increased by 30% of maximum while in Bear Form, Cat Form, or Dire Bear Form."", ""BaseLevel"": 20, ""CastingTimeIndex"": 1, ""Description_Lang_Mask"": 16712190, ""Description_Lang_enUS"": ""When activated, this ability temporarily grants you $s1% of your maximum health for $d while in Bear Form, Cat Form, or Dire Bear Form.  After the effect expires, the health is lost."", ""EffectBonusMultiplier_1"": 1.0, ""EffectChainAmplitude_1"": 1.0, ""EffectChainAmplitude_2"": 1.0, ""EffectChainAmplitude_3"": 1.0, ""EffectSpellClassMaskA_1"": 8622080, ""EffectSpellClassMaskA_2"": 805307520, ""EffectSpellClassMaskA_3"": 32, ""EffectSpellClassMaskC_1"": 2048, ""EffectSpellClassMaskC_2"": 64, ""EquippedItemClass"": -1, ""NameSubtext_Lang_Mask"": 16712172, ""Name_Lang_Mask"": 16712190, ""ProcChance"": 101, ""RangeIndex"": 1, ""SpellClassMask_3"": 128, ""SpellClassSet"": 7, ""SpellLevel"": 20, ""SpellVisualID_1"": 2758}",pulled from existing data
61345,Nature's Grace,1,0,0,464,0,0,0,0,0,0,0,0.0,,,"{""amplitude"": 0, ""apply_aura"": 42, ""base_points"": 0, ""chain_targets"": 0, ""die_sides"": 0, ""implicit_target_a"": 1, ""implicit_target_b"": 0, ""mechanic"": 0, ""misc_value"": 0, ""points_per_level"": 0.0, ""radius_yards"": null, ""trigger_spell"": 16886, ""type"": 6}",,,10,,,"{""AttributesEx3"": 524288, ""AuraDescription_Lang_Mask"": 16712188, ""CastingTimeIndex"": 1, ""Description_Lang_Mask"": 16712190, ""Description_Lang_enUS"": ""All non-periodic spell criticals have a $h% chance to grace you with a blessing of nature, increasing your spell casting speed by $16886s1% for $16886d."", ""EffectBonusMultiplier_1"": 1.0, ""EffectBonusMultiplier_2"": 1.0, ""EffectBonusMultiplier_3"": 1.0, ""EffectChainAmplitude_1"": 1.0, ""EffectChainAmplitude_2"": 1.0, ""EffectChainAmplitude_3"": 1.0, ""EquippedItemClass"": -1, ""NameSubtext_Lang_Mask"": 16712172, ""Name_Lang_Mask"": 16712190, ""ProcChance"": 66, ""ProcTypeMask"": 87376, ""RangeIndex"": 1, ""SpellClassSet"": 7}",pulled from existing data
61346,Nature's Grace,1,0,0,464,0,0,0,0,0,0,0,0.0,,,"{""amplitude"": 0, ""apply_aura"": 42, ""base_points"": 0, ""chain_targets"": 0, ""die_sides"": 0, ""implicit_target_a"": 1, ""implicit_target_b"": 0, ""mechanic"": 0, ""misc_value"": 0, ""points_per_level"": 0.0, ""radius_yards"": null, ""trigger_spell"": 16886, ""type"": 6}",,,10,,,"{""AttributesEx3"": 524288, ""AuraDescription_Lang_Mask"": 16712188, ""CastingTimeIndex"": 1, ""Description_Lang_Mask"": 16712190, ""Description_Lang_enUS"": ""All non-periodic spell criticals have a $h% chance to grace you with a blessing of nature, increasing your spell casting speed by $16886s1% for $16886d."", ""EffectBonusMultiplier_1"": 1.0, ""EffectBonusMultiplier_2"": 1.0, ""EffectBonusMultiplier_3"": 1.0, ""EffectChainAmplitude_1"": 1.0, ""EffectChainAmplitude_2"": 1.0, ""EffectChainAmplitude_3"": 1.0, ""EquippedItemClass"": -1, ""NameSubtext_Lang_Mask"": 16712172, ""Name_Lang_Mask"": 16712190, ""ProcChance"": 100, ""ProcTypeMask"": 87376, ""RangeIndex"": 1, ""SpellClassSet"": 7}",pulled from existing data
63410,Improved Barkskin,1,0,0,464,0,0,0,0,0,0,0,0.0,,,"{""amplitude"": 0, ""apply_aura"": 107, ""base_points"": -6, ""chain_targets"": 0, ""die_sides"": 1, ""implicit_target_a"": 1, ""implicit_target_b"": 0, ""mechanic"": 0, ""misc_value"": 12, ""points_per_level"": 0.0, ""radius_yards"": null, ""trigger_spell"": 0, ""type"": 6}","{""amplitude"": 0, ""apply_aura"": 107, ""base_points"": 79, ""chain_targets"": 0, ""die_sides"": 1, ""implicit_target_a"": 1, ""implicit_target_b"": 0, ""mechanic"": 0, ""misc_value"": 3, ""points_per_level"": 0.0, ""radius_yards"": null, ""trigger_spell"": 0, ""type"": 6}","{""amplitude"": 0, ""apply_aura"": 107, ""base_points"": 34, ""chain_targets"": 0, ""die_sides"": 1, ""implicit_target_a"": 1, ""implicit_target_b"": 0, ""mechanic"": 0, ""misc_value"": 28, ""points_per_level"": 0.0, ""radius_yards"": null, ""trigger_spell"": 0, ""type"": 6}",689,,,"{""AuraDescription_Lang_Mask"": 16712188, ""CastingTimeIndex"": 1, ""Description_Lang_Mask"": 16712190, ""Description_Lang_enUS"": ""Grants $s2% additional armor contribution from cloth and leather items while in Travel Form or while not shapeshifted, increases the damage reduction granted by your Barkskin spell by $s1% and reduces the chance your Barkskin is dispelled by $s3%."", ""EffectBonusMultiplier_1"": 1.0, ""EffectChainAmplitude_1"": 1.0, ""EffectChainAmplitude_2"": 1.0, ""EffectChainAmplitude_3"": 1.0, ""EffectSpellClassMaskA_2"": 262144, ""EffectSpellClassMaskB_3"": 131072, ""EffectSpellClassMaskC_2"": 262144, ""EquippedItemClass"": -1, ""NameSubtext_Lang_Mask"": 16712190, ""NameSubtext_Lang_enUS"": ""Rank 1"", ""Name_Lang_Mask"": 16712190, ""ProcChance"": 101, ""RangeIndex"": 1, ""SpellClassSet"": 7}",pulled from existing data
63411,Improved Barkskin,1,0,0,464,0,0,0,0,0,0,0,0.0,,,"{""amplitude"": 0, ""apply_aura"": 107, ""base_points"": -11, ""chain_targets"": 0, ""die_sides"": 1, ""implicit_target_a"": 1, ""implicit_target_b"": 0, ""mechanic"": 0, ""misc_value"": 12, ""points_per_level"": 0.0, ""radius_yards"": null, ""trigger_spell"": 0, ""type"": 6}","{""amplitude"": 0, ""apply_aura"": 107, ""base_points"": 159, ""chain_targets"": 0, ""die_sides"": 1, ""implicit_target_a"": 1, ""implicit_target_b"": 0, ""mechanic"": 0, ""misc_value"": 3, ""points_per_level"": 0.0, ""radius_yards"": null, ""trigger_spell"": 0, ""type"": 6}","{""amplitude"": 0, ""apply_aura"": 107, ""base_points"": 69, ""chain_targets"": 0, ""die_sides"": 1, ""implicit_target_a"": 1, ""implicit_target_b"": 0, ""mechanic"": 0, ""misc_value"": 28, ""points_per_level"": 0.0, ""radius_yards"": null, ""trigger_spell"": 0, ""type"": 6}",689,,,"{""AuraDescription_Lang_Mask"": 16712188, ""CastingTimeIndex"": 1, ""Description_Lang_Mask"": 16712190, ""Description_Lang_enUS"": ""Grants $s2% additional armor contribution from cloth and leather items while in Travel Form or while not shapeshifted, increases the damage reduction granted by your Barkskin spell by $s1% and reduces the chance your Barkskin is dispelled by $s3%."", ""EffectBonusMultiplier_1"": 1.0, ""EffectChainAmplitude_1"": 1.0, ""EffectChainAmplitude_2"": 1.0, ""EffectChainAmplitude_3"": 1.0, ""EffectSpellClassMaskA_2"": 262144, ""EffectSpellClassMaskB_3"": 131072, ""EffectSpellClassMaskC_2"": 262144, ""EquippedItemClass"": -1, ""NameSubtext_Lang_Mask"": 16712190, ""NameSubtext_Lang_enUS"": ""Rank 2"", ""Name_Lang_Mask"": 16712190, ""ProcChance"": 101, ""RangeIndex"": 1, ""SpellClassSet"": 7}",pulled from existing data
63503,Primal Gore,1,0,0,464,0,0,0,0,0,0,0,0.0,,,"{""amplitude"": 0, ""apply_aura"": 286, ""base_points"": 32, ""chain_targets"": 0, ""die_sides"": 1, ""implicit_target_a"": 1, ""implicit_target_b"": 0, ""mechanic"": 0, ""misc_value"": 12, ""points_per_level"": 0.0, ""radius_yards"": null, ""trigger_spell"": 0, ""type"": 6}",,,262,,,"{""AuraDescription_Lang_Mask"": 16712188, ""CastingTimeIndex"": 1, ""Description_Lang_Mask"": 16712190, ""Description_Lang_enUS"": ""Grants the periodic damage from your Lacerate and Rip abilities the ability to critically hit."", ""EffectBonusMultiplier_1"": 1.0, ""EffectBonusMultiplier_3"": 1.0, ""EffectChainAmplitude_1"": 1.0, ""EffectChainAmplitude_2"": 1.0, ""EffectChainAmplitude_3"": 1.0, ""EffectSpellClassMaskA_1"": 8388608, ""EffectSpellClassMaskA_2"": 256, ""EffectSpellClassMaskB_3"": 256, ""EquippedItemClass"": -1, ""NameSubtext_Lang_Mask"": 16712190, ""NameSubtext_Lang_enUS"": ""Rank 1"", ""Name_Lang_Mask"": 16712190, ""ProcChance"": 101, ""RangeIndex"": 1, ""SpellClassSet"": 7}",pulled from existing data
