id,name,school,dispel,mechanic,attributes,category,cast_time_ms,cooldown_ms,category_cooldown_ms,power_type,mana_cost,mana_cost_pct,range_yards,radius_yards,duration_ms,effect1,effect2,effect3,spell_icon_id,spell_weight,coeff_weight,raw_overrides,notes
99,Demoralizing Roar,1,0,0,262160,0,0,0,0,1,100,0,0.0,,30000,"{""amplitude"": 0, ""apply_aura"": 99, ""base_points"": -32, ""chain_targets"": 0, ""die_sides"": 1, ""implicit_target_a"": 22, ""implicit_target_b"": 15, ""mechanic"": 0, ""misc_value"": 0, ""points_per_level"": -5.428571428571429, ""radius_yards"": 10.0, ""trigger_spell"": 0, ""type"": 6}",,,960,,,"{""AttributesEx6"": 8388608, ""AuraDescription_Lang_Mask"": 16712190, ""AuraDescription_Lang_enUS"": 3281, ""BaseLevel"": 10, ""CastingTimeIndex"": 1, ""DefenseType"": 1, ""Description_Lang_Mask"": 16712190, ""Description_Lang_enUS"": 3199, ""EffectChainAmplitude_1"": 1.0, ""EffectChainAmplitude_2"": 1.0, ""EffectChainAmplitude_3"": 1.0, ""EquippedItemClass"": -1, ""MaxLevel"": 80, ""NameSubtext_Lang_Mask"": 16712190, ""NameSubtext_Lang_enUS"": """", ""Name_Lang_Mask"": 16712190, ""PreventionType"": 1, ""ProcChance"": 101, ""RangeIndex"": 1, ""ShapeshiftMask"": 144, ""SpellClassMask_1"": 8, ""SpellClassSet"": 7, ""SpellLevel"": 10, ""SpellPriority"": 50, ""SpellVisualID_1"": 3949, ""StartRecoveryCategory"": 133, ""StartRecoveryTime"": 1500}",pulled from existing data; single-rank bootstrap: BasePoints/BaseLevel/SpellLevel kept from rank 1 (learn level 10); RealPointsPerLevel from rank1->covers-60-overridden(undershoot-vs-top-rank) (anchor rank 8 @ level 80); coefficient/cast_time_ms/mana_cost_pct from max rank; MaxLevel set to 80
339,Entangling Roots,8,1,7,1073807360,0,1500,0,0,0,0,7,30.0,,12000,"{""amplitude"": 0, ""apply_aura"": 26, ""base_points"": -1, ""chain_targets"": 0, ""die_sides"": 1, ""implicit_target_a"": 6, ""implicit_target_b"": 0, ""mechanic"": 0, ""misc_value"": 0, ""points_per_level"": 0.0, ""radius_yards"": null, ""trigger_spell"": 0, ""type"": 6}","{""amplitude"": 3000, ""apply_aura"": 3, ""base_points"": 4, ""chain_targets"": 0, ""die_sides"": 1, ""implicit_target_a"": 6, ""implicit_target_b"": 0, ""mechanic"": 0, ""misc_value"": 0, ""points_per_level"": 0.4807692307692308, ""radius_yards"": null, ""trigger_spell"": 0, ""type"": 6}",,20,,,"{""AttributesEx4"": 536872960, ""AttributesEx5"": 32, ""AttributesEx6"": 8388608, ""AuraDescription_Lang_Mask"": 16712190, ""AuraDescription_Lang_enUS"": 7899, ""AuraInterruptFlags"": 4718592, ""BaseLevel"": 8, ""CastingTimeIndex"": 16, ""DefenseType"": 1, ""Description_Lang_Mask"": 16712190, ""Description_Lang_enUS"": 7794, ""EffectBonusMultiplier_2"": 0.10000000149011612, ""EffectBonusMultiplier_3"": 0.0, ""EffectChainAmplitude_1"": 1.0, ""EffectChainAmplitude_2"": 1.0, ""EffectChainAmplitude_3"": 1.0, ""EquippedItemClass"": -1, ""InterruptFlags"": 15, ""MaxLevel"": 80, ""NameSubtext_Lang_Mask"": 16712190, ""NameSubtext_Lang_enUS"": """", ""Name_Lang_Mask"": 16712190, ""PreventionType"": 1, ""ProcChance"": 100, ""ProcTypeMask"": 664232, ""ShapeshiftExclude"": 2, ""SpellClassMask_1"": 512, ""SpellClassSet"": 7, ""SpellLevel"": 8, ""SpellVisualID_1"": 38, ""StartRecoveryCategory"": 133, ""StartRecoveryTime"": 1500}",pulled from existing data; single-rank bootstrap: BasePoints/BaseLevel/SpellLevel kept from rank 1 (learn level 8); RealPointsPerLevel from rank1->covers-60 (anchor rank 6 @ level 60); coefficient/cast_time_ms/mana_cost_pct from max rank; MaxLevel set to 80
467,Thorns,8,1,0,65536,0,0,0,0,0,0,17,30.0,,600000,"{""amplitude"": 0, ""apply_aura"": 15, ""base_points"": 2, ""chain_targets"": 0, ""die_sides"": 1, ""implicit_target_a"": 21, ""implicit_target_b"": 0, ""mechanic"": 0, ""misc_value"": 0, ""points_per_level"": 0.9459459459459459, ""radius_yards"": null, ""trigger_spell"": 0, ""type"": 6}",,,53,,,"{""AttributesEx2"": 524288, ""AttributesEx6"": 67108864, ""AttributesEx7"": 268435456, ""AuraDescription_Lang_Mask"": 16712190, ""AuraDescription_Lang_enUS"": 10600, ""BaseLevel"": 6, ""CastingTimeIndex"": 1, ""DefenseType"": 1, ""Description_Lang_Mask"": 16712190, ""Description_Lang_enUS"": 10501, ""EffectBonusMultiplier_2"": 0.0, ""EffectChainAmplitude_1"": 1.0, ""EffectChainAmplitude_2"": 1.0, ""EffectChainAmplitude_3"": 1.0, ""EquippedItemClass"": -1, ""InterruptFlags"": 8, ""MaxLevel"": 80, ""NameSubtext_Lang_Mask"": 16712190, ""NameSubtext_Lang_enUS"": """", ""Name_Lang_Mask"": 16712190, ""PreventionType"": 1, ""ProcChance"": 101, ""ShapeshiftMask"": 1073741824, ""SpellClassMask_1"": 256, ""SpellClassSet"": 7, ""SpellLevel"": 6, ""SpellVisualID_1"": 201, ""StartRecoveryCategory"": 133, ""StartRecoveryTime"": 1500}",pulled from existing data; single-rank bootstrap: BasePoints/BaseLevel/SpellLevel kept from rank 1 (learn level 6); RealPointsPerLevel from rank1->covers-60-overridden(undershoot-vs-top-rank) (anchor rank 8 @ level 80); coefficient/cast_time_ms/mana_cost_pct from max rank; MaxLevel set to 80
740,Tranquility,8,0,0,65536,46,0,0,480000,0,0,70,0.0,,8000,"{""amplitude"": 0, ""apply_aura"": 4, ""base_points"": 350, ""chain_targets"": 0, ""die_sides"": 1, ""implicit_target_a"": 29, ""implicit_target_b"": 0, ""mechanic"": 0, ""misc_value"": 0, ""points_per_level"": 53.68, ""radius_yards"": 30.0, ""trigger_spell"": 0, ""type"": 35}","{""amplitude"": 2000, ""apply_aura"": 23, ""base_points"": 0, ""chain_targets"": 0, ""die_sides"": 0, ""implicit_target_a"": 1, ""implicit_target_b"": 0, ""mechanic"": 0, ""misc_value"": 0, ""points_per_level"": 0.0, ""radius_yards"": null, ""trigger_spell"": 44203, ""type"": 6}",,100,,,"{""AttributesEx"": 64, ""AttributesEx2"": 1074266112, ""AttributesEx3"": 128, ""AttributesEx5"": 8192, ""AttributesEx6"": 67108864, ""AuraDescription_Lang_Mask"": 16712190, ""AuraDescription_Lang_enUS"": 18772, ""BaseLevel"": 30, ""CastingTimeIndex"": 1, ""ChannelInterruptFlags"": 31756, ""DefenseType"": 1, ""Description_Lang_Mask"": 16712190, ""Description_Lang_enUS"": 18664, ""EffectBonusMultiplier_1"": 0.28600001335144043, ""EffectChainAmplitude_1"": 1.0, ""EffectChainAmplitude_2"": 1.0, ""EffectChainAmplitude_3"": 1.0, ""EquippedItemClass"": -1, ""InterruptFlags"": 15, ""MaxLevel"": 80, ""NameSubtext_Lang_Mask"": 16712190, ""NameSubtext_Lang_enUS"": """", ""Name_Lang_Mask"": 16712190, ""PreventionType"": 1, ""ProcChance"": 101, ""RangeIndex"": 1, ""ShapeshiftExclude"": 1073741824, ""ShapeshiftMask"": 2, ""SpellClassMask_1"": 128, ""SpellClassSet"": 7, ""SpellLevel"": 30, ""SpellVisualID_1"": 1283, ""StartRecoveryCategory"": 133, ""StartRecoveryTime"": 1500}",pulled from existing data; single-rank bootstrap: BasePoints/BaseLevel/SpellLevel kept from rank 1 (learn level 30); RealPointsPerLevel from rank1->covers-60-overridden(undershoot-vs-top-rank) (anchor rank 7 @ level 80); coefficient/cast_time_ms/mana_cost_pct from max rank; MaxLevel set to 80
768,Cat Form,1,0,0,327696,0,0,0,0,0,0,35,0.0,,-1,"{""amplitude"": 0, ""apply_aura"": 36, ""base_points"": -1, ""chain_targets"": 0, ""die_sides"": 1, ""implicit_target_a"": 1, ""implicit_target_b"": 0, ""mechanic"": 0, ""misc_value"": 1, ""points_per_level"": 0.0, ""radius_yards"": null, ""trigger_spell"": 0, ""type"": 6}","{""amplitude"": 0, ""apply_aura"": 77, ""base_points"": -1, ""chain_targets"": 0, ""die_sides"": 1, ""implicit_target_a"": 1, ""implicit_target_b"": 0, ""mechanic"": 0, ""misc_value"": 17, ""points_per_level"": 0.0, ""radius_yards"": null, ""trigger_spell"": 0, ""type"": 6}","{""amplitude"": 5000, ""apply_aura"": 23, ""base_points"": 0, ""chain_targets"": 0, ""die_sides"": 0, ""implicit_target_a"": 1, ""implicit_target_b"": 0, ""mechanic"": 0, ""misc_value"": 0, ""points_per_level"": 0.0, ""radius_yards"": null, ""trigger_spell"": 0, ""type"": 6}",493,,,"{""ActiveIconID"": 122, ""AttributesEx"": 98304, ""AttributesEx4"": 2097152, ""AuraDescription_Lang_Mask"": 16712190, ""AuraDescription_Lang_enUS"": 19601, ""BaseLevel"": 20, ""CastingTimeIndex"": 1, ""Description_Lang_Mask"": 16712190, ""Description_Lang_enUS"": 19336, ""EffectBonusMultiplier_3"": 1.0, ""EffectChainAmplitude_1"": 1.0, ""EffectChainAmplitude_2"": 1.0, ""EffectChainAmplitude_3"": 1.0, ""EquippedItemClass"": -1, ""NameSubtext_Lang_Mask"": 16712190, ""NameSubtext_Lang_enUS"": ""Shapeshift"", ""Name_Lang_Mask"": 16712190, ""ProcChance"": 101, ""RangeIndex"": 1, ""ShapeshiftExclude"": 1073741826, ""SpellClassMask_1"": 2147483648, ""SpellClassSet"": 7, ""SpellLevel"": 20, ""SpellVisualID_1"": 4228, ""StanceBarOrder"": 2, ""StartRecoveryCategory"": 133, ""StartRecoveryTime"": 1500}",pulled from existing data
770,Faerie Fire,8,1,0,65536,0,0,0,0,0,0,8,30.0,,300000,"{""amplitude"": 0, ""apply_aura"": 101, ""base_points"": -6, ""chain_targets"": 0, ""die_sides"": 1, ""implicit_target_a"": 6, ""implicit_target_b"": 0, ""mechanic"": 0, ""misc_value"": 1, ""points_per_level"": 0.0, ""radius_yards"": null, ""trigger_spell"": 0, ""type"": 6}",,"{""amplitude"": 0, ""apply_aura"": 186, ""base_points"": -1, ""chain_targets"": 0, ""die_sides"": 1, ""implicit_target_a"": 6, ""implicit_target_b"": 0, ""mechanic"": 0, ""misc_value"": 127, ""points_per_level"": 0.0, ""radius_yards"": null, ""trigger_spell"": 0, ""type"": 6}",109,,,"{""AttributesEx"": 98304, ""AttributesEx2"": 524288, ""AttributesEx6"": 8388608, ""AuraDescription_Lang_Mask"": 16712190, ""AuraDescription_Lang_enUS"": 19903, ""BaseLevel"": 18, ""CastingTimeIndex"": 1, ""DefenseType"": 1, ""Description_Lang_Mask"": 16712190, ""Description_Lang_enUS"": 19792, ""EffectChainAmplitude_1"": 1.0, ""EffectChainAmplitude_2"": 1.0, ""EffectChainAmplitude_3"": 1.0, ""EquippedItemClass"": -1, ""InterruptFlags"": 8, ""NameSubtext_Lang_Mask"": 16712190, ""Name_Lang_Mask"": 16712190, ""PreventionType"": 1, ""ProcChance"": 101, ""ShapeshiftExclude"": 2, ""ShapeshiftMask"": 1073741824, ""SpellClassMask_1"": 1024, ""SpellClassSet"": 7, ""SpellLevel"": 18, ""SpellVisualID_1"": 192, ""StartRecoveryCategory"": 133, ""StartRecoveryTime"": 1500}",pulled from existing data
774,Rejuvenation,8,1,0,65536,0,0,0,0,0,0,18,40.0,,15000,"{""amplitude"": 3000, ""apply_aura"": 8, ""base_points"": 7, ""chain_targets"": 0, ""die_sides"": 1, ""implicit_target_a"": 21, ""implicit_target_b"": 0, ""mechanic"": 0, ""misc_value"": 0, ""points_per_level"": 3.8214285714285716, ""radius_yards"": null, ""trigger_spell"": 0, ""type"": 6}",,,64,,,"{""AttributesEx2"": 524288, ""AttributesEx3"": 128, ""AttributesEx4"": 1048576, ""AttributesEx6"": 67108864, ""AuraDescription_Lang_Mask"": 16712190, ""AuraDescription_Lang_enUS"": 20244, ""BaseLevel"": 4, ""CastingTimeIndex"": 1, ""DefenseType"": 1, ""Description_Lang_Mask"": 16712190, ""Description_Lang_enUS"": 20197, ""EffectBasePoints_2"": -1, ""EffectBonusMultiplier_1"": 0.37599998712539673, ""EffectChainAmplitude_1"": 1.0, ""EffectChainAmplitude_2"": 1.0, ""EffectChainAmplitude_3"": 1.0, ""EffectDieSides_2"": 1, ""EquippedItemClass"": -1, ""InterruptFlags"": 8, ""MaxLevel"": 80, ""NameSubtext_Lang_Mask"": 16712190, ""NameSubtext_Lang_enUS"": """", ""Name_Lang_Mask"": 16712190, ""PreventionType"": 1, ""ProcChance"": 101, ""ShapeshiftExclude"": 1073741824, ""ShapeshiftMask"": 2, ""SpellClassMask_1"": 16, ""SpellClassSet"": 7, ""SpellDescriptionVariableID"": 176, ""SpellLevel"": 4, ""SpellVisualID_1"": 32, ""StartRecoveryCategory"": 133, ""StartRecoveryTime"": 1500}",pulled from existing data; single-rank bootstrap: BasePoints/BaseLevel/SpellLevel kept from rank 1 (learn level 4); RealPointsPerLevel from rank1->covers-60 (anchor rank 11 @ level 60); coefficient/cast_time_ms/mana_cost_pct from max rank; MaxLevel set to 80
779,Swipe (Bear),1,0,0,262160,85,0,0,0,1,200,0,8.0,,,"{""amplitude"": 0, ""apply_aura"": 0, ""base_points"": 8, ""chain_targets"": 0, ""die_sides"": 1, ""implicit_target_a"": 22, ""implicit_target_b"": 15, ""mechanic"": 0, ""misc_value"": 0, ""points_per_level"": 1.546875, ""radius_yards"": 8.0, ""trigger_spell"": 0, ""type"": 2}",,,1562,,,"{""AttributesEx"": 512, ""AttributesEx5"": 32768, ""AuraDescription_Lang_Mask"": 16712188, ""BaseLevel"": 16, ""CastingTimeIndex"": 1, ""DefenseType"": 2, ""Description_Lang_Mask"": 16712190, ""Description_Lang_enUS"": 19700, ""EffectBonusMultiplier_1"": 1.0, ""EffectChainAmplitude_1"": 1.0, ""EffectChainAmplitude_2"": 1.0, ""EffectChainAmplitude_3"": 1.0, ""EquippedItemClass"": -1, ""FacingCasterFlags"": 1, ""MaxLevel"": 80, ""NameSubtext_Lang_Mask"": 16712190, ""NameSubtext_Lang_enUS"": """", ""Name_Lang_Mask"": 16712190, ""PreventionType"": 2, ""ProcChance"": 101, ""ShapeshiftMask"": 144, ""SpellClassMask_2"": 1048576, ""SpellClassSet"": 7, ""SpellLevel"": 16, ""SpellVisualID_1"": 189, ""StartRecoveryCategory"": 133, ""StartRecoveryTime"": 1500}",pulled from existing data; single-rank bootstrap: BasePoints/BaseLevel/SpellLevel kept from rank 1 (learn level 16); RealPointsPerLevel from rank1->covers-60-overridden(undershoot-vs-top-rank) (anchor rank 8 @ level 80); coefficient/cast_time_ms/mana_cost_pct from max rank; MaxLevel set to 80
783,Travel Form,1,0,0,360464,0,0,0,0,0,0,13,0.0,,-1,"{""amplitude"": 0, ""apply_aura"": 36, ""base_points"": -1, ""chain_targets"": 0, ""die_sides"": 1, ""implicit_target_a"": 1, ""implicit_target_b"": 0, ""mechanic"": 0, ""misc_value"": 3, ""points_per_level"": 0.0, ""radius_yards"": null, ""trigger_spell"": 0, ""type"": 6}","{""amplitude"": 0, ""apply_aura"": 77, ""base_points"": -1, ""chain_targets"": 0, ""die_sides"": 1, ""implicit_target_a"": 1, ""implicit_target_b"": 0, ""mechanic"": 0, ""misc_value"": 17, ""points_per_level"": 0.0, ""radius_yards"": null, ""trigger_spell"": 0, ""type"": 6}",,1476,,,"{""ActiveIconID"": 122, ""AttributesEx"": 98304, ""AttributesEx4"": 2097152, ""AuraDescription_Lang_Mask"": 16712190, ""AuraDescription_Lang_enUS"": 20682, ""BaseLevel"": 16, ""CastingTimeIndex"": 1, ""Description_Lang_Mask"": 16712190, ""Description_Lang_enUS"": 20450, ""EffectChainAmplitude_1"": 1.0, ""EffectChainAmplitude_2"": 1.0, ""EffectChainAmplitude_3"": 1.0, ""EquippedItemClass"": -1, ""NameSubtext_Lang_Mask"": 16712190, ""NameSubtext_Lang_enUS"": ""Shapeshift"", ""Name_Lang_Mask"": 16712190, ""ProcChance"": 101, ""RangeIndex"": 1, ""ShapeshiftExclude"": 1073741826, ""SpellClassMask_2"": 16384, ""SpellClassSet"": 7, ""SpellLevel"": 16, ""SpellVisualID_1"": 4228, ""StanceBarOrder"": 3, ""StartRecoveryCategory"": 133, ""StartRecoveryTime"": 1500}",pulled from existing data
1066,Aquatic Form,1,0,0,327696,0,0,0,0,0,0,13,0.0,,-1,"{""amplitude"": 0, ""apply_aura"": 36, ""base_points"": -1, ""chain_targets"": 0, ""die_sides"": 1, ""implicit_target_a"": 1, ""implicit_target_b"": 0, ""mechanic"": 0, ""misc_value"": 4, ""points_per_level"": 0.0, ""radius_yards"": null, ""trigger_spell"": 0, ""type"": 6}","{""amplitude"": 0, ""apply_aura"": 77, ""base_points"": -1, ""chain_targets"": 0, ""die_sides"": 1, ""implicit_target_a"": 1, ""implicit_target_b"": 0, ""mechanic"": 0, ""misc_value"": 17, ""points_per_level"": 0.0, ""radius_yards"": null, ""trigger_spell"": 0, ""type"": 6}",,1475,,,"{""ActiveIconID"": 122, ""AttributesEx"": 229376, ""AuraDescription_Lang_Mask"": 16712190, ""AuraDescription_Lang_enUS"": 27153, ""AuraInterruptFlags"": 256, ""BaseLevel"": 16, ""CastingTimeIndex"": 1, ""Description_Lang_Mask"": 16712190, ""Description_Lang_enUS"": 26903, ""EffectChainAmplitude_1"": 1.0, ""EffectChainAmplitude_2"": 1.0, ""EffectChainAmplitude_3"": 1.0, ""EquippedItemClass"": -1, ""NameSubtext_Lang_Mask"": 16712190, ""NameSubtext_Lang_enUS"": ""Shapeshift"", ""Name_Lang_Mask"": 16712190, ""ProcChance"": 101, ""RangeIndex"": 1, ""ShapeshiftExclude"": 1073741826, ""SpellClassMask_1"": 536870912, ""SpellClassSet"": 7, ""SpellLevel"": 16, ""SpellVisualID_1"": 775, ""StanceBarOrder"": 1, ""StartRecoveryCategory"": 133, ""StartRecoveryTime"": 1500}",pulled from existing data
1079,Rip,1,0,15,262160,0,0,0,0,3,30,0,5.0,,12000,"{""amplitude"": 2000, ""apply_aura"": 3, ""base_points"": 2, ""chain_targets"": 0, ""die_sides"": 1, ""implicit_target_a"": 6, ""implicit_target_b"": 0, ""mechanic"": 15, ""misc_value"": 0, ""points_per_level"": 0.55, ""radius_yards"": null, ""trigger_spell"": 0, ""type"": 6}",,,108,,,"{""AttributesEx"": 1049088, ""AttributesEx6"": 8388608, ""AuraDescription_Lang_Mask"": 16712190, ""AuraDescription_Lang_enUS"": 27662, ""BaseLevel"": 20, ""CastingTimeIndex"": 1, ""DefenseType"": 2, ""Description_Lang_Mask"": 16712190, ""Description_Lang_enUS"": 27253, ""EffectChainAmplitude_1"": 1.0, ""EffectChainAmplitude_2"": 1.0, ""EffectChainAmplitude_3"": 1.0, ""EffectPointsPerCombo_1"": 4.0, ""EquippedItemClass"": -1, ""FacingCasterFlags"": 1, ""MaxLevel"": 80, ""NameSubtext_Lang_Mask"": 16712190, ""NameSubtext_Lang_enUS"": """", ""Name_Lang_Mask"": 16712190, ""PreventionType"": 2, ""ProcChance"": 101, ""RangeIndex"": 2, ""ShapeshiftMask"": 1, ""SpellClassMask_1"": 8388608, ""SpellClassMask_3"": 2097152, ""SpellClassSet"": 7, ""SpellDescriptionVariableID"": 165, ""SpellLevel"": 20, ""SpellVisualID_1"": 3941, ""StartRecoveryCategory"": 133, ""StartRecoveryTime"": 1000}",pulled from existing data; single-rank bootstrap: BasePoints/BaseLevel/SpellLevel kept from rank 1 (learn level 20); RealPointsPerLevel from rank1->covers-60-overridden(undershoot-vs-top-rank) (anchor rank 9 @ level 80); coefficient/cast_time_ms/mana_cost_pct from max rank; MaxLevel set to 80
1082,Claw,1,0,0,262160,0,0,0,0,3,45,0,5.0,,,"{""amplitude"": 0, ""apply_aura"": 0, ""base_points"": 26, ""chain_targets"": 0, ""die_sides"": 1, ""implicit_target_a"": 6, ""implicit_target_b"": 0, ""mechanic"": 0, ""misc_value"": 0, ""points_per_level"": 5.716666666666667, ""radius_yards"": null, ""trigger_spell"": 0, ""type"": 58}","{""amplitude"": 0, ""apply_aura"": 0, ""base_points"": 0, ""chain_targets"": 0, ""die_sides"": 1, ""implicit_target_a"": 6, ""implicit_target_b"": 0, ""mechanic"": 0, ""misc_value"": 0, ""points_per_level"": 0.0, ""radius_yards"": null, ""trigger_spell"": 0, ""type"": 80}",,262,,,"{""AttributesEx"": 134218240, ""AuraDescription_Lang_Mask"": 16712188, ""BaseLevel"": 20, ""CastingTimeIndex"": 1, ""DefenseType"": 2, ""Description_Lang_Mask"": 16712190, ""Description_Lang_enUS"": 27699, ""EffectBonusMultiplier_1"": 1.0, ""EffectChainAmplitude_1"": 1.0, ""EffectChainAmplitude_2"": 1.0, ""EffectChainAmplitude_3"": 1.0, ""EquippedItemClass"": -1, ""FacingCasterFlags"": 1, ""MaxLevel"": 80, ""NameSubtext_Lang_Mask"": 16712190, ""NameSubtext_Lang_enUS"": """", ""Name_Lang_Mask"": 16712190, ""PreventionType"": 2, ""ProcChance"": 101, ""RangeIndex"": 2, ""ShapeshiftMask"": 1, ""SpellClassMask_3"": 262144, ""SpellClassSet"": 7, ""SpellLevel"": 20, ""SpellVisualID_1"": 3882, ""StartRecoveryCategory"": 133, ""StartRecoveryTime"": 1000}",pulled from existing data; single-rank bootstrap: BasePoints/BaseLevel/SpellLevel kept from rank 1 (learn level 20); RealPointsPerLevel from rank1->covers-60-overridden(undershoot-vs-top-rank) (anchor rank 8 @ level 80); coefficient/cast_time_ms/mana_cost_pct from max rank; MaxLevel set to 80
1126,Mark of the Wild,8,1,0,65536,0,0,0,0,0,0,24,30.0,,1800000,"{""amplitude"": 0, ""apply_aura"": 22, ""base_points"": 24, ""chain_targets"": 0, ""die_sides"": 1, ""implicit_target_a"": 21, ""implicit_target_b"": 0, ""mechanic"": 0, ""misc_value"": 1, ""points_per_level"": 9.177215189873417, ""radius_yards"": null, ""trigger_spell"": 0, ""type"": 6}","{""amplitude"": 0, ""apply_aura"": 29, ""base_points"": 1, ""chain_targets"": 0, ""die_sides"": 1, ""implicit_target_a"": 21, ""implicit_target_b"": 0, ""mechanic"": 0, ""misc_value"": -1, ""points_per_level"": 0.0, ""radius_yards"": null, ""trigger_spell"": 0, ""type"": 6}","{""amplitude"": 0, ""apply_aura"": 143, ""base_points"": 4, ""chain_targets"": 0, ""die_sides"": 1, ""implicit_target_a"": 21, ""implicit_target_b"": 0, ""mechanic"": 0, ""misc_value"": 126, ""points_per_level"": 0.0, ""radius_yards"": null, ""trigger_spell"": 0, ""type"": 6}",123,,,"{""AttributesEx"": 131072, ""AttributesEx6"": 67108864, ""AttributesEx7"": 268435456, ""AuraDescription_Lang_Mask"": 16712190, ""AuraDescription_Lang_enUS"": 10470, ""BaseLevel"": 1, ""CastingTimeIndex"": 1, ""DefenseType"": 1, ""Description_Lang_Mask"": 16712190, ""Description_Lang_enUS"": 28821, ""EffectChainAmplitude_1"": 1.0, ""EffectChainAmplitude_2"": 1.0, ""EffectChainAmplitude_3"": 1.0, ""EffectMultipleValue_1"": 1.0, ""EquippedItemClass"": -1, ""InterruptFlags"": 8, ""MaxLevel"": 80, ""NameSubtext_Lang_Mask"": 16712190, ""NameSubtext_Lang_enUS"": """", ""Name_Lang_Mask"": 16712190, ""PreventionType"": 1, ""ProcChance"": 101, ""SpellClassMask_1"": 262144, ""SpellClassSet"": 7, ""SpellLevel"": 1, ""SpellPriority"": 50, ""SpellVisualID_1"": 212, ""StartRecoveryCategory"": 133, ""StartRecoveryTime"": 1500}",pulled from existing data; single-rank bootstrap: BasePoints/BaseLevel/SpellLevel kept from rank 1 (learn level 1); RealPointsPerLevel from rank1->covers-60-overridden(undershoot-vs-top-rank) (anchor rank 9 @ level 80); coefficient/cast_time_ms/mana_cost_pct from max rank; MaxLevel set to 80
1822,Rake,1,0,0,262160,0,0,0,0,3,40,0,5.0,,9000,"{""amplitude"": 0, ""apply_aura"": 0, ""base_points"": 16, ""chain_targets"": 0, ""die_sides"": 1, ""implicit_target_a"": 6, ""implicit_target_b"": 0, ""mechanic"": 15, ""misc_value"": 0, ""points_per_level"": 2.8392857142857144, ""radius_yards"": null, ""trigger_spell"": 0, ""type"": 2}","{""amplitude"": 3000, ""apply_aura"": 3, ""base_points"": 29, ""chain_targets"": 0, ""die_sides"": 1, ""implicit_target_a"": 6, ""implicit_target_b"": 0, ""mechanic"": 15, ""misc_value"": 0, ""points_per_level"": 5.857142857142857, ""radius_yards"": null, ""trigger_spell"": 0, ""type"": 6}","{""amplitude"": 0, ""apply_aura"": 0, ""base_points"": 0, ""chain_targets"": 0, ""die_sides"": 1, ""implicit_target_a"": 6, ""implicit_target_b"": 0, ""mechanic"": 0, ""misc_value"": 0, ""points_per_level"": 0.0, ""radius_yards"": null, ""trigger_spell"": 0, ""type"": 80}",494,,,"{""AttributesEx"": 134218240, ""AttributesEx3"": 8, ""AttributesEx4"": 1048576, ""AuraDescription_Lang_Mask"": 16712190, ""AuraDescription_Lang_enUS"": 36651, ""BaseLevel"": 24, ""CastingTimeIndex"": 1, ""DefenseType"": 2, ""Description_Lang_Mask"": 16712190, ""Description_Lang_enUS"": 36516, ""EffectChainAmplitude_1"": 1.0, ""EffectChainAmplitude_2"": 1.0, ""EffectChainAmplitude_3"": 1.0, ""EquippedItemClass"": -1, ""FacingCasterFlags"": 1, ""MaxLevel"": 80, ""NameSubtext_Lang_Mask"": 16712190, ""NameSubtext_Lang_enUS"": """", ""Name_Lang_Mask"": 16712190, ""PreventionType"": 2, ""ProcChance"": 101, ""RangeIndex"": 2, ""ShapeshiftMask"": 1, ""SpellClassMask_1"": 4096, ""SpellClassSet"": 7, ""SpellLevel"": 24, ""SpellVisualID_1"": 750, ""StartRecoveryCategory"": 133, ""StartRecoveryTime"": 1000}",pulled from existing data; single-rank bootstrap: BasePoints/BaseLevel/SpellLevel kept from rank 1 (learn level 24); RealPointsPerLevel from rank1->covers-60-overridden(undershoot-vs-top-rank) (anchor rank 7 @ level 80); coefficient/cast_time_ms/mana_cost_pct from max rank; MaxLevel set to 80
1850,Dash,1,0,0,262160,44,0,0,180000,3,0,0,0.0,,15000,"{""amplitude"": 0, ""apply_aura"": 31, ""base_points"": 49, ""chain_targets"": 0, ""die_sides"": 1, ""implicit_target_a"": 1, ""implicit_target_b"": 0, ""mechanic"": 0, ""misc_value"": 0, ""points_per_level"": 0.29411764705882354, ""radius_yards"": null, ""trigger_spell"": 0, ""type"": 6}",,,959,,,"{""AttributesEx"": 32, ""AuraDescription_Lang_Mask"": 16712190, ""AuraDescription_Lang_enUS"": 37207, ""BaseLevel"": 26, ""CastingTimeIndex"": 1, ""Description_Lang_Mask"": 16712190, ""Description_Lang_enUS"": 37122, ""EffectChainAmplitude_1"": 1.0, ""EffectChainAmplitude_2"": 1.0, ""EffectChainAmplitude_3"": 1.0, ""EquippedItemClass"": -1, ""MaxLevel"": 80, ""NameSubtext_Lang_Mask"": 16712190, ""NameSubtext_Lang_enUS"": """", ""Name_Lang_Mask"": 16712190, ""ProcChance"": 101, ""RangeIndex"": 1, ""SpellClassMask_3"": 8, ""SpellClassSet"": 7, ""SpellLevel"": 26, ""SpellVisualID_1"": 2276}",pulled from existing data; single-rank bootstrap: BasePoints/BaseLevel/SpellLevel kept from rank 1 (learn level 26); RealPointsPerLevel from rank1->covers-60 (anchor rank 2 @ level 60); coefficient/cast_time_ms/mana_cost_pct from max rank; MaxLevel set to 80
2637,Hibernate,8,1,10,1074855936,0,1500,0,0,0,0,7,30.0,,20000,"{""amplitude"": 0, ""apply_aura"": 12, ""base_points"": -1, ""chain_targets"": 0, ""die_sides"": 1, ""implicit_target_a"": 6, ""implicit_target_b"": 0, ""mechanic"": 0, ""misc_value"": 0, ""points_per_level"": 0.0, ""radius_yards"": null, ""trigger_spell"": 0, ""type"": 6}",,,44,,,"{""AttributesEx"": 262144, ""AttributesEx2"": 524288, ""AttributesEx5"": 32, ""AttributesEx6"": 8388608, ""AuraDescription_Lang_Mask"": 16712190, ""AuraDescription_Lang_enUS"": 17401, ""AuraInterruptFlags"": 2, ""BaseLevel"": 18, ""CastingTimeIndex"": 16, ""DefenseType"": 1, ""Description_Lang_Mask"": 16712190, ""Description_Lang_enUS"": 46933, ""EffectChainAmplitude_1"": 1.0, ""EffectChainAmplitude_2"": 1.0, ""EffectChainAmplitude_3"": 1.0, ""EquippedItemClass"": -1, ""InterruptFlags"": 15, ""MaxLevel"": 80, ""NameSubtext_Lang_Mask"": 16712190, ""NameSubtext_Lang_enUS"": """", ""Name_Lang_Mask"": 16712190, ""PreventionType"": 1, ""ProcChance"": 101, ""ShapeshiftExclude"": 2, ""ShapeshiftMask"": 1073741824, ""SpellClassMask_1"": 16777216, ""SpellClassMask_2"": 131072, ""SpellClassMask_3"": 32768, ""SpellClassSet"": 7, ""SpellLevel"": 18, ""SpellPriority"": 50, ""SpellVisualID_1"": 4999, ""StartRecoveryCategory"": 133, ""StartRecoveryTime"": 1500, ""TargetCreatureType"": 3}",pulled from existing data; single-rank bootstrap: BasePoints/BaseLevel/SpellLevel kept from rank 1 (learn level 18); RealPointsPerLevel from rank1->covers-60 (anchor rank 3 @ level 60); coefficient/cast_time_ms/mana_cost_pct from max rank; MaxLevel set to 80
2782,Remove Curse,64,0,0,65536,0,0,0,0,0,0,8,40.0,,,"{""amplitude"": 0, ""apply_aura"": 0, ""base_points"": 0, ""chain_targets"": 0, ""die_sides"": 1, ""implicit_target_a"": 21, ""implicit_target_b"": 0, ""mechanic"": 0, ""misc_value"": 2, ""points_per_level"": 0.0, ""radius_yards"": null, ""trigger_spell"": 0, ""type"": 38}",,,236,,,"{""AuraDescription_Lang_Mask"": 16712188, ""BaseLevel"": 24, ""CastingTimeIndex"": 1, ""DefenseType"": 1, ""Description_Lang_Mask"": 16712190, ""Description_Lang_enUS"": 49340, ""EffectChainAmplitude_1"": 1.0, ""EffectChainAmplitude_2"": 1.0, ""EffectChainAmplitude_3"": 1.0, ""EquippedItemClass"": -1, ""InterruptFlags"": 8, ""NameSubtext_Lang_Mask"": 16712188, ""Name_Lang_Mask"": 16712190, ""PreventionType"": 1, ""ProcChance"": 101, ""SpellClassMask_2"": 4194304, ""SpellClassSet"": 7, ""SpellLevel"": 24, ""SpellVisualID_1"": 186, ""StartRecoveryCategory"": 133, ""StartRecoveryTime"": 1500}",pulled from existing data
2893,Abolish Poison,8,1,0,67584,0,0,0,0,0,0,13,40.0,,12000,"{""amplitude"": 3000, ""apply_aura"": 23, ""base_points"": -1, ""chain_targets"": 0, ""die_sides"": 1, ""implicit_target_a"": 21, ""implicit_target_b"": 0, ""mechanic"": 0, ""misc_value"": 0, ""points_per_level"": 0.0, ""radius_yards"": null, ""trigger_spell"": 3137, ""type"": 6}","{""amplitude"": 0, ""apply_aura"": 0, ""base_points"": 0, ""chain_targets"": 0, ""die_sides"": 1, ""implicit_target_a"": 21, ""implicit_target_b"": 0, ""mechanic"": 0, ""misc_value"": 4, ""points_per_level"": 0.0, ""radius_yards"": null, ""trigger_spell"": 0, ""type"": 38}",,265,,,"{""AttributesEx6"": 67108864, ""AuraDescription_Lang_Mask"": 16712190, ""AuraDescription_Lang_enUS"": 52701, ""BaseLevel"": 26, ""CastingTimeIndex"": 1, ""DefenseType"": 1, ""Description_Lang_Mask"": 16712190, ""Description_Lang_enUS"": 52594, ""EffectChainAmplitude_1"": 1.0, ""EffectChainAmplitude_2"": 1.0, ""EffectChainAmplitude_3"": 1.0, ""EquippedItemClass"": -1, ""InterruptFlags"": 8, ""NameSubtext_Lang_Mask"": 16712188, ""Name_Lang_Mask"": 16712190, ""PreventionType"": 1, ""ProcChance"": 101, ""SpellClassMask_2"": 4, ""SpellClassSet"": 7, ""SpellLevel"": 26, ""SpellVisualID_1"": 3885, ""StartRecoveryCategory"": 133, ""StartRecoveryTime"": 1500}",pulled from existing data
2908,Soothe Animal,8,0,0,65536,0,0,0,0,0,0,6,40.0,,15000,"{""amplitude"": 0, ""apply_aura"": 91, ""base_points"": -11, ""chain_targets"": 0, ""die_sides"": 1, ""implicit_target_a"": 6, ""implicit_target_b"": 0, ""mechanic"": 0, ""misc_value"": 0, ""points_per_level"": 0.0, ""radius_yards"": null, ""trigger_spell"": 0, ""type"": 6}",,,454,,,"{""AttributesEx"": 2228224, ""AttributesEx2"": 524288, ""AttributesEx3"": 196608, ""AuraDescription_Lang_Mask"": 16712190, ""AuraDescription_Lang_enUS"": 10030, ""BaseLevel"": 22, ""CastingTimeIndex"": 1, ""DefenseType"": 1, ""Description_Lang_Mask"": 16712190, ""Description_Lang_enUS"": 52962, ""EffectChainAmplitude_1"": 1.0, ""EffectChainAmplitude_2"": 1.0, ""EffectChainAmplitude_3"": 1.0, ""EquippedItemClass"": -1, ""InterruptFlags"": 15, ""MaxLevel"": 80, ""MaxTargetLevel"": 40, ""NameSubtext_Lang_Mask"": 16712190, ""NameSubtext_Lang_enUS"": """", ""Name_Lang_Mask"": 16712190, ""PreventionType"": 1, ""ProcChance"": 101, ""ShapeshiftExclude"": 2, ""ShapeshiftMask"": 1073741824, ""SpellClassMask_1"": 16777216, ""SpellClassMask_2"": 131072, ""SpellClassMask_3"": 8192, ""SpellClassSet"": 7, ""SpellLevel"": 22, ""SpellPriority"": 50, ""SpellVisualID_1"": 6439, ""StartRecoveryCategory"": 133, ""StartRecoveryTime"": 1500, ""TargetCreatureType"": 3}",pulled from existing data; single-rank bootstrap: BasePoints/BaseLevel/SpellLevel kept from rank 1 (learn level 22); RealPointsPerLevel from rank1->covers-60 (anchor rank 3 @ level 60); coefficient/cast_time_ms/mana_cost_pct from max rank; MaxLevel set to 80
2912,Starfire,64,0,0,65536,0,3500,0,0,0,0,16,30.0,,,"{""amplitude"": 0, ""apply_aura"": 0, ""base_points"": 120, ""chain_targets"": 0, ""die_sides"": 29, ""implicit_target_a"": 6, ""implicit_target_b"": 0, ""mechanic"": 0, ""misc_value"": 0, ""points_per_level"": 14.3, ""radius_yards"": null, ""trigger_spell"": 0, ""type"": 2}",,,1485,,,"{""AttributesEx2"": 524288, ""AuraDescription_Lang_Mask"": 16712188, ""BaseLevel"": 20, ""CastingTimeIndex"": 22, ""DefenseType"": 1, ""Description_Lang_Mask"": 16712190, ""Description_Lang_enUS"": 53130, ""EffectBonusMultiplier_1"": 1.0, ""EffectChainAmplitude_1"": 1.0, ""EffectChainAmplitude_2"": 1.0, ""EffectChainAmplitude_3"": 1.0, ""EquippedItemClass"": -1, ""FacingCasterFlags"": 1, ""InterruptFlags"": 15, ""MaxLevel"": 80, ""NameSubtext_Lang_Mask"": 16712190, ""NameSubtext_Lang_enUS"": """", ""Name_Lang_Mask"": 16712190, ""PreventionType"": 1, ""ProcChance"": 101, ""ShapeshiftExclude"": 2, ""ShapeshiftMask"": 1073741824, ""SpellClassMask_1"": 4, ""SpellClassSet"": 7, ""SpellLevel"": 20, ""SpellPriority"": 50, ""SpellVisualID_1"": 1264, ""StartRecoveryCategory"": 133, ""StartRecoveryTime"": 1500}",pulled from existing data; single-rank bootstrap: BasePoints/BaseLevel/SpellLevel kept from rank 1 (learn level 20); RealPointsPerLevel from rank1->covers-60 (anchor rank 7 @ level 60); coefficient/cast_time_ms/mana_cost_pct from max rank; MaxLevel set to 80
5176,Wrath,8,0,0,65536,0,2000,0,0,0,0,11,30.0,,,"{""amplitude"": 0, ""apply_aura"": 0, ""base_points"": 16, ""chain_targets"": 0, ""die_sides"": 3, ""implicit_target_a"": 6, ""implicit_target_b"": 0, ""mechanic"": 0, ""misc_value"": 0, ""points_per_level"": 5.111864397081278, ""radius_yards"": null, ""trigger_spell"": 0, ""type"": 2}",,,263,,,"{""AttributesEx2"": 524288, ""AuraDescription_Lang_Mask"": 16712188, ""BaseLevel"": 1, ""CastingTimeIndex"": 16, ""DefenseType"": 1, ""Description_Lang_Mask"": 16712190, ""Description_Lang_enUS"": 96632, ""EffectBonusMultiplier_1"": 0.5709999799728394, ""EffectChainAmplitude_1"": 1.0, ""EffectChainAmplitude_2"": 1.0, ""EffectChainAmplitude_3"": 1.0, ""EquippedItemClass"": -1, ""FacingCasterFlags"": 1, ""InterruptFlags"": 15, ""MaxLevel"": 80, ""NameSubtext_Lang_Mask"": 16712190, ""NameSubtext_Lang_enUS"": """", ""Name_Lang_Mask"": 16712190, ""PreventionType"": 1, ""ProcChance"": 101, ""ShapeshiftExclude"": 2, ""ShapeshiftMask"": 1073741824, ""Speed"": 20.0, ""SpellClassMask_1"": 1, ""SpellClassSet"": 7, ""SpellLevel"": 1, ""SpellVisualID_1"": 3860, ""StartRecoveryCategory"": 133, ""StartRecoveryTime"": 1500}",pulled from existing data; single-rank bootstrap: BasePoints/BaseLevel/SpellLevel kept from rank 1 (learn level 1); RealPointsPerLevel from rank1->covers-60 (anchor rank 8 @ level 60); coefficient/cast_time_ms/mana_cost_pct from max rank; MaxLevel set to 80
5185,Healing Touch,8,0,0,65536,0,3000,0,0,0,0,33,40.0,,,"{""amplitude"": 0, ""apply_aura"": 0, ""base_points"": 36, ""chain_targets"": 0, ""die_sides"": 15, ""implicit_target_a"": 21, ""implicit_target_b"": 0, ""mechanic"": 0, ""misc_value"": 0, ""points_per_level"": 47.144303792639626, ""radius_yards"": null, ""trigger_spell"": 0, ""type"": 10}",,,962,,,"{""AuraDescription_Lang_Mask"": 16712188, ""BaseLevel"": 1, ""CastingTimeIndex"": 16, ""DefenseType"": 1, ""Description_Lang_Mask"": 16712190, ""Description_Lang_enUS"": 96686, ""EffectBonusMultiplier_1"": 1.6100000143051147, ""EffectChainAmplitude_1"": 1.0, ""EffectChainAmplitude_2"": 1.0, ""EffectChainAmplitude_3"": 1.0, ""EquippedItemClass"": -1, ""InterruptFlags"": 15, ""MaxLevel"": 80, ""NameSubtext_Lang_Mask"": 16712190, ""NameSubtext_Lang_enUS"": """", ""Name_Lang_Mask"": 16712190, ""PreventionType"": 1, ""ProcChance"": 101, ""ShapeshiftExclude"": 1073741824, ""SpellClassMask_1"": 32, ""SpellClassSet"": 7, ""SpellDescriptionVariableID"": 28, ""SpellLevel"": 1, ""SpellVisualID_1"": 58, ""StartRecoveryCategory"": 133, ""StartRecoveryTime"": 1500}",pulled from existing data; single-rank bootstrap: BasePoints/BaseLevel/SpellLevel kept from rank 1 (learn level 1); RealPointsPerLevel from rank1->covers-60-overridden(undershoot-vs-top-rank) (anchor rank 15 @ level 80); coefficient/cast_time_ms/mana_cost_pct from max rank; MaxLevel set to 80
5209,Challenging Roar,1,0,0,262160,0,0,180000,0,1,150,0,0.0,,6000,"{""amplitude"": 0, ""apply_aura"": 11, ""base_points"": -1, ""chain_targets"": 0, ""die_sides"": 1, ""implicit_target_a"": 22, ""implicit_target_b"": 15, ""mechanic"": 0, ""misc_value"": 0, ""points_per_level"": 0.0, ""radius_yards"": 10.0, ""trigger_spell"": 0, ""type"": 6}",,,957,,,"{""AttributesEx"": 131072, ""AttributesEx2"": 67108864, ""AttributesEx4"": 2048, ""AttributesEx5"": 2147483648, ""AttributesEx6"": 8388608, ""AuraDescription_Lang_Mask"": 16712190, ""AuraDescription_Lang_enUS"": 8177, ""BaseLevel"": 28, ""CastingTimeIndex"": 1, ""DefenseType"": 1, ""Description_Lang_Mask"": 16712190, ""Description_Lang_enUS"": 96977, ""EffectChainAmplitude_1"": 1.0, ""EffectChainAmplitude_2"": 1.0, ""EffectChainAmplitude_3"": 1.0, ""EquippedItemClass"": -1, ""NameSubtext_Lang_Mask"": 16712188, ""Name_Lang_Mask"": 16712190, ""PreventionType"": 1, ""ProcChance"": 101, ""RangeIndex"": 1, ""ShapeshiftMask"": 144, ""SpellClassMask_3"": 1, ""SpellClassSet"": 7, ""SpellLevel"": 28, ""SpellVisualID_1"": 748, ""StartRecoveryCategory"": 133, ""StartRecoveryTime"": 1500}",pulled from existing data
5211,Bash,1,0,12,262160,32,0,0,60000,1,100,0,5.0,,2000,"{""amplitude"": 0, ""apply_aura"": 12, ""base_points"": -1, ""chain_targets"": 0, ""die_sides"": 1, ""implicit_target_a"": 6, ""implicit_target_b"": 0, ""mechanic"": 0, ""misc_value"": 0, ""points_per_level"": 0.0, ""radius_yards"": null, ""trigger_spell"": 0, ""type"": 6}",,,473,,,"{""AttributesEx"": 134480384, ""AttributesEx6"": 8388608, ""AuraDescription_Lang_Mask"": 16712190, ""AuraDescription_Lang_enUS"": 1318, ""BaseLevel"": 14, ""CastingTimeIndex"": 1, ""DefenseType"": 2, ""Description_Lang_Mask"": 16712190, ""Description_Lang_enUS"": 22662, ""EffectChainAmplitude_1"": 1.0, ""EffectChainAmplitude_2"": 1.0, ""EffectChainAmplitude_3"": 1.0, ""EquippedItemClass"": -1, ""FacingCasterFlags"": 1, ""MaxLevel"": 80, ""NameSubtext_Lang_Mask"": 16712190, ""NameSubtext_Lang_enUS"": """", ""Name_Lang_Mask"": 16712190, ""PreventionType"": 2, ""ProcChance"": 101, ""RangeIndex"": 2, ""ShapeshiftMask"": 144, ""SpellClassMask_1"": 8192, ""SpellClassSet"": 7, ""SpellLevel"": 14, ""SpellPriority"": 50, ""SpellVisualID_1"": 3948, ""StartRecoveryCategory"": 133, ""StartRecoveryTime"": 1500}",pulled from existing data; single-rank bootstrap: BasePoints/BaseLevel/SpellLevel kept from rank 1 (learn level 14); RealPointsPerLevel from rank1->covers-60 (anchor rank 3 @ level 60); coefficient/cast_time_ms/mana_cost_pct from max rank; MaxLevel set to 80
5215,Prowl,1,5,0,437518352,38,0,0,10000,3,0,0,0.0,,-1,"{""amplitude"": 0, ""apply_aura"": 16, ""base_points"": 99, ""chain_targets"": 0, ""die_sides"": 1, ""implicit_target_a"": 1, ""implicit_target_b"": 0, ""mechanic"": 0, ""misc_value"": 0, ""points_per_level"": 5.0, ""radius_yards"": null, ""trigger_spell"": 0, ""type"": 6}","{""amplitude"": 0, ""apply_aura"": 33, ""base_points"": -31, ""chain_targets"": 0, ""die_sides"": 1, ""implicit_target_a"": 1, ""implicit_target_b"": 0, ""mechanic"": 0, ""misc_value"": 0, ""points_per_level"": 0.0, ""radius_yards"": null, ""trigger_spell"": 0, ""type"": 6}",,103,,,"{""ActiveIconID"": 30, ""AttributesEx"": 16, ""AttributesEx2"": 2097152, ""AttributesEx3"": 67108864, ""AuraDescription_Lang_Mask"": 16712190, ""AuraDescription_Lang_enUS"": 97420, ""AuraInterruptFlags"": 15366, ""BaseLevel"": 20, ""CastingTimeIndex"": 1, ""Description_Lang_Mask"": 16712190, ""Description_Lang_enUS"": 97321, ""EffectChainAmplitude_1"": 1.0, ""EffectChainAmplitude_2"": 1.0, ""EffectChainAmplitude_3"": 1.0, ""EquippedItemClass"": -1, ""ExcludeCasterAuraState"": 12, ""NameSubtext_Lang_Mask"": 16712190, ""Name_Lang_Mask"": 16712190, ""ProcChance"": 100, ""ProcCharges"": 1, ""ProcTypeMask"": 664232, ""RangeIndex"": 1, ""ShapeshiftMask"": 1, ""SpellClassMask_1"": 16384, ""SpellClassSet"": 7, ""SpellLevel"": 20, ""SpellVisualID_1"": 184, ""StartRecoveryCategory"": 1178}",pulled from existing data
5217,Tiger's Fury,1,0,0,262160,0,0,30000,30000,3,0,0,0.0,,6000,"{""amplitude"": 0, ""apply_aura"": 13, ""base_points"": 9, ""chain_targets"": 0, ""die_sides"": 1, ""implicit_target_a"": 1, ""implicit_target_b"": 0, ""mechanic"": 0, ""misc_value"": 1, ""points_per_level"": 1.25, ""radius_yards"": null, ""trigger_spell"": 0, ""type"": 6}",,,1181,,,"{""AttributesEx"": 32, ""AuraDescription_Lang_Mask"": 16712190, ""AuraDescription_Lang_enUS"": 97513, ""BaseLevel"": 24, ""CastingTimeIndex"": 1, ""Description_Lang_Mask"": 16712190, ""Description_Lang_enUS"": 97476, ""EffectChainAmplitude_1"": 1.0, ""EffectChainAmplitude_2"": 1.0, ""EffectChainAmplitude_3"": 1.0, ""EquippedItemClass"": -1, ""ExcludeCasterAuraSpell"": 50334, ""MaxLevel"": 80, ""NameSubtext_Lang_Mask"": 16712190, ""NameSubtext_Lang_enUS"": """", ""Name_Lang_Mask"": 16712190, ""ProcChance"": 101, ""RangeIndex"": 1, ""ShapeshiftMask"": 1, ""SpellClassMask_3"": 2048, ""SpellClassSet"": 7, ""SpellLevel"": 24, ""SpellPriority"": 50, ""SpellVisualID_1"": 200}",pulled from existing data; single-rank bootstrap: BasePoints/BaseLevel/SpellLevel kept from rank 1 (learn level 24); RealPointsPerLevel from rank1->covers-60-overridden(undershoot-vs-top-rank) (anchor rank 6 @ level 80); coefficient/cast_time_ms/mana_cost_pct from max rank; MaxLevel set to 80
5221,Shred,1,0,0,262160,0,0,0,0,3,60,0,5.0,,,"{""amplitude"": 0, ""apply_aura"": 0, ""base_points"": 23, ""chain_targets"": 0, ""die_sides"": 1, ""implicit_target_a"": 6, ""implicit_target_b"": 0, ""mechanic"": 0, ""misc_value"": 0, ""points_per_level"": 4.689655172413793, ""radius_yards"": null, ""trigger_spell"": 0, ""type"": 58}","{""amplitude"": 0, ""apply_aura"": 0, ""base_points"": 0, ""chain_targets"": 0, ""die_sides"": 1, ""implicit_target_a"": 6, ""implicit_target_b"": 0, ""mechanic"": 0, ""misc_value"": 0, ""points_per_level"": 0.0, ""radius_yards"": null, ""trigger_spell"": 0, ""type"": 80}","{""amplitude"": 0, ""apply_aura"": 0, ""base_points"": 224, ""chain_targets"": 0, ""die_sides"": 1, ""implicit_target_a"": 6, ""implicit_target_b"": 0, ""mechanic"": 0, ""misc_value"": 0, ""points_per_level"": 0.0, ""radius_yards"": null, ""trigger_spell"": 0, ""type"": 31}",147,,,"{""AttributesEx"": 134218240, ""AttributesEx2"": 1048576, ""AuraDescription_Lang_Mask"": 16712188, ""BaseLevel"": 22, ""CastingTimeIndex"": 1, ""DefenseType"": 2, ""Description_Lang_Mask"": 16712190, ""Description_Lang_enUS"": 97668, ""EffectBonusMultiplier_1"": 1.0, ""EffectChainAmplitude_1"": 1.0, ""EffectChainAmplitude_2"": 1.0, ""EffectChainAmplitude_3"": 1.0, ""EquippedItemClass"": -1, ""FacingCasterFlags"": 1, ""MaxLevel"": 80, ""NameSubtext_Lang_Mask"": 16712190, ""NameSubtext_Lang_enUS"": """", ""Name_Lang_Mask"": 16712190, ""PreventionType"": 2, ""ProcChance"": 101, ""RangeIndex"": 2, ""ShapeshiftMask"": 1, ""SpellClassMask_1"": 32768, ""SpellClassSet"": 7, ""SpellLevel"": 22, ""SpellVisualID_1"": 3950, ""StartRecoveryCategory"": 133, ""StartRecoveryTime"": 1000}",pulled from existing data; single-rank bootstrap: BasePoints/BaseLevel/SpellLevel kept from rank 1 (learn level 22); RealPointsPerLevel from rank1->covers-60-overridden(undershoot-vs-top-rank) (anchor rank 9 @ level 80); coefficient/cast_time_ms/mana_cost_pct from max rank; MaxLevel set to 80
5229,Enrage,1,9,31,262160,0,0,60000,0,1,0,0,0.0,,10000,"{""amplitude"": 1000, ""apply_aura"": 24, ""base_points"": 9, ""chain_targets"": 0, ""die_sides"": 1, ""implicit_target_a"": 1, ""implicit_target_b"": 0, ""mechanic"": 0, ""misc_value"": 1, ""points_per_level"": 0.0, ""radius_yards"": null, ""trigger_spell"": 0, ""type"": 6}","{""amplitude"": 0, ""apply_aura"": 0, ""base_points"": 199, ""chain_targets"": 0, ""die_sides"": 1, ""implicit_target_a"": 1, ""implicit_target_b"": 0, ""mechanic"": 0, ""misc_value"": 1, ""points_per_level"": 0.0, ""radius_yards"": null, ""trigger_spell"": 0, ""type"": 30}","{""amplitude"": 0, ""apply_aura"": 94, ""base_points"": 0, ""chain_targets"": 0, ""die_sides"": 0, ""implicit_target_a"": 1, ""implicit_target_b"": 0, ""mechanic"": 0, ""misc_value"": 0, ""points_per_level"": 0.0, ""radius_yards"": null, ""trigger_spell"": 0, ""type"": 6}",961,,,"{""AuraDescription_Lang_Mask"": 16712190, ""AuraDescription_Lang_enUS"": 98228, ""BaseLevel"": 12, ""CastingTimeIndex"": 1, ""Description_Lang_Mask"": 16712190, ""Description_Lang_enUS"": 98079, ""EffectChainAmplitude_1"": 1.0, ""EffectChainAmplitude_2"": 1.0, ""EffectChainAmplitude_3"": 1.0, ""EquippedItemClass"": -1, ""NameSubtext_Lang_Mask"": 16712188, ""Name_Lang_Mask"": 16712190, ""ProcChance"": 101, ""RangeIndex"": 1, ""ShapeshiftMask"": 144, ""SpellClassMask_1"": 524288, ""SpellClassSet"": 7, ""SpellLevel"": 12, ""SpellVisualID_1"": 249}",pulled from existing data
5487,Bear Form,1,0,0,327696,0,0,0,0,0,0,35,0.0,,-1,"{""amplitude"": 0, ""apply_aura"": 36, ""base_points"": -1, ""chain_targets"": 0, ""die_sides"": 1, ""implicit_target_a"": 1, ""implicit_target_b"": 0, ""mechanic"": 0, ""misc_value"": 5, ""points_per_level"": 0.0, ""radius_yards"": null, ""trigger_spell"": 0, ""type"": 6}","{""amplitude"": 0, ""apply_aura"": 77, ""base_points"": -1, ""chain_targets"": 0, ""die_sides"": 1, ""implicit_target_a"": 1, ""implicit_target_b"": 0, ""mechanic"": 0, ""misc_value"": 17, ""points_per_level"": 0.0, ""radius_yards"": null, ""trigger_spell"": 0, ""type"": 6}",,107,,,"{""ActiveIconID"": 122, ""AttributesEx"": 98304, ""AttributesEx4"": 2097152, ""AuraDescription_Lang_Mask"": 16712190, ""AuraDescription_Lang_enUS"": 103237, ""BaseLevel"": 10, ""CastingTimeIndex"": 1, ""Description_Lang_Mask"": 16712190, ""Description_Lang_enUS"": 102897, ""EffectChainAmplitude_1"": 1.0, ""EffectChainAmplitude_2"": 1.0, ""EffectChainAmplitude_3"": 1.0, ""EquippedItemClass"": -1, ""MaxLevel"": 80, ""NameSubtext_Lang_Mask"": 16712190, ""NameSubtext_Lang_enUS"": """", ""Name_Lang_Mask"": 16712190, ""ProcChance"": 101, ""RangeIndex"": 1, ""ShapeshiftExclude"": 1073741826, ""SpellClassMask_1"": 1073741824, ""SpellClassSet"": 7, ""SpellLevel"": 10, ""SpellVisualID_1"": 653, ""StartRecoveryCategory"": 133, ""StartRecoveryTime"": 1500}",pulled from existing data; single-rank bootstrap: BasePoints/BaseLevel/SpellLevel kept from rank 1 (learn level 10); RealPointsPerLevel from rank1->covers-60 (anchor rank 2 @ level 60); coefficient/cast_time_ms/mana_cost_pct from max rank; MaxLevel set to 80
5570,Insect Swarm,8,1,0,65536,0,0,0,0,0,0,8,30.0,,12000,"{""amplitude"": 2000, ""apply_aura"": 3, ""base_points"": 23, ""chain_targets"": 0, ""die_sides"": 1, ""implicit_target_a"": 6, ""implicit_target_b"": 0, ""mechanic"": 0, ""misc_value"": 0, ""points_per_level"": 2.5, ""radius_yards"": null, ""trigger_spell"": 0, ""type"": 6}","{""amplitude"": 0, ""apply_aura"": 54, ""base_points"": -4, ""chain_targets"": 0, ""die_sides"": 1, ""implicit_target_a"": 6, ""implicit_target_b"": 0, ""mechanic"": 0, ""misc_value"": 0, ""points_per_level"": 0.0, ""radius_yards"": null, ""trigger_spell"": 0, ""type"": 6}",,1771,,,"{""AttributesEx2"": 524288, ""AttributesEx6"": 8388608, ""AuraDescription_Lang_Mask"": 16712190, ""AuraDescription_Lang_enUS"": 105031, ""BaseLevel"": 20, ""CastingTimeIndex"": 1, ""DefenseType"": 1, ""Description_Lang_Mask"": 16712190, ""Description_Lang_enUS"": 104913, ""EffectBasePoints_3"": -1, ""EffectBonusMultiplier_1"": 0.20000000298023224, ""EffectBonusMultiplier_2"": 1.0, ""EffectChainAmplitude_1"": 1.0, ""EffectChainAmplitude_2"": 1.0, ""EffectChainAmplitude_3"": 1.0, ""EffectDieSides_3"": 1, ""EffectSpellClassMaskC_1"": 7340807, ""EffectSpellClassMaskC_2"": 25166340, ""EquippedItemClass"": -1, ""InterruptFlags"": 8, ""MaxLevel"": 80, ""NameSubtext_Lang_Mask"": 16712190, ""NameSubtext_Lang_enUS"": """", ""Name_Lang_Mask"": 16712190, ""PreventionType"": 1, ""ProcChance"": 101, ""ShapeshiftExclude"": 2, ""ShapeshiftMask"": 1073741824, ""SpellClassMask_1"": 2097152, ""SpellClassSet"": 7, ""SpellLevel"": 20, ""SpellVisualID_1"": 7333, ""StartRecoveryCategory"": 133, ""StartRecoveryTime"": 1500}",pulled from existing data; single-rank bootstrap: BasePoints/BaseLevel/SpellLevel kept from rank 1 (learn level 20); RealPointsPerLevel from rank1->covers-60 (anchor rank 5 @ level 60); coefficient/cast_time_ms/mana_cost_pct from max rank; MaxLevel set to 80
6756,Mark of the Wild,8,1,0,65536,0,0,0,0,0,0,24,30.0,,1800000,"{""amplitude"": 0, ""apply_aura"": 22, ""base_points"": 104, ""chain_targets"": 0, ""die_sides"": 1, ""implicit_target_a"": 21, ""implicit_target_b"": 0, ""mechanic"": 0, ""misc_value"": 1, ""points_per_level"": 0.0, ""radius_yards"": null, ""trigger_spell"": 0, ""type"": 6}","{""amplitude"": 0, ""apply_aura"": 29, ""base_points"": 3, ""chain_targets"": 0, ""die_sides"": 1, ""implicit_target_a"": 21, ""implicit_target_b"": 0, ""mechanic"": 0, ""misc_value"": -1, ""points_per_level"": 0.0, ""radius_yards"": null, ""trigger_spell"": 0, ""type"": 6}",,123,,,"{""AttributesEx"": 131072, ""AttributesEx6"": 67108864, ""AttributesEx7"": 268435456, ""AuraDescription_Lang_Mask"": 16712190, ""AuraDescription_Lang_enUS"": 98358, ""BaseLevel"": 20, ""CastingTimeIndex"": 1, ""DefenseType"": 1, ""Description_Lang_Mask"": 16712190, ""Description_Lang_enUS"": 98279, ""EffectChainAmplitude_1"": 1.0, ""EffectChainAmplitude_2"": 1.0, ""EffectChainAmplitude_3"": 1.0, ""EffectMultipleValue_1"": 1.0, ""EquippedItemClass"": -1, ""InterruptFlags"": 8, ""NameSubtext_Lang_Mask"": 16712190, ""NameSubtext_Lang_enUS"": ""Rank 3"", ""Name_Lang_Mask"": 16712190, ""PreventionType"": 1, ""ProcChance"": 101, ""SpellClassMask_1"": 262144, ""SpellClassSet"": 7, ""SpellLevel"": 20, ""SpellPriority"": 50, ""SpellVisualID_1"": 212, ""StartRecoveryCategory"": 133, ""StartRecoveryTime"": 1500}","pulled from existing data; step-7: superseded rank, kept (referenced by quest_template reward/display spell)"
6785,Ravage,1,0,0,2490384,0,0,0,0,3,60,0,5.0,,,"{""amplitude"": 0, ""apply_aura"": 0, ""base_points"": 41, ""chain_targets"": 0, ""die_sides"": 1, ""implicit_target_a"": 6, ""implicit_target_b"": 0, ""mechanic"": 0, ""misc_value"": 0, ""points_per_level"": 8.708333333333334, ""radius_yards"": null, ""trigger_spell"": 0, ""type"": 58}","{""amplitude"": 0, ""apply_aura"": 0, ""base_points"": 384, ""chain_targets"": 0, ""die_sides"": 1, ""implicit_target_a"": 6, ""implicit_target_b"": 0, ""mechanic"": 0, ""misc_value"": 0, ""points_per_level"": 0.0, ""radius_yards"": null, ""trigger_spell"": 0, ""type"": 31}","{""amplitude"": 0, ""apply_aura"": 0, ""base_points"": 0, ""chain_targets"": 0, ""die_sides"": 1, ""implicit_target_a"": 6, ""implicit_target_b"": 0, ""mechanic"": 0, ""misc_value"": 0, ""points_per_level"": 0.0, ""radius_yards"": null, ""trigger_spell"": 0, ""type"": 80}",1531,,,"{""AttributesEx"": 134218240, ""AttributesEx2"": 1048576, ""AuraDescription_Lang_Mask"": 16712188, ""BaseLevel"": 32, ""CastingTimeIndex"": 1, ""DefenseType"": 2, ""Description_Lang_Mask"": 16712190, ""Description_Lang_enUS"": 126359, ""EffectBonusMultiplier_1"": 1.0, ""EffectBonusMultiplier_2"": 1.0, ""EffectChainAmplitude_1"": 1.0, ""EffectChainAmplitude_2"": 1.0, ""EffectChainAmplitude_3"": 1.0, ""EffectMultipleValue_1"": 1.0, ""EquippedItemClass"": -1, ""FacingCasterFlags"": 1, ""MaxLevel"": 80, ""NameSubtext_Lang_Mask"": 16712190, ""NameSubtext_Lang_enUS"": """", ""Name_Lang_Mask"": 16712190, ""PreventionType"": 2, ""ProcChance"": 101, ""RangeIndex"": 2, ""ShapeshiftMask"": 1, ""SpellClassMask_1"": 65536, ""SpellClassSet"": 7, ""SpellLevel"": 32, ""SpellPriority"": 50, ""SpellVisualID_1"": 2275, ""StartRecoveryCategory"": 133, ""StartRecoveryTime"": 1000}",pulled from existing data; single-rank bootstrap: BasePoints/BaseLevel/SpellLevel kept from rank 1 (learn level 32); RealPointsPerLevel from rank1->covers-60-overridden(undershoot-vs-top-rank) (anchor rank 7 @ level 80); coefficient/cast_time_ms/mana_cost_pct from max rank; MaxLevel set to 80
6807,Maul,1,0,0,1044,0,0,0,0,1,150,0,5.0,,,"{""amplitude"": 0, ""apply_aura"": 0, ""base_points"": 17, ""chain_targets"": 0, ""die_sides"": 1, ""implicit_target_a"": 6, ""implicit_target_b"": 0, ""mechanic"": 0, ""misc_value"": 0, ""points_per_level"": 8.0, ""radius_yards"": null, ""trigger_spell"": 0, ""type"": 58}",,,261,,,"{""AttributesEx"": 134218240, ""AttributesEx2"": 4096, ""AuraDescription_Lang_Mask"": 16712188, ""BaseLevel"": 10, ""CastingTimeIndex"": 1, ""DefenseType"": 2, ""Description_Lang_Mask"": 16712190, ""Description_Lang_enUS"": 127081, ""EffectBonusMultiplier_1"": 1.0, ""EffectChainAmplitude_1"": 1.0, ""EffectChainAmplitude_2"": 1.0, ""EffectChainAmplitude_3"": 1.0, ""EquippedItemClass"": -1, ""FacingCasterFlags"": 1, ""MaxLevel"": 80, ""NameSubtext_Lang_Mask"": 16712190, ""NameSubtext_Lang_enUS"": """", ""Name_Lang_Mask"": 16712190, ""PreventionType"": 2, ""ProcChance"": 101, ""RangeIndex"": 2, ""ShapeshiftMask"": 144, ""SpellClassMask_1"": 2048, ""SpellClassSet"": 7, ""SpellLevel"": 10, ""SpellVisualID_1"": 166}",pulled from existing data; single-rank bootstrap: BasePoints/BaseLevel/SpellLevel kept from rank 1 (learn level 10); RealPointsPerLevel from rank1->covers-60-overridden(undershoot-vs-top-rank) (anchor rank 10 @ level 80); coefficient/cast_time_ms/mana_cost_pct from max rank; MaxLevel set to 80
8921,Moonfire,64,1,0,65536,0,0,0,0,0,0,21,30.0,,9000,"{""amplitude"": 3000, ""apply_aura"": 3, ""base_points"": 3, ""chain_targets"": 0, ""die_sides"": 1, ""implicit_target_a"": 6, ""implicit_target_b"": 0, ""mechanic"": 0, ""misc_value"": 0, ""points_per_level"": 2.5789473684210527, ""radius_yards"": null, ""trigger_spell"": 0, ""type"": 6}","{""amplitude"": 0, ""apply_aura"": 0, ""base_points"": 6, ""chain_targets"": 0, ""die_sides"": 3, ""implicit_target_a"": 6, ""implicit_target_b"": 0, ""mechanic"": 0, ""misc_value"": 0, ""points_per_level"": 5.25, ""radius_yards"": null, ""trigger_spell"": 0, ""type"": 2}",,225,,,"{""AttributesEx2"": 524288, ""AuraDescription_Lang_Mask"": 16712190, ""AuraDescription_Lang_enUS"": 183664, ""BaseLevel"": 4, ""CastingTimeIndex"": 1, ""DefenseType"": 1, ""Description_Lang_Mask"": 16712190, ""Description_Lang_enUS"": 183563, ""EffectBonusMultiplier_1"": 0.12999999523162842, ""EffectBonusMultiplier_2"": 0.15000000596046448, ""EffectChainAmplitude_1"": 1.0, ""EffectChainAmplitude_2"": 1.0, ""EffectChainAmplitude_3"": 1.0, ""EquippedItemClass"": -1, ""FacingCasterFlags"": 1, ""InterruptFlags"": 8, ""MaxLevel"": 80, ""NameSubtext_Lang_Mask"": 16712190, ""NameSubtext_Lang_enUS"": """", ""Name_Lang_Mask"": 16712190, ""PreventionType"": 1, ""ProcChance"": 101, ""ShapeshiftExclude"": 2, ""ShapeshiftMask"": 1073741824, ""SpellClassMask_1"": 2, ""SpellClassSet"": 7, ""SpellDescriptionVariableID"": 176, ""SpellLevel"": 4, ""SpellVisualID_1"": 1263, ""StartRecoveryCategory"": 133, ""StartRecoveryTime"": 1500}",pulled from existing data; single-rank bootstrap: BasePoints/BaseLevel/SpellLevel kept from rank 1 (learn level 4); RealPointsPerLevel from rank1->covers-60-overridden(undershoot-vs-top-rank) (anchor rank 14 @ level 80); coefficient/cast_time_ms/mana_cost_pct from max rank; MaxLevel set to 80
8936,Regrowth,8,1,0,65536,0,2000,0,0,0,0,29,40.0,,21000,"{""amplitude"": 0, ""apply_aura"": 0, ""base_points"": 83, ""chain_targets"": 0, ""die_sides"": 15, ""implicit_target_a"": 21, ""implicit_target_b"": 0, ""mechanic"": 0, ""misc_value"": 0, ""points_per_level"": 31.957352932761697, ""radius_yards"": null, ""trigger_spell"": 0, ""type"": 10}","{""amplitude"": 3000, ""apply_aura"": 8, ""base_points"": 13, ""chain_targets"": 0, ""die_sides"": 1, ""implicit_target_a"": 21, ""implicit_target_b"": 0, ""mechanic"": 0, ""misc_value"": 0, ""points_per_level"": 4.720588235294118, ""radius_yards"": null, ""trigger_spell"": 0, ""type"": 6}",,197,,,"{""AttributesEx2"": 524288, ""AttributesEx3"": 128, ""AttributesEx4"": 1048576, ""AttributesEx6"": 67108864, ""AuraDescription_Lang_Mask"": 16712190, ""AuraDescription_Lang_enUS"": 183881, ""BaseLevel"": 12, ""CastingTimeIndex"": 5, ""DefenseType"": 1, ""Description_Lang_Mask"": 16712190, ""Description_Lang_enUS"": 183811, ""EffectBonusMultiplier_1"": 0.5379999876022339, ""EffectBonusMultiplier_2"": 0.18799999356269836, ""EffectChainAmplitude_1"": 1.0, ""EffectChainAmplitude_2"": 1.0, ""EffectChainAmplitude_3"": 1.0, ""EquippedItemClass"": -1, ""InterruptFlags"": 15, ""MaxLevel"": 80, ""NameSubtext_Lang_Mask"": 16712190, ""NameSubtext_Lang_enUS"": """", ""Name_Lang_Mask"": 16712190, ""PreventionType"": 1, ""ProcChance"": 101, ""ShapeshiftExclude"": 1073741824, ""ShapeshiftMask"": 2, ""SpellClassMask_1"": 64, ""SpellClassSet"": 7, ""SpellDescriptionVariableID"": 176, ""SpellLevel"": 12, ""SpellVisualID_1"": 58, ""StartRecoveryCategory"": 133, ""StartRecoveryTime"": 1500}",pulled from existing data; single-rank bootstrap: BasePoints/BaseLevel/SpellLevel kept from rank 1 (learn level 12); RealPointsPerLevel from rank1->covers-60-overridden(undershoot-vs-top-rank) (anchor rank 12 @ level 80); coefficient/cast_time_ms/mana_cost_pct from max rank; MaxLevel set to 80
8998,Cower,1,0,0,262160,84,0,0,10000,3,20,0,5.0,,,"{""amplitude"": 0, ""apply_aura"": 0, ""base_points"": -241, ""chain_targets"": 0, ""die_sides"": 1, ""implicit_target_a"": 6, ""implicit_target_b"": 0, ""mechanic"": 0, ""misc_value"": 0, ""points_per_level"": -62.26923076923077, ""radius_yards"": null, ""trigger_spell"": 0, ""type"": 63}",,,958,,,"{""AttributesEx"": 134217728, ""AttributesEx2"": 67108864, ""AttributesEx3"": 65536, ""AuraDescription_Lang_Mask"": 16712188, ""BaseLevel"": 28, ""CastingTimeIndex"": 1, ""DefenseType"": 2, ""Description_Lang_Mask"": 16712190, ""Description_Lang_enUS"": 185263, ""EffectBonusMultiplier_2"": 1.0, ""EffectChainAmplitude_1"": 1.0, ""EffectChainAmplitude_2"": 1.0, ""EffectChainAmplitude_3"": 1.0, ""EquippedItemClass"": -1, ""FacingCasterFlags"": 1, ""MaxLevel"": 80, ""NameSubtext_Lang_Mask"": 16712190, ""NameSubtext_Lang_enUS"": """", ""Name_Lang_Mask"": 16712190, ""PreventionType"": 2, ""ProcChance"": 101, ""RangeIndex"": 2, ""ShapeshiftMask"": 1, ""SpellClassMask_2"": 536870912, ""SpellClassSet"": 7, ""SpellLevel"": 28, ""SpellVisualID_1"": 3883, ""StartRecoveryCategory"": 133, ""StartRecoveryTime"": 1000}",pulled from existing data; single-rank bootstrap: BasePoints/BaseLevel/SpellLevel kept from rank 1 (learn level 28); RealPointsPerLevel from rank1->covers-60-overridden(undershoot-vs-top-rank) (anchor rank 6 @ level 80); coefficient/cast_time_ms/mana_cost_pct from max rank; MaxLevel set to 80
9005,Pounce,1,0,0,2490384,0,0,0,0,3,50,0,5.0,,3000,"{""amplitude"": 0, ""apply_aura"": 12, ""base_points"": -1, ""chain_targets"": 0, ""die_sides"": 1, ""implicit_target_a"": 6, ""implicit_target_b"": 0, ""mechanic"": 12, ""misc_value"": 0, ""points_per_level"": 0.0, ""radius_yards"": null, ""trigger_spell"": 0, ""type"": 6}","{""amplitude"": 0, ""apply_aura"": 0, ""base_points"": 0, ""chain_targets"": 0, ""die_sides"": 0, ""implicit_target_a"": 6, ""implicit_target_b"": 0, ""mechanic"": 0, ""misc_value"": 0, ""points_per_level"": 0.0, ""radius_yards"": null, ""trigger_spell"": 9007, ""type"": 64}","{""amplitude"": 0, ""apply_aura"": 0, ""base_points"": 0, ""chain_targets"": 0, ""die_sides"": 1, ""implicit_target_a"": 6, ""implicit_target_b"": 0, ""mechanic"": 0, ""misc_value"": 0, ""points_per_level"": 0.0, ""radius_yards"": null, ""trigger_spell"": 0, ""type"": 80}",495,,,"{""ActiveIconID"": 495, ""AttributesEx"": 134218240, ""AttributesEx2"": 1048576, ""AttributesEx6"": 8388608, ""AuraDescription_Lang_Mask"": 16712190, ""AuraDescription_Lang_enUS"": 1318, ""BaseLevel"": 36, ""CastingTimeIndex"": 1, ""DefenseType"": 2, ""Description_Lang_Mask"": 16712190, ""Description_Lang_enUS"": 185531, ""EffectChainAmplitude_1"": 1.0, ""EffectChainAmplitude_2"": 1.0, ""EffectChainAmplitude_3"": 1.0, ""EquippedItemClass"": -1, ""FacingCasterFlags"": 1, ""MaxLevel"": 80, ""NameSubtext_Lang_Mask"": 16712190, ""NameSubtext_Lang_enUS"": """", ""Name_Lang_Mask"": 16712190, ""PreventionType"": 2, ""ProcChance"": 101, ""RangeIndex"": 2, ""ShapeshiftMask"": 1, ""SpellClassMask_1"": 131072, ""SpellClassSet"": 7, ""SpellLevel"": 36, ""SpellPriority"": 50, ""SpellVisualID_1"": 3942, ""StartRecoveryCategory"": 133, ""StartRecoveryTime"": 1000}",pulled from existing data; single-rank bootstrap: BasePoints/BaseLevel/SpellLevel kept from rank 1 (learn level 36); RealPointsPerLevel from rank1->covers-60 (anchor rank 3 @ level 60); coefficient/cast_time_ms/mana_cost_pct from max rank; MaxLevel set to 80
9884,Mark of the Wild,8,1,0,65536,0,0,0,0,0,0,24,30.0,,1800000,"{""amplitude"": 0, ""apply_aura"": 22, ""base_points"": 239, ""chain_targets"": 0, ""die_sides"": 1, ""implicit_target_a"": 21, ""implicit_target_b"": 0, ""mechanic"": 0, ""misc_value"": 1, ""points_per_level"": 0.0, ""radius_yards"": null, ""trigger_spell"": 0, ""type"": 6}","{""amplitude"": 0, ""apply_aura"": 29, ""base_points"": 9, ""chain_targets"": 0, ""die_sides"": 1, ""implicit_target_a"": 21, ""implicit_target_b"": 0, ""mechanic"": 0, ""misc_value"": -1, ""points_per_level"": 0.0, ""radius_yards"": null, ""trigger_spell"": 0, ""type"": 6}","{""amplitude"": 0, ""apply_aura"": 143, ""base_points"": 14, ""chain_targets"": 0, ""die_sides"": 1, ""implicit_target_a"": 21, ""implicit_target_b"": 0, ""mechanic"": 0, ""misc_value"": 126, ""points_per_level"": 0.0, ""radius_yards"": null, ""trigger_spell"": 0, ""type"": 6}",123,,,"{""AttributesEx"": 131072, ""AttributesEx6"": 67108864, ""AttributesEx7"": 268435456, ""AuraDescription_Lang_Mask"": 16712190, ""AuraDescription_Lang_enUS"": 98511, ""BaseLevel"": 50, ""CastingTimeIndex"": 1, ""DefenseType"": 1, ""Description_Lang_Mask"": 16712190, ""Description_Lang_enUS"": 98408, ""EffectChainAmplitude_1"": 1.0, ""EffectChainAmplitude_2"": 1.0, ""EffectChainAmplitude_3"": 1.0, ""EffectMultipleValue_1"": 1.0, ""EquippedItemClass"": -1, ""InterruptFlags"": 8, ""NameSubtext_Lang_Mask"": 16712190, ""NameSubtext_Lang_enUS"": ""Rank 6"", ""Name_Lang_Mask"": 16712190, ""PreventionType"": 1, ""ProcChance"": 101, ""SpellClassMask_1"": 262144, ""SpellClassSet"": 7, ""SpellLevel"": 50, ""SpellPriority"": 50, ""SpellVisualID_1"": 212, ""StartRecoveryCategory"": 133, ""StartRecoveryTime"": 1500}","pulled from existing data; step-7: superseded rank, kept (referenced by quest_template reward/display spell)"
16689,Nature's Grasp,8,1,0,65536,531,0,0,60000,0,0,0,0.0,,45000,,"{""amplitude"": 0, ""apply_aura"": 42, ""base_points"": 0, ""chain_targets"": 0, ""die_sides"": 0, ""implicit_target_a"": 1, ""implicit_target_b"": 0, ""mechanic"": 0, ""misc_value"": 0, ""points_per_level"": 0.0, ""radius_yards"": null, ""trigger_spell"": 19975, ""type"": 6}",,168,,,"{""AttributesEx2"": 524288, ""AttributesEx4"": 524288, ""AuraDescription_Lang_Mask"": 16712190, ""AuraDescription_Lang_enUS"": 368593, ""BaseLevel"": 10, ""CastingTimeIndex"": 1, ""DefenseType"": 1, ""Description_Lang_Mask"": 16712190, ""Description_Lang_enUS"": 368446, ""EffectBonusMultiplier_1"": 1.0, ""EffectBonusMultiplier_2"": 1.0, ""EffectBonusMultiplier_3"": 1.0, ""EffectChainAmplitude_1"": 1.0, ""EffectChainAmplitude_2"": 1.0, ""EffectChainAmplitude_3"": 1.0, ""EquippedItemClass"": -1, ""InterruptFlags"": 8, ""MaxLevel"": 80, ""NameSubtext_Lang_Mask"": 16712190, ""NameSubtext_Lang_enUS"": """", ""Name_Lang_Mask"": 16712190, ""PreventionType"": 1, ""ProcChance"": 100, ""ProcCharges"": 3, ""ProcTypeMask"": 40, ""RangeIndex"": 1, ""ShapeshiftMask"": 1073741969, ""SpellClassMask_1"": 1048576, ""SpellClassMask_3"": 4096, ""SpellClassSet"": 7, ""SpellLevel"": 10, ""SpellVisualID_1"": 212, ""StartRecoveryCategory"": 133, ""StartRecoveryTime"": 1500}",pulled from existing data; single-rank bootstrap: BasePoints/BaseLevel/SpellLevel kept from rank 1 (learn level 10); RealPointsPerLevel from rank1->covers-60 (anchor rank 6 @ level 60); coefficient/cast_time_ms/mana_cost_pct from max rank; MaxLevel set to 80
16857,Faerie Fire (Feral),8,1,0,16,1133,0,0,6000,3,0,0,30.0,,300000,"{""amplitude"": 0, ""apply_aura"": 101, ""base_points"": -6, ""chain_targets"": 0, ""die_sides"": 1, ""implicit_target_a"": 6, ""implicit_target_b"": 0, ""mechanic"": 0, ""misc_value"": 1, ""points_per_level"": 0.0, ""radius_yards"": null, ""trigger_spell"": 0, ""type"": 6}",,"{""amplitude"": 0, ""apply_aura"": 186, ""base_points"": -1, ""chain_targets"": 0, ""die_sides"": 1, ""implicit_target_a"": 6, ""implicit_target_b"": 0, ""mechanic"": 0, ""misc_value"": 127, ""points_per_level"": 0.0, ""radius_yards"": null, ""trigger_spell"": 0, ""type"": 6}",109,,,"{""AttributesEx"": 98304, ""AttributesEx6"": 8388608, ""AuraDescription_Lang_Mask"": 16712190, ""AuraDescription_Lang_enUS"": 19903, ""BaseLevel"": 18, ""CastingTimeIndex"": 1, ""DefenseType"": 1, ""Description_Lang_Mask"": 16712190, ""Description_Lang_enUS"": 372670, ""EffectChainAmplitude_1"": 1.0, ""EffectChainAmplitude_2"": 1.0, ""EffectChainAmplitude_3"": 1.0, ""EquippedItemClass"": -1, ""NameSubtext_Lang_Mask"": 16712190, ""Name_Lang_Mask"": 16712190, ""PreventionType"": 1, ""ProcChance"": 101, ""ShapeshiftMask"": 145, ""SpellClassMask_1"": 1024, ""SpellClassSet"": 7, ""SpellLevel"": 18, ""SpellVisualID_1"": 192, ""StartRecoveryCategory"": 133, ""StartRecoveryTime"": 1000}",pulled from existing data
16914,Hurricane,8,0,0,65536,571,0,0,0,0,0,81,30.0,,10000,"{""amplitude"": 0, ""apply_aura"": 33, ""base_points"": -1, ""chain_targets"": 0, ""die_sides"": 1, ""implicit_target_a"": 28, ""implicit_target_b"": 0, ""mechanic"": 11, ""misc_value"": 0, ""points_per_level"": 0.0, ""radius_yards"": 8.0, ""trigger_spell"": 0, ""type"": 27}","{""amplitude"": 0, ""apply_aura"": 138, ""base_points"": -21, ""chain_targets"": 0, ""die_sides"": 1, ""implicit_target_a"": 28, ""implicit_target_b"": 0, ""mechanic"": 8, ""misc_value"": 0, ""points_per_level"": 0.0, ""radius_yards"": 8.0, ""trigger_spell"": 0, ""type"": 27}","{""amplitude"": 1000, ""apply_aura"": 23, ""base_points"": 0, ""chain_targets"": 0, ""die_sides"": 0, ""implicit_target_a"": 1, ""implicit_target_b"": 0, ""mechanic"": 0, ""misc_value"": 0, ""points_per_level"": 0.0, ""radius_yards"": null, ""trigger_spell"": 42231, ""type"": 6}",220,,,"{""AttributesEx"": 140, ""AttributesEx2"": 4718592, ""AttributesEx5"": 134225920, ""AuraDescription_Lang_Mask"": 16712190, ""AuraDescription_Lang_enUS"": 375600, ""BaseLevel"": 40, ""CastingTimeIndex"": 1, ""ChannelInterruptFlags"": 31756, ""DefenseType"": 1, ""Description_Lang_Mask"": 16712190, ""Description_Lang_enUS"": 375320, ""EffectChainAmplitude_1"": 1.0, ""EffectChainAmplitude_2"": 1.0, ""EffectChainAmplitude_3"": 1.0, ""EquippedItemClass"": -1, ""InterruptFlags"": 1, ""MaxLevel"": 80, ""NameSubtext_Lang_Mask"": 16712190, ""NameSubtext_Lang_enUS"": """", ""Name_Lang_Mask"": 16712190, ""PreventionType"": 1, ""ProcChance"": 101, ""ShapeshiftExclude"": 2, ""ShapeshiftMask"": 1073741824, ""SpellClassMask_1"": 4194304, ""SpellClassSet"": 7, ""SpellLevel"": 40, ""SpellVisualID_1"": 9489, ""StartRecoveryCategory"": 133, ""StartRecoveryTime"": 1500, ""Targets"": 64}",pulled from existing data; single-rank bootstrap: BasePoints/BaseLevel/SpellLevel kept from rank 1 (learn level 40); RealPointsPerLevel from rank1->covers-60 (anchor rank 3 @ level 60); coefficient/cast_time_ms/mana_cost_pct from max rank; MaxLevel set to 80
16952,Blood Frenzy,1,0,0,464,0,0,0,0,0,0,0,0.0,,,"{""amplitude"": 0, ""apply_aura"": 42, ""base_points"": 0, ""chain_targets"": 0, ""die_sides"": 0, ""implicit_target_a"": 1, ""implicit_target_b"": 0, ""mechanic"": 0, ""misc_value"": 0, ""points_per_level"": 0.0, ""radius_yards"": null, ""trigger_spell"": 16953, ""type"": 6}",,,108,,,"{""AttributesEx3"": 524288, ""AttributesEx4"": 524288, ""AuraDescription_Lang_Mask"": 16712188, ""CastingTimeIndex"": 1, ""Description_Lang_Mask"": 16712190, ""Description_Lang_enUS"": 376963, ""EffectBonusMultiplier_1"": 1.0, ""EffectBonusMultiplier_2"": 1.0, ""EffectBonusMultiplier_3"": 1.0, ""EffectChainAmplitude_1"": 1.0, ""EffectChainAmplitude_2"": 1.0, ""EffectChainAmplitude_3"": 1.0, ""EquippedItemClass"": -1, ""MaxLevel"": 80, ""NameSubtext_Lang_Mask"": 16712190, ""NameSubtext_Lang_enUS"": """", ""Name_Lang_Mask"": 16712190, ""ProcChance"": 50, ""ProcTypeMask"": 87376, ""RangeIndex"": 1, ""ShapeshiftMask"": 1, ""SpellClassSet"": 7}",pulled from existing data; single-rank bootstrap: BasePoints/BaseLevel/SpellLevel kept from rank 1 (learn level 0); RealPointsPerLevel from rank1->covers-60 (anchor rank 2 @ level 60); coefficient/cast_time_ms/mana_cost_pct from max rank; MaxLevel set to 80
19975,Entangling Roots,8,1,7,1224802304,0,1500,0,0,0,0,0,30.0,,12000,"{""amplitude"": 0, ""apply_aura"": 26, ""base_points"": -1, ""chain_targets"": 0, ""die_sides"": 1, ""implicit_target_a"": 6, ""implicit_target_b"": 0, ""mechanic"": 0, ""misc_value"": 0, ""points_per_level"": 0.0, ""radius_yards"": null, ""trigger_spell"": 0, ""type"": 6}","{""amplitude"": 3000, ""apply_aura"": 3, ""base_points"": 4, ""chain_targets"": 0, ""die_sides"": 1, ""implicit_target_a"": 6, ""implicit_target_b"": 0, ""mechanic"": 0, ""misc_value"": 0, ""points_per_level"": 0.4807692307692308, ""radius_yards"": null, ""trigger_spell"": 0, ""type"": 6}",,20,,,"{""AttributesEx4"": 536872960, ""AttributesEx6"": 8388608, ""AuraDescription_Lang_Mask"": 16712190, ""AuraDescription_Lang_enUS"": 7899, ""AuraInterruptFlags"": 4718592, ""BaseLevel"": 8, ""CastingTimeIndex"": 16, ""DefenseType"": 1, ""Description_Lang_Mask"": 16712190, ""Description_Lang_enUS"": 458728, ""EffectBonusMultiplier_2"": 0.10000000149011612, ""EffectChainAmplitude_1"": 1.0, ""EffectChainAmplitude_2"": 1.0, ""EffectChainAmplitude_3"": 1.0, ""EquippedItemClass"": -1, ""InterruptFlags"": 15, ""MaxLevel"": 80, ""NameSubtext_Lang_Mask"": 16712190, ""NameSubtext_Lang_enUS"": """", ""Name_Lang_Mask"": 16712190, ""PreventionType"": 1, ""ProcChance"": 100, ""ProcTypeMask"": 664232, ""SpellClassMask_1"": 512, ""SpellClassSet"": 7, ""SpellLevel"": 8, ""SpellVisualID_1"": 38, ""StartRecoveryCategory"": 133, ""StartRecoveryTime"": 1500}",pulled from existing data; single-rank bootstrap: BasePoints/BaseLevel/SpellLevel kept from rank 1 (learn level 8); RealPointsPerLevel from rank1->covers-60 (anchor rank 6 @ level 60); coefficient/cast_time_ms/mana_cost_pct from max rank; MaxLevel set to 80
20484,Rebirth,8,0,0,65536,26,2000,0,600000,0,0,68,30.0,,,"{""amplitude"": 0, ""apply_aura"": 0, ""base_points"": 399, ""chain_targets"": 0, ""die_sides"": 1, ""implicit_target_a"": 0, ""implicit_target_b"": 0, ""mechanic"": 0, ""misc_value"": 700, ""points_per_level"": 100.0, ""radius_yards"": null, ""trigger_spell"": 0, ""type"": 113}",,,24,,,"{""AttributesEx"": 131072, ""AttributesEx3"": 16, ""AttributesEx4"": 65536, ""AuraDescription_Lang_Mask"": 16712188, ""BaseLevel"": 20, ""CastingTimeIndex"": 5, ""DefenseType"": 1, ""Description_Lang_Mask"": 16712190, ""Description_Lang_enUS"": 478363, ""EffectChainAmplitude_1"": 1.0, ""EffectChainAmplitude_2"": 1.0, ""EffectChainAmplitude_3"": 1.0, ""EquippedItemClass"": -1, ""InterruptFlags"": 15, ""MaxLevel"": 80, ""NameSubtext_Lang_Mask"": 16712190, ""NameSubtext_Lang_enUS"": """", ""Name_Lang_Mask"": 16712190, ""PreventionType"": 1, ""ReagentCount_1"": 1, ""Reagent_1"": 17034, ""ShapeshiftExclude"": 1073741824, ""SpellClassMask_1"": 285212672, ""SpellClassSet"": 7, ""SpellLevel"": 20, ""SpellPriority"": 50, ""SpellVisualID_1"": 344, ""StartRecoveryCategory"": 133, ""StartRecoveryTime"": 1500, ""Targets"": 32768}",pulled from existing data; single-rank bootstrap: BasePoints/BaseLevel/SpellLevel kept from rank 1 (learn level 20); RealPointsPerLevel from rank1->covers-60-overridden(undershoot-vs-top-rank) (anchor rank 7 @ level 80); coefficient/cast_time_ms/mana_cost_pct from max rank; MaxLevel set to 80
21849,Gift of the Wild,8,1,0,65536,0,0,0,0,0,0,64,40.0,,3600000,"{""amplitude"": 0, ""apply_aura"": 22, ""base_points"": 239, ""chain_targets"": 0, ""die_sides"": 1, ""implicit_target_a"": 56, ""implicit_target_b"": 0, ""mechanic"": 0, ""misc_value"": 1, ""points_per_level"": 17.0, ""radius_yards"": 100.0, ""trigger_spell"": 0, ""type"": 6}","{""amplitude"": 0, ""apply_aura"": 29, ""base_points"": 9, ""chain_targets"": 0, ""die_sides"": 1, ""implicit_target_a"": 56, ""implicit_target_b"": 0, ""mechanic"": 0, ""misc_value"": -1, ""points_per_level"": 0.9, ""radius_yards"": 100.0, ""trigger_spell"": 0, ""type"": 6}","{""amplitude"": 0, ""apply_aura"": 143, ""base_points"": 14, ""chain_targets"": 0, ""die_sides"": 1, ""implicit_target_a"": 56, ""implicit_target_b"": 0, ""mechanic"": 0, ""misc_value"": 126, ""points_per_level"": 1.3, ""radius_yards"": 100.0, ""trigger_spell"": 0, ""type"": 6}",2435,,,"{""AttributesEx"": 131072, ""AttributesEx6"": 67108864, ""AttributesEx7"": 268435456, ""AuraDescription_Lang_Mask"": 16712190, ""AuraDescription_Lang_enUS"": 98511, ""BaseLevel"": 50, ""CastingTimeIndex"": 1, ""DefenseType"": 1, ""Description_Lang_Mask"": 16712190, ""Description_Lang_enUS"": 505926, ""EffectChainAmplitude_1"": 1.0, ""EffectChainAmplitude_2"": 1.0, ""EffectChainAmplitude_3"": 1.0, ""EffectMultipleValue_1"": 1.0, ""EquippedItemClass"": -1, ""InterruptFlags"": 8, ""MaxLevel"": 80, ""NameSubtext_Lang_Mask"": 16712190, ""NameSubtext_Lang_enUS"": """", ""Name_Lang_Mask"": 16712190, ""PreventionType"": 1, ""ProcChance"": 101, ""ReagentCount_1"": 1, ""Reagent_1"": 17021, ""SpellClassMask_1"": 262144, ""SpellClassSet"": 7, ""SpellLevel"": 50, ""SpellPriority"": 50, ""SpellVisualID_1"": 212, ""StartRecoveryCategory"": 133, ""StartRecoveryTime"": 1500}",pulled from existing data; single-rank bootstrap: BasePoints/BaseLevel/SpellLevel kept from rank 1 (learn level 50); RealPointsPerLevel from rank1->covers-60-overridden(undershoot-vs-top-rank) (anchor rank 4 @ level 80); coefficient/cast_time_ms/mana_cost_pct from max rank; MaxLevel set to 80
21850,Gift of the Wild,8,1,0,65536,0,0,0,0,0,0,64,40.0,,3600000,"{""amplitude"": 0, ""apply_aura"": 22, ""base_points"": 284, ""chain_targets"": 0, ""die_sides"": 1, ""implicit_target_a"": 56, ""implicit_target_b"": 0, ""mechanic"": 0, ""misc_value"": 1, ""points_per_level"": 0.0, ""radius_yards"": 100.0, ""trigger_spell"": 0, ""type"": 6}","{""amplitude"": 0, ""apply_aura"": 29, ""base_points"": 11, ""chain_targets"": 0, ""die_sides"": 1, ""implicit_target_a"": 56, ""implicit_target_b"": 0, ""mechanic"": 0, ""misc_value"": -1, ""points_per_level"": 0.0, ""radius_yards"": 100.0, ""trigger_spell"": 0, ""type"": 6}","{""amplitude"": 0, ""apply_aura"": 143, ""base_points"": 19, ""chain_targets"": 0, ""die_sides"": 1, ""implicit_target_a"": 56, ""implicit_target_b"": 0, ""mechanic"": 0, ""misc_value"": 126, ""points_per_level"": 0.0, ""radius_yards"": 100.0, ""trigger_spell"": 0, ""type"": 6}",2435,,,"{""AttributesEx"": 131072, ""AttributesEx6"": 67108864, ""AttributesEx7"": 268435456, ""AuraDescription_Lang_Mask"": 16712190, ""AuraDescription_Lang_enUS"": 98511, ""BaseLevel"": 60, ""CastingTimeIndex"": 1, ""DefenseType"": 1, ""Description_Lang_Mask"": 16712190, ""Description_Lang_enUS"": 505926, ""EffectChainAmplitude_1"": 1.0, ""EffectChainAmplitude_2"": 1.0, ""EffectChainAmplitude_3"": 1.0, ""EffectMultipleValue_1"": 1.0, ""EquippedItemClass"": -1, ""InterruptFlags"": 8, ""NameSubtext_Lang_Mask"": 16712190, ""NameSubtext_Lang_enUS"": ""Rank 2"", ""Name_Lang_Mask"": 16712190, ""PreventionType"": 1, ""ProcChance"": 101, ""ReagentCount_1"": 1, ""Reagent_1"": 17026, ""SpellClassMask_1"": 262144, ""SpellClassSet"": 7, ""SpellLevel"": 60, ""SpellPriority"": 50, ""SpellVisualID_1"": 212, ""StartRecoveryCategory"": 133, ""StartRecoveryTime"": 1500}","pulled from existing data; step-7: superseded rank, kept (referenced by item_template spellid)"
22568,Ferocious Bite,1,0,0,262160,0,0,0,0,3,35,0,5.0,,,"{""amplitude"": 0, ""apply_aura"": 0, ""base_points"": 13, ""chain_targets"": 0, ""die_sides"": 17, ""implicit_target_a"": 6, ""implicit_target_b"": 0, ""mechanic"": 0, ""misc_value"": 0, ""points_per_level"": 2.2083333333333335, ""radius_yards"": null, ""trigger_spell"": 0, ""type"": 2}",,,1680,,,"{""AttributesEx"": 1049088, ""AuraDescription_Lang_Mask"": 16712188, ""BaseLevel"": 32, ""CastingTimeIndex"": 1, ""DefenseType"": 2, ""Description_Lang_Mask"": 16712190, ""Description_Lang_enUS"": 519445, ""EffectBasePoints_2"": 29, ""EffectBonusMultiplier_1"": 0.0, ""EffectChainAmplitude_1"": 0.699999988079071, ""EffectChainAmplitude_2"": 1.0, ""EffectChainAmplitude_3"": 1.0, ""EffectDieSides_2"": 1, ""EffectPointsPerCombo_1"": 36.0, ""EquippedItemClass"": -1, ""FacingCasterFlags"": 1, ""MaxLevel"": 80, ""NameSubtext_Lang_Mask"": 16712190, ""NameSubtext_Lang_enUS"": """", ""Name_Lang_Mask"": 16712190, ""PreventionType"": 2, ""RangeIndex"": 2, ""ShapeshiftMask"": 1, ""SpellClassMask_1"": 8388608, ""SpellClassSet"": 7, ""SpellLevel"": 32, ""SpellVisualID_1"": 6587, ""StartRecoveryCategory"": 133, ""StartRecoveryTime"": 1000}",pulled from existing data; single-rank bootstrap: BasePoints/BaseLevel/SpellLevel kept from rank 1 (learn level 32); RealPointsPerLevel from rank1->covers-60-overridden(undershoot-vs-top-rank) (anchor rank 8 @ level 80); coefficient/cast_time_ms/mana_cost_pct from max rank; MaxLevel set to 80
22570,Maim,1,0,0,262160,33,0,0,10000,3,35,0,5.0,,0,"{""amplitude"": 0, ""apply_aura"": 0, ""base_points"": 44, ""chain_targets"": 0, ""die_sides"": 1, ""implicit_target_a"": 6, ""implicit_target_b"": 0, ""mechanic"": 0, ""misc_value"": 0, ""points_per_level"": 1.1666666666666667, ""radius_yards"": null, ""trigger_spell"": 0, ""type"": 58}","{""amplitude"": 0, ""apply_aura"": 12, ""base_points"": 0, ""chain_targets"": 0, ""die_sides"": 0, ""implicit_target_a"": 6, ""implicit_target_b"": 0, ""mechanic"": 12, ""misc_value"": 0, ""points_per_level"": 0.0, ""radius_yards"": null, ""trigger_spell"": 0, ""type"": 6}",,1681,,,"{""AttributesEx"": 5505024, ""AttributesEx4"": 8388608, ""AttributesEx7"": 2048, ""AuraDescription_Lang_Mask"": 16712190, ""AuraDescription_Lang_enUS"": 1318, ""BaseLevel"": 62, ""CastingTimeIndex"": 1, ""DefenseType"": 2, ""Description_Lang_Mask"": 16712190, ""Description_Lang_enUS"": 519988, ""DurationIndex"": 187, ""EffectBonusMultiplier_3"": 1.0, ""EffectChainAmplitude_1"": 1.0, ""EffectChainAmplitude_2"": 1.0, ""EffectChainAmplitude_3"": 1.0, ""EffectPointsPerCombo_1"": 84.0, ""EquippedItemClass"": -1, ""FacingCasterFlags"": 1, ""MaxLevel"": 80, ""NameSubtext_Lang_Mask"": 16712190, ""NameSubtext_Lang_enUS"": """", ""Name_Lang_Mask"": 16712190, ""PreventionType"": 2, ""ProcChance"": 101, ""RangeIndex"": 2, ""ShapeshiftMask"": 1, ""SpellClassMask_2"": 128, ""SpellClassSet"": 7, ""SpellLevel"": 62, ""SpellVisualID_1"": 8148, ""StartRecoveryCategory"": 133, ""StartRecoveryTime"": 1000}",pulled from existing data; single-rank bootstrap: BasePoints/BaseLevel/SpellLevel kept from rank 1 (learn level 62); RealPointsPerLevel from rank1->top-rank-fallback (anchor rank 2 @ level 80); coefficient/cast_time_ms/mana_cost_pct from max rank; MaxLevel set to 80
22812,Barkskin,8,1,0,0,0,0,60000,0,0,0,0,0.0,,12000,"{""amplitude"": 0, ""apply_aura"": 149, ""base_points"": 99, ""chain_targets"": 0, ""die_sides"": 1, ""implicit_target_a"": 1, ""implicit_target_b"": 0, ""mechanic"": 0, ""misc_value"": 127, ""points_per_level"": 0.0, ""radius_yards"": null, ""trigger_spell"": 0, ""type"": 6}","{""amplitude"": 0, ""apply_aura"": 87, ""base_points"": -21, ""chain_targets"": 0, ""die_sides"": 1, ""implicit_target_a"": 1, ""implicit_target_b"": 0, ""mechanic"": 0, ""misc_value"": 127, ""points_per_level"": 0.0, ""radius_yards"": null, ""trigger_spell"": 0, ""type"": 6}","{""amplitude"": 0, ""apply_aura"": 42, ""base_points"": 0, ""chain_targets"": 0, ""die_sides"": 1, ""implicit_target_a"": 1, ""implicit_target_b"": 0, ""mechanic"": 0, ""misc_value"": 0, ""points_per_level"": 0.0, ""radius_yards"": null, ""trigger_spell"": 50411, ""type"": 6}",689,,,"{""AttributesEx5"": 131080, ""AuraDescription_Lang_Mask"": 16712190, ""AuraDescription_Lang_enUS"": 528071, ""BaseLevel"": 44, ""CastingTimeIndex"": 1, ""DefenseType"": 1, ""Description_Lang_Mask"": 16712190, ""Description_Lang_enUS"": 527808, ""EffectChainAmplitude_1"": 1.0, ""EffectChainAmplitude_2"": 1.0, ""EffectChainAmplitude_3"": 1.0, ""EffectSpellClassMaskC_1"": 16777829, ""EquippedItemClass"": -1, ""InterruptFlags"": 8, ""NameSubtext_Lang_Mask"": 16712188, ""Name_Lang_Mask"": 16712190, ""PreventionType"": 1, ""ProcTypeMask"": 40, ""RangeIndex"": 1, ""SpellClassMask_2"": 262144, ""SpellClassSet"": 7, ""SpellLevel"": 44, ""SpellVisualID_1"": 6662}",pulled from existing data
22842,Frenzied Regeneration,1,0,0,262160,1011,0,0,180000,1,0,0,0.0,,10000,"{""amplitude"": 1000, ""apply_aura"": 226, ""base_points"": 0, ""chain_targets"": 0, ""die_sides"": 1, ""implicit_target_a"": 1, ""implicit_target_b"": 0, ""mechanic"": 0, ""misc_value"": 0, ""points_per_level"": 0.0, ""radius_yards"": null, ""trigger_spell"": 0, ""type"": 6}","{""amplitude"": 0, ""apply_aura"": 0, ""base_points"": 2, ""chain_targets"": 0, ""die_sides"": 1, ""implicit_target_a"": 1, ""implicit_target_b"": 0, ""mechanic"": 0, ""misc_value"": 0, ""points_per_level"": 0.0, ""radius_yards"": null, ""trigger_spell"": 0, ""type"": 3}","{""amplitude"": 0, ""apply_aura"": 118, ""base_points"": -1, ""chain_targets"": 0, ""die_sides"": 1, ""implicit_target_a"": 1, ""implicit_target_b"": 0, ""mechanic"": 0, ""misc_value"": 127, ""points_per_level"": 0.0, ""radius_yards"": null, ""trigger_spell"": 0, ""type"": 6}",50,,,"{""AuraDescription_Lang_Mask"": 16712190, ""AuraDescription_Lang_enUS"": 528822, ""BaseLevel"": 36, ""CastingTimeIndex"": 1, ""Description_Lang_Mask"": 16712190, ""Description_Lang_enUS"": 528702, ""EffectChainAmplitude_1"": 1.0, ""EffectChainAmplitude_2"": 1.0, ""EffectChainAmplitude_3"": 1.0, ""EquippedItemClass"": -1, ""NameSubtext_Lang_Mask"": 16712190, ""Name_Lang_Mask"": 16712190, ""PreventionType"": 2, ""ProcChance"": 101, ""RangeIndex"": 1, ""ShapeshiftMask"": 144, ""SpellClassMask_2"": 1073741824, ""SpellClassSet"": 7, ""SpellLevel"": 36, ""SpellVisualID_1"": 249, ""StartRecoveryCategory"": 133, ""StartRecoveryTime"": 1500}",pulled from existing data
25297,Healing Touch,8,0,0,65536,0,3000,0,0,0,0,33,40.0,,,"{""amplitude"": 0, ""apply_aura"": 0, ""base_points"": 1943, ""chain_targets"": 0, ""die_sides"": 351, ""implicit_target_a"": 21, ""implicit_target_b"": 0, ""mechanic"": 0, ""misc_value"": 0, ""points_per_level"": 6.199999809265137, ""radius_yards"": null, ""trigger_spell"": 0, ""type"": 10}",,,962,,,"{""AuraDescription_Lang_Mask"": 16712188, ""BaseLevel"": 60, ""CastingTimeIndex"": 14, ""DefenseType"": 1, ""Description_Lang_Mask"": 16712190, ""Description_Lang_enUS"": 96686, ""EffectBonusMultiplier_1"": 1.6100000143051147, ""EffectChainAmplitude_1"": 1.0, ""EffectChainAmplitude_2"": 1.0, ""EffectChainAmplitude_3"": 1.0, ""EquippedItemClass"": -1, ""InterruptFlags"": 15, ""MaxLevel"": 65, ""NameSubtext_Lang_Mask"": 16712190, ""NameSubtext_Lang_enUS"": ""Rank 11"", ""Name_Lang_Mask"": 16712190, ""PreventionType"": 1, ""ProcChance"": 101, ""ShapeshiftExclude"": 1073741824, ""SpellClassMask_1"": 32, ""SpellClassSet"": 7, ""SpellDescriptionVariableID"": 28, ""SpellLevel"": 60, ""SpellVisualID_1"": 58, ""StartRecoveryCategory"": 133, ""StartRecoveryTime"": 1500}","pulled from existing data; step-7: superseded rank, kept (referenced by item_template spellid)"
25298,Starfire,64,0,0,65536,0,3500,0,0,0,0,16,30.0,,,"{""amplitude"": 0, ""apply_aura"": 0, ""base_points"": 692, ""chain_targets"": 0, ""die_sides"": 125, ""implicit_target_a"": 6, ""implicit_target_b"": 0, ""mechanic"": 0, ""misc_value"": 0, ""points_per_level"": 3.0999999046325684, ""radius_yards"": null, ""trigger_spell"": 0, ""type"": 2}",,,1485,,,"{""AttributesEx2"": 524288, ""AuraDescription_Lang_Mask"": 16712188, ""BaseLevel"": 60, ""CastingTimeIndex"": 22, ""DefenseType"": 1, ""Description_Lang_Mask"": 16712190, ""Description_Lang_enUS"": 53130, ""EffectBonusMultiplier_1"": 1.0, ""EffectChainAmplitude_1"": 1.0, ""EffectChainAmplitude_2"": 1.0, ""EffectChainAmplitude_3"": 1.0, ""EquippedItemClass"": -1, ""FacingCasterFlags"": 1, ""InterruptFlags"": 15, ""MaxLevel"": 66, ""NameSubtext_Lang_Mask"": 16712190, ""NameSubtext_Lang_enUS"": ""Rank 7"", ""Name_Lang_Mask"": 16712190, ""PreventionType"": 1, ""ProcChance"": 101, ""ShapeshiftExclude"": 2, ""ShapeshiftMask"": 1073741824, ""SpellClassMask_1"": 4, ""SpellClassSet"": 7, ""SpellLevel"": 60, ""SpellPriority"": 50, ""SpellVisualID_1"": 1264, ""StartRecoveryCategory"": 133, ""StartRecoveryTime"": 1500}","pulled from existing data; step-7: superseded rank, kept (referenced by item_template spellid)"
25299,Rejuvenation,8,1,0,65536,0,0,0,0,0,0,18,40.0,,15000,"{""amplitude"": 3000, ""apply_aura"": 8, ""base_points"": 221, ""chain_targets"": 0, ""die_sides"": 1, ""implicit_target_a"": 21, ""implicit_target_b"": 0, ""mechanic"": 0, ""misc_value"": 0, ""points_per_level"": 0.0, ""radius_yards"": null, ""trigger_spell"": 0, ""type"": 6}",,,64,,,"{""AttributesEx2"": 524288, ""AttributesEx3"": 128, ""AttributesEx4"": 1048576, ""AttributesEx6"": 67108864, ""AuraDescription_Lang_Mask"": 16712190, ""AuraDescription_Lang_enUS"": 20244, ""BaseLevel"": 60, ""CastingTimeIndex"": 1, ""DefenseType"": 1, ""Description_Lang_Mask"": 16712190, ""Description_Lang_enUS"": 20197, ""EffectBasePoints_2"": -1, ""EffectBonusMultiplier_1"": 0.37599998712539673, ""EffectChainAmplitude_1"": 1.0, ""EffectChainAmplitude_2"": 1.0, ""EffectChainAmplitude_3"": 1.0, ""EffectDieSides_2"": 1, ""EquippedItemClass"": -1, ""InterruptFlags"": 8, ""MaxLevel"": 65, ""NameSubtext_Lang_Mask"": 16712190, ""NameSubtext_Lang_enUS"": ""Rank 11"", ""Name_Lang_Mask"": 16712190, ""PreventionType"": 1, ""ProcChance"": 101, ""ShapeshiftExclude"": 1073741824, ""ShapeshiftMask"": 2, ""SpellClassMask_1"": 16, ""SpellClassSet"": 7, ""SpellDescriptionVariableID"": 176, ""SpellLevel"": 60, ""SpellVisualID_1"": 32, ""StartRecoveryCategory"": 133, ""StartRecoveryTime"": 1500}","pulled from existing data; step-7: superseded rank, kept (referenced by item_template spellid)"
26991,Gift of the Wild,8,1,0,65536,0,0,0,0,0,0,64,40.0,,3600000,"{""amplitude"": 0, ""apply_aura"": 22, ""base_points"": 339, ""chain_targets"": 0, ""die_sides"": 1, ""implicit_target_a"": 56, ""implicit_target_b"": 0, ""mechanic"": 0, ""misc_value"": 1, ""points_per_level"": 0.0, ""radius_yards"": 100.0, ""trigger_spell"": 0, ""type"": 6}","{""amplitude"": 0, ""apply_aura"": 29, ""base_points"": 13, ""chain_targets"": 0, ""die_sides"": 1, ""implicit_target_a"": 56, ""implicit_target_b"": 0, ""mechanic"": 0, ""misc_value"": -1, ""points_per_level"": 0.0, ""radius_yards"": 100.0, ""trigger_spell"": 0, ""type"": 6}","{""amplitude"": 0, ""apply_aura"": 143, ""base_points"": 24, ""chain_targets"": 0, ""die_sides"": 1, ""implicit_target_a"": 56, ""implicit_target_b"": 0, ""mechanic"": 0, ""misc_value"": 126, ""points_per_level"": 0.0, ""radius_yards"": 100.0, ""trigger_spell"": 0, ""type"": 6}",2435,,,"{""AttributesEx"": 131072, ""AttributesEx6"": 67108864, ""AttributesEx7"": 268435456, ""AuraDescription_Lang_Mask"": 16712190, ""AuraDescription_Lang_enUS"": 98511, ""BaseLevel"": 70, ""CastingTimeIndex"": 1, ""DefenseType"": 1, ""Description_Lang_Mask"": 16712190, ""Description_Lang_enUS"": 505926, ""EffectChainAmplitude_1"": 1.0, ""EffectChainAmplitude_2"": 1.0, ""EffectChainAmplitude_3"": 1.0, ""EffectMultipleValue_1"": 1.0, ""EquippedItemClass"": -1, ""InterruptFlags"": 8, ""NameSubtext_Lang_Mask"": 16712190, ""NameSubtext_Lang_enUS"": ""Rank 3"", ""Name_Lang_Mask"": 16712190, ""PreventionType"": 1, ""ProcChance"": 101, ""ReagentCount_1"": 1, ""Reagent_1"": 22148, ""SpellClassMask_1"": 262144, ""SpellClassSet"": 7, ""SpellLevel"": 70, ""SpellPriority"": 50, ""SpellVisualID_1"": 212, ""StartRecoveryCategory"": 133, ""StartRecoveryTime"": 1500}","pulled from existing data; step-7: superseded rank, kept (referenced by item_template spellid)"
29166,Innervate,8,1,0,65536,0,0,180000,0,0,0,0,30.0,,10000,"{""amplitude"": 1000, ""apply_aura"": 24, ""base_points"": 224, ""chain_targets"": 0, ""die_sides"": 1, ""implicit_target_a"": 21, ""implicit_target_b"": 0, ""mechanic"": 0, ""misc_value"": 0, ""points_per_level"": 0.0, ""radius_yards"": null, ""trigger_spell"": 0, ""type"": 6}",,,62,,,"{""AttributesEx2"": 524288, ""AttributesEx7"": 65536, ""AuraDescription_Lang_Mask"": 16712190, ""AuraDescription_Lang_enUS"": 726806, ""BaseLevel"": 40, ""CastingTimeIndex"": 1, ""DefenseType"": 1, ""Description_Lang_Mask"": 16712190, ""Description_Lang_enUS"": 726708, ""EffectBonusMultiplier_1"": 1.0, ""EffectBonusMultiplier_3"": 1.0, ""EffectChainAmplitude_1"": 1.0, ""EffectChainAmplitude_2"": 1.0, ""EffectChainAmplitude_3"": 1.0, ""EquippedItemClass"": -1, ""NameSubtext_Lang_Mask"": 16712188, ""Name_Lang_Mask"": 16712190, ""PreventionType"": 1, ""ProcChance"": 101, ""ShapeshiftMask"": 1073741826, ""SpellClassMask_2"": 4096, ""SpellClassSet"": 7, ""SpellLevel"": 40, ""SpellVisualID_1"": 3884, ""StartRecoveryCategory"": 133, ""StartRecoveryTime"": 1500}",pulled from existing data
31018,Ferocious Bite,1,0,0,262160,0,0,0,0,3,35,0,5.0,,,"{""amplitude"": 0, ""apply_aura"": 0, ""base_points"": 51, ""chain_targets"": 0, ""die_sides"": 61, ""implicit_target_a"": 6, ""implicit_target_b"": 0, ""mechanic"": 0, ""misc_value"": 0, ""points_per_level"": 0.0, ""radius_yards"": null, ""trigger_spell"": 0, ""type"": 2}",,,1680,,,"{""AttributesEx"": 1049088, ""AuraDescription_Lang_Mask"": 16712188, ""BaseLevel"": 60, ""CastingTimeIndex"": 1, ""DefenseType"": 2, ""Description_Lang_Mask"": 16712190, ""Description_Lang_enUS"": 519445, ""EffectBasePoints_2"": 29, ""EffectBonusMultiplier_1"": 1.0, ""EffectChainAmplitude_1"": 2.0999999046325684, ""EffectChainAmplitude_2"": 1.0, ""EffectChainAmplitude_3"": 1.0, ""EffectDieSides_2"": 1, ""EffectPointsPerCombo_1"": 147.0, ""EquippedItemClass"": -1, ""FacingCasterFlags"": 1, ""NameSubtext_Lang_Mask"": 16712190, ""NameSubtext_Lang_enUS"": ""Rank 5"", ""Name_Lang_Mask"": 16712190, ""PreventionType"": 2, ""RangeIndex"": 2, ""ShapeshiftMask"": 1, ""SpellClassMask_1"": 8388608, ""SpellClassSet"": 7, ""SpellLevel"": 60, ""SpellVisualID_1"": 6587, ""StartRecoveryCategory"": 133, ""StartRecoveryTime"": 1000}","pulled from existing data; step-7: superseded rank, kept (referenced by item_template spellid)"
31709,Cower,1,0,0,262160,84,0,0,10000,3,20,0,5.0,,,"{""amplitude"": 0, ""apply_aura"": 0, ""base_points"": -801, ""chain_targets"": 0, ""die_sides"": 1, ""implicit_target_a"": 6, ""implicit_target_b"": 0, ""mechanic"": 0, ""misc_value"": 0, ""points_per_level"": -1.0, ""radius_yards"": null, ""trigger_spell"": 0, ""type"": 63}",,,958,,,"{""AttributesEx"": 134217728, ""AttributesEx2"": 67108864, ""AttributesEx3"": 65536, ""AuraDescription_Lang_Mask"": 16712188, ""BaseLevel"": 60, ""CastingTimeIndex"": 1, ""DefenseType"": 2, ""Description_Lang_Mask"": 16712190, ""Description_Lang_enUS"": 199166, ""EffectBonusMultiplier_2"": 1.0, ""EffectChainAmplitude_1"": 1.0, ""EffectChainAmplitude_2"": 1.0, ""EffectChainAmplitude_3"": 1.0, ""EquippedItemClass"": -1, ""FacingCasterFlags"": 1, ""MaxLevel"": 70, ""NameSubtext_Lang_Mask"": 16712190, ""NameSubtext_Lang_enUS"": ""Rank 4"", ""Name_Lang_Mask"": 16712190, ""PreventionType"": 2, ""ProcChance"": 101, ""RangeIndex"": 2, ""ShapeshiftMask"": 1, ""SpellClassMask_2"": 536870912, ""SpellClassSet"": 7, ""SpellLevel"": 60, ""SpellVisualID_1"": 3883, ""StartRecoveryCategory"": 133, ""StartRecoveryTime"": 1000}","pulled from existing data; step-7: superseded rank, kept (referenced by item_template spellid)"
33745,Lacerate,1,0,0,16,0,0,0,0,1,150,0,5.0,,15000,"{""amplitude"": 3000, ""apply_aura"": 3, ""base_points"": 30, ""chain_targets"": 0, ""die_sides"": 1, ""implicit_target_a"": 6, ""implicit_target_b"": 0, ""mechanic"": 15, ""misc_value"": 0, ""points_per_level"": 2.357142857142857, ""radius_yards"": null, ""trigger_spell"": 0, ""type"": 6}","{""amplitude"": 0, ""apply_aura"": 0, ""base_points"": 30, ""chain_targets"": 0, ""die_sides"": 1, ""implicit_target_a"": 6, ""implicit_target_b"": 0, ""mechanic"": 0, ""misc_value"": 0, ""points_per_level"": 4.071428571428571, ""radius_yards"": null, ""trigger_spell"": 0, ""type"": 2}",,2246,,,"{""AttributesEx"": 134218240, ""AttributesEx3"": 128, ""AuraDescription_Lang_Mask"": 16712190, ""AuraDescription_Lang_enUS"": 889579, ""BaseLevel"": 66, ""CastingTimeIndex"": 1, ""CumulativeAura"": 5, ""DefenseType"": 2, ""Description_Lang_Mask"": 16712190, ""Description_Lang_enUS"": 889361, ""EffectChainAmplitude_1"": 1.0, ""EffectChainAmplitude_2"": 1.0, ""EffectChainAmplitude_3"": 1.0, ""EquippedItemClass"": -1, ""FacingCasterFlags"": 1, ""MaxLevel"": 80, ""NameSubtext_Lang_Mask"": 16712190, ""NameSubtext_Lang_enUS"": """", ""Name_Lang_Mask"": 16712190, ""PreventionType"": 2, ""ProcChance"": 101, ""RangeIndex"": 2, ""ShapeshiftMask"": 144, ""SpellClassMask_2"": 256, ""SpellClassSet"": 7, ""SpellLevel"": 66, ""SpellVisualID_1"": 8146, ""StartRecoveryCategory"": 133, ""StartRecoveryTime"": 1500}",pulled from existing data; single-rank bootstrap: BasePoints/BaseLevel/SpellLevel kept from rank 1 (learn level 66); RealPointsPerLevel from rank1->top-rank-fallback (anchor rank 3 @ level 80); coefficient/cast_time_ms/mana_cost_pct from max rank; MaxLevel set to 80
33763,Lifebloom,8,1,0,65536,0,0,0,0,0,0,28,40.0,,7000,"{""amplitude"": 1000, ""apply_aura"": 8, ""base_points"": 31, ""chain_targets"": 0, ""die_sides"": 1, ""implicit_target_a"": 21, ""implicit_target_b"": 0, ""mechanic"": 0, ""misc_value"": 0, ""points_per_level"": 1.3125, ""radius_yards"": null, ""trigger_spell"": 0, ""type"": 6}","{""amplitude"": 0, ""apply_aura"": 4, ""base_points"": 479, ""chain_targets"": 0, ""die_sides"": 1, ""implicit_target_a"": 21, ""implicit_target_b"": 0, ""mechanic"": 0, ""misc_value"": 0, ""points_per_level"": 18.5, ""radius_yards"": null, ""trigger_spell"": 0, ""type"": 6}",,2101,,,"{""AttributesEx2"": 524288, ""AttributesEx3"": 128, ""AttributesEx6"": 67108864, ""AuraDescription_Lang_Mask"": 16712190, ""AuraDescription_Lang_enUS"": 890204, ""BaseLevel"": 64, ""CastingTimeIndex"": 1, ""CumulativeAura"": 3, ""DefenseType"": 1, ""Description_Lang_Mask"": 16712190, ""Description_Lang_enUS"": 889949, ""EffectBonusMultiplier_1"": 0.09520000219345093, ""EffectChainAmplitude_1"": 1.0, ""EffectChainAmplitude_2"": 1.0, ""EffectChainAmplitude_3"": 1.0, ""EquippedItemClass"": -1, ""InterruptFlags"": 15, ""MaxLevel"": 80, ""NameSubtext_Lang_Mask"": 16712190, ""NameSubtext_Lang_enUS"": """", ""Name_Lang_Mask"": 16712190, ""PreventionType"": 1, ""ProcChance"": 101, ""ShapeshiftExclude"": 1073741824, ""ShapeshiftMask"": 2, ""SpellClassMask_2"": 16, ""SpellClassSet"": 7, ""SpellDescriptionVariableID"": 176, ""SpellLevel"": 64, ""SpellVisualID_1"": 8145, ""StartRecoveryCategory"": 133, ""StartRecoveryTime"": 1500}",pulled from existing data; single-rank bootstrap: BasePoints/BaseLevel/SpellLevel kept from rank 1 (learn level 64); RealPointsPerLevel from rank1->top-rank-fallback (anchor rank 3 @ level 80); coefficient/cast_time_ms/mana_cost_pct from max rank; MaxLevel set to 80
33786,Cyclone,8,0,18,65536,0,1500,0,0,0,0,8,20.0,,6000,"{""amplitude"": 0, ""apply_aura"": 12, ""base_points"": -1, ""chain_targets"": 0, ""die_sides"": 1, ""implicit_target_a"": 6, ""implicit_target_b"": 0, ""mechanic"": 0, ""misc_value"": 0, ""points_per_level"": 0.0, ""radius_yards"": null, ""trigger_spell"": 0, ""type"": 6}","{""amplitude"": 0, ""apply_aura"": 39, ""base_points"": -1, ""chain_targets"": 0, ""die_sides"": 1, ""implicit_target_a"": 6, ""implicit_target_b"": 0, ""mechanic"": 0, ""misc_value"": 127, ""points_per_level"": 0.0, ""radius_yards"": null, ""trigger_spell"": 0, ""type"": 6}","{""amplitude"": 0, ""apply_aura"": 118, ""base_points"": -101, ""chain_targets"": 0, ""die_sides"": 1, ""implicit_target_a"": 6, ""implicit_target_b"": 0, ""mechanic"": 0, ""misc_value"": 127, ""points_per_level"": 0.0, ""radius_yards"": null, ""trigger_spell"": 0, ""type"": 6}",174,,,"{""AttributesEx"": 65536, ""AttributesEx4"": 536872960, ""AttributesEx5"": 32, ""AttributesEx6"": 8388608, ""AuraDescription_Lang_Mask"": 16712190, ""AuraDescription_Lang_enUS"": 18143, ""BaseLevel"": 70, ""CastingTimeIndex"": 16, ""DefenseType"": 1, ""Description_Lang_Mask"": 16712190, ""Description_Lang_enUS"": 890740, ""EffectChainAmplitude_1"": 1.0, ""EffectChainAmplitude_2"": 1.0, ""EffectChainAmplitude_3"": 1.0, ""EquippedItemClass"": -1, ""InterruptFlags"": 15, ""NameSubtext_Lang_Mask"": 16712172, ""Name_Lang_Mask"": 16712190, ""PreventionType"": 1, ""ProcChance"": 101, ""ShapeshiftExclude"": 2, ""SpellClassMask_2"": 32, ""SpellClassSet"": 7, ""SpellLevel"": 70, ""SpellVisualID_1"": 8206, ""StartRecoveryCategory"": 133, ""StartRecoveryTime"": 1500}",pulled from existing data
33876,Mangle (Cat),1,0,0,262160,0,0,0,0,3,45,0,5.0,,60000,"{""amplitude"": 0, ""apply_aura"": 0, ""base_points"": 98, ""chain_targets"": 0, ""die_sides"": 1, ""implicit_target_a"": 6, ""implicit_target_b"": 0, ""mechanic"": 0, ""misc_value"": 0, ""points_per_level"": 6.133333333333334, ""radius_yards"": null, ""trigger_spell"": 0, ""type"": 58}","{""amplitude"": 0, ""apply_aura"": 255, ""base_points"": 29, ""chain_targets"": 0, ""die_sides"": 1, ""implicit_target_a"": 6, ""implicit_target_b"": 0, ""mechanic"": 0, ""misc_value"": 15, ""points_per_level"": 0.0, ""radius_yards"": null, ""trigger_spell"": 0, ""type"": 6}","{""amplitude"": 0, ""apply_aura"": 0, ""base_points"": 199, ""chain_targets"": 0, ""die_sides"": 1, ""implicit_target_a"": 6, ""implicit_target_b"": 0, ""mechanic"": 0, ""misc_value"": 0, ""points_per_level"": 0.0, ""radius_yards"": null, ""trigger_spell"": 0, ""type"": 31}",2312,,,"{""AttributesEx"": 134218240, ""AuraDescription_Lang_Mask"": 16712190, ""AuraDescription_Lang_enUS"": 894235, ""BaseLevel"": 50, ""CastingTimeIndex"": 1, ""DefenseType"": 2, ""Description_Lang_Mask"": 16712190, ""Description_Lang_enUS"": 894054, ""EffectBonusMultiplier_1"": 1.0, ""EffectChainAmplitude_1"": 1.0, ""EffectChainAmplitude_2"": 1.0, ""EffectChainAmplitude_3"": 1.0, ""EquippedItemClass"": -1, ""FacingCasterFlags"": 1, ""MaxLevel"": 80, ""NameSubtext_Lang_Mask"": 16712190, ""NameSubtext_Lang_enUS"": """", ""Name_Lang_Mask"": 16712190, ""PreventionType"": 2, ""ProcChance"": 101, ""RangeIndex"": 2, ""ShapeshiftMask"": 1, ""SpellClassMask_2"": 1024, ""SpellClassSet"": 7, ""SpellLevel"": 50, ""SpellVisualID_1"": 8634, ""StartRecoveryCategory"": 133, ""StartRecoveryTime"": 1000}",pulled from existing data; single-rank bootstrap: BasePoints/BaseLevel/SpellLevel kept from rank 1 (learn level 50); RealPointsPerLevel from rank1->covers-60-overridden(undershoot-vs-top-rank) (anchor rank 5 @ level 80); coefficient/cast_time_ms/mana_cost_pct from max rank; MaxLevel set to 80
33878,Mangle (Bear),1,0,0,262160,971,0,0,6000,1,200,0,5.0,,60000,"{""amplitude"": 0, ""apply_aura"": 0, ""base_points"": 74, ""chain_targets"": 0, ""die_sides"": 1, ""implicit_target_a"": 6, ""implicit_target_b"": 0, ""mechanic"": 0, ""misc_value"": 0, ""points_per_level"": 6.166666666666667, ""radius_yards"": null, ""trigger_spell"": 0, ""type"": 58}","{""amplitude"": 0, ""apply_aura"": 255, ""base_points"": 29, ""chain_targets"": 0, ""die_sides"": 1, ""implicit_target_a"": 6, ""implicit_target_b"": 0, ""mechanic"": 0, ""misc_value"": 15, ""points_per_level"": 0.0, ""radius_yards"": null, ""trigger_spell"": 0, ""type"": 6}","{""amplitude"": 0, ""apply_aura"": 0, ""base_points"": 114, ""chain_targets"": 0, ""die_sides"": 1, ""implicit_target_a"": 6, ""implicit_target_b"": 0, ""mechanic"": 0, ""misc_value"": 0, ""points_per_level"": 0.0, ""radius_yards"": null, ""trigger_spell"": 0, ""type"": 31}",2312,,,"{""AttributesEx"": 134218240, ""AuraDescription_Lang_Mask"": 16712190, ""AuraDescription_Lang_enUS"": 894235, ""BaseLevel"": 50, ""CastingTimeIndex"": 1, ""DefenseType"": 2, ""Description_Lang_Mask"": 16712190, ""Description_Lang_enUS"": 894392, ""EffectBonusMultiplier_1"": 1.0, ""EffectChainAmplitude_1"": 1.0, ""EffectChainAmplitude_2"": 1.0, ""EffectChainAmplitude_3"": 1.0, ""EquippedItemClass"": -1, ""FacingCasterFlags"": 1, ""MaxLevel"": 80, ""NameSubtext_Lang_Mask"": 16712190, ""NameSubtext_Lang_enUS"": """", ""Name_Lang_Mask"": 16712190, ""PreventionType"": 2, ""ProcChance"": 101, ""RangeIndex"": 2, ""ShapeshiftMask"": 128, ""SpellClassMask_2"": 64, ""SpellClassSet"": 7, ""SpellLevel"": 50, ""SpellVisualID_1"": 6586, ""StartRecoveryCategory"": 133, ""StartRecoveryTime"": 1500}",pulled from existing data; single-rank bootstrap: BasePoints/BaseLevel/SpellLevel kept from rank 1 (learn level 50); RealPointsPerLevel from rank1->covers-60-overridden(undershoot-vs-top-rank) (anchor rank 5 @ level 80); coefficient/cast_time_ms/mana_cost_pct from max rank; MaxLevel set to 80
33943,Flight Form,1,0,0,268795920,0,0,0,0,0,0,13,0.0,,-1,"{""amplitude"": 0, ""apply_aura"": 36, ""base_points"": -1, ""chain_targets"": 0, ""die_sides"": 1, ""implicit_target_a"": 1, ""implicit_target_b"": 0, ""mechanic"": 0, ""misc_value"": 29, ""points_per_level"": 0.0, ""radius_yards"": null, ""trigger_spell"": 0, ""type"": 6}","{""amplitude"": 0, ""apply_aura"": 77, ""base_points"": -1, ""chain_targets"": 0, ""die_sides"": 1, ""implicit_target_a"": 1, ""implicit_target_b"": 0, ""mechanic"": 0, ""misc_value"": 17, ""points_per_level"": 0.0, ""radius_yards"": null, ""trigger_spell"": 0, ""type"": 6}","{""amplitude"": 0, ""apply_aura"": 201, ""base_points"": 0, ""chain_targets"": 0, ""die_sides"": 0, ""implicit_target_a"": 1, ""implicit_target_b"": 0, ""mechanic"": 0, ""misc_value"": 0, ""points_per_level"": 0.0, ""radius_yards"": null, ""trigger_spell"": 0, ""type"": 6}",2274,,,"{""ActiveIconID"": 122, ""AttributesEx"": 98304, ""AttributesEx4"": 603979776, ""AuraDescription_Lang_Mask"": 16712190, ""AuraDescription_Lang_enUS"": 897875, ""AuraInterruptFlags"": 128, ""BaseLevel"": 60, ""CastingTimeIndex"": 1, ""Description_Lang_Mask"": 16712190, ""Description_Lang_enUS"": 897620, ""EffectChainAmplitude_1"": 1.0, ""EffectChainAmplitude_2"": 1.0, ""EffectChainAmplitude_3"": 1.0, ""EquippedItemClass"": -1, ""InterruptFlags"": 14, ""MaxLevel"": 80, ""NameSubtext_Lang_Mask"": 16712190, ""NameSubtext_Lang_enUS"": """", ""Name_Lang_Mask"": 16712190, ""ProcChance"": 101, ""RangeIndex"": 1, ""ShapeshiftExclude"": 1073741826, ""SpellClassMask_2"": 32768, ""SpellClassSet"": 7, ""SpellLevel"": 60, ""SpellVisualID_1"": 8128, ""StanceBarOrder"": 5, ""StartRecoveryCategory"": 133, ""StartRecoveryTime"": 1500}",pulled from existing data; single-rank bootstrap: BasePoints/BaseLevel/SpellLevel kept from rank 1 (learn level 60); RealPointsPerLevel from rank1->top-rank-fallback (anchor rank 2 @ level 80); coefficient/cast_time_ms/mana_cost_pct from max rank; MaxLevel set to 80
40120,Swift Flight Form,1,0,0,268795920,0,0,0,0,0,0,13,0.0,,-1,"{""amplitude"": 0, ""apply_aura"": 36, ""base_points"": -1, ""chain_targets"": 0, ""die_sides"": 1, ""implicit_target_a"": 1, ""implicit_target_b"": 0, ""mechanic"": 0, ""misc_value"": 27, ""points_per_level"": 0.0, ""radius_yards"": null, ""trigger_spell"": 0, ""type"": 6}","{""amplitude"": 0, ""apply_aura"": 77, ""base_points"": -1, ""chain_targets"": 0, ""die_sides"": 1, ""implicit_target_a"": 1, ""implicit_target_b"": 0, ""mechanic"": 0, ""misc_value"": 17, ""points_per_level"": 0.0, ""radius_yards"": null, ""trigger_spell"": 0, ""type"": 6}","{""amplitude"": 0, ""apply_aura"": 201, ""base_points"": 0, ""chain_targets"": 0, ""die_sides"": 0, ""implicit_target_a"": 1, ""implicit_target_b"": 0, ""mechanic"": 0, ""misc_value"": 0, ""points_per_level"": 0.0, ""radius_yards"": null, ""trigger_spell"": 0, ""type"": 6}",2274,,,"{""ActiveIconID"": 122, ""AttributesEx"": 98304, ""AttributesEx4"": 603979776, ""AuraDescription_Lang_Mask"": 16712190, ""AuraDescription_Lang_enUS"": 1103340, ""AuraInterruptFlags"": 128, ""BaseLevel"": 70, ""CastingTimeIndex"": 1, ""Description_Lang_Mask"": 16712190, ""Description_Lang_enUS"": 1103079, ""EffectChainAmplitude_1"": 1.0, ""EffectChainAmplitude_2"": 1.0, ""EffectChainAmplitude_3"": 1.0, ""EquippedItemClass"": -1, ""InterruptFlags"": 14, ""NameSubtext_Lang_Mask"": 16712190, ""NameSubtext_Lang_enUS"": ""Shapeshift"", ""Name_Lang_Mask"": 16712190, ""ProcChance"": 101, ""RangeIndex"": 1, ""ShapeshiftExclude"": 1073741826, ""SpellClassMask_2"": 32768, ""SpellClassSet"": 7, ""SpellLevel"": 70, ""SpellVisualID_1"": 8128, ""StanceBarOrder"": 5, ""StartRecoveryCategory"": 133, ""StartRecoveryTime"": 1500}","pulled from existing data; step-7: superseded rank, kept (referenced by quest_template reward/display spell)"
42231,Hurricane,8,0,0,0,0,0,0,0,0,0,0,100.0,,,"{""amplitude"": 0, ""apply_aura"": 0, ""base_points"": 99, ""chain_targets"": 0, ""die_sides"": 1, ""implicit_target_a"": 76, ""implicit_target_b"": 16, ""mechanic"": 0, ""misc_value"": 0, ""points_per_level"": 8.775, ""radius_yards"": 8.0, ""trigger_spell"": 0, ""type"": 2}",,,220,,,"{""AttributesEx"": 136, ""AttributesEx2"": 1073741824, ""AttributesEx3"": 1073741824, ""AttributesEx5"": 1024, ""AuraDescription_Lang_Mask"": 16712188, ""BaseLevel"": 40, ""CastingTimeIndex"": 1, ""DefenseType"": 1, ""Description_Lang_Mask"": 16712190, ""Description_Lang_enUS"": 1167836, ""EffectBonusMultiplier_1"": 0.1289999932050705, ""EffectChainAmplitude_1"": 1.0, ""EffectChainAmplitude_2"": 1.0, ""EffectChainAmplitude_3"": 1.0, ""EquippedItemClass"": -1, ""MaxLevel"": 80, ""NameSubtext_Lang_Mask"": 16712190, ""NameSubtext_Lang_enUS"": """", ""Name_Lang_Mask"": 16712190, ""PreventionType"": 1, ""ProcChance"": 101, ""RangeIndex"": 135, ""SpellClassMask_1"": 4194304, ""SpellClassSet"": 7, ""SpellLevel"": 40, ""SpellPriority"": 50, ""SpellVisualID_1"": 9491, ""StartRecoveryCategory"": 133}",pulled from existing data; single-rank bootstrap: BasePoints/BaseLevel/SpellLevel kept from rank 1 (learn level 40); RealPointsPerLevel from rank1->covers-60-overridden(undershoot-vs-top-rank) (anchor rank 5 @ level 80); coefficient/cast_time_ms/mana_cost_pct from max rank; MaxLevel set to 80
44203,Tranquility,8,0,0,0,0,0,0,0,0,0,0,100.0,,,"{""amplitude"": 0, ""apply_aura"": 0, ""base_points"": 350, ""chain_targets"": 0, ""die_sides"": 1, ""implicit_target_a"": 76, ""implicit_target_b"": 34, ""mechanic"": 0, ""misc_value"": 0, ""points_per_level"": 53.68, ""radius_yards"": 30.0, ""trigger_spell"": 0, ""type"": 10}",,,220,,,"{""AttributesEx2"": 1610612740, ""AttributesEx3"": 1073742336, ""AttributesEx6"": 67108864, ""AuraDescription_Lang_Mask"": 16712188, ""BaseLevel"": 30, ""CastingTimeIndex"": 1, ""DefenseType"": 1, ""Description_Lang_Mask"": 16712190, ""Description_Lang_enUS"": 1236344, ""EffectBonusMultiplier_1"": 0.5379999876022339, ""EffectChainAmplitude_1"": 1.0, ""EffectChainAmplitude_2"": 1.0, ""EffectChainAmplitude_3"": 1.0, ""EquippedItemClass"": -1, ""MaxLevel"": 80, ""NameSubtext_Lang_Mask"": 16712190, ""NameSubtext_Lang_enUS"": """", ""Name_Lang_Mask"": 16712190, ""PreventionType"": 1, ""ProcChance"": 101, ""RangeIndex"": 135, ""SpellClassMask_1"": 128, ""SpellClassSet"": 7, ""SpellLevel"": 30, ""SpellPriority"": 50, ""StartRecoveryCategory"": 133}",pulled from existing data; single-rank bootstrap: BasePoints/BaseLevel/SpellLevel kept from rank 1 (learn level 30); RealPointsPerLevel from rank1->covers-60-overridden(undershoot-vs-top-rank) (anchor rank 7 @ level 80); coefficient/cast_time_ms/mana_cost_pct from max rank; MaxLevel set to 80
45281,Natural Perfection,1,1,0,150994944,0,0,0,0,0,0,0,0.0,,8000,"{""amplitude"": 0, ""apply_aura"": 87, ""base_points"": -3, ""chain_targets"": 0, ""die_sides"": 1, ""implicit_target_a"": 1, ""implicit_target_b"": 0, ""mechanic"": 0, ""misc_value"": 127, ""points_per_level"": -0.03333333333333333, ""radius_yards"": null, ""trigger_spell"": 0, ""type"": 6}",,,2250,,,"{""AttributesEx4"": 128, ""AttributesEx5"": 8, ""AuraDescription_Lang_Mask"": 16712190, ""AuraDescription_Lang_enUS"": 721750, ""CastingTimeIndex"": 1, ""CumulativeAura"": 3, ""Description_Lang_Mask"": 16712190, ""Description_Lang_enUS"": 1274337, ""EffectBasePoints_2"": -1, ""EffectBasePoints_3"": -1, ""EffectBonusMultiplier_1"": 1.0, ""EffectChainAmplitude_1"": 1.0, ""EffectChainAmplitude_2"": 1.0, ""EffectChainAmplitude_3"": 1.0, ""EffectDieSides_2"": 1, ""EffectDieSides_3"": 1, ""EffectSpellClassMaskA_1"": 32, ""EquippedItemClass"": -1, ""MaxLevel"": 80, ""NameSubtext_Lang_Mask"": 16712190, ""NameSubtext_Lang_enUS"": """", ""Name_Lang_Mask"": 16712190, ""ProcChance"": 101, ""RangeIndex"": 1, ""SpellClassMask_2"": 2097152, ""SpellClassSet"": 7, ""SpellVisualID_1"": 10115}",pulled from existing data; single-rank bootstrap: BasePoints/BaseLevel/SpellLevel kept from rank 1 (learn level 0); RealPointsPerLevel from rank1->covers-60 (anchor rank 3 @ level 60); coefficient/cast_time_ms/mana_cost_pct from max rank; MaxLevel set to 80
47179,Nurturing Instinct,1,0,0,400,0,0,0,0,0,0,0,0.0,,-1,"{""amplitude"": 0, ""apply_aura"": 118, ""base_points"": 9, ""chain_targets"": 0, ""die_sides"": 1, ""implicit_target_a"": 1, ""implicit_target_b"": 0, ""mechanic"": 0, ""misc_value"": 127, ""points_per_level"": 0.16666666666666666, ""radius_yards"": null, ""trigger_spell"": 0, ""type"": 6}",,,2254,,,"{""AuraDescription_Lang_Mask"": 16712188, ""CastingTimeIndex"": 1, ""Description_Lang_Mask"": 16712190, ""Description_Lang_enUS"": 893787, ""EffectChainAmplitude_1"": 1.0, ""EffectChainAmplitude_2"": 1.0, ""EffectChainAmplitude_3"": 1.0, ""EffectSpellClassMaskB_1"": 33554432, ""EquippedItemClass"": -1, ""MaxLevel"": 80, ""NameSubtext_Lang_Mask"": 16712190, ""NameSubtext_Lang_enUS"": """", ""Name_Lang_Mask"": 16712190, ""ProcChance"": 101, ""RangeIndex"": 1, ""ShapeshiftMask"": 1, ""SpellClassSet"": 7}",pulled from existing data; single-rank bootstrap: BasePoints/BaseLevel/SpellLevel kept from rank 1 (learn level 0); RealPointsPerLevel from rank1->covers-60 (anchor rank 2 @ level 60); coefficient/cast_time_ms/mana_cost_pct from max rank; MaxLevel set to 80
48435,Spark of Nature,1,0,0,448,0,0,0,0,0,0,0,0.0,,,"{""amplitude"": 0, ""apply_aura"": 107, ""base_points"": 4, ""chain_targets"": 0, ""die_sides"": 1, ""implicit_target_a"": 1, ""implicit_target_b"": 0, ""mechanic"": 0, ""misc_value"": 7, ""points_per_level"": 0.16666666666666666, ""radius_yards"": null, ""trigger_spell"": 0, ""type"": 6}",,,337,,,"{""AttributesEx3"": 67108864, ""AuraDescription_Lang_Mask"": 16712188, ""CastingTimeIndex"": 1, ""Description_Lang_Mask"": 16712190, ""Description_Lang_enUS"": 1392315, ""EffectBonusMultiplier_2"": 1.0, ""EffectBonusMultiplier_3"": 1.0, ""EffectChainAmplitude_1"": 1.0, ""EffectChainAmplitude_2"": 1.0, ""EffectChainAmplitude_3"": 1.0, ""EffectSpellClassMaskA_2"": 33554434, ""EquippedItemClass"": -1, ""MaxLevel"": 80, ""NameSubtext_Lang_Mask"": 16712190, ""NameSubtext_Lang_enUS"": """", ""Name_Lang_Mask"": 16712190, ""ProcChance"": 101, ""RangeIndex"": 1, ""SpellClassSet"": 7}",pulled from existing data; single-rank bootstrap: BasePoints/BaseLevel/SpellLevel kept from rank 1 (learn level 0); RealPointsPerLevel from rank1->covers-60 (anchor rank 3 @ level 60); coefficient/cast_time_ms/mana_cost_pct from max rank; MaxLevel set to 80
48438,Wild Growth,8,1,0,65536,1237,0,0,6000,0,0,23,40.0,,7000,"{""amplitude"": 1000, ""apply_aura"": 8, ""base_points"": 97, ""chain_targets"": 0, ""die_sides"": 1, ""implicit_target_a"": 63, ""implicit_target_b"": 31, ""mechanic"": 0, ""misc_value"": 0, ""points_per_level"": 5.4, ""radius_yards"": 15.0, ""trigger_spell"": 0, ""type"": 6}","{""amplitude"": 0, ""apply_aura"": 4, ""base_points"": -1, ""chain_targets"": 0, ""die_sides"": 1, ""implicit_target_a"": 87, ""implicit_target_b"": 31, ""mechanic"": 0, ""misc_value"": 0, ""points_per_level"": 0.0, ""radius_yards"": 15.0, ""trigger_spell"": 0, ""type"": 6}",,2864,,,"{""AttributesEx2"": 524288, ""AttributesEx3"": 128, ""AttributesEx4"": 1048576, ""AttributesEx5"": 4194304, ""AttributesEx6"": 67108864, ""AuraDescription_Lang_Mask"": 16712190, ""AuraDescription_Lang_enUS"": 1392601, ""BaseLevel"": 60, ""CastingTimeIndex"": 1, ""DefenseType"": 1, ""Description_Lang_Mask"": 16712190, ""Description_Lang_enUS"": 1392398, ""EffectBasePoints_3"": 4, ""EffectBonusMultiplier_1"": 0.11500000208616257, ""EffectChainAmplitude_1"": 1.0, ""EffectChainAmplitude_2"": 1.0, ""EffectChainAmplitude_3"": 1.0, ""EffectDieSides_3"": 1, ""EquippedItemClass"": -1, ""InterruptFlags"": 8, ""MaxLevel"": 80, ""NameSubtext_Lang_Mask"": 16712190, ""NameSubtext_Lang_enUS"": """", ""Name_Lang_Mask"": 16712190, ""PreventionType"": 1, ""ProcChance"": 101, ""ShapeshiftExclude"": 134217728, ""ShapeshiftMask"": 2147483648, ""SpellClassMask_2"": 67108864, ""SpellClassSet"": 7, ""SpellLevel"": 60, ""SpellPriority"": 50, ""SpellVisualID_1"": 11568, ""StartRecoveryCategory"": 133, ""StartRecoveryTime"": 1500}",pulled from existing data; single-rank bootstrap: BasePoints/BaseLevel/SpellLevel kept from rank 1 (learn level 60); RealPointsPerLevel from rank1->top-rank-fallback (anchor rank 4 @ level 80); coefficient/cast_time_ms/mana_cost_pct from max rank; MaxLevel set to 80
48505,Starfall,64,0,0,65536,1218,0,0,90000,0,0,35,0.0,,10000,"{""amplitude"": 1000, ""apply_aura"": 23, ""base_points"": -1, ""chain_targets"": 0, ""die_sides"": 1, ""implicit_target_a"": 1, ""implicit_target_b"": 0, ""mechanic"": 0, ""misc_value"": 0, ""points_per_level"": 0.0, ""radius_yards"": null, ""trigger_spell"": 50286, ""type"": 6}",,,2854,,,"{""AttributesEx2"": 524288, ""AttributesEx4"": 64, ""AuraDescription_Lang_Mask"": 16712190, ""AuraDescription_Lang_enUS"": 1396362, ""AuraInterruptFlags"": 131072, ""BaseLevel"": 60, ""CastingTimeIndex"": 1, ""DefenseType"": 1, ""Description_Lang_Mask"": 16712190, ""Description_Lang_enUS"": 1395936, ""EffectBasePoints_2"": -1, ""EffectBonusMultiplier_1"": 0.12700000405311584, ""EffectBonusMultiplier_3"": 1.0, ""EffectChainAmplitude_1"": 1.0, ""EffectChainAmplitude_2"": 1.0, ""EffectChainAmplitude_3"": 1.0, ""EffectDieSides_2"": 1, ""EquippedItemClass"": -1, ""InterruptFlags"": 8, ""MaxLevel"": 80, ""NameSubtext_Lang_Mask"": 16712190, ""NameSubtext_Lang_enUS"": """", ""Name_Lang_Mask"": 16712190, ""PreventionType"": 1, ""ProcChance"": 101, ""RangeIndex"": 1, ""ShapeshiftExclude"": 2, ""ShapeshiftMask"": 1073741824, ""SpellClassMask_2"": 8388608, ""SpellClassSet"": 7, ""SpellLevel"": 60, ""SpellVisualID_1"": 11571, ""StartRecoveryCategory"": 133, ""StartRecoveryTime"": 1500}",pulled from existing data; single-rank bootstrap: BasePoints/BaseLevel/SpellLevel kept from rank 1 (learn level 60); RealPointsPerLevel from rank1->top-rank-fallback (anchor rank 4 @ level 80); coefficient/cast_time_ms/mana_cost_pct from max rank; MaxLevel set to 80
50170,Improved Moonkin Form,8,0,0,400,0,0,0,0,0,0,0,0.0,,-1,"{""amplitude"": 0, ""apply_aura"": 193, ""base_points"": 0, ""chain_targets"": 0, ""die_sides"": 1, ""implicit_target_a"": 1, ""implicit_target_b"": 0, ""mechanic"": 0, ""misc_value"": 0, ""points_per_level"": 0.03333333333333333, ""radius_yards"": 100.0, ""trigger_spell"": 0, ""type"": 65}",,,2855,,,"{""AttributesEx"": 268436480, ""AttributesEx4"": 2097152, ""AuraDescription_Lang_Mask"": 16712188, ""CastingTimeIndex"": 1, ""Description_Lang_Mask"": 16712188, ""EffectBasePoints_2"": -1, ""EffectBasePoints_3"": -1, ""EffectChainAmplitude_1"": 1.0, ""EffectChainAmplitude_2"": 1.0, ""EffectChainAmplitude_3"": 1.0, ""EffectDieSides_2"": 1, ""EffectDieSides_3"": 1, ""EffectSpellClassMaskA_2"": 8192, ""EffectSpellClassMaskB_1"": 1024, ""EffectSpellClassMaskC_2"": 8192, ""EquippedItemClass"": -1, ""MaxLevel"": 80, ""NameSubtext_Lang_Mask"": 16712190, ""NameSubtext_Lang_enUS"": """", ""Name_Lang_Mask"": 16712190, ""ProcChance"": 101, ""RangeIndex"": 1, ""ShapeshiftMask"": 1073741824, ""SpellClassSet"": 7, ""SpellVisualID_1"": 13458}",pulled from existing data; single-rank bootstrap: BasePoints/BaseLevel/SpellLevel kept from rank 1 (learn level 0); RealPointsPerLevel from rank1->covers-60 (anchor rank 3 @ level 60); coefficient/cast_time_ms/mana_cost_pct from max rank; MaxLevel set to 80
50286,Starfall,64,0,0,384,0,0,0,0,0,0,0,0.0,,,"{""amplitude"": 0, ""apply_aura"": 0, ""base_points"": 50287, ""chain_targets"": 0, ""die_sides"": 1, ""implicit_target_a"": 22, ""implicit_target_b"": 15, ""mechanic"": 0, ""misc_value"": 0, ""points_per_level"": 0.0, ""radius_yards"": 30.0, ""trigger_spell"": 0, ""type"": 3}",,,122,,,"{""AttributesEx"": 525448, ""AttributesEx3"": 196608, ""AttributesEx4"": 128, ""AuraDescription_Lang_Mask"": 16712190, ""AuraDescription_Lang_enUS"": 1469147, ""BaseLevel"": 60, ""CastingTimeIndex"": 1, ""Description_Lang_Mask"": 16712190, ""Description_Lang_enUS"": 1468885, ""EffectChainAmplitude_1"": 1.0, ""EffectChainAmplitude_2"": 1.0, ""EffectChainAmplitude_3"": 1.0, ""EquippedItemClass"": -1, ""MaxLevel"": 80, ""NameSubtext_Lang_Mask"": 16712190, ""NameSubtext_Lang_enUS"": """", ""Name_Lang_Mask"": 16712190, ""ProcChance"": 101, ""RangeIndex"": 1, ""SpellClassMask_3"": 256, ""SpellClassSet"": 7, ""SpellLevel"": 60, ""StartRecoveryTime"": 1500}",pulled from existing data; single-rank bootstrap: BasePoints/BaseLevel/SpellLevel kept from rank 1 (learn level 60); RealPointsPerLevel from rank1->top-rank-fallback (anchor rank 4 @ level 80); coefficient/cast_time_ms/mana_cost_pct from max rank; MaxLevel set to 80
50288,Starfall,64,0,0,0,0,0,0,0,0,0,0,50000.0,,,"{""amplitude"": 0, ""apply_aura"": 0, ""base_points"": 144, ""chain_targets"": 0, ""die_sides"": 23, ""implicit_target_a"": 6, ""implicit_target_b"": 0, ""mechanic"": 0, ""misc_value"": 0, ""points_per_level"": 20.9, ""radius_yards"": null, ""trigger_spell"": 0, ""type"": 2}","{""amplitude"": 0, ""apply_aura"": 0, ""base_points"": 0, ""chain_targets"": 0, ""die_sides"": 0, ""implicit_target_a"": 6, ""implicit_target_b"": 0, ""mechanic"": 0, ""misc_value"": 0, ""points_per_level"": 0.0, ""radius_yards"": null, ""trigger_spell"": 50294, ""type"": 64}",,2854,,,"{""AttributesEx"": 128, ""AttributesEx2"": 1073741828, ""AttributesEx3"": 1049089, ""AttributesEx4"": 128, ""AttributesEx5"": 67108864, ""AuraDescription_Lang_Mask"": 16712190, ""AuraDescription_Lang_enUS"": 1469147, ""BaseLevel"": 60, ""CastingTimeIndex"": 1, ""DefenseType"": 1, ""Description_Lang_Mask"": 16712190, ""Description_Lang_enUS"": 1469147, ""EffectBonusMultiplier_1"": 0.30000001192092896, ""EffectChainAmplitude_1"": 1.0, ""EffectChainAmplitude_2"": 1.0, ""EffectChainAmplitude_3"": 1.0, ""EquippedItemClass"": -1, ""MaxLevel"": 80, ""NameSubtext_Lang_Mask"": 16712190, ""NameSubtext_Lang_enUS"": """", ""Name_Lang_Mask"": 16712190, ""ProcChance"": 101, ""SpellClassMask_2"": 8388608, ""SpellClassSet"": 7, ""SpellLevel"": 60, ""SpellVisualID_1"": 11040}",pulled from existing data; single-rank bootstrap: BasePoints/BaseLevel/SpellLevel kept from rank 1 (learn level 60); RealPointsPerLevel from rank1->top-rank-fallback (anchor rank 4 @ level 80); coefficient/cast_time_ms/mana_cost_pct from max rank; MaxLevel set to 80
50294,Starfall,64,0,0,327680,0,0,0,0,0,0,0,100.0,,,"{""amplitude"": 0, ""apply_aura"": 0, ""base_points"": 25, ""chain_targets"": 0, ""die_sides"": 1, ""implicit_target_a"": 53, ""implicit_target_b"": 16, ""mechanic"": 0, ""misc_value"": 0, ""points_per_level"": 3.75, ""radius_yards"": 5.0, ""trigger_spell"": 0, ""type"": 2}",,,2854,,,"{""AttributesEx"": 136, ""AuraDescription_Lang_Mask"": 16712190, ""AuraDescription_Lang_enUS"": 1469147, ""BaseLevel"": 60, ""CastingTimeIndex"": 1, ""DefenseType"": 1, ""Description_Lang_Mask"": 16712190, ""Description_Lang_enUS"": 1469147, ""EffectBonusMultiplier_1"": 0.12999999523162842, ""EffectChainAmplitude_1"": 1.0, ""EffectChainAmplitude_2"": 1.0, ""EffectChainAmplitude_3"": 1.0, ""EquippedItemClass"": -1, ""InterruptFlags"": 8, ""MaxLevel"": 80, ""NameSubtext_Lang_Mask"": 16712190, ""NameSubtext_Lang_enUS"": """", ""Name_Lang_Mask"": 16712190, ""PreventionType"": 1, ""ProcChance"": 101, ""SpellClassMask_2"": 8388608, ""SpellClassSet"": 7, ""SpellLevel"": 60, ""StartRecoveryCategory"": 133}",pulled from existing data; single-rank bootstrap: BasePoints/BaseLevel/SpellLevel kept from rank 1 (learn level 60); RealPointsPerLevel from rank1->top-rank-fallback (anchor rank 4 @ level 80); coefficient/cast_time_ms/mana_cost_pct from max rank; MaxLevel set to 80
50464,Nourish,8,0,0,65536,0,1500,0,0,0,0,18,40.0,,,"{""amplitude"": 0, ""apply_aura"": 0, ""base_points"": 1882, ""chain_targets"": 0, ""die_sides"": 305, ""implicit_target_a"": 21, ""implicit_target_b"": 0, ""mechanic"": 0, ""misc_value"": 0, ""points_per_level"": 9.699999809265137, ""radius_yards"": null, ""trigger_spell"": 0, ""type"": 10}",,,2863,,,"{""AuraDescription_Lang_Mask"": 16712188, ""BaseLevel"": 80, ""CastingTimeIndex"": 16, ""DefenseType"": 1, ""Description_Lang_Mask"": 16712190, ""Description_Lang_enUS"": 1479262, ""EffectBasePoints_3"": -1, ""EffectBonusMultiplier_1"": 0.671999990940094, ""EffectChainAmplitude_1"": 1.0, ""EffectChainAmplitude_2"": 1.0, ""EffectChainAmplitude_3"": 1.0, ""EffectDieSides_3"": 1, ""EquippedItemClass"": -1, ""InterruptFlags"": 15, ""MaxLevel"": 85, ""NameSubtext_Lang_Mask"": 16712190, ""NameSubtext_Lang_enUS"": ""Rank 1"", ""Name_Lang_Mask"": 16712190, ""PreventionType"": 1, ""ProcChance"": 101, ""ShapeshiftExclude"": 1073741981, ""SpellClassMask_2"": 33554432, ""SpellClassSet"": 7, ""SpellLevel"": 80, ""SpellVisualID_1"": 11570, ""StartRecoveryCategory"": 133, ""StartRecoveryTime"": 1500}",pulled from existing data
50516,Typhoon,8,1,0,65536,1217,0,0,20000,0,0,25,30.0,,,"{""amplitude"": 0, ""apply_aura"": 0, ""base_points"": 0, ""chain_targets"": 0, ""die_sides"": 0, ""implicit_target_a"": 89, ""implicit_target_b"": 0, ""mechanic"": 0, ""misc_value"": 0, ""points_per_level"": 0.0, ""radius_yards"": 30.0, ""trigger_spell"": 0, ""type"": 3}","{""amplitude"": 0, ""apply_aura"": 0, ""base_points"": 399, ""chain_targets"": 0, ""die_sides"": 1, ""implicit_target_a"": 0, ""implicit_target_b"": 0, ""mechanic"": 0, ""misc_value"": 0, ""points_per_level"": 26.333333333333332, ""radius_yards"": null, ""trigger_spell"": 61391, ""type"": 64}",,2838,,,"{""AttributesEx"": 268435584, ""AttributesEx2"": 524288, ""AttributesEx4"": 1, ""AuraDescription_Lang_Mask"": 16712188, ""BaseLevel"": 50, ""CastingTimeIndex"": 1, ""DefenseType"": 1, ""Description_Lang_Mask"": 16712190, ""Description_Lang_enUS"": 1482218, ""EffectBasePoints_3"": -1, ""EffectChainAmplitude_1"": 1.0, ""EffectChainAmplitude_2"": 1.0, ""EffectChainAmplitude_3"": 1.0, ""EffectDieSides_3"": 1, ""EquippedItemClass"": -1, ""InterruptFlags"": 8, ""MaxLevel"": 80, ""NameSubtext_Lang_Mask"": 16712190, ""NameSubtext_Lang_enUS"": """", ""Name_Lang_Mask"": 16712190, ""PreventionType"": 1, ""ProcChance"": 101, ""ShapeshiftExclude"": 2, ""ShapeshiftMask"": 1073741824, ""Speed"": 27.0, ""SpellClassMask_2"": 16777216, ""SpellClassSet"": 7, ""SpellLevel"": 50, ""SpellMissileID"": 1267, ""SpellVisualID_1"": 9248, ""StartRecoveryCategory"": 133, ""StartRecoveryTime"": 1500, ""Targets"": 64}",pulled from existing data; single-rank bootstrap: BasePoints/BaseLevel/SpellLevel kept from rank 1 (learn level 50); RealPointsPerLevel from rank1->covers-60-overridden(undershoot-vs-top-rank) (anchor rank 5 @ level 80); coefficient/cast_time_ms/mana_cost_pct from max rank; MaxLevel set to 80
50769,Revive,8,0,0,268500992,0,10000,0,0,0,0,72,30.0,,,"{""amplitude"": 0, ""apply_aura"": 0, ""base_points"": 64, ""chain_targets"": 0, ""die_sides"": 1, ""implicit_target_a"": 0, ""implicit_target_b"": 0, ""mechanic"": 0, ""misc_value"": 120, ""points_per_level"": 25.514705882352942, ""radius_yards"": null, ""trigger_spell"": 0, ""type"": 113}",,,2256,,,"{""AttributesEx"": 131072, ""AuraDescription_Lang_Mask"": 16712188, ""BaseLevel"": 12, ""CastingTimeIndex"": 7, ""DefenseType"": 1, ""Description_Lang_Mask"": 16712190, ""Description_Lang_enUS"": 39533, ""EffectBonusMultiplier_1"": 1.0, ""EffectChainAmplitude_1"": 1.0, ""EffectChainAmplitude_2"": 1.0, ""EffectChainAmplitude_3"": 1.0, ""EquippedItemClass"": -1, ""InterruptFlags"": 15, ""MaxLevel"": 80, ""NameSubtext_Lang_Mask"": 16712190, ""NameSubtext_Lang_enUS"": """", ""Name_Lang_Mask"": 16712190, ""PreventionType"": 1, ""ProcChance"": 101, ""ShapeshiftExclude"": 1073741824, ""SpellClassMask_3"": 512, ""SpellClassSet"": 7, ""SpellLevel"": 12, ""SpellPriority"": 50, ""SpellVisualID_1"": 344, ""StartRecoveryCategory"": 133, ""StartRecoveryTime"": 1500, ""Targets"": 32768}",pulled from existing data; single-rank bootstrap: BasePoints/BaseLevel/SpellLevel kept from rank 1 (learn level 12); RealPointsPerLevel from rank1->covers-60-overridden(undershoot-vs-top-rank) (anchor rank 7 @ level 80); coefficient/cast_time_ms/mana_cost_pct from max rank; MaxLevel set to 80
52610,Savage Roar,1,9,31,537133072,0,0,0,0,3,25,0,100.0,,9000,"{""amplitude"": 0, ""apply_aura"": 0, ""base_points"": 0, ""chain_targets"": 0, ""die_sides"": 0, ""implicit_target_a"": 6, ""implicit_target_b"": 0, ""mechanic"": 0, ""misc_value"": 0, ""points_per_level"": 0.0, ""radius_yards"": null, ""trigger_spell"": 0, ""type"": 3}","{""amplitude"": 0, ""apply_aura"": 4, ""base_points"": 29, ""chain_targets"": 0, ""die_sides"": 1, ""implicit_target_a"": 1, ""implicit_target_b"": 0, ""mechanic"": 0, ""misc_value"": 0, ""points_per_level"": 0.0, ""radius_yards"": null, ""trigger_spell"": 0, ""type"": 6}",,2865,,,"{""AttributesEx"": 4195328, ""AttributesEx2"": 4, ""AttributesEx3"": 1342439424, ""AttributesEx4"": 16, ""AttributesEx6"": 8388608, ""AuraDescription_Lang_Mask"": 16712190, ""AuraDescription_Lang_enUS"": 1582955, ""AuraInterruptFlags"": 4718592, ""BaseLevel"": 75, ""CastingTimeIndex"": 1, ""Description_Lang_Mask"": 16712190, ""Description_Lang_enUS"": 1582705, ""DurationIndex"": 581, ""EffectBonusMultiplier_1"": 1.0, ""EffectChainAmplitude_1"": 1.0, ""EffectChainAmplitude_2"": 1.0, ""EffectChainAmplitude_3"": 1.0, ""EquippedItemClass"": -1, ""NameSubtext_Lang_Mask"": 16712190, ""NameSubtext_Lang_enUS"": ""Rank 1"", ""Name_Lang_Mask"": 16712190, ""PreventionType"": 2, ""ProcChance"": 101, ""SpellClassMask_2"": 268435456, ""SpellClassSet"": 7, ""SpellLevel"": 75, ""SpellPriority"": 50, ""StartRecoveryCategory"": 133, ""StartRecoveryTime"": 1000}",pulled from existing data
58179,Infected Wounds,8,3,0,0,0,0,0,0,0,0,0,5.0,,12000,"{""amplitude"": 0, ""apply_aura"": 33, ""base_points"": -17, ""chain_targets"": 0, ""die_sides"": 1, ""implicit_target_a"": 6, ""implicit_target_b"": 0, ""mechanic"": 11, ""misc_value"": 0, ""points_per_level"": -3.4, ""radius_yards"": null, ""trigger_spell"": 0, ""type"": 6}","{""amplitude"": 0, ""apply_aura"": 138, ""base_points"": -7, ""chain_targets"": 0, ""die_sides"": 1, ""implicit_target_a"": 6, ""implicit_target_b"": 0, ""mechanic"": 8, ""misc_value"": 0, ""points_per_level"": -1.4, ""radius_yards"": null, ""trigger_spell"": 0, ""type"": 6}",,2857,,,"{""AttributesEx"": 131208, ""AttributesEx2"": 16777216, ""AttributesEx3"": 131072, ""AuraDescription_Lang_Mask"": 16712190, ""AuraDescription_Lang_enUS"": 1836257, ""BaseLevel"": 50, ""CastingTimeIndex"": 1, ""CumulativeAura"": 1, ""Description_Lang_Mask"": 16712190, ""Description_Lang_enUS"": 1394107, ""EffectChainAmplitude_1"": 1.0, ""EffectChainAmplitude_2"": 1.0, ""EffectChainAmplitude_3"": 1.0, ""EquippedItemClass"": -1, ""MaxLevel"": 80, ""NameSubtext_Lang_Mask"": 16712172, ""NameSubtext_Lang_enUS"": """", ""Name_Lang_Mask"": 16712190, ""ProcChance"": 101, ""RangeIndex"": 2, ""SpellClassSet"": 7, ""SpellLevel"": 50, ""SpellVisualID_1"": 11569}",pulled from existing data; single-rank bootstrap: BasePoints/BaseLevel/SpellLevel kept from rank 1 (learn level 50); RealPointsPerLevel from rank1->covers-60 (anchor rank 3 @ level 60); coefficient/cast_time_ms/mana_cost_pct from max rank; MaxLevel set to 80
60431,Earth and Moon,64,1,0,8388608,0,0,0,0,0,0,0,100.0,,12000,"{""amplitude"": 0, ""apply_aura"": 87, ""base_points"": 3, ""chain_targets"": 0, ""die_sides"": 1, ""implicit_target_a"": 6, ""implicit_target_b"": 0, ""mechanic"": 0, ""misc_value"": 126, ""points_per_level"": 0.15, ""radius_yards"": null, ""trigger_spell"": 0, ""type"": 6}",,,2991,,,"{""AttributesEx"": 136, ""AttributesEx2"": 4, ""AttributesEx3"": 131072, ""AuraDescription_Lang_Mask"": 16712190, ""AuraDescription_Lang_enUS"": 1914697, ""CastingTimeIndex"": 1, ""CumulativeAura"": 1, ""Description_Lang_Mask"": 16712190, ""Description_Lang_enUS"": 1914565, ""EffectBonusMultiplier_1"": 1.0, ""EffectBonusMultiplier_2"": 1.0, ""EffectBonusMultiplier_3"": 1.0, ""EffectChainAmplitude_1"": 1.0, ""EffectChainAmplitude_2"": 1.0, ""EffectChainAmplitude_3"": 1.0, ""EquippedItemClass"": -1, ""MaxLevel"": 80, ""NameSubtext_Lang_Mask"": 16712172, ""NameSubtext_Lang_enUS"": """", ""Name_Lang_Mask"": 16712190, ""ProcChance"": 101, ""SpellClassSet"": 7}",pulled from existing data; single-rank bootstrap: BasePoints/BaseLevel/SpellLevel kept from rank 1 (learn level 0); RealPointsPerLevel from rank1->covers-60 (anchor rank 3 @ level 60); coefficient/cast_time_ms/mana_cost_pct from max rank; MaxLevel set to 80
61391,Typhoon,8,0,0,65536,0,0,0,0,0,0,0,30.0,,6000,"{""amplitude"": 0, ""apply_aura"": 0, ""base_points"": 69, ""chain_targets"": 0, ""die_sides"": 1, ""implicit_target_a"": 104, ""implicit_target_b"": 0, ""mechanic"": 0, ""misc_value"": 150, ""points_per_level"": 0.0, ""radius_yards"": 30.0, ""trigger_spell"": 0, ""type"": 98}","{""amplitude"": 0, ""apply_aura"": 0, ""base_points"": 399, ""chain_targets"": 0, ""die_sides"": 1, ""implicit_target_a"": 104, ""implicit_target_b"": 0, ""mechanic"": 0, ""misc_value"": 0, ""points_per_level"": 26.333333333333332, ""radius_yards"": 30.0, ""trigger_spell"": 0, ""type"": 2}","{""amplitude"": 0, ""apply_aura"": 33, ""base_points"": -51, ""chain_targets"": 0, ""die_sides"": 1, ""implicit_target_a"": 104, ""implicit_target_b"": 0, ""mechanic"": 11, ""misc_value"": 0, ""points_per_level"": 0.0, ""radius_yards"": 30.0, ""trigger_spell"": 0, ""type"": 6}",15,,,"{""AttributesEx"": 128, ""AttributesEx2"": 524288, ""AttributesEx3"": 512, ""AuraDescription_Lang_Mask"": 16712190, ""AuraDescription_Lang_enUS"": 225286, ""BaseLevel"": 50, ""CastingTimeIndex"": 1, ""DefenseType"": 1, ""Description_Lang_Mask"": 16712190, ""Description_Lang_enUS"": 1615395, ""EffectBonusMultiplier_2"": 0.19300000369548798, ""EffectChainAmplitude_1"": 1.0, ""EffectChainAmplitude_2"": 1.0, ""EffectChainAmplitude_3"": 1.0, ""EquippedItemClass"": -1, ""InterruptFlags"": 8, ""MaxLevel"": 80, ""NameSubtext_Lang_Mask"": 16712190, ""NameSubtext_Lang_enUS"": """", ""Name_Lang_Mask"": 16712190, ""ProcChance"": 101, ""ShapeshiftExclude"": 2, ""ShapeshiftMask"": 1073741824, ""Speed"": 30.0, ""SpellClassMask_2"": 16777216, ""SpellClassSet"": 7, ""SpellLevel"": 50, ""SpellVisualID_1"": 10437}",pulled from existing data; single-rank bootstrap: BasePoints/BaseLevel/SpellLevel kept from rank 1 (learn level 50); RealPointsPerLevel from rank1->covers-60-overridden(undershoot-vs-top-rank) (anchor rank 5 @ level 80); coefficient/cast_time_ms/mana_cost_pct from max rank; MaxLevel set to 80
62078,Swipe (Cat),1,0,0,262160,0,0,0,0,3,50,0,5.0,,,"{""amplitude"": 0, ""apply_aura"": 0, ""base_points"": 249, ""chain_targets"": 1000, ""die_sides"": 1, ""implicit_target_a"": 6, ""implicit_target_b"": 0, ""mechanic"": 0, ""misc_value"": 0, ""points_per_level"": 0.0, ""radius_yards"": null, ""trigger_spell"": 0, ""type"": 31}",,,1562,,,"{""AttributesEx"": 512, ""AttributesEx2"": 4096, ""AttributesEx5"": 32768, ""AuraDescription_Lang_Mask"": 16712188, ""BaseLevel"": 71, ""CastingTimeIndex"": 1, ""DefenseType"": 2, ""Description_Lang_Mask"": 16712190, ""Description_Lang_enUS"": 1977830, ""EffectChainAmplitude_1"": 1.0, ""EffectChainAmplitude_2"": 1.0, ""EffectChainAmplitude_3"": 1.0, ""EquippedItemClass"": -1, ""FacingCasterFlags"": 1, ""NameSubtext_Lang_Mask"": 16712190, ""NameSubtext_Lang_enUS"": ""Rank 1"", ""Name_Lang_Mask"": 16712190, ""PreventionType"": 2, ""ProcChance"": 101, ""RangeIndex"": 2, ""ShapeshiftMask"": 1, ""SpellClassMask_3"": 1024, ""SpellClassSet"": 7, ""SpellLevel"": 71, ""SpellVisualID_1"": 13170, ""StartRecoveryCategory"": 133, ""StartRecoveryTime"": 1000}",pulled from existing data
