id,name,school,dispel,mechanic,attributes,category,cast_time_ms,cooldown_ms,category_cooldown_ms,power_type,mana_cost,mana_cost_pct,range_yards,radius_yards,duration_ms,effect1,effect2,effect3,spell_icon_id,spell_weight,coeff_weight,raw_overrides,notes
136,Mend Pet,8,1,0,65536,0,0,0,0,0,0,9,45.0,,15000,"{""amplitude"": 3000, ""apply_aura"": 8, ""base_points"": 24, ""chain_targets"": 0, ""die_sides"": 1, ""implicit_target_a"": 5, ""implicit_target_b"": 0, ""mechanic"": 0, ""misc_value"": 0, ""points_per_level"": 15.073529411764707, ""radius_yards"": null, ""trigger_spell"": 0, ""type"": 6}",,,267,,,"{""AttributesEx4"": 64, ""AuraDescription_Lang_Mask"": 16712190, ""AuraDescription_Lang_enUS"": ""Heals $s1 every $t1 sec."", ""BaseLevel"": 12, ""CastingTimeIndex"": 1, ""ChannelInterruptFlags"": 31756, ""DefenseType"": 1, ""Description_Lang_Mask"": 16712190, ""Description_Lang_enUS"": ""Heals your pet for $<total> health over $d."", ""EffectChainAmplitude_1"": 1.0, ""EffectChainAmplitude_2"": 1.0, ""EffectChainAmplitude_3"": 1.0, ""EquippedItemClass"": -1, ""MaxLevel"": 80, ""NameSubtext_Lang_Mask"": 16712190, ""NameSubtext_Lang_enUS"": """", ""Name_Lang_Mask"": 16712190, ""PreventionType"": 1, ""ProcChance"": 101, ""SpellClassMask_1"": 8388608, ""SpellClassSet"": 9, ""SpellDescriptionVariableID"": 31, ""SpellLevel"": 12, ""SpellPriority"": 50, ""SpellVisualID_1"": 652, ""StartRecoveryCategory"": 133, ""StartRecoveryTime"": 1500, ""TargetCreatureType"": 1}",pulled from existing data; single-rank bootstrap: BasePoints/BaseLevel/SpellLevel kept from rank 1 (learn level 12); RealPointsPerLevel from rank1->covers-60-overridden(undershoot-vs-top-rank) (anchor rank 10 @ level 80); coefficient/cast_time_ms/mana_cost_pct from max rank; MaxLevel set to 80
781,Disengage,1,0,0,1376256,0,0,25000,0,0,0,5,50000.0,,,"{""amplitude"": 0, ""apply_aura"": 0, ""base_points"": 74, ""chain_targets"": 0, ""die_sides"": 1, ""implicit_target_a"": 1, ""implicit_target_b"": 0, ""mechanic"": 0, ""misc_value"": 200, ""points_per_level"": 0.0, ""radius_yards"": null, ""trigger_spell"": 0, ""type"": 138}",,,539,,,"{""AttributesEx2"": 67108864, ""AttributesEx3"": 1073938432, ""AuraDescription_Lang_Mask"": 16712190, ""AuraDescription_Lang_enUS"": ""You attempt to disengage from combat, leaping backwards."", ""BaseLevel"": 20, ""CastingTimeIndex"": 1, ""Description_Lang_Mask"": 16712190, ""Description_Lang_enUS"": ""You attempt to disengage from combat, leaping backwards. Can only be used while in combat."", ""EffectChainAmplitude_1"": 1.0, ""EffectChainAmplitude_2"": 1.0, ""EffectChainAmplitude_3"": 1.0, ""EquippedItemClass"": -1, ""NameSubtext_Lang_Mask"": 16712190, ""Name_Lang_Mask"": 16712190, ""ProcChance"": 101, ""SpellClassMask_2"": 16384, ""SpellClassSet"": 9, ""SpellLevel"": 20, ""SpellVisualID_1"": 12305}",pulled from existing data
1002,Eyes of the Beast,8,0,0,1114112,0,2000,0,0,0,0,1,50000.0,,60000,"{""amplitude"": 0, ""apply_aura"": 128, ""base_points"": -1, ""chain_targets"": 0, ""die_sides"": 1, ""implicit_target_a"": 5, ""implicit_target_b"": 0, ""mechanic"": 0, ""misc_value"": 0, ""points_per_level"": 0.0, ""radius_yards"": 100.0, ""trigger_spell"": 0, ""type"": 6}","{""amplitude"": 0, ""apply_aura"": 4, ""base_points"": -1, ""chain_targets"": 0, ""die_sides"": 1, ""implicit_target_a"": 1, ""implicit_target_b"": 0, ""mechanic"": 0, ""misc_value"": 0, ""points_per_level"": 0.0, ""radius_yards"": null, ""trigger_spell"": 0, ""type"": 6}","{""amplitude"": 0, ""apply_aura"": 79, ""base_points"": -1, ""chain_targets"": 0, ""die_sides"": 1, ""implicit_target_a"": 5, ""implicit_target_b"": 0, ""mechanic"": 0, ""misc_value"": 127, ""points_per_level"": 0.0, ""radius_yards"": null, ""trigger_spell"": 0, ""type"": 6}",49,,,"{""AttributesEx"": 67248132, ""AuraDescription_Lang_Mask"": 16712190, ""AuraDescription_Lang_enUS"": ""Directly controlling pet."", ""BaseLevel"": 14, ""CastingTimeIndex"": 5, ""ChannelInterruptFlags"": 27692, ""DefenseType"": 1, ""Description_Lang_Mask"": 16712190, ""Description_Lang_enUS"": ""Take direct control of your pet and see through its eyes for $d."", ""EffectChainAmplitude_1"": 1.0, ""EffectChainAmplitude_2"": 1.0, ""EffectChainAmplitude_3"": 1.0, ""EquippedItemClass"": -1, ""InterruptFlags"": 15, ""NameSubtext_Lang_Mask"": 16712188, ""Name_Lang_Mask"": 16712190, ""PreventionType"": 1, ""ProcChance"": 101, ""SpellClassMask_1"": 4194304, ""SpellClassSet"": 9, ""SpellLevel"": 14, ""SpellPriority"": 50, ""SpellVisualID_1"": 6039, ""StartRecoveryCategory"": 133, ""StartRecoveryTime"": 1500, ""TargetCreatureType"": 1}",pulled from existing data
1130,Hunter's Mark,64,1,0,67174400,0,0,0,0,0,0,2,100.0,,300000,"{""amplitude"": 0, ""apply_aura"": 68, ""base_points"": -1, ""chain_targets"": 0, ""die_sides"": 1, ""implicit_target_a"": 6, ""implicit_target_b"": 0, ""mechanic"": 0, ""misc_value"": 0, ""points_per_level"": 0.0, ""radius_yards"": null, ""trigger_spell"": 0, ""type"": 6}","{""amplitude"": 0, ""apply_aura"": 127, ""base_points"": 19, ""chain_targets"": 0, ""die_sides"": 1, ""implicit_target_a"": 6, ""implicit_target_b"": 0, ""mechanic"": 0, ""misc_value"": 0, ""points_per_level"": 6.486486486486487, ""radius_yards"": null, ""trigger_spell"": 0, ""type"": 6}",,538,,,"{""AttributesEx"": 1024, ""AttributesEx3"": 196609, ""AttributesEx4"": 1048576, ""AttributesEx5"": 32, ""AttributesEx6"": 4, ""AuraDescription_Lang_Mask"": 16712190, ""AuraDescription_Lang_enUS"": ""All attackers gain $s2 ranged attack power against this target."", ""BaseLevel"": 6, ""CastingTimeIndex"": 1, ""Description_Lang_Mask"": 16712190, ""Description_Lang_enUS"": ""Places the Hunter's Mark on the target, increasing the ranged attack power of all attackers against that target by $s2.  In addition, the target of this ability can always be seen by the hunter whether it stealths or turns invisible.  The target also appears on the mini-map.  Lasts for $d."", ""EffectChainAmplitude_1"": 1.0, ""EffectChainAmplitude_2"": 1.0, ""EffectChainAmplitude_3"": 1.0, ""EffectMultipleValue_1"": 1.0, ""EquippedItemClass"": -1, ""MaxLevel"": 80, ""NameSubtext_Lang_Mask"": 16712190, ""NameSubtext_Lang_enUS"": """", ""Name_Lang_Mask"": 16712190, ""ProcChance"": 101, ""SpellClassMask_1"": 1024, ""SpellClassSet"": 9, ""SpellLevel"": 6, ""SpellPriority"": 50, ""SpellVisualID_1"": 3239, ""StartRecoveryCategory"": 133, ""StartRecoveryTime"": 1500}",pulled from existing data; single-rank bootstrap: BasePoints/BaseLevel/SpellLevel kept from rank 1 (learn level 6); RealPointsPerLevel from rank1->covers-60-overridden(undershoot-vs-top-rank) (anchor rank 5 @ level 80); coefficient/cast_time_ms/mana_cost_pct from max rank; MaxLevel set to 80
1494,Track Beasts,1,0,0,151257104,1239,0,0,1500,0,0,0,0.0,,-1,"{""amplitude"": 0, ""apply_aura"": 44, ""base_points"": 0, ""chain_targets"": 0, ""die_sides"": 0, ""implicit_target_a"": 1, ""implicit_target_b"": 0, ""mechanic"": 0, ""misc_value"": 1, ""points_per_level"": 0.0, ""radius_yards"": null, ""trigger_spell"": 0, ""type"": 6}","{""amplitude"": 0, ""apply_aura"": 168, ""base_points"": -1, ""chain_targets"": 0, ""die_sides"": 1, ""implicit_target_a"": 1, ""implicit_target_b"": 0, ""mechanic"": 0, ""misc_value"": 127, ""points_per_level"": 0.0, ""radius_yards"": null, ""trigger_spell"": 0, ""type"": 6}",,179,,,"{""AttributesEx"": 268566560, ""AttributesEx3"": 1048576, ""AttributesEx4"": 2097152, ""AttributesEx6"": 4096, ""AuraDescription_Lang_Mask"": 16712190, ""AuraDescription_Lang_enUS"": ""Tracking Beasts."", ""BaseLevel"": 1, ""CastingTimeIndex"": 1, ""Description_Lang_Mask"": 16712190, ""Description_Lang_enUS"": ""Shows the location of all nearby beasts on the minimap.  Only one form of tracking can be active at a time."", ""EffectChainAmplitude_1"": 1.0, ""EffectChainAmplitude_2"": 1.0, ""EffectChainAmplitude_3"": 1.0, ""EquippedItemClass"": -1, ""NameSubtext_Lang_Mask"": 16712188, ""Name_Lang_Mask"": 16712190, ""ProcChance"": 101, ""RangeIndex"": 1, ""SpellClassMask_3"": 2, ""SpellClassSet"": 9, ""SpellLevel"": 1, ""SpellVisualID_1"": 316, ""StartRecoveryCategory"": 133}",pulled from existing data
1495,Mongoose Bite,1,0,0,327680,65,0,0,5000,0,0,3,5.0,,,"{""amplitude"": 0, ""apply_aura"": 0, ""base_points"": 24, ""chain_targets"": 0, ""die_sides"": 1, ""implicit_target_a"": 6, ""implicit_target_b"": 0, ""mechanic"": 0, ""misc_value"": 0, ""points_per_level"": 3.984375, ""radius_yards"": null, ""trigger_spell"": 0, ""type"": 2}",,,257,,,"{""AttributesEx"": 512, ""AuraDescription_Lang_Mask"": 16712188, ""BaseLevel"": 16, ""CastingTimeIndex"": 1, ""DefenseType"": 2, ""Description_Lang_Mask"": 16712190, ""Description_Lang_enUS"": ""Attack the enemy for ${$AP*0.2+$m1} damage."", ""EffectBonusMultiplier_1"": 1.0, ""EffectChainAmplitude_1"": 1.0, ""EffectChainAmplitude_2"": 1.0, ""EffectChainAmplitude_3"": 1.0, ""EquippedItemClass"": -1, ""FacingCasterFlags"": 1, ""MaxLevel"": 80, ""NameSubtext_Lang_Mask"": 16712190, ""NameSubtext_Lang_enUS"": """", ""Name_Lang_Mask"": 16712190, ""PreventionType"": 2, ""ProcChance"": 101, ""RangeIndex"": 2, ""SpellClassMask_1"": 2, ""SpellClassSet"": 9, ""SpellLevel"": 16, ""SpellVisualID_1"": 342, ""StartRecoveryCategory"": 133, ""StartRecoveryTime"": 1500}",pulled from existing data; single-rank bootstrap: BasePoints/BaseLevel/SpellLevel kept from rank 1 (learn level 16); RealPointsPerLevel from rank1->covers-60-overridden(undershoot-vs-top-rank) (anchor rank 6 @ level 80); coefficient/cast_time_ms/mana_cost_pct from max rank; MaxLevel set to 80
1499,Freezing Trap,16,0,0,65536,411,0,0,30000,0,0,3,0.0,,30000,"{""amplitude"": 0, ""apply_aura"": 0, ""base_points"": 0, ""chain_targets"": 0, ""die_sides"": 0, ""implicit_target_a"": 47, ""implicit_target_b"": 0, ""mechanic"": 0, ""misc_value"": 2561, ""points_per_level"": 0.0, ""radius_yards"": 2.0, ""trigger_spell"": 0, ""type"": 104}",,,180,,,"{""AuraDescription_Lang_Mask"": 16712188, ""BaseLevel"": 20, ""CastingTimeIndex"": 1, ""Description_Lang_Mask"": 16712190, ""Description_Lang_enUS"": ""Place a frost trap that freezes the first enemy that approaches, preventing all action for up to $3355d.  Any damage caused will break the ice.  Trap will exist for $d.  Only one trap can be active at a time."", ""EffectBonusMultiplier_1"": 1.0, ""EffectChainAmplitude_1"": 1.0, ""EffectChainAmplitude_2"": 1.0, ""EffectChainAmplitude_3"": 1.0, ""EquippedItemClass"": -1, ""InterruptFlags"": 1, ""MaxLevel"": 80, ""NameSubtext_Lang_Mask"": 16712190, ""NameSubtext_Lang_enUS"": """", ""Name_Lang_Mask"": 16712190, ""PreventionType"": 1, ""ProcChance"": 101, ""RangeIndex"": 1, ""SpellClassMask_1"": 128, ""SpellClassSet"": 9, ""SpellLevel"": 20, ""SpellVisualID_1"": 3302, ""StartRecoveryCategory"": 133, ""StartRecoveryTime"": 1500}",pulled from existing data; single-rank bootstrap: BasePoints/BaseLevel/SpellLevel kept from rank 1 (learn level 20); RealPointsPerLevel from rank1->covers-60 (anchor rank 3 @ level 60); coefficient/cast_time_ms/mana_cost_pct from max rank; MaxLevel set to 80
1510,Volley,64,0,0,4259842,49,-1000000,0,0,0,0,17,35.0,,6000,"{""amplitude"": 0, ""apply_aura"": 4, ""base_points"": 49, ""chain_targets"": 0, ""die_sides"": 1, ""implicit_target_a"": 28, ""implicit_target_b"": 0, ""mechanic"": 0, ""misc_value"": 0, ""points_per_level"": 1.5, ""radius_yards"": 8.0, ""trigger_spell"": 0, ""type"": 27}","{""amplitude"": 1000, ""apply_aura"": 23, ""base_points"": 0, ""chain_targets"": 0, ""die_sides"": 0, ""implicit_target_a"": 1, ""implicit_target_b"": 0, ""mechanic"": 0, ""misc_value"": 0, ""points_per_level"": 0.0, ""radius_yards"": null, ""trigger_spell"": 42243, ""type"": 6}",,126,,,"{""AttributesEx"": 268435612, ""AttributesEx2"": 4325376, ""AttributesEx3"": 32, ""AttributesEx4"": 134217728, ""AttributesEx5"": 8192, ""AuraDescription_Lang_Mask"": 16712188, ""BaseLevel"": 40, ""CastingTimeIndex"": 18, ""ChannelInterruptFlags"": 31756, ""DefenseType"": 3, ""Description_Lang_Mask"": 16712190, ""Description_Lang_enUS"": ""Continuously fires a volley of ammo at the target area, causing ${$RAP*0.083700+$42243m1} Arcane damage to enemy targets within $a1 yards every ${$1510d/6}.2 $Lsecond:seconds; for $1510d."", ""EffectBonusMultiplier_1"": 0.14300000667572021, ""EffectChainAmplitude_1"": 1.0, ""EffectChainAmplitude_2"": 1.0, ""EffectChainAmplitude_3"": 1.0, ""EquippedItemClass"": 2, ""EquippedItemSubclass"": 262156, ""ImplicitTargetA_3"": 1, ""InterruptFlags"": 9, ""MaxLevel"": 80, ""NameSubtext_Lang_Mask"": 16712190, ""NameSubtext_Lang_enUS"": """", ""Name_Lang_Mask"": 16712190, ""PreventionType"": 2, ""ProcChance"": 101, ""Speed"": 30.0, ""SpellClassMask_1"": 8192, ""SpellClassSet"": 9, ""SpellLevel"": 40, ""SpellVisualID_1"": 10384, ""StartRecoveryCategory"": 133, ""StartRecoveryTime"": 1500, ""Targets"": 64}",pulled from existing data; single-rank bootstrap: BasePoints/BaseLevel/SpellLevel kept from rank 1 (learn level 40); RealPointsPerLevel from rank1->covers-60 (anchor rank 3 @ level 60); coefficient/cast_time_ms/mana_cost_pct from max rank; MaxLevel set to 80
1513,Scare Beast,8,1,5,1073807360,33,1500,0,30000,0,0,2,30.0,,10000,"{""amplitude"": 0, ""apply_aura"": 7, ""base_points"": 0, ""chain_targets"": 0, ""die_sides"": 0, ""implicit_target_a"": 6, ""implicit_target_b"": 0, ""mechanic"": 0, ""misc_value"": 0, ""points_per_level"": 0.0, ""radius_yards"": null, ""trigger_spell"": 0, ""type"": 6}","{""amplitude"": 0, ""apply_aura"": 31, ""base_points"": 24, ""chain_targets"": 0, ""die_sides"": 1, ""implicit_target_a"": 6, ""implicit_target_b"": 0, ""mechanic"": 0, ""misc_value"": 0, ""points_per_level"": 0.0, ""radius_yards"": null, ""trigger_spell"": 0, ""type"": 6}",,958,,,"{""AttributesEx5"": 32, ""AttributesEx6"": 8388608, ""AuraDescription_Lang_Mask"": 16712190, ""AuraDescription_Lang_enUS"": ""Feared."", ""BaseLevel"": 14, ""CastingTimeIndex"": 16, ""DefenseType"": 1, ""Description_Lang_Mask"": 16712190, ""Description_Lang_enUS"": ""Scares a beast, causing it to run in fear for up to $d.  Damage caused may interrupt the effect.  Only one beast can be feared at a time."", ""EffectChainAmplitude_1"": 1.0, ""EffectChainAmplitude_2"": 1.0, ""EffectChainAmplitude_3"": 1.0, ""EquippedItemClass"": -1, ""InterruptFlags"": 15, ""MaxLevel"": 80, ""NameSubtext_Lang_Mask"": 16712190, ""NameSubtext_Lang_enUS"": """", ""Name_Lang_Mask"": 16712190, ""PreventionType"": 1, ""ProcChance"": 100, ""ProcTypeMask"": 664232, ""SpellClassMask_2"": 65536, ""SpellClassSet"": 9, ""SpellLevel"": 14, ""SpellVisualID_1"": 336, ""StartRecoveryCategory"": 133, ""StartRecoveryTime"": 1500, ""TargetCreatureType"": 1}",pulled from existing data; single-rank bootstrap: BasePoints/BaseLevel/SpellLevel kept from rank 1 (learn level 14); RealPointsPerLevel from rank1->covers-60 (anchor rank 3 @ level 60); coefficient/cast_time_ms/mana_cost_pct from max rank; MaxLevel set to 80
1543,Flare,64,0,0,65536,0,0,20000,0,0,0,2,30.0,,20000,"{""amplitude"": 0, ""apply_aura"": 41, ""base_points"": -1, ""chain_targets"": 0, ""die_sides"": 1, ""implicit_target_a"": 28, ""implicit_target_b"": 0, ""mechanic"": 0, ""misc_value"": 5, ""points_per_level"": 0.0, ""radius_yards"": 10.0, ""trigger_spell"": 0, ""type"": 27}","{""amplitude"": 0, ""apply_aura"": 41, ""base_points"": -1, ""chain_targets"": 0, ""die_sides"": 1, ""implicit_target_a"": 28, ""implicit_target_b"": 0, ""mechanic"": 0, ""misc_value"": 6, ""points_per_level"": 0.0, ""radius_yards"": 10.0, ""trigger_spell"": 0, ""type"": 27}",,136,,,"{""AttributesEx"": 164864, ""AttributesEx2"": 4194304, ""AuraDescription_Lang_Mask"": 16712190, ""AuraDescription_Lang_enUS"": ""Hidden and invisible units are revealed."", ""BaseLevel"": 32, ""CastingTimeIndex"": 1, ""Description_Lang_Mask"": 16712190, ""Description_Lang_enUS"": ""Exposes all hidden and invisible enemies within $a1 yards of the targeted area for $d."", ""EffectChainAmplitude_1"": 1.0, ""EffectChainAmplitude_2"": 1.0, ""EffectChainAmplitude_3"": 1.0, ""EquippedItemClass"": -1, ""NameSubtext_Lang_Mask"": 16712188, ""Name_Lang_Mask"": 16712190, ""PreventionType"": 1, ""ProcChance"": 101, ""Speed"": 5.0, ""SpellClassMask_2"": 32768, ""SpellClassSet"": 9, ""SpellLevel"": 32, ""SpellVisualID_1"": 10387, ""StartRecoveryCategory"": 133, ""StartRecoveryTime"": 1500, ""Targets"": 64}",pulled from existing data
1978,Serpent Sting,8,4,0,65538,0,-1000000,0,0,0,0,9,35.0,,15000,"{""amplitude"": 3000, ""apply_aura"": 3, ""base_points"": 3, ""chain_targets"": 0, ""die_sides"": 1, ""implicit_target_a"": 6, ""implicit_target_b"": 0, ""mechanic"": 0, ""misc_value"": 0, ""points_per_level"": 3.1315789473684212, ""radius_yards"": null, ""trigger_spell"": 0, ""type"": 6}","{""amplitude"": 0, ""apply_aura"": 271, ""base_points"": -1, ""chain_targets"": 0, ""die_sides"": 1, ""implicit_target_a"": 6, ""implicit_target_b"": 0, ""mechanic"": 0, ""misc_value"": 127, ""points_per_level"": 0.0, ""radius_yards"": null, ""trigger_spell"": 0, ""type"": 6}",,536,,,"{""AttributesEx2"": 131072, ""AttributesEx6"": 8388608, ""AuraDescription_Lang_Mask"": 16712190, ""AuraDescription_Lang_enUS"": ""Causes $s1 Nature damage every $t1 seconds."", ""BaseLevel"": 4, ""CastingTimeIndex"": 18, ""DefenseType"": 3, ""Description_Lang_Mask"": 16712190, ""Description_Lang_enUS"": ""Stings the target, causing ${$RAP*0.2+$m1*$d/3} Nature damage over $d.  Only one Sting per Hunter can be active on any one target."", ""EffectChainAmplitude_1"": 1.0, ""EffectChainAmplitude_2"": 1.0, ""EffectChainAmplitude_3"": 1.0, ""EffectSpellClassMaskB_1"": 162311, ""EffectSpellClassMaskB_2"": 2290221313, ""EffectSpellClassMaskB_3"": 246273, ""EquippedItemClass"": 2, ""EquippedItemSubclass"": 262156, ""FacingCasterFlags"": 1, ""MaxLevel"": 80, ""ModalNextSpell"": 75, ""NameSubtext_Lang_Mask"": 16712190, ""NameSubtext_Lang_enUS"": """", ""Name_Lang_Mask"": 16712190, ""PreventionType"": 2, ""ProcChance"": 101, ""RangeIndex"": 114, ""Speed"": 40.0, ""SpellClassMask_1"": 16384, ""SpellClassSet"": 9, ""SpellLevel"": 4, ""SpellVisualID_1"": 3179, ""StartRecoveryCategory"": 133, ""StartRecoveryTime"": 1500}",pulled from existing data; single-rank bootstrap: BasePoints/BaseLevel/SpellLevel kept from rank 1 (learn level 4); RealPointsPerLevel from rank1->covers-60-overridden(undershoot-vs-top-rank) (anchor rank 12 @ level 80); coefficient/cast_time_ms/mana_cost_pct from max rank; MaxLevel set to 80
2643,Multi-Shot,1,0,0,65538,85,0,0,10000,0,0,9,35.0,,,"{""amplitude"": 0, ""apply_aura"": 0, ""base_points"": 0, ""chain_targets"": 3, ""die_sides"": 0, ""implicit_target_a"": 6, ""implicit_target_b"": 0, ""mechanic"": 0, ""misc_value"": 0, ""points_per_level"": 6.564516129032258, ""radius_yards"": null, ""trigger_spell"": 0, ""type"": 121}",,,85,,,"{""AttributesEx2"": 131072, ""AttributesEx5"": 32768, ""AuraDescription_Lang_Mask"": 16712188, ""BaseLevel"": 18, ""CastingTimeIndex"": 1, ""DefenseType"": 3, ""Description_Lang_Mask"": 16712190, ""Description_Lang_enUS"": ""Fires several missiles, hitting $x1 targets."", ""EffectBonusMultiplier_1"": 1.0, ""EffectChainAmplitude_1"": 1.0, ""EffectChainAmplitude_2"": 1.0, ""EffectChainAmplitude_3"": 1.0, ""EquippedItemClass"": 2, ""EquippedItemSubclass"": 262156, ""FacingCasterFlags"": 1, ""InterruptFlags"": 9, ""MaxLevel"": 80, ""ModalNextSpell"": 75, ""NameSubtext_Lang_Mask"": 16712190, ""NameSubtext_Lang_enUS"": """", ""Name_Lang_Mask"": 16712190, ""PreventionType"": 2, ""ProcChance"": 101, ""RangeIndex"": 114, ""Speed"": 30.0, ""SpellClassMask_1"": 4096, ""SpellClassSet"": 9, ""SpellLevel"": 18, ""SpellPriority"": 50, ""SpellVisualID_1"": 567, ""StartRecoveryCategory"": 133, ""StartRecoveryTime"": 1500}",pulled from existing data; single-rank bootstrap: BasePoints/BaseLevel/SpellLevel kept from rank 1 (learn level 18); RealPointsPerLevel from rank1->covers-60-overridden(undershoot-vs-top-rank) (anchor rank 8 @ level 80); coefficient/cast_time_ms/mana_cost_pct from max rank; MaxLevel set to 80
2649,Growl,1,0,0,65536,82,0,0,5000,2,15,0,5.0,,,"{""amplitude"": 0, ""apply_aura"": 0, ""base_points"": 49, ""chain_targets"": 0, ""die_sides"": 1, ""implicit_target_a"": 6, ""implicit_target_b"": 0, ""mechanic"": 0, ""misc_value"": 0, ""points_per_level"": 14.987341772151899, ""radius_yards"": null, ""trigger_spell"": 0, ""type"": 63}",,,201,,,"{""AttributesEx"": 512, ""AttributesEx2"": 67108864, ""AuraDescription_Lang_Mask"": 16712188, ""BaseLevel"": 1, ""CastingTimeIndex"": 1, ""DefenseType"": 1, ""Description_Lang_Mask"": 16712190, ""Description_Lang_enUS"": ""Your pet growls at the target, generating threat and increasing the likelihood the target will attack it."", ""EffectBonusMultiplier_1"": 1.0, ""EffectChainAmplitude_1"": 1.0, ""EffectChainAmplitude_2"": 1.0, ""EffectChainAmplitude_3"": 1.0, ""EquippedItemClass"": -1, ""MaxLevel"": 80, ""NameSubtext_Lang_Mask"": 16712190, ""NameSubtext_Lang_enUS"": """", ""Name_Lang_Mask"": 16712190, ""PreventionType"": 1, ""ProcChance"": 101, ""RangeIndex"": 2, ""SpellClassMask_2"": 268435456, ""SpellClassSet"": 9, ""SpellLevel"": 1, ""SpellVisualID_1"": 34}",pulled from existing data; single-rank bootstrap: BasePoints/BaseLevel/SpellLevel kept from rank 1 (learn level 1); RealPointsPerLevel from rank1->covers-60-overridden(undershoot-vs-top-rank) (anchor rank 9 @ level 80); coefficient/cast_time_ms/mana_cost_pct from max rank; MaxLevel set to 80
2973,Raptor Strike,1,0,0,328708,40,0,0,6000,0,0,4,5.0,,,"{""amplitude"": 0, ""apply_aura"": 0, ""base_points"": 4, ""chain_targets"": 0, ""die_sides"": 1, ""implicit_target_a"": 6, ""implicit_target_b"": 0, ""mechanic"": 0, ""misc_value"": 0, ""points_per_level"": 4.177215189873418, ""radius_yards"": null, ""trigger_spell"": 0, ""type"": 58}",,,26,,,"{""AttributesEx3"": 1024, ""AuraDescription_Lang_Mask"": 16712188, ""BaseLevel"": 1, ""CastingTimeIndex"": 1, ""DefenseType"": 2, ""Description_Lang_Mask"": 16712190, ""Description_Lang_enUS"": ""A strong attack that increases melee damage by $s1."", ""EffectBonusMultiplier_1"": 1.0, ""EffectChainAmplitude_1"": 1.0, ""EffectChainAmplitude_2"": 1.0, ""EffectChainAmplitude_3"": 1.0, ""EquippedItemClass"": 2, ""EquippedItemSubclass"": 173555, ""FacingCasterFlags"": 1, ""MaxLevel"": 80, ""NameSubtext_Lang_Mask"": 16712190, ""NameSubtext_Lang_enUS"": """", ""Name_Lang_Mask"": 16712190, ""PreventionType"": 2, ""ProcChance"": 101, ""RangeIndex"": 2, ""SpellClassMask_1"": 2, ""SpellClassMask_3"": 65536, ""SpellClassSet"": 9, ""SpellLevel"": 1, ""SpellPriority"": 50, ""SpellVisualID_1"": 39}",pulled from existing data; single-rank bootstrap: BasePoints/BaseLevel/SpellLevel kept from rank 1 (learn level 1); RealPointsPerLevel from rank1->covers-60-overridden(undershoot-vs-top-rank) (anchor rank 11 @ level 80); coefficient/cast_time_ms/mana_cost_pct from max rank; MaxLevel set to 80
2974,Wing Clip,1,0,0,327680,0,0,0,0,0,0,6,5.0,,10000,"{""amplitude"": 0, ""apply_aura"": 33, ""base_points"": -51, ""chain_targets"": 0, ""die_sides"": 1, ""implicit_target_a"": 6, ""implicit_target_b"": 0, ""mechanic"": 11, ""misc_value"": 0, ""points_per_level"": 0.0, ""radius_yards"": null, ""trigger_spell"": 0, ""type"": 6}",,,517,,,"{""AttributesEx"": 512, ""AttributesEx3"": 1032, ""AttributesEx6"": 8388608, ""AuraDescription_Lang_Mask"": 16712190, ""AuraDescription_Lang_enUS"": ""Movement speed reduced by $s1%."", ""BaseLevel"": 12, ""CastingTimeIndex"": 1, ""DefenseType"": 2, ""Description_Lang_Mask"": 16712190, ""Description_Lang_enUS"": ""Maims the enemy, reducing the target's movement speed by $s1% for $d."", ""EffectBasePoints_2"": -1, ""EffectChainAmplitude_1"": 1.0, ""EffectChainAmplitude_2"": 1.0, ""EffectChainAmplitude_3"": 1.0, ""EffectDieSides_2"": 1, ""EquippedItemClass"": 2, ""EquippedItemSubclass"": 173555, ""FacingCasterFlags"": 1, ""NameSubtext_Lang_Mask"": 16712190, ""Name_Lang_Mask"": 16712190, ""PreventionType"": 2, ""ProcChance"": 101, ""RangeIndex"": 2, ""SpellClassMask_1"": 64, ""SpellClassSet"": 9, ""SpellLevel"": 12, ""SpellPriority"": 50, ""SpellVisualID_1"": 556, ""StartRecoveryCategory"": 133, ""StartRecoveryTime"": 1500}",pulled from existing data
3034,Viper Sting,8,4,0,65538,1175,-1000000,0,15000,0,0,8,35.0,,8000,"{""amplitude"": 2000, ""apply_aura"": 64, ""base_points"": 0, ""chain_targets"": 0, ""die_sides"": 1, ""implicit_target_a"": 6, ""implicit_target_b"": 0, ""mechanic"": 0, ""misc_value"": 0, ""points_per_level"": 0.0, ""radius_yards"": null, ""trigger_spell"": 0, ""type"": 6}",,,253,,,"{""AttributesEx2"": 131072, ""AttributesEx6"": 8388608, ""AuraDescription_Lang_Mask"": 16712190, ""AuraDescription_Lang_enUS"": ""Drains $m1% mana every $t1 seconds, restoring 300% of the amount drained to the Hunter."", ""BaseLevel"": 36, ""CastingTimeIndex"": 18, ""DefenseType"": 3, ""Description_Lang_Mask"": 16712190, ""Description_Lang_enUS"": ""Stings the target, draining ${$m1*4}% mana over $d (up to a maximum of ${$m1*2*4}% of the caster's maximum mana), and energizing the Hunter equal to 300% of the amount drained.  Only one Sting per Hunter can be active on any one target."", ""EffectChainAmplitude_1"": 1.0, ""EffectChainAmplitude_2"": 1.0, ""EffectChainAmplitude_3"": 1.0, ""EffectMultipleValue_1"": 3.0, ""EquippedItemClass"": 2, ""EquippedItemSubclass"": 262156, ""FacingCasterFlags"": 1, ""ModalNextSpell"": 75, ""NameSubtext_Lang_Mask"": 16712190, ""Name_Lang_Mask"": 16712190, ""PreventionType"": 2, ""ProcChance"": 101, ""RangeIndex"": 114, ""Speed"": 40.0, ""SpellClassMask_2"": 128, ""SpellClassSet"": 9, ""SpellLevel"": 36, ""SpellVisualID_1"": 3181, ""StartRecoveryCategory"": 133, ""StartRecoveryTime"": 1500}",pulled from existing data
3043,Scorpid Sting,8,4,0,65538,0,-1000000,0,0,0,0,11,35.0,,20000,"{""amplitude"": 0, ""apply_aura"": 54, ""base_points"": -4, ""chain_targets"": 0, ""die_sides"": 1, ""implicit_target_a"": 6, ""implicit_target_b"": 0, ""mechanic"": 0, ""misc_value"": 0, ""points_per_level"": 0.0, ""radius_yards"": null, ""trigger_spell"": 0, ""type"": 6}",,,256,,,"{""AttributesEx2"": 131072, ""AttributesEx6"": 8388608, ""AuraDescription_Lang_Mask"": 16712190, ""AuraDescription_Lang_enUS"": ""Chance to hit with melee and ranged attacks reduced by $s1%."", ""BaseLevel"": 22, ""CastingTimeIndex"": 18, ""DefenseType"": 3, ""Description_Lang_Mask"": 16712190, ""Description_Lang_enUS"": ""Stings the target, reducing chance to hit with melee and ranged attacks by $s1% for $d.  Only one Sting per Hunter can be active on any one target."", ""EffectChainAmplitude_1"": 1.0, ""EffectChainAmplitude_2"": 1.0, ""EffectChainAmplitude_3"": 1.0, ""EquippedItemClass"": 2, ""EquippedItemSubclass"": 262156, ""FacingCasterFlags"": 1, ""ModalNextSpell"": 75, ""NameSubtext_Lang_Mask"": 16712190, ""Name_Lang_Mask"": 16712190, ""PreventionType"": 2, ""ProcChance"": 101, ""RangeIndex"": 114, ""Speed"": 40.0, ""SpellClassMask_1"": 32768, ""SpellClassSet"": 9, ""SpellLevel"": 22, ""SpellVisualID_1"": 3219, ""StartRecoveryCategory"": 133, ""StartRecoveryTime"": 1500}",pulled from existing data
3044,Arcane Shot,64,0,0,65538,1173,-1000000,0,6000,0,0,5,35.0,,,"{""amplitude"": 0, ""apply_aura"": 0, ""base_points"": 14, ""chain_targets"": 0, ""die_sides"": 1, ""implicit_target_a"": 6, ""implicit_target_b"": 0, ""mechanic"": 0, ""misc_value"": 0, ""points_per_level"": 6.445945945945946, ""radius_yards"": null, ""trigger_spell"": 0, ""type"": 2}",,,218,,,"{""AttributesEx2"": 131072, ""AuraDescription_Lang_Mask"": 16712188, ""BaseLevel"": 6, ""CastingTimeIndex"": 18, ""DefenseType"": 3, ""Description_Lang_Mask"": 16712190, ""Description_Lang_enUS"": ""An instant shot that causes ${$RAP*0.15+$m1} Arcane damage."", ""EffectChainAmplitude_1"": 1.0, ""EffectChainAmplitude_2"": 1.0, ""EffectChainAmplitude_3"": 1.0, ""EquippedItemClass"": 2, ""EquippedItemSubclass"": 262156, ""FacingCasterFlags"": 1, ""MaxLevel"": 80, ""ModalNextSpell"": 75, ""NameSubtext_Lang_Mask"": 16712190, ""NameSubtext_Lang_enUS"": """", ""Name_Lang_Mask"": 16712190, ""PreventionType"": 2, ""ProcChance"": 101, ""RangeIndex"": 114, ""Speed"": 40.0, ""SpellClassMask_1"": 2048, ""SpellClassSet"": 9, ""SpellLevel"": 6, ""SpellVisualID_1"": 3299, ""StartRecoveryCategory"": 133, ""StartRecoveryTime"": 1500}",pulled from existing data; single-rank bootstrap: BasePoints/BaseLevel/SpellLevel kept from rank 1 (learn level 6); RealPointsPerLevel from rank1->covers-60-overridden(undershoot-vs-top-rank) (anchor rank 11 @ level 80); coefficient/cast_time_ms/mana_cost_pct from max rank; MaxLevel set to 80
3045,Rapid Fire,1,0,0,262160,55,0,0,300000,0,0,3,0.0,,15000,"{""amplitude"": 0, ""apply_aura"": 140, ""base_points"": 39, ""chain_targets"": 0, ""die_sides"": 1, ""implicit_target_a"": 1, ""implicit_target_b"": 0, ""mechanic"": 0, ""misc_value"": 0, ""points_per_level"": 0.0, ""radius_yards"": null, ""trigger_spell"": 0, ""type"": 6}",,,537,,,"{""AuraDescription_Lang_Mask"": 16712190, ""AuraDescription_Lang_enUS"": ""Increases ranged attack speed by $s1%."", ""BaseLevel"": 26, ""CastingTimeIndex"": 1, ""Description_Lang_Mask"": 16712190, ""Description_Lang_enUS"": ""Increases ranged attack speed by $s1% for $d."", ""EffectChainAmplitude_1"": 1.0, ""EffectChainAmplitude_2"": 1.0, ""EffectChainAmplitude_3"": 1.0, ""EquippedItemClass"": -1, ""NameSubtext_Lang_Mask"": 16712188, ""Name_Lang_Mask"": 16712190, ""ProcChance"": 101, ""RangeIndex"": 1, ""SpellClassMask_1"": 32, ""SpellClassSet"": 9, ""SpellLevel"": 26, ""SpellVisualID_1"": 13245}",pulled from existing data
3355,Freezing Trap Effect,16,1,13,1073741824,0,0,0,0,0,0,0,10.0,,10000,"{""amplitude"": 0, ""apply_aura"": 12, ""base_points"": -1, ""chain_targets"": 0, ""die_sides"": 1, ""implicit_target_a"": 6, ""implicit_target_b"": 0, ""mechanic"": 0, ""misc_value"": 0, ""points_per_level"": 0.0, ""radius_yards"": null, ""trigger_spell"": 0, ""type"": 6}","{""amplitude"": 0, ""apply_aura"": 308, ""base_points"": -1, ""chain_targets"": 0, ""die_sides"": 1, ""implicit_target_a"": 6, ""implicit_target_b"": 0, ""mechanic"": 0, ""misc_value"": 7, ""points_per_level"": 0.0, ""radius_yards"": null, ""trigger_spell"": 0, ""type"": 6}",,180,,,"{""AttributesEx"": 262144, ""AttributesEx4"": 536872960, ""AttributesEx6"": 8388608, ""AuraDescription_Lang_Mask"": 16712190, ""AuraDescription_Lang_enUS"": ""Frozen."", ""AuraInterruptFlags"": 4718594, ""BaseLevel"": 20, ""CastingTimeIndex"": 1, ""DefenseType"": 1, ""Description_Lang_Mask"": 16712190, ""Description_Lang_enUS"": ""Place a frost trap that freezes the first enemy that approaches, preventing all action for up to $3355d.  Any damage caused will break the ice.  Trap will exist for $1499d.  Only one trap can be active at a time."", ""EffectChainAmplitude_1"": 1.0, ""EffectChainAmplitude_2"": 1.0, ""EffectChainAmplitude_3"": 1.0, ""EffectSpellClassMaskB_1"": 522959, ""EffectSpellClassMaskB_2"": 3632402689, ""EffectSpellClassMaskB_3"": 184137, ""EquippedItemClass"": -1, ""MaxLevel"": 80, ""NameSubtext_Lang_Mask"": 16712190, ""NameSubtext_Lang_enUS"": """", ""Name_Lang_Mask"": 16712190, ""PreventionType"": 1, ""ProcChance"": 101, ""SpellClassMask_1"": 8, ""SpellClassSet"": 9, ""SpellLevel"": 20, ""SpellVisualID_1"": 4499}",pulled from existing data; single-rank bootstrap: BasePoints/BaseLevel/SpellLevel kept from rank 1 (learn level 20); RealPointsPerLevel from rank1->covers-60 (anchor rank 3 @ level 60); coefficient/cast_time_ms/mana_cost_pct from max rank; MaxLevel set to 80
3674,Black Arrow,32,1,0,65538,1250,-1000000,0,30000,0,0,6,35.0,,15000,"{""amplitude"": 3000, ""apply_aura"": 3, ""base_points"": 156, ""chain_targets"": 0, ""die_sides"": 1, ""implicit_target_a"": 6, ""implicit_target_b"": 0, ""mechanic"": 0, ""misc_value"": 0, ""points_per_level"": 13.2, ""radius_yards"": null, ""trigger_spell"": 0, ""type"": 6}","{""amplitude"": 0, ""apply_aura"": 271, ""base_points"": 5, ""chain_targets"": 0, ""die_sides"": 1, ""implicit_target_a"": 6, ""implicit_target_b"": 0, ""mechanic"": 0, ""misc_value"": 0, ""points_per_level"": 0.0, ""radius_yards"": null, ""trigger_spell"": 0, ""type"": 6}",,1939,,,"{""AttributesEx2"": 131072, ""AttributesEx4"": 2048, ""AuraDescription_Lang_Mask"": 16712190, ""AuraDescription_Lang_enUS"": ""All damage taken increased by $s2%, and $s1 Shadow damage every $t1 seconds."", ""BaseLevel"": 50, ""CastingTimeIndex"": 18, ""DefenseType"": 3, ""Description_Lang_Mask"": 16712190, ""Description_Lang_enUS"": ""Fires a Black Arrow at the target, increasing all damage done by you to the target by $s2% and dealing ${$RAP*0.1+$m1*5} Shadow damage over $d. Black Arrow shares a cooldown with Trap spells."", ""EffectBasePoints_3"": -1, ""EffectBonusMultiplier_2"": 0.10000000149011612, ""EffectChainAmplitude_1"": 1.0, ""EffectChainAmplitude_2"": 1.0, ""EffectChainAmplitude_3"": 1.0, ""EffectDieSides_3"": 1, ""EffectSpellClassMaskB_1"": 227329, ""EffectSpellClassMaskB_2"": 2155872513, ""EffectSpellClassMaskB_3"": 961, ""EquippedItemClass"": 2, ""EquippedItemSubclass"": 262156, ""FacingCasterFlags"": 1, ""MaxLevel"": 80, ""ModalNextSpell"": 75, ""NameSubtext_Lang_Mask"": 16712190, ""NameSubtext_Lang_enUS"": """", ""Name_Lang_Mask"": 16712190, ""PreventionType"": 2, ""ProcChance"": 101, ""RangeIndex"": 114, ""Speed"": 40.0, ""SpellClassMask_1"": 128, ""SpellClassMask_2"": 134217728, ""SpellClassSet"": 9, ""SpellLevel"": 50, ""SpellVisualID_1"": 3222, ""StartRecoveryCategory"": 133, ""StartRecoveryTime"": 1500}",pulled from existing data; single-rank bootstrap: BasePoints/BaseLevel/SpellLevel kept from rank 1 (learn level 50); RealPointsPerLevel from rank1->covers-60-overridden(undershoot-vs-top-rank) (anchor rank 6 @ level 80); coefficient/cast_time_ms/mana_cost_pct from max rank; MaxLevel set to 80
5118,Aspect of the Cheetah,8,0,0,329728,47,0,0,1000,0,0,0,0.0,,-1,"{""amplitude"": 0, ""apply_aura"": 31, ""base_points"": 29, ""chain_targets"": 0, ""die_sides"": 1, ""implicit_target_a"": 1, ""implicit_target_b"": 0, ""mechanic"": 0, ""misc_value"": 0, ""points_per_level"": 0.0, ""radius_yards"": null, ""trigger_spell"": 0, ""type"": 6}","{""amplitude"": 0, ""apply_aura"": 42, ""base_points"": -1, ""chain_targets"": 0, ""die_sides"": 1, ""implicit_target_a"": 1, ""implicit_target_b"": 0, ""mechanic"": 0, ""misc_value"": 0, ""points_per_level"": 0.0, ""radius_yards"": null, ""trigger_spell"": 15571, ""type"": 6}",,1181,,,"{""ActiveIconID"": 122, ""AttributesEx"": 131072, ""AttributesEx3"": 67108864, ""AttributesEx4"": 524288, ""AuraDescription_Lang_Mask"": 16712190, ""AuraDescription_Lang_enUS"": ""$s1% increased movement speed.  Dazed if struck."", ""AuraInterruptFlags"": 131072, ""BaseLevel"": 16, ""CastingTimeIndex"": 1, ""DefenseType"": 1, ""Description_Lang_Mask"": 16712190, ""Description_Lang_enUS"": ""The hunter takes on the aspects of a cheetah, increasing movement speed by $s1%.  If the hunter is struck, $ghe:she; will be dazed for $15571d.  Only one Aspect can be active at a time."", ""EffectBonusMultiplier_2"": 1.0, ""EffectChainAmplitude_1"": 1.0, ""EffectChainAmplitude_2"": 1.0, ""EffectChainAmplitude_3"": 1.0, ""EquippedItemClass"": -1, ""NameSubtext_Lang_Mask"": 16712188, ""Name_Lang_Mask"": 16712190, ""PreventionType"": 1, ""ProcChance"": 100, ""ProcTypeMask"": 139944, ""RangeIndex"": 1, ""SpellClassMask_1"": 2097152, ""SpellClassSet"": 9, ""SpellLevel"": 16, ""SpellVisualID_1"": 3719}",pulled from existing data
13159,Aspect of the Pack,8,0,0,329728,47,0,0,1000,0,0,0,0.0,,-1,"{""amplitude"": 0, ""apply_aura"": 31, ""base_points"": 29, ""chain_targets"": 0, ""die_sides"": 1, ""implicit_target_a"": 1, ""implicit_target_b"": 0, ""mechanic"": 0, ""misc_value"": 0, ""points_per_level"": 0.0, ""radius_yards"": 40.0, ""trigger_spell"": 0, ""type"": 65}","{""amplitude"": 0, ""apply_aura"": 42, ""base_points"": -1, ""chain_targets"": 0, ""die_sides"": 1, ""implicit_target_a"": 1, ""implicit_target_b"": 0, ""mechanic"": 0, ""misc_value"": 0, ""points_per_level"": 0.0, ""radius_yards"": 40.0, ""trigger_spell"": 15571, ""type"": 65}",,916,,,"{""ActiveIconID"": 122, ""AttributesEx"": 131072, ""AttributesEx3"": 67108864, ""AttributesEx4"": 524288, ""AttributesEx6"": 67108864, ""AuraDescription_Lang_Mask"": 16712190, ""AuraDescription_Lang_enUS"": ""$s1% increased movement speed.  Dazed if struck."", ""AuraInterruptFlags"": 131072, ""BaseLevel"": 40, ""CastingTimeIndex"": 1, ""DefenseType"": 1, ""Description_Lang_Mask"": 16712190, ""Description_Lang_enUS"": ""The hunter and raid members within $a1 yards take on the aspects of a pack of cheetahs, increasing movement speed by $s1%.  If you are struck under the effect of this aspect, you will be dazed for $15571d.  Only one Aspect can be active at a time."", ""EffectChainAmplitude_1"": 1.0, ""EffectChainAmplitude_2"": 1.0, ""EffectChainAmplitude_3"": 1.0, ""EquippedItemClass"": -1, ""NameSubtext_Lang_Mask"": 16712188, ""Name_Lang_Mask"": 16712190, ""PreventionType"": 1, ""ProcChance"": 100, ""ProcTypeMask"": 139944, ""RangeIndex"": 1, ""SpellClassMask_1"": 2097152, ""SpellClassSet"": 9, ""SpellLevel"": 40, ""SpellVisualID_1"": 3405}",pulled from existing data
13161,Aspect of the Beast,8,0,0,327680,47,0,0,1000,0,0,0,0.0,,-1,"{""amplitude"": 0, ""apply_aura"": 120, ""base_points"": -1, ""chain_targets"": 0, ""die_sides"": 1, ""implicit_target_a"": 1, ""implicit_target_b"": 0, ""mechanic"": 0, ""misc_value"": 0, ""points_per_level"": 0.0, ""radius_yards"": null, ""trigger_spell"": 0, ""type"": 6}","{""amplitude"": 0, ""apply_aura"": 166, ""base_points"": 9, ""chain_targets"": 0, ""die_sides"": 1, ""implicit_target_a"": 1, ""implicit_target_b"": 0, ""mechanic"": 0, ""misc_value"": 0, ""points_per_level"": 0.0, ""radius_yards"": null, ""trigger_spell"": 0, ""type"": 6}",,1510,,,"{""ActiveIconID"": 122, ""AttributesEx"": 131072, ""AttributesEx3"": 268435456, ""AuraDescription_Lang_Mask"": 16712190, ""AuraDescription_Lang_enUS"": ""Untrackable and melee attack power for the pet and hunter increased by 10%."", ""BaseLevel"": 30, ""CastingTimeIndex"": 1, ""DefenseType"": 1, ""Description_Lang_Mask"": 16712190, ""Description_Lang_enUS"": ""The hunter takes on the aspects of a beast, becoming untrackable and increasing melee attack power of the hunter and the hunter's pet by $m2%.  Only one Aspect can be active at a time."", ""EffectBasePoints_3"": -1, ""EffectChainAmplitude_1"": 1.0, ""EffectChainAmplitude_2"": 1.0, ""EffectChainAmplitude_3"": 1.0, ""EffectDieSides_3"": 1, ""EquippedItemClass"": -1, ""NameSubtext_Lang_Mask"": 16712188, ""Name_Lang_Mask"": 16712190, ""PreventionType"": 1, ""ProcChance"": 101, ""RangeIndex"": 1, ""SpellClassMask_3"": 16, ""SpellClassSet"": 9, ""SpellDescriptionVariableID"": 4294967295, ""SpellLevel"": 30, ""SpellVisualID_1"": 3139}",pulled from existing data
13163,Aspect of the Monkey,8,0,0,327680,47,0,0,1000,0,0,0,0.0,,-1,"{""amplitude"": 0, ""apply_aura"": 49, ""base_points"": 17, ""chain_targets"": 0, ""die_sides"": 1, ""implicit_target_a"": 1, ""implicit_target_b"": 0, ""mechanic"": 0, ""misc_value"": 0, ""points_per_level"": 0.0, ""radius_yards"": null, ""trigger_spell"": 0, ""type"": 6}","{""amplitude"": 0, ""apply_aura"": 87, ""base_points"": -1, ""chain_targets"": 0, ""die_sides"": 1, ""implicit_target_a"": 1, ""implicit_target_b"": 0, ""mechanic"": 0, ""misc_value"": 127, ""points_per_level"": 0.0, ""radius_yards"": null, ""trigger_spell"": 0, ""type"": 6}","{""amplitude"": 0, ""apply_aura"": 42, ""base_points"": -1, ""chain_targets"": 0, ""die_sides"": 1, ""implicit_target_a"": 1, ""implicit_target_b"": 0, ""mechanic"": 0, ""misc_value"": 0, ""points_per_level"": 0.0, ""radius_yards"": null, ""trigger_spell"": 60798, ""type"": 6}",1549,,,"{""ActiveIconID"": 122, ""AuraDescription_Lang_Mask"": 16712190, ""AuraDescription_Lang_enUS"": ""Increases chance to dodge by $s1%."", ""BaseLevel"": 4, ""CastingTimeIndex"": 1, ""DefenseType"": 1, ""Description_Lang_Mask"": 16712190, ""Description_Lang_enUS"": ""The hunter takes on the aspects of a monkey, increasing chance to dodge by $s1%.  Only one Aspect can be active at a time."", ""EffectChainAmplitude_1"": 1.0, ""EffectChainAmplitude_2"": 1.0, ""EffectChainAmplitude_3"": 1.0, ""EquippedItemClass"": -1, ""NameSubtext_Lang_Mask"": 16712188, ""Name_Lang_Mask"": 16712190, ""PreventionType"": 1, ""ProcTypeMask"": 680, ""RangeIndex"": 1, ""SpellClassMask_1"": 524288, ""SpellClassSet"": 9, ""SpellLevel"": 4, ""SpellVisualID_1"": 3140}",pulled from existing data
13165,Aspect of the Hawk,8,0,0,327680,47,0,0,1000,0,0,0,0.0,,-1,"{""amplitude"": 0, ""apply_aura"": 124, ""base_points"": 19, ""chain_targets"": 0, ""die_sides"": 1, ""implicit_target_a"": 1, ""implicit_target_b"": 0, ""mechanic"": 0, ""misc_value"": 0, ""points_per_level"": 2.0, ""radius_yards"": null, ""trigger_spell"": 0, ""type"": 6}","{""amplitude"": 0, ""apply_aura"": 42, ""base_points"": -1, ""chain_targets"": 0, ""die_sides"": 1, ""implicit_target_a"": 1, ""implicit_target_b"": 0, ""mechanic"": 0, ""misc_value"": 0, ""points_per_level"": 0.0, ""radius_yards"": null, ""trigger_spell"": 6150, ""type"": 6}",,112,,,"{""ActiveIconID"": 122, ""AuraDescription_Lang_Mask"": 16712190, ""AuraDescription_Lang_enUS"": ""Increases ranged attack power by $s1."", ""BaseLevel"": 10, ""CastingTimeIndex"": 1, ""DefenseType"": 1, ""Description_Lang_Mask"": 16712190, ""Description_Lang_enUS"": ""The hunter takes on the aspects of a hawk, increasing ranged attack power by $s1.  Only one Aspect can be active at a time."", ""EffectChainAmplitude_1"": 1.0, ""EffectChainAmplitude_2"": 1.0, ""EffectChainAmplitude_3"": 1.0, ""EquippedItemClass"": -1, ""MaxLevel"": 80, ""NameSubtext_Lang_Mask"": 16712190, ""NameSubtext_Lang_enUS"": """", ""Name_Lang_Mask"": 16712190, ""PreventionType"": 1, ""ProcTypeMask"": 87376, ""RangeIndex"": 1, ""SpellClassMask_1"": 1048576, ""SpellClassSet"": 9, ""SpellLevel"": 10, ""SpellVisualID_1"": 3161}",pulled from existing data; single-rank bootstrap: BasePoints/BaseLevel/SpellLevel kept from rank 1 (learn level 10); RealPointsPerLevel from rank1->covers-60 (anchor rank 7 @ level 60); coefficient/cast_time_ms/mana_cost_pct from max rank; MaxLevel set to 80
13795,Immolation Trap,4,0,0,65536,1250,0,0,30000,0,0,9,0.0,,30000,"{""amplitude"": 0, ""apply_aura"": 0, ""base_points"": 0, ""chain_targets"": 0, ""die_sides"": 0, ""implicit_target_a"": 47, ""implicit_target_b"": 0, ""mechanic"": 0, ""misc_value"": 164638, ""points_per_level"": 0.0, ""radius_yards"": 2.0, ""trigger_spell"": 0, ""type"": 105}",,,678,,,"{""AuraDescription_Lang_Mask"": 16712188, ""BaseLevel"": 16, ""CastingTimeIndex"": 1, ""Description_Lang_Mask"": 16712190, ""Description_Lang_enUS"": ""Place a fire trap that will burn the first enemy to approach for ${($RAP*($<mult>/100)+$13797m1)*$<duration>} Fire damage over $13797d.  Trap will exist for $d.  Only one trap can be active at a time."", ""EffectChainAmplitude_1"": 1.0, ""EffectChainAmplitude_2"": 1.0, ""EffectChainAmplitude_3"": 1.0, ""EquippedItemClass"": -1, ""InterruptFlags"": 1, ""MaxLevel"": 80, ""NameSubtext_Lang_Mask"": 16712190, ""NameSubtext_Lang_enUS"": """", ""Name_Lang_Mask"": 16712190, ""PreventionType"": 1, ""ProcChance"": 101, ""RangeIndex"": 1, ""SpellClassMask_1"": 128, ""SpellClassSet"": 9, ""SpellDescriptionVariableID"": 121, ""SpellLevel"": 16, ""SpellVisualID_1"": 3302, ""StartRecoveryCategory"": 133, ""StartRecoveryTime"": 1500}",pulled from existing data; single-rank bootstrap: BasePoints/BaseLevel/SpellLevel kept from rank 1 (learn level 16); RealPointsPerLevel from rank1->covers-60 (anchor rank 5 @ level 60); coefficient/cast_time_ms/mana_cost_pct from max rank; MaxLevel set to 80
13797,Immolation Trap,4,1,0,0,0,0,0,0,0,0,0,10.0,,15000,"{""amplitude"": 3000, ""apply_aura"": 3, ""base_points"": 20, ""chain_targets"": 0, ""die_sides"": 1, ""implicit_target_a"": 6, ""implicit_target_b"": 0, ""mechanic"": 0, ""misc_value"": 0, ""points_per_level"": 5.5625, ""radius_yards"": null, ""trigger_spell"": 0, ""type"": 6}",,,678,,,"{""AttributesEx6"": 8388608, ""AuraDescription_Lang_Mask"": 16712190, ""AuraDescription_Lang_enUS"": ""$s1 Fire damage every $t1 seconds."", ""BaseLevel"": 16, ""CastingTimeIndex"": 1, ""DefenseType"": 1, ""Description_Lang_Mask"": 16712190, ""Description_Lang_enUS"": ""Place a fire trap that will burn the first enemy to approach for ${($RAP*($<mult>/100)+$13797m1)*$<duration>} Fire damage over $13797d.  Trap will exist for $13797d.  Only one trap can be active at a time."", ""EffectChainAmplitude_1"": 1.0, ""EffectChainAmplitude_2"": 1.0, ""EffectChainAmplitude_3"": 1.0, ""EquippedItemClass"": -1, ""MaxLevel"": 80, ""NameSubtext_Lang_Mask"": 16712190, ""NameSubtext_Lang_enUS"": """", ""Name_Lang_Mask"": 16712190, ""PreventionType"": 1, ""ProcChance"": 101, ""SpellClassMask_3"": 131072, ""SpellClassSet"": 9, ""SpellDescriptionVariableID"": 121, ""SpellLevel"": 16, ""SpellVisualID_1"": 4500}",pulled from existing data; single-rank bootstrap: BasePoints/BaseLevel/SpellLevel kept from rank 1 (learn level 16); RealPointsPerLevel from rank1->covers-60-overridden(undershoot-vs-top-rank) (anchor rank 8 @ level 80); coefficient/cast_time_ms/mana_cost_pct from max rank; MaxLevel set to 80
13809,Frost Trap,16,0,0,65536,411,0,0,30000,0,0,2,0.0,,30000,"{""amplitude"": 0, ""apply_aura"": 0, ""base_points"": 0, ""chain_targets"": 0, ""die_sides"": 0, ""implicit_target_a"": 47, ""implicit_target_b"": 0, ""mechanic"": 0, ""misc_value"": 164639, ""points_per_level"": 0.0, ""radius_yards"": 2.0, ""trigger_spell"": 0, ""type"": 104}",,,56,,,"{""AuraDescription_Lang_Mask"": 16712188, ""BaseLevel"": 28, ""CastingTimeIndex"": 1, ""Description_Lang_Mask"": 16712190, ""Description_Lang_enUS"": ""Place a frost trap that creates an ice slick around itself for $13810d when the first enemy approaches it.  All enemies within $13810a1 yards will be slowed by $13810s1% while in the area of effect.  Trap will exist for $13809d.  Only one trap can be active at a time."", ""EffectBonusMultiplier_1"": 1.0, ""EffectChainAmplitude_1"": 1.0, ""EffectChainAmplitude_2"": 1.0, ""EffectChainAmplitude_3"": 1.0, ""EquippedItemClass"": -1, ""InterruptFlags"": 1, ""NameSubtext_Lang_Mask"": 16712188, ""Name_Lang_Mask"": 16712190, ""PreventionType"": 1, ""ProcChance"": 101, ""RangeIndex"": 1, ""SpellClassMask_1"": 128, ""SpellClassSet"": 9, ""SpellLevel"": 28, ""SpellVisualID_1"": 3302, ""StartRecoveryCategory"": 133, ""StartRecoveryTime"": 1500}",pulled from existing data
13812,Explosive Trap Effect,4,0,0,0,0,0,0,0,0,0,0,0.0,,20000,"{""amplitude"": 0, ""apply_aura"": 0, ""base_points"": 99, ""chain_targets"": 0, ""die_sides"": 31, ""implicit_target_a"": 22, ""implicit_target_b"": 15, ""mechanic"": 0, ""misc_value"": 0, ""points_per_level"": 9.391304347826088, ""radius_yards"": 10.0, ""trigger_spell"": 0, ""type"": 2}","{""amplitude"": 2000, ""apply_aura"": 3, ""base_points"": 14, ""chain_targets"": 0, ""die_sides"": 1, ""implicit_target_a"": 28, ""implicit_target_b"": 0, ""mechanic"": 0, ""misc_value"": 0, ""points_per_level"": 1.6304347826086956, ""radius_yards"": 10.0, ""trigger_spell"": 0, ""type"": 27}",,37,,,"{""AttributesEx"": 136, ""AttributesEx3"": 262720, ""AuraDescription_Lang_Mask"": 16712190, ""AuraDescription_Lang_enUS"": ""$s2 Fire damage every $t2 seconds."", ""BaseLevel"": 34, ""CastingTimeIndex"": 1, ""DefenseType"": 3, ""Description_Lang_Mask"": 16712190, ""Description_Lang_enUS"": ""Place a fire trap that explodes when an enemy approaches, causing ${$RAP*0.1+$13812m1} to ${$RAP*0.1+$13812M1} Fire damage and burning all enemies for $13812o2 additional Fire damage over $13812d to all within $13812a1 yards.  Trap will exist for $13813d.  Only one trap can be active at a time."", ""EffectChainAmplitude_1"": 1.0, ""EffectChainAmplitude_2"": 1.0, ""EffectChainAmplitude_3"": 1.0, ""EquippedItemClass"": -1, ""MaxLevel"": 80, ""NameSubtext_Lang_Mask"": 16712190, ""NameSubtext_Lang_enUS"": """", ""Name_Lang_Mask"": 16712190, ""PreventionType"": 1, ""ProcChance"": 101, ""RangeIndex"": 1, ""SpellClassMask_1"": 4, ""SpellClassMask_3"": 16384, ""SpellClassSet"": 9, ""SpellLevel"": 34, ""SpellVisualID_1"": 10389, ""Targets"": 64}",pulled from existing data; single-rank bootstrap: BasePoints/BaseLevel/SpellLevel kept from rank 1 (learn level 34); RealPointsPerLevel from rank1->covers-60-overridden(undershoot-vs-top-rank) (anchor rank 6 @ level 80); coefficient/cast_time_ms/mana_cost_pct from max rank; MaxLevel set to 80
13813,Explosive Trap,4,0,0,65536,1250,0,0,30000,0,0,19,0.0,,30000,"{""amplitude"": 0, ""apply_aura"": 0, ""base_points"": 0, ""chain_targets"": 0, ""die_sides"": 0, ""implicit_target_a"": 47, ""implicit_target_b"": 0, ""mechanic"": 0, ""misc_value"": 164839, ""points_per_level"": 0.0, ""radius_yards"": 2.0, ""trigger_spell"": 0, ""type"": 105}",,,37,,,"{""AuraDescription_Lang_Mask"": 16712188, ""BaseLevel"": 34, ""CastingTimeIndex"": 1, ""Description_Lang_Mask"": 16712190, ""Description_Lang_enUS"": ""Place a fire trap that explodes when an enemy approaches, causing ${$RAP*0.1+$13812m1} to ${$RAP*0.1+$13812M1} Fire damage and burning all enemies for ${$13812m2*10+$RAP} additional Fire damage over $13812d to all within $13812a1 yards.  Trap will exist for $13813d.  Only one trap can be active at a time."", ""EffectChainAmplitude_1"": 1.0, ""EffectChainAmplitude_2"": 1.0, ""EffectChainAmplitude_3"": 1.0, ""EquippedItemClass"": -1, ""InterruptFlags"": 1, ""MaxLevel"": 80, ""NameSubtext_Lang_Mask"": 16712190, ""NameSubtext_Lang_enUS"": """", ""Name_Lang_Mask"": 16712190, ""PreventionType"": 1, ""ProcChance"": 101, ""RangeIndex"": 1, ""SpellClassMask_1"": 128, ""SpellClassSet"": 9, ""SpellLevel"": 34, ""SpellVisualID_1"": 3302, ""StartRecoveryCategory"": 133, ""StartRecoveryTime"": 1500}",pulled from existing data; single-rank bootstrap: BasePoints/BaseLevel/SpellLevel kept from rank 1 (learn level 34); RealPointsPerLevel from rank1->covers-60 (anchor rank 3 @ level 60); coefficient/cast_time_ms/mana_cost_pct from max rank; MaxLevel set to 80
16827,Claw,1,0,0,327696,0,0,0,0,2,25,0,5.0,,,"{""amplitude"": 0, ""apply_aura"": 0, ""base_points"": 3, ""chain_targets"": 0, ""die_sides"": 3, ""implicit_target_a"": 6, ""implicit_target_b"": 0, ""mechanic"": 0, ""misc_value"": 0, ""points_per_level"": 1.4430379746835442, ""radius_yards"": null, ""trigger_spell"": 0, ""type"": 2}",,,262,,,"{""AttributesEx"": 512, ""AuraDescription_Lang_Mask"": 16712188, ""BaseLevel"": 1, ""CastingTimeIndex"": 1, ""DefenseType"": 2, ""Description_Lang_Mask"": 16712190, ""Description_Lang_enUS"": ""Claw the enemy, causing $s1 damage."", ""EffectBonusMultiplier_1"": 1.0, ""EffectChainAmplitude_1"": 1.0, ""EffectChainAmplitude_2"": 1.0, ""EffectChainAmplitude_3"": 1.0, ""EquippedItemClass"": -1, ""FacingCasterFlags"": 1, ""MaxLevel"": 80, ""NameSubtext_Lang_Mask"": 16712190, ""NameSubtext_Lang_enUS"": """", ""Name_Lang_Mask"": 16712190, ""PreventionType"": 2, ""ProcChance"": 101, ""RangeIndex"": 2, ""SpellClassMask_2"": 268435456, ""SpellClassSet"": 9, ""SpellLevel"": 1, ""SpellVisualID_1"": 6762, ""StartRecoveryCategory"": 133, ""StartRecoveryTime"": 1500}",pulled from existing data; single-rank bootstrap: BasePoints/BaseLevel/SpellLevel kept from rank 1 (learn level 1); RealPointsPerLevel from rank1->covers-60-overridden(undershoot-vs-top-rank) (anchor rank 11 @ level 80); coefficient/cast_time_ms/mana_cost_pct from max rank; MaxLevel set to 80
17253,Bite,1,0,0,327696,19,0,0,0,2,25,0,5.0,,,"{""amplitude"": 0, ""apply_aura"": 0, ""base_points"": 3, ""chain_targets"": 0, ""die_sides"": 3, ""implicit_target_a"": 6, ""implicit_target_b"": 0, ""mechanic"": 0, ""misc_value"": 0, ""points_per_level"": 1.4430379746835442, ""radius_yards"": null, ""trigger_spell"": 0, ""type"": 2}",,,1680,,,"{""AttributesEx"": 512, ""AuraDescription_Lang_Mask"": 16712188, ""BaseLevel"": 1, ""CastingTimeIndex"": 1, ""DefenseType"": 2, ""Description_Lang_Mask"": 16712190, ""Description_Lang_enUS"": ""Bite the enemy, causing $s1 damage."", ""EffectBonusMultiplier_1"": 1.0, ""EffectChainAmplitude_1"": 1.0, ""EffectChainAmplitude_2"": 1.0, ""EffectChainAmplitude_3"": 1.0, ""EquippedItemClass"": -1, ""FacingCasterFlags"": 1, ""MaxLevel"": 80, ""NameSubtext_Lang_Mask"": 16712190, ""NameSubtext_Lang_enUS"": """", ""Name_Lang_Mask"": 16712190, ""PreventionType"": 2, ""ProcChance"": 101, ""RangeIndex"": 2, ""SpellClassMask_2"": 268435456, ""SpellClassSet"": 9, ""SpellLevel"": 1, ""SpellVisualID_1"": 376, ""StartRecoveryCategory"": 133, ""StartRecoveryTime"": 1500}",pulled from existing data; single-rank bootstrap: BasePoints/BaseLevel/SpellLevel kept from rank 1 (learn level 1); RealPointsPerLevel from rank1->covers-60-overridden(undershoot-vs-top-rank) (anchor rank 11 @ level 80); coefficient/cast_time_ms/mana_cost_pct from max rank; MaxLevel set to 80
19263,Deterrence,1,0,0,327696,0,0,90000,0,0,0,0,0.0,,5000,"{""amplitude"": 0, ""apply_aura"": 47, ""base_points"": 99, ""chain_targets"": 0, ""die_sides"": 1, ""implicit_target_a"": 1, ""implicit_target_b"": 0, ""mechanic"": 0, ""misc_value"": 0, ""points_per_level"": 0.0, ""radius_yards"": null, ""trigger_spell"": 0, ""type"": 6}","{""amplitude"": 0, ""apply_aura"": 287, ""base_points"": 99, ""chain_targets"": 0, ""die_sides"": 1, ""implicit_target_a"": 1, ""implicit_target_b"": 0, ""mechanic"": 0, ""misc_value"": 0, ""points_per_level"": 0.0, ""radius_yards"": null, ""trigger_spell"": 0, ""type"": 6}","{""amplitude"": 0, ""apply_aura"": 25, ""base_points"": -1, ""chain_targets"": 0, ""die_sides"": 1, ""implicit_target_a"": 1, ""implicit_target_b"": 0, ""mechanic"": 0, ""misc_value"": 0, ""points_per_level"": 0.0, ""radius_yards"": null, ""trigger_spell"": 0, ""type"": 6}",83,,,"{""AttributesEx"": 16, ""AuraDescription_Lang_Mask"": 16712190, ""AuraDescription_Lang_enUS"": ""Parry chance increased by $s1%, chance for ranged attacks to miss you increased by $s2%, $s2% chance to deflect spells, and unable to attack."", ""BaseLevel"": 60, ""CastingTimeIndex"": 1, ""Description_Lang_Mask"": 16712190, ""Description_Lang_enUS"": ""When activated, increases parry chance by $s1%, reduces the chance ranged attacks will hit you by $s1% and grants a $s2% chance to deflect spells.  While Deterrence is active, you cannot attack.  Lasts $d."", ""EffectBonusMultiplier_1"": 1.0, ""EffectBonusMultiplier_2"": 1.0, ""EffectChainAmplitude_1"": 1.0, ""EffectChainAmplitude_2"": 1.0, ""EffectChainAmplitude_3"": 1.0, ""EquippedItemClass"": 2, ""EquippedItemSubclass"": 173555, ""NameSubtext_Lang_Mask"": 16712188, ""Name_Lang_Mask"": 16712190, ""PreventionType"": 2, ""ProcChance"": 101, ""RangeIndex"": 1, ""SpellClassMask_2"": 2, ""SpellClassSet"": 9, ""SpellLevel"": 60, ""SpellVisualID_1"": 14246}",pulled from existing data
19306,Counterattack,1,0,0,2424848,1135,0,0,5000,0,0,3,5.0,,5000,"{""amplitude"": 0, ""apply_aura"": 0, ""base_points"": 47, ""chain_targets"": 0, ""die_sides"": 1, ""implicit_target_a"": 6, ""implicit_target_b"": 0, ""mechanic"": 0, ""misc_value"": 0, ""points_per_level"": 5.88, ""radius_yards"": null, ""trigger_spell"": 0, ""type"": 2}","{""amplitude"": 0, ""apply_aura"": 26, ""base_points"": 0, ""chain_targets"": 0, ""die_sides"": 0, ""implicit_target_a"": 6, ""implicit_target_b"": 0, ""mechanic"": 7, ""misc_value"": 0, ""points_per_level"": 0.0, ""radius_yards"": null, ""trigger_spell"": 0, ""type"": 6}",,278,,,"{""AttributesEx"": 512, ""AttributesEx4"": 512, ""AuraDescription_Lang_Mask"": 16712190, ""AuraDescription_Lang_enUS"": ""Immobile."", ""BaseLevel"": 30, ""CasterAuraState"": 7, ""CastingTimeIndex"": 1, ""DefenseType"": 2, ""Description_Lang_Mask"": 16712190, ""Description_Lang_enUS"": ""A strike that becomes active after parrying an opponent's attack.  This attack deals ${$AP*0.2+$m1} damage and immobilizes the target for $d.  Counterattack cannot be blocked, dodged, or parried."", ""EffectBonusMultiplier_1"": 1.0, ""EffectBonusMultiplier_2"": 1.0, ""EffectChainAmplitude_1"": 1.0, ""EffectChainAmplitude_2"": 1.0, ""EffectChainAmplitude_3"": 1.0, ""EquippedItemClass"": -1, ""FacingCasterFlags"": 1, ""MaxLevel"": 80, ""NameSubtext_Lang_Mask"": 16712190, ""NameSubtext_Lang_enUS"": """", ""Name_Lang_Mask"": 16712190, ""PreventionType"": 2, ""ProcChance"": 101, ""RangeIndex"": 2, ""SpellClassMask_2"": 524288, ""SpellClassSet"": 9, ""SpellLevel"": 30, ""SpellVisualID_1"": 5287, ""StartRecoveryCategory"": 133, ""StartRecoveryTime"": 1500}",pulled from existing data; single-rank bootstrap: BasePoints/BaseLevel/SpellLevel kept from rank 1 (learn level 30); RealPointsPerLevel from rank1->covers-60-overridden(undershoot-vs-top-rank) (anchor rank 6 @ level 80); coefficient/cast_time_ms/mana_cost_pct from max rank; MaxLevel set to 80
19386,Wyvern Sting,8,4,10,1114114,1111,-1000000,0,60000,0,0,8,35.0,,30000,"{""amplitude"": 0, ""apply_aura"": 12, ""base_points"": -1, ""chain_targets"": 0, ""die_sides"": 1, ""implicit_target_a"": 6, ""implicit_target_b"": 0, ""mechanic"": 10, ""misc_value"": 0, ""points_per_level"": 0.0, ""radius_yards"": null, ""trigger_spell"": 0, ""type"": 6}",,,1721,,,"{""AttributesEx2"": 131072, ""AttributesEx4"": 8388608, ""AttributesEx5"": 32, ""AttributesEx6"": 8388608, ""AuraDescription_Lang_Mask"": 16712190, ""AuraDescription_Lang_enUS"": ""Asleep."", ""AuraInterruptFlags"": 4718594, ""BaseLevel"": 40, ""CastingTimeIndex"": 18, ""DefenseType"": 3, ""Description_Lang_Mask"": 16712190, ""Description_Lang_enUS"": ""A stinging shot that puts the target to sleep for $d.  Any damage will cancel the effect.  When the target wakes up, the Sting causes $24131o1 Nature damage over $24131d.  Only one Sting per Hunter can be active on the target at a time."", ""EffectBasePoints_2"": -1, ""EffectChainAmplitude_1"": 1.0, ""EffectChainAmplitude_2"": 1.0, ""EffectChainAmplitude_3"": 1.0, ""EffectDieSides_2"": 1, ""EquippedItemClass"": 2, ""EquippedItemSubclass"": 262156, ""FacingCasterFlags"": 1, ""MaxLevel"": 80, ""NameSubtext_Lang_Mask"": 16712190, ""NameSubtext_Lang_enUS"": """", ""Name_Lang_Mask"": 16712190, ""PreventionType"": 2, ""ProcChance"": 100, ""ProcTypeMask"": 1048576, ""RangeIndex"": 114, ""Speed"": 40.0, ""SpellClassMask_2"": 4096, ""SpellClassSet"": 9, ""SpellLevel"": 40, ""SpellVisualID_1"": 7205, ""StartRecoveryCategory"": 133, ""StartRecoveryTime"": 1500}",pulled from existing data; single-rank bootstrap: BasePoints/BaseLevel/SpellLevel kept from rank 1 (learn level 40); RealPointsPerLevel from rank1->covers-60 (anchor rank 3 @ level 60); coefficient/cast_time_ms/mana_cost_pct from max rank; MaxLevel set to 80
19434,Aimed Shot,1,0,0,65554,85,-1000000,0,10000,0,0,8,35.0,,10000,"{""amplitude"": 0, ""apply_aura"": 0, ""base_points"": 4, ""chain_targets"": 0, ""die_sides"": 1, ""implicit_target_a"": 6, ""implicit_target_b"": 0, ""mechanic"": 0, ""misc_value"": 0, ""points_per_level"": 6.716666666666667, ""radius_yards"": null, ""trigger_spell"": 0, ""type"": 121}","{""amplitude"": 0, ""apply_aura"": 118, ""base_points"": -51, ""chain_targets"": 0, ""die_sides"": 1, ""implicit_target_a"": 6, ""implicit_target_b"": 0, ""mechanic"": 0, ""misc_value"": 127, ""points_per_level"": 0.0, ""radius_yards"": null, ""trigger_spell"": 0, ""type"": 6}",,1629,,,"{""AttributesEx2"": 131072, ""AttributesEx4"": 268435456, ""AuraDescription_Lang_Mask"": 16712190, ""AuraDescription_Lang_enUS"": ""Healing effects reduced by $s2%."", ""BaseLevel"": 20, ""CastingTimeIndex"": 18, ""DefenseType"": 3, ""Description_Lang_Mask"": 16712190, ""Description_Lang_enUS"": ""An aimed shot that increases ranged damage by $s1 and reduces healing done to that target by $s2%.  Lasts $d."", ""EffectBonusMultiplier_1"": 1.0, ""EffectChainAmplitude_1"": 1.0, ""EffectChainAmplitude_2"": 1.0, ""EffectChainAmplitude_3"": 1.0, ""EquippedItemClass"": 2, ""EquippedItemSubclass"": 262156, ""FacingCasterFlags"": 1, ""InterruptFlags"": 15, ""MaxLevel"": 80, ""ModalNextSpell"": 75, ""NameSubtext_Lang_Mask"": 16712190, ""NameSubtext_Lang_enUS"": """", ""Name_Lang_Mask"": 16712190, ""PreventionType"": 2, ""ProcChance"": 101, ""RangeIndex"": 114, ""Speed"": 40.0, ""SpellClassMask_1"": 131072, ""SpellClassSet"": 9, ""SpellLevel"": 20, ""SpellVisualID_1"": 7955, ""StartRecoveryCategory"": 133, ""StartRecoveryTime"": 1500}",pulled from existing data; single-rank bootstrap: BasePoints/BaseLevel/SpellLevel kept from rank 1 (learn level 20); RealPointsPerLevel from rank1->covers-60-overridden(undershoot-vs-top-rank) (anchor rank 9 @ level 80); coefficient/cast_time_ms/mana_cost_pct from max rank; MaxLevel set to 80
19491,Improved Scorpid Sting,1,0,0,464,0,0,0,0,0,0,0,0.0,,-1,"{""amplitude"": 0, ""apply_aura"": 112, ""base_points"": 0, ""chain_targets"": 0, ""die_sides"": 0, ""implicit_target_a"": 1, ""implicit_target_b"": 0, ""mechanic"": 0, ""misc_value"": 2388, ""points_per_level"": 0.0, ""radius_yards"": null, ""trigger_spell"": 0, ""type"": 6}",,,256,,,"{""AuraDescription_Lang_Mask"": 16712188, ""CastingTimeIndex"": 1, ""Description_Lang_Mask"": 16712190, ""Description_Lang_enUS"": ""Reduces the Stamina of targets affected by your Scorpid Sting by 10% of the amount of Strength reduced."", ""EffectBonusMultiplier_1"": 1.0, ""EffectBonusMultiplier_2"": 1.0, ""EffectBonusMultiplier_3"": 1.0, ""EffectChainAmplitude_1"": 1.0, ""EffectItemType_1"": 32768, ""EffectSpellClassMaskA_1"": 32768, ""EquippedItemClass"": -1, ""MaxLevel"": 80, ""NameSubtext_Lang_Mask"": 16712190, ""NameSubtext_Lang_enUS"": """", ""Name_Lang_Mask"": 16712190, ""ProcChance"": 101, ""RangeIndex"": 1, ""SpellClassSet"": 9}",pulled from existing data; single-rank bootstrap: BasePoints/BaseLevel/SpellLevel kept from rank 1 (learn level 0); RealPointsPerLevel from rank1->covers-60 (anchor rank 3 @ level 60); coefficient/cast_time_ms/mana_cost_pct from max rank; MaxLevel set to 80
19557,Improved Eyes of the Beast,1,0,0,464,0,0,0,0,0,0,0,0.0,,-1,"{""amplitude"": 0, ""apply_aura"": 107, ""base_points"": 29999, ""chain_targets"": 0, ""die_sides"": 1, ""implicit_target_a"": 1, ""implicit_target_b"": 0, ""mechanic"": 0, ""misc_value"": 1, ""points_per_level"": 500.0, ""radius_yards"": null, ""trigger_spell"": 0, ""type"": 6}",,,49,,,"{""AuraDescription_Lang_Mask"": 16712188, ""CastingTimeIndex"": 1, ""Description_Lang_Mask"": 16712190, ""Description_Lang_enUS"": ""Increases the duration of your Eyes of the Beast by $/1000;s1 sec."", ""EffectBonusMultiplier_1"": 1.0, ""EffectBonusMultiplier_2"": 1.0, ""EffectBonusMultiplier_3"": 1.0, ""EffectChainAmplitude_1"": 1.0, ""EffectItemType_1"": 4194304, ""EffectSpellClassMaskA_1"": 4194304, ""EquippedItemClass"": -1, ""MaxLevel"": 80, ""NameSubtext_Lang_Mask"": 16712190, ""NameSubtext_Lang_enUS"": """", ""Name_Lang_Mask"": 16712190, ""ProcChance"": 101, ""RangeIndex"": 1, ""SpellClassSet"": 9}",pulled from existing data; single-rank bootstrap: BasePoints/BaseLevel/SpellLevel kept from rank 1 (learn level 0); RealPointsPerLevel from rank1->covers-60 (anchor rank 2 @ level 60); coefficient/cast_time_ms/mana_cost_pct from max rank; MaxLevel set to 80
19603,Bestial Fury,1,0,0,464,0,0,0,0,0,0,0,0.0,,-1,"{""amplitude"": 0, ""apply_aura"": 108, ""base_points"": 19, ""chain_targets"": 0, ""die_sides"": 1, ""implicit_target_a"": 1, ""implicit_target_b"": 0, ""mechanic"": 0, ""misc_value"": 18, ""points_per_level"": 1.3333333333333333, ""radius_yards"": null, ""trigger_spell"": 0, ""type"": 6}",,,50,,,"{""AuraDescription_Lang_Mask"": 16712188, ""CastingTimeIndex"": 1, ""Description_Lang_Mask"": 16712190, ""Description_Lang_enUS"": ""Gives your pet a $s1% chance to gain $19604s1 Focus after getting a critical strike."", ""EffectBonusMultiplier_1"": 1.0, ""EffectBonusMultiplier_2"": 1.0, ""EffectBonusMultiplier_3"": 1.0, ""EffectChainAmplitude_1"": 1.0, ""EffectItemType_1"": 1073741824, ""EffectSpellClassMaskA_1"": 1073741824, ""EquippedItemClass"": -1, ""MaxLevel"": 80, ""NameSubtext_Lang_Mask"": 16712190, ""NameSubtext_Lang_enUS"": """", ""Name_Lang_Mask"": 16712190, ""ProcChance"": 101, ""RangeIndex"": 1, ""SpellClassSet"": 9}",pulled from existing data; single-rank bootstrap: BasePoints/BaseLevel/SpellLevel kept from rank 1 (learn level 0); RealPointsPerLevel from rank1->covers-60 (anchor rank 5 @ level 60); coefficient/cast_time_ms/mana_cost_pct from max rank; MaxLevel set to 80
19801,Tranquilizing Shot,8,0,0,65538,0,-1000000,8000,0,0,0,8,35.0,,,"{""amplitude"": 0, ""apply_aura"": 0, ""base_points"": 0, ""chain_targets"": 0, ""die_sides"": 1, ""implicit_target_a"": 6, ""implicit_target_b"": 0, ""mechanic"": 0, ""misc_value"": 9, ""points_per_level"": 0.0, ""radius_yards"": null, ""trigger_spell"": 0, ""type"": 38}","{""amplitude"": 0, ""apply_aura"": 0, ""base_points"": 0, ""chain_targets"": 0, ""die_sides"": 1, ""implicit_target_a"": 6, ""implicit_target_b"": 0, ""mechanic"": 0, ""misc_value"": 1, ""points_per_level"": 0.0, ""radius_yards"": null, ""trigger_spell"": 0, ""type"": 38}",,155,,,"{""AttributesEx2"": 131072, ""AttributesEx6"": 8388608, ""AuraDescription_Lang_Mask"": 16712188, ""BaseLevel"": 60, ""CastingTimeIndex"": 18, ""DefenseType"": 3, ""Description_Lang_Mask"": 16712190, ""Description_Lang_enUS"": ""Attempts to remove $s1 Enrage and $s2 Magic effect from an enemy target."", ""EffectBasePoints_3"": -1, ""EffectBonusMultiplier_1"": 1.0, ""EffectChainAmplitude_1"": 1.0, ""EffectChainAmplitude_2"": 1.0, ""EffectChainAmplitude_3"": 1.0, ""EffectDieSides_3"": 1, ""EquippedItemClass"": 2, ""EquippedItemSubclass"": 262156, ""FacingCasterFlags"": 1, ""NameSubtext_Lang_Mask"": 16712188, ""Name_Lang_Mask"": 16712190, ""PreventionType"": 2, ""ProcChance"": 101, ""RangeIndex"": 114, ""Speed"": 40.0, ""SpellClassMask_1"": 65536, ""SpellClassMask_3"": 256, ""SpellClassSet"": 9, ""SpellLevel"": 60, ""SpellVisualID_1"": 560, ""StartRecoveryCategory"": 133, ""StartRecoveryTime"": 1500}",pulled from existing data
19878,Track Demons,1,0,0,151257104,1239,0,0,1500,0,0,0,0.0,,-1,"{""amplitude"": 0, ""apply_aura"": 44, ""base_points"": 0, ""chain_targets"": 0, ""die_sides"": 0, ""implicit_target_a"": 1, ""implicit_target_b"": 0, ""mechanic"": 0, ""misc_value"": 3, ""points_per_level"": 0.0, ""radius_yards"": null, ""trigger_spell"": 0, ""type"": 6}","{""amplitude"": 0, ""apply_aura"": 168, ""base_points"": -1, ""chain_targets"": 0, ""die_sides"": 1, ""implicit_target_a"": 1, ""implicit_target_b"": 0, ""mechanic"": 0, ""misc_value"": 127, ""points_per_level"": 0.0, ""radius_yards"": null, ""trigger_spell"": 0, ""type"": 6}",,214,,,"{""AttributesEx"": 268566560, ""AttributesEx3"": 1048576, ""AttributesEx4"": 2097152, ""AttributesEx6"": 4096, ""AuraDescription_Lang_Mask"": 16712190, ""AuraDescription_Lang_enUS"": ""Tracking Demons."", ""BaseLevel"": 32, ""CastingTimeIndex"": 1, ""Description_Lang_Mask"": 16712190, ""Description_Lang_enUS"": ""Shows the location of all nearby demons on the minimap.  Only one form of tracking can be active at a time."", ""EffectChainAmplitude_1"": 1.0, ""EffectChainAmplitude_2"": 1.0, ""EffectChainAmplitude_3"": 1.0, ""EquippedItemClass"": -1, ""NameSubtext_Lang_Mask"": 16712188, ""Name_Lang_Mask"": 16712190, ""ProcChance"": 101, ""RangeIndex"": 1, ""SpellClassMask_3"": 2, ""SpellClassSet"": 9, ""SpellLevel"": 32, ""SpellVisualID_1"": 316, ""StartRecoveryCategory"": 133}",pulled from existing data
19879,Track Dragonkin,1,0,0,151257104,1239,0,0,1500,0,0,0,0.0,,-1,"{""amplitude"": 0, ""apply_aura"": 44, ""base_points"": 0, ""chain_targets"": 0, ""die_sides"": 0, ""implicit_target_a"": 1, ""implicit_target_b"": 0, ""mechanic"": 0, ""misc_value"": 2, ""points_per_level"": 0.0, ""radius_yards"": null, ""trigger_spell"": 0, ""type"": 6}","{""amplitude"": 0, ""apply_aura"": 168, ""base_points"": -1, ""chain_targets"": 0, ""die_sides"": 1, ""implicit_target_a"": 1, ""implicit_target_b"": 0, ""mechanic"": 0, ""misc_value"": 127, ""points_per_level"": 0.0, ""radius_yards"": null, ""trigger_spell"": 0, ""type"": 6}",,1548,,,"{""AttributesEx"": 268566560, ""AttributesEx3"": 1048576, ""AttributesEx4"": 2097152, ""AttributesEx6"": 4096, ""AuraDescription_Lang_Mask"": 16712190, ""AuraDescription_Lang_enUS"": ""Tracking Dragonkin."", ""BaseLevel"": 50, ""CastingTimeIndex"": 1, ""Description_Lang_Mask"": 16712190, ""Description_Lang_enUS"": ""Shows the location of all nearby dragonkin on the minimap.  Only one form of tracking can be active at a time."", ""EffectChainAmplitude_1"": 1.0, ""EffectChainAmplitude_2"": 1.0, ""EffectChainAmplitude_3"": 1.0, ""EquippedItemClass"": -1, ""NameSubtext_Lang_Mask"": 16712188, ""Name_Lang_Mask"": 16712190, ""ProcChance"": 101, ""RangeIndex"": 1, ""SpellClassMask_3"": 2, ""SpellClassSet"": 9, ""SpellLevel"": 50, ""SpellVisualID_1"": 316, ""StartRecoveryCategory"": 133}",pulled from existing data
19880,Track Elementals,1,0,0,151257104,1239,0,0,1500,0,0,0,0.0,,-1,"{""amplitude"": 0, ""apply_aura"": 44, ""base_points"": 0, ""chain_targets"": 0, ""die_sides"": 0, ""implicit_target_a"": 1, ""implicit_target_b"": 0, ""mechanic"": 0, ""misc_value"": 4, ""points_per_level"": 0.0, ""radius_yards"": null, ""trigger_spell"": 0, ""type"": 6}","{""amplitude"": 0, ""apply_aura"": 168, ""base_points"": -1, ""chain_targets"": 0, ""die_sides"": 1, ""implicit_target_a"": 1, ""implicit_target_b"": 0, ""mechanic"": 0, ""misc_value"": 127, ""points_per_level"": 0.0, ""radius_yards"": null, ""trigger_spell"": 0, ""type"": 6}",,94,,,"{""AttributesEx"": 268566560, ""AttributesEx3"": 1048576, ""AttributesEx4"": 2097152, ""AttributesEx6"": 4096, ""AuraDescription_Lang_Mask"": 16712190, ""AuraDescription_Lang_enUS"": ""Tracking Elementals."", ""BaseLevel"": 26, ""CastingTimeIndex"": 1, ""Description_Lang_Mask"": 16712190, ""Description_Lang_enUS"": ""Shows the location of all nearby elementals on the minimap.  Only one form of tracking can be active at a time."", ""EffectChainAmplitude_1"": 1.0, ""EffectChainAmplitude_2"": 1.0, ""EffectChainAmplitude_3"": 1.0, ""EquippedItemClass"": -1, ""NameSubtext_Lang_Mask"": 16712188, ""Name_Lang_Mask"": 16712190, ""ProcChance"": 101, ""RangeIndex"": 1, ""SpellClassMask_3"": 2, ""SpellClassSet"": 9, ""SpellLevel"": 26, ""SpellVisualID_1"": 316, ""StartRecoveryCategory"": 133}",pulled from existing data
19882,Track Giants,1,0,0,151257104,1239,0,0,1500,0,0,0,0.0,,-1,"{""amplitude"": 0, ""apply_aura"": 44, ""base_points"": 0, ""chain_targets"": 0, ""die_sides"": 0, ""implicit_target_a"": 1, ""implicit_target_b"": 0, ""mechanic"": 0, ""misc_value"": 5, ""points_per_level"": 0.0, ""radius_yards"": null, ""trigger_spell"": 0, ""type"": 6}","{""amplitude"": 0, ""apply_aura"": 168, ""base_points"": -1, ""chain_targets"": 0, ""die_sides"": 1, ""implicit_target_a"": 1, ""implicit_target_b"": 0, ""mechanic"": 0, ""misc_value"": 127, ""points_per_level"": 0.0, ""radius_yards"": null, ""trigger_spell"": 0, ""type"": 6}",,84,,,"{""AttributesEx"": 268566560, ""AttributesEx3"": 1048576, ""AttributesEx4"": 2097152, ""AttributesEx6"": 4096, ""AuraDescription_Lang_Mask"": 16712190, ""AuraDescription_Lang_enUS"": ""Tracking Giants."", ""BaseLevel"": 40, ""CastingTimeIndex"": 1, ""Description_Lang_Mask"": 16712190, ""Description_Lang_enUS"": ""Shows the location of all nearby giants on the minimap.  Only one form of tracking can be active at a time."", ""EffectChainAmplitude_1"": 1.0, ""EffectChainAmplitude_2"": 1.0, ""EffectChainAmplitude_3"": 1.0, ""EquippedItemClass"": -1, ""NameSubtext_Lang_Mask"": 16712188, ""Name_Lang_Mask"": 16712190, ""ProcChance"": 101, ""RangeIndex"": 1, ""SpellClassMask_3"": 2, ""SpellClassSet"": 9, ""SpellLevel"": 40, ""SpellVisualID_1"": 316, ""StartRecoveryCategory"": 133}",pulled from existing data
19883,Track Humanoids,1,0,0,151257104,1239,0,0,1500,0,0,0,0.0,,-1,"{""amplitude"": 0, ""apply_aura"": 44, ""base_points"": 0, ""chain_targets"": 0, ""die_sides"": 0, ""implicit_target_a"": 1, ""implicit_target_b"": 0, ""mechanic"": 0, ""misc_value"": 7, ""points_per_level"": 0.0, ""radius_yards"": null, ""trigger_spell"": 0, ""type"": 6}","{""amplitude"": 0, ""apply_aura"": 168, ""base_points"": -1, ""chain_targets"": 0, ""die_sides"": 1, ""implicit_target_a"": 1, ""implicit_target_b"": 0, ""mechanic"": 0, ""misc_value"": 127, ""points_per_level"": 0.0, ""radius_yards"": null, ""trigger_spell"": 0, ""type"": 6}",,316,,,"{""AttributesEx"": 268566560, ""AttributesEx3"": 1048576, ""AttributesEx4"": 2097152, ""AttributesEx6"": 4096, ""AuraDescription_Lang_Mask"": 16712190, ""AuraDescription_Lang_enUS"": ""Tracking Humanoids."", ""BaseLevel"": 10, ""CastingTimeIndex"": 1, ""Description_Lang_Mask"": 16712190, ""Description_Lang_enUS"": ""Shows the location of all nearby humanoids on the minimap.  Only one form of tracking can be active at a time."", ""EffectChainAmplitude_1"": 1.0, ""EffectChainAmplitude_2"": 1.0, ""EffectChainAmplitude_3"": 1.0, ""EquippedItemClass"": -1, ""NameSubtext_Lang_Mask"": 16712188, ""Name_Lang_Mask"": 16712190, ""ProcChance"": 101, ""RangeIndex"": 1, ""SpellClassMask_3"": 2, ""SpellClassSet"": 9, ""SpellLevel"": 10, ""SpellVisualID_1"": 316, ""StartRecoveryCategory"": 133}",pulled from existing data
19884,Track Undead,1,0,0,151257104,1239,0,0,1500,0,0,0,0.0,,-1,"{""amplitude"": 0, ""apply_aura"": 44, ""base_points"": 0, ""chain_targets"": 0, ""die_sides"": 0, ""implicit_target_a"": 1, ""implicit_target_b"": 0, ""mechanic"": 0, ""misc_value"": 6, ""points_per_level"": 0.0, ""radius_yards"": null, ""trigger_spell"": 0, ""type"": 6}","{""amplitude"": 0, ""apply_aura"": 168, ""base_points"": -1, ""chain_targets"": 0, ""die_sides"": 1, ""implicit_target_a"": 1, ""implicit_target_b"": 0, ""mechanic"": 0, ""misc_value"": 127, ""points_per_level"": 0.0, ""radius_yards"": null, ""trigger_spell"": 0, ""type"": 6}",,170,,,"{""AttributesEx"": 268566560, ""AttributesEx3"": 1048576, ""AttributesEx4"": 2097152, ""AttributesEx6"": 4096, ""AuraDescription_Lang_Mask"": 16712190, ""AuraDescription_Lang_enUS"": ""Tracking Undead."", ""BaseLevel"": 18, ""CastingTimeIndex"": 1, ""Description_Lang_Mask"": 16712190, ""Description_Lang_enUS"": ""Shows the location of all nearby undead on the minimap.  Only one form of tracking can be active at a time."", ""EffectChainAmplitude_1"": 1.0, ""EffectChainAmplitude_2"": 1.0, ""EffectChainAmplitude_3"": 1.0, ""EquippedItemClass"": -1, ""NameSubtext_Lang_Mask"": 16712188, ""Name_Lang_Mask"": 16712190, ""ProcChance"": 101, ""RangeIndex"": 1, ""SpellClassMask_3"": 2, ""SpellClassSet"": 9, ""SpellLevel"": 18, ""SpellVisualID_1"": 316, ""StartRecoveryCategory"": 133}",pulled from existing data
20043,Aspect of the Wild,8,0,0,327680,47,0,0,1000,0,0,0,0.0,,-1,"{""amplitude"": 0, ""apply_aura"": 143, ""base_points"": 44, ""chain_targets"": 0, ""die_sides"": 1, ""implicit_target_a"": 1, ""implicit_target_b"": 0, ""mechanic"": 0, ""misc_value"": 8, ""points_per_level"": 2.5, ""radius_yards"": 30.0, ""trigger_spell"": 0, ""type"": 65}",,,266,,,"{""ActiveIconID"": 122, ""AttributesEx6"": 67108864, ""AuraDescription_Lang_Mask"": 16712190, ""AuraDescription_Lang_enUS"": ""Nature resistance increased by $s1."", ""BaseLevel"": 46, ""CastingTimeIndex"": 1, ""DefenseType"": 1, ""Description_Lang_Mask"": 16712190, ""Description_Lang_enUS"": ""The hunter, group and raid members within $a1 yards take on the aspect of the wild, increasing Nature resistance by $s1.  Only one Aspect can be active at a time."", ""EffectBonusMultiplier_2"": 1.0, ""EffectChainAmplitude_1"": 1.0, ""EffectChainAmplitude_2"": 1.0, ""EffectChainAmplitude_3"": 1.0, ""EquippedItemClass"": -1, ""MaxLevel"": 80, ""NameSubtext_Lang_Mask"": 16712190, ""NameSubtext_Lang_enUS"": """", ""Name_Lang_Mask"": 16712190, ""PreventionType"": 1, ""ProcChance"": 101, ""RangeIndex"": 1, ""SpellClassMask_2"": 4194304, ""SpellClassSet"": 9, ""SpellLevel"": 46, ""SpellVisualID_1"": 5522}",pulled from existing data; single-rank bootstrap: BasePoints/BaseLevel/SpellLevel kept from rank 1 (learn level 46); RealPointsPerLevel from rank1->covers-60-overridden(undershoot-vs-top-rank) (anchor rank 4 @ level 80); coefficient/cast_time_ms/mana_cost_pct from max rank; MaxLevel set to 80
20736,Distracting Shot,64,0,16,65538,911,-1000000,0,8000,0,0,7,35.0,,6000,"{""amplitude"": 0, ""apply_aura"": 0, ""base_points"": 109, ""chain_targets"": 0, ""die_sides"": 1, ""implicit_target_a"": 6, ""implicit_target_b"": 0, ""mechanic"": 0, ""misc_value"": 0, ""points_per_level"": 1.5, ""radius_yards"": null, ""trigger_spell"": 0, ""type"": 63}","{""amplitude"": 0, ""apply_aura"": 11, ""base_points"": 0, ""chain_targets"": 0, ""die_sides"": 0, ""implicit_target_a"": 6, ""implicit_target_b"": 0, ""mechanic"": 0, ""misc_value"": 0, ""points_per_level"": 0.0, ""radius_yards"": null, ""trigger_spell"": 0, ""type"": 6}",,1499,,,"{""AttributesEx"": 131072, ""AttributesEx2"": 131072, ""AttributesEx4"": 2048, ""AttributesEx6"": 8388608, ""AuraDescription_Lang_Mask"": 16712190, ""AuraDescription_Lang_enUS"": ""Distracted."", ""BaseLevel"": 12, ""CastingTimeIndex"": 18, ""DefenseType"": 3, ""Description_Lang_Mask"": 16712190, ""Description_Lang_enUS"": ""Distracts the target to attack you, but has no effect if the target is already attacking you. Lasts $56559d."", ""EffectChainAmplitude_1"": 1.0, ""EffectChainAmplitude_2"": 1.0, ""EffectChainAmplitude_3"": 1.0, ""EquippedItemClass"": 2, ""EquippedItemSubclass"": 262156, ""FacingCasterFlags"": 1, ""MaxLevel"": 19, ""ModalNextSpell"": 75, ""NameSubtext_Lang_Mask"": 16712190, ""NameSubtext_Lang_enUS"": ""Rank 1"", ""Name_Lang_Mask"": 16712190, ""PreventionType"": 2, ""ProcChance"": 101, ""RangeIndex"": 114, ""Speed"": 40.0, ""SpellClassMask_1"": 65536, ""SpellClassMask_2"": 131072, ""SpellClassSet"": 9, ""SpellLevel"": 12, ""SpellVisualID_1"": 5794, ""StartRecoveryCategory"": 133, ""StartRecoveryTime"": 1500}",pulled from existing data
24131,Wyvern Sting,8,4,0,159383552,0,0,0,0,0,0,0,50000.0,,6000,"{""amplitude"": 2000, ""apply_aura"": 3, ""base_points"": 99, ""chain_targets"": 0, ""die_sides"": 1, ""implicit_target_a"": 25, ""implicit_target_b"": 0, ""mechanic"": 0, ""misc_value"": 0, ""points_per_level"": 18.0, ""radius_yards"": null, ""trigger_spell"": 0, ""type"": 6}",,,1721,,,"{""AttributesEx"": 32, ""AttributesEx2"": 4, ""AuraDescription_Lang_Mask"": 16712190, ""AuraDescription_Lang_enUS"": ""$s1 Nature damage every $t1 seconds."", ""BaseLevel"": 40, ""CastingTimeIndex"": 1, ""Description_Lang_Mask"": 16712190, ""Description_Lang_enUS"": ""A stinging shot that puts the target to sleep for $19386d.  Any damage will cancel the effect.  When the target wakes up, the Sting causes $24131o1 Nature damage over $24131d.  Only one Sting per Hunter can be active on the target at a time."", ""EffectBasePoints_2"": -1, ""EffectBonusMultiplier_1"": 0.16699999570846558, ""EffectChainAmplitude_1"": 1.0, ""EffectChainAmplitude_2"": 1.0, ""EffectChainAmplitude_3"": 1.0, ""EffectDieSides_2"": 1, ""EquippedItemClass"": -1, ""MaxLevel"": 80, ""NameSubtext_Lang_Mask"": 16712190, ""NameSubtext_Lang_enUS"": """", ""Name_Lang_Mask"": 16712190, ""ProcChance"": 101, ""SpellClassMask_2"": 256, ""SpellClassSet"": 9, ""SpellLevel"": 40, ""SpellVisualID_1"": 7206}",pulled from existing data; single-rank bootstrap: BasePoints/BaseLevel/SpellLevel kept from rank 1 (learn level 40); RealPointsPerLevel from rank1->covers-60-overridden(undershoot-vs-top-rank) (anchor rank 6 @ level 80); coefficient/cast_time_ms/mana_cost_pct from max rank; MaxLevel set to 80
24423,Demoralizing Screech,1,0,0,67436560,36,0,0,10000,2,20,0,5.0,,10000,"{""amplitude"": 0, ""apply_aura"": 0, ""base_points"": 6, ""chain_targets"": 0, ""die_sides"": 3, ""implicit_target_a"": 6, ""implicit_target_b"": 0, ""mechanic"": 0, ""misc_value"": 0, ""points_per_level"": 0.9873417721518988, ""radius_yards"": null, ""trigger_spell"": 0, ""type"": 2}","{""amplitude"": 0, ""apply_aura"": 99, ""base_points"": -36, ""chain_targets"": 0, ""die_sides"": 1, ""implicit_target_a"": 22, ""implicit_target_b"": 15, ""mechanic"": 0, ""misc_value"": 0, ""points_per_level"": -6.822784810126582, ""radius_yards"": 5.0, ""trigger_spell"": 0, ""type"": 6}",,1579,,,"{""AttributesEx"": 512, ""AuraDescription_Lang_Mask"": 16712190, ""AuraDescription_Lang_enUS"": ""Melee attack power reduced by $s2."", ""BaseLevel"": 1, ""CastingTimeIndex"": 1, ""DefenseType"": 1, ""Description_Lang_Mask"": 16712190, ""Description_Lang_enUS"": ""Blasts a single enemy for $s1 damage and lowers the melee attack power of all enemies in melee range by $s2.  Effect lasts $d."", ""EffectBonusMultiplier_2"": 1.0, ""EffectChainAmplitude_1"": 1.0, ""EffectChainAmplitude_2"": 1.0, ""EffectChainAmplitude_3"": 1.0, ""EquippedItemClass"": -1, ""MaxLevel"": 80, ""NameSubtext_Lang_Mask"": 16712190, ""NameSubtext_Lang_enUS"": """", ""Name_Lang_Mask"": 16712190, ""PreventionType"": 1, ""ProcChance"": 101, ""RangeIndex"": 2, ""SpellClassMask_2"": 268435456, ""SpellClassSet"": 9, ""SpellLevel"": 1, ""SpellVisualID_1"": 7302, ""StartRecoveryCategory"": 133, ""StartRecoveryTime"": 1500}",pulled from existing data; single-rank bootstrap: BasePoints/BaseLevel/SpellLevel kept from rank 1 (learn level 1); RealPointsPerLevel from rank1->covers-60-overridden(undershoot-vs-top-rank) (anchor rank 6 @ level 80); coefficient/cast_time_ms/mana_cost_pct from max rank; MaxLevel set to 80
24450,Prowl,1,5,0,437583888,38,0,0,10000,2,0,0,0.0,,-1,"{""amplitude"": 0, ""apply_aura"": 16, ""base_points"": 149, ""chain_targets"": 0, ""die_sides"": 1, ""implicit_target_a"": 1, ""implicit_target_b"": 0, ""mechanic"": 0, ""misc_value"": 0, ""points_per_level"": 2.542372881355932, ""radius_yards"": null, ""trigger_spell"": 0, ""type"": 6}","{""amplitude"": 0, ""apply_aura"": 33, ""base_points"": -51, ""chain_targets"": 0, ""die_sides"": 1, ""implicit_target_a"": 1, ""implicit_target_b"": 0, ""mechanic"": 0, ""misc_value"": 0, ""points_per_level"": 0.1694915254237288, ""radius_yards"": null, ""trigger_spell"": 0, ""type"": 6}","{""amplitude"": 0, ""apply_aura"": 79, ""base_points"": 19, ""chain_targets"": 0, ""die_sides"": 1, ""implicit_target_a"": 1, ""implicit_target_b"": 0, ""mechanic"": 0, ""misc_value"": 65, ""points_per_level"": 0.5084745762711864, ""radius_yards"": null, ""trigger_spell"": 0, ""type"": 6}",495,,,"{""ActiveIconID"": 252, ""AttributesEx"": 16, ""AttributesEx2"": 2097152, ""AuraDescription_Lang_Mask"": 16712190, ""AuraDescription_Lang_enUS"": ""Stealthed.\r\nMovement speed slowed by $s2%."", ""AuraInterruptFlags"": 140291, ""BaseLevel"": 1, ""CastingTimeIndex"": 1, ""Description_Lang_Mask"": 16712190, ""Description_Lang_enUS"": ""Puts your pet in stealth mode, but slows its movement speed by $s2%. The first attack from stealth receives a $s3% bonus to damage.  Lasts until cancelled."", ""EffectBonusMultiplier_2"": 1.0, ""EffectBonusMultiplier_3"": 1.0, ""EffectChainAmplitude_1"": 1.0, ""EffectChainAmplitude_2"": 1.0, ""EffectChainAmplitude_3"": 1.0, ""EquippedItemClass"": -1, ""ExcludeCasterAuraState"": 12, ""MaxLevel"": 80, ""NameSubtext_Lang_Mask"": 16712190, ""NameSubtext_Lang_enUS"": """", ""Name_Lang_Mask"": 16712190, ""ProcChance"": 101, ""ProcCharges"": 1, ""ProcTypeMask"": 332116, ""RangeIndex"": 1, ""SpellClassMask_2"": 268435456, ""SpellClassSet"": 9, ""SpellLevel"": 1, ""SpellVisualID_1"": 184, ""StartRecoveryCategory"": 1178}",pulled from existing data; single-rank bootstrap: BasePoints/BaseLevel/SpellLevel kept from rank 1 (learn level 1); RealPointsPerLevel from rank1->covers-60 (anchor rank 3 @ level 60); coefficient/cast_time_ms/mana_cost_pct from max rank; MaxLevel set to 80
24604,Furious Howl,1,0,0,327696,0,0,40000,0,2,20,0,0.0,,20000,"{""amplitude"": 0, ""apply_aura"": 99, ""base_points"": 17, ""chain_targets"": 0, ""die_sides"": 1, ""implicit_target_a"": 20, ""implicit_target_b"": 0, ""mechanic"": 0, ""misc_value"": 1, ""points_per_level"": 3.8227848101265822, ""radius_yards"": 100.0, ""trigger_spell"": 0, ""type"": 6}","{""amplitude"": 0, ""apply_aura"": 124, ""base_points"": 17, ""chain_targets"": 0, ""die_sides"": 1, ""implicit_target_a"": 20, ""implicit_target_b"": 0, ""mechanic"": 0, ""misc_value"": 0, ""points_per_level"": 3.8227848101265822, ""radius_yards"": 100.0, ""trigger_spell"": 0, ""type"": 6}",,1573,,,"{""AttributesEx"": 512, ""AuraDescription_Lang_Mask"": 16712190, ""AuraDescription_Lang_enUS"": ""Increased melee and ranged attack power."", ""BaseLevel"": 1, ""CastingTimeIndex"": 1, ""DefenseType"": 2, ""Description_Lang_Mask"": 16712190, ""Description_Lang_enUS"": ""Increases melee and ranged attack power by $s1 for the wolf and its master for $d."", ""EffectChainAmplitude_1"": 1.0, ""EffectChainAmplitude_2"": 1.0, ""EffectChainAmplitude_3"": 1.0, ""EquippedItemClass"": -1, ""MaxLevel"": 80, ""NameSubtext_Lang_Mask"": 16712190, ""NameSubtext_Lang_enUS"": """", ""Name_Lang_Mask"": 16712190, ""PreventionType"": 2, ""ProcChance"": 101, ""RangeIndex"": 1, ""SpellClassMask_2"": 268435456, ""SpellClassSet"": 9, ""SpellLevel"": 1, ""SpellVisualID_1"": 7299}",pulled from existing data; single-rank bootstrap: BasePoints/BaseLevel/SpellLevel kept from rank 1 (learn level 1); RealPointsPerLevel from rank1->covers-60-overridden(undershoot-vs-top-rank) (anchor rank 6 @ level 80); coefficient/cast_time_ms/mana_cost_pct from max rank; MaxLevel set to 80
24640,Scorpid Poison,8,4,0,67436560,19,0,10000,0,2,20,0,5.0,,10000,"{""amplitude"": 0, ""apply_aura"": 0, ""base_points"": 4, ""chain_targets"": 0, ""die_sides"": 1, ""implicit_target_a"": 6, ""implicit_target_b"": 0, ""mechanic"": 0, ""misc_value"": 0, ""points_per_level"": -0.05063291139240506, ""radius_yards"": null, ""trigger_spell"": 0, ""type"": 63}","{""amplitude"": 2000, ""apply_aura"": 3, ""base_points"": 0, ""chain_targets"": 0, ""die_sides"": 1, ""implicit_target_a"": 6, ""implicit_target_b"": 0, ""mechanic"": 0, ""misc_value"": 0, ""points_per_level"": 0.24050632911392406, ""radius_yards"": null, ""trigger_spell"": 0, ""type"": 6}",,163,,,"{""AttributesEx"": 2097664, ""AuraDescription_Lang_Mask"": 16712190, ""AuraDescription_Lang_enUS"": ""$s2 Nature damage every $t2 sec."", ""BaseLevel"": 1, ""CastingTimeIndex"": 1, ""DefenseType"": 2, ""Description_Lang_Mask"": 16712190, ""Description_Lang_enUS"": ""Stings an enemy for $o2 Nature damage over $d."", ""EffectBonusMultiplier_1"": 1.0, ""EffectChainAmplitude_1"": 1.0, ""EffectChainAmplitude_2"": 1.0, ""EffectChainAmplitude_3"": 1.0, ""EquippedItemClass"": -1, ""FacingCasterFlags"": 1, ""MaxLevel"": 80, ""NameSubtext_Lang_Mask"": 16712190, ""NameSubtext_Lang_enUS"": """", ""Name_Lang_Mask"": 16712190, ""PreventionType"": 2, ""ProcChance"": 101, ""RangeIndex"": 2, ""SpellClassMask_2"": 268435456, ""SpellClassSet"": 9, ""SpellLevel"": 1, ""SpellVisualID_1"": 19, ""StartRecoveryCategory"": 133, ""StartRecoveryTime"": 1500}",pulled from existing data; single-rank bootstrap: BasePoints/BaseLevel/SpellLevel kept from rank 1 (learn level 1); RealPointsPerLevel from rank1->covers-60-overridden(undershoot-vs-top-rank) (anchor rank 6 @ level 80); coefficient/cast_time_ms/mana_cost_pct from max rank; MaxLevel set to 80
24844,Lightning Breath,8,0,0,65536,2,0,10000,0,2,20,0,20.0,,,"{""amplitude"": 0, ""apply_aura"": 0, ""base_points"": 5, ""chain_targets"": 0, ""die_sides"": 3, ""implicit_target_a"": 6, ""implicit_target_b"": 0, ""mechanic"": 0, ""misc_value"": 0, ""points_per_level"": 0.9367088607594937, ""radius_yards"": null, ""trigger_spell"": 0, ""type"": 2}",,,62,,,"{""AttributesEx"": 512, ""AuraDescription_Lang_Mask"": 16712188, ""BaseLevel"": 1, ""CastingTimeIndex"": 1, ""ChannelInterruptFlags"": 2, ""DefenseType"": 1, ""Description_Lang_Mask"": 16712190, ""Description_Lang_enUS"": ""Breathes lightning, instantly dealing $s1 Nature damage to a single target."", ""EffectBonusMultiplier_2"": 1.0, ""EffectChainAmplitude_1"": 1.0, ""EffectChainAmplitude_2"": 1.0, ""EffectChainAmplitude_3"": 1.0, ""EquippedItemClass"": -1, ""FacingCasterFlags"": 1, ""InterruptFlags"": 4, ""MaxLevel"": 80, ""NameSubtext_Lang_Mask"": 16712190, ""NameSubtext_Lang_enUS"": """", ""Name_Lang_Mask"": 16712190, ""PreventionType"": 1, ""ProcChance"": 101, ""ProcCharges"": 1, ""ProcTypeMask"": 40, ""SpellClassMask_2"": 268435456, ""SpellClassSet"": 9, ""SpellLevel"": 1, ""SpellVisualID_1"": 173, ""StartRecoveryCategory"": 133, ""StartRecoveryTime"": 1500}",pulled from existing data; single-rank bootstrap: BasePoints/BaseLevel/SpellLevel kept from rank 1 (learn level 1); RealPointsPerLevel from rank1->covers-60-overridden(undershoot-vs-top-rank) (anchor rank 6 @ level 80); coefficient/cast_time_ms/mana_cost_pct from max rank; MaxLevel set to 80
25294,Multi-Shot,1,0,0,65538,85,0,0,10000,0,0,9,35.0,,,"{""amplitude"": 0, ""apply_aura"": 0, ""base_points"": 149, ""chain_targets"": 3, ""die_sides"": 1, ""implicit_target_a"": 6, ""implicit_target_b"": 0, ""mechanic"": 0, ""misc_value"": 0, ""points_per_level"": 0.0, ""radius_yards"": null, ""trigger_spell"": 0, ""type"": 121}",,,85,,,"{""AttributesEx2"": 131072, ""AttributesEx5"": 32768, ""AuraDescription_Lang_Mask"": 16712188, ""BaseLevel"": 60, ""CastingTimeIndex"": 1, ""DefenseType"": 3, ""Description_Lang_Mask"": 16712190, ""Description_Lang_enUS"": ""Fires several missiles, hitting $x1 targets for an additional $s1 damage."", ""EffectBonusMultiplier_1"": 1.0, ""EffectChainAmplitude_1"": 1.0, ""EffectChainAmplitude_2"": 1.0, ""EffectChainAmplitude_3"": 1.0, ""EquippedItemClass"": 2, ""EquippedItemSubclass"": 262156, ""FacingCasterFlags"": 1, ""InterruptFlags"": 9, ""ModalNextSpell"": 75, ""NameSubtext_Lang_Mask"": 16712190, ""NameSubtext_Lang_enUS"": ""Rank 5"", ""Name_Lang_Mask"": 16712190, ""PreventionType"": 2, ""ProcChance"": 101, ""RangeIndex"": 114, ""Speed"": 30.0, ""SpellClassMask_1"": 4096, ""SpellClassSet"": 9, ""SpellLevel"": 60, ""SpellPriority"": 50, ""SpellVisualID_1"": 567, ""StartRecoveryCategory"": 133, ""StartRecoveryTime"": 1500}","pulled from existing data; step-7: superseded rank, kept (referenced by item_template spellid)"
25295,Serpent Sting,8,4,0,65538,0,-1000000,0,0,0,0,9,35.0,,15000,"{""amplitude"": 3000, ""apply_aura"": 3, ""base_points"": 110, ""chain_targets"": 0, ""die_sides"": 1, ""implicit_target_a"": 6, ""implicit_target_b"": 0, ""mechanic"": 0, ""misc_value"": 0, ""points_per_level"": 0.0, ""radius_yards"": null, ""trigger_spell"": 0, ""type"": 6}","{""amplitude"": 0, ""apply_aura"": 271, ""base_points"": -1, ""chain_targets"": 0, ""die_sides"": 1, ""implicit_target_a"": 6, ""implicit_target_b"": 0, ""mechanic"": 0, ""misc_value"": 127, ""points_per_level"": 0.0, ""radius_yards"": null, ""trigger_spell"": 0, ""type"": 6}",,536,,,"{""AttributesEx2"": 131072, ""AttributesEx6"": 8388608, ""AuraDescription_Lang_Mask"": 16712190, ""AuraDescription_Lang_enUS"": ""Causes $s1 Nature damage every $t1 seconds."", ""BaseLevel"": 60, ""CastingTimeIndex"": 18, ""DefenseType"": 3, ""Description_Lang_Mask"": 16712190, ""Description_Lang_enUS"": ""Stings the target, causing ${$RAP*0.2+$m1*$d/3} Nature damage over $d.  Only one Sting per Hunter can be active on any one target."", ""EffectChainAmplitude_1"": 1.0, ""EffectChainAmplitude_2"": 1.0, ""EffectChainAmplitude_3"": 1.0, ""EffectSpellClassMaskB_1"": 162311, ""EffectSpellClassMaskB_2"": 2290221313, ""EffectSpellClassMaskB_3"": 246273, ""EquippedItemClass"": 2, ""EquippedItemSubclass"": 262156, ""FacingCasterFlags"": 1, ""MaxLevel"": 66, ""ModalNextSpell"": 75, ""NameSubtext_Lang_Mask"": 16712190, ""NameSubtext_Lang_enUS"": ""Rank 9"", ""Name_Lang_Mask"": 16712190, ""PreventionType"": 2, ""ProcChance"": 101, ""RangeIndex"": 114, ""Speed"": 40.0, ""SpellClassMask_1"": 16384, ""SpellClassSet"": 9, ""SpellLevel"": 60, ""SpellVisualID_1"": 3179, ""StartRecoveryCategory"": 133, ""StartRecoveryTime"": 1500}","pulled from existing data; step-7: superseded rank, kept (referenced by item_template spellid)"
25296,Aspect of the Hawk,8,0,0,327680,47,0,0,1000,0,0,0,0.0,,-1,"{""amplitude"": 0, ""apply_aura"": 124, ""base_points"": 119, ""chain_targets"": 0, ""die_sides"": 1, ""implicit_target_a"": 1, ""implicit_target_b"": 0, ""mechanic"": 0, ""misc_value"": 0, ""points_per_level"": 0.0, ""radius_yards"": null, ""trigger_spell"": 0, ""type"": 6}","{""amplitude"": 0, ""apply_aura"": 42, ""base_points"": -1, ""chain_targets"": 0, ""die_sides"": 1, ""implicit_target_a"": 1, ""implicit_target_b"": 0, ""mechanic"": 0, ""misc_value"": 0, ""points_per_level"": 0.0, ""radius_yards"": null, ""trigger_spell"": 6150, ""type"": 6}",,112,,,"{""ActiveIconID"": 122, ""AuraDescription_Lang_Mask"": 16712190, ""AuraDescription_Lang_enUS"": ""Increases ranged attack power by $s1."", ""BaseLevel"": 60, ""CastingTimeIndex"": 1, ""DefenseType"": 1, ""Description_Lang_Mask"": 16712190, ""Description_Lang_enUS"": ""The hunter takes on the aspects of a hawk, increasing ranged attack power by $s1.  Only one Aspect can be active at a time."", ""EffectChainAmplitude_1"": 1.0, ""EffectChainAmplitude_2"": 1.0, ""EffectChainAmplitude_3"": 1.0, ""EquippedItemClass"": -1, ""NameSubtext_Lang_Mask"": 16712190, ""NameSubtext_Lang_enUS"": ""Rank 7"", ""Name_Lang_Mask"": 16712190, ""PreventionType"": 1, ""ProcTypeMask"": 87376, ""RangeIndex"": 1, ""SpellClassMask_1"": 1048576, ""SpellClassSet"": 9, ""SpellLevel"": 60, ""SpellVisualID_1"": 3161}","pulled from existing data; step-7: superseded rank, kept (referenced by item_template spellid)"
34026,Kill Command,1,0,0,327680,1171,0,0,60000,0,0,3,45.0,,30000,"{""amplitude"": 0, ""apply_aura"": 4, ""base_points"": 0, ""chain_targets"": 0, ""die_sides"": 0, ""implicit_target_a"": 1, ""implicit_target_b"": 0, ""mechanic"": 0, ""misc_value"": 0, ""points_per_level"": 0.0, ""radius_yards"": null, ""trigger_spell"": 0, ""type"": 6}",,,2226,,,"{""AttributesEx"": 268436480, ""AttributesEx2"": 4, ""AuraDescription_Lang_Mask"": 16712188, ""BaseLevel"": 66, ""CastingTimeIndex"": 1, ""Description_Lang_Mask"": 16712190, ""Description_Lang_enUS"": ""Give the command to kill, increasing your pet's damage done from special attacks by ${$34027M1*3}% for $34027d.  Each special attack done by the pet reduces the damage bonus by $34027s1%."", ""EffectChainAmplitude_1"": 1.0, ""EffectChainAmplitude_2"": 1.0, ""EffectChainAmplitude_3"": 1.0, ""EquippedItemClass"": -1, ""NameSubtext_Lang_Mask"": 16712190, ""Name_Lang_Mask"": 16712190, ""PreventionType"": 1, ""ProcChance"": 101, ""SpellClassMask_2"": 2048, ""SpellClassSet"": 9, ""SpellLevel"": 66}",pulled from existing data
34074,Aspect of the Viper,8,0,0,327680,47,0,0,1000,0,0,0,0.0,,-1,"{""amplitude"": 3000, ""apply_aura"": 21, ""base_points"": 3, ""chain_targets"": 0, ""die_sides"": 1, ""implicit_target_a"": 1, ""implicit_target_b"": 0, ""mechanic"": 0, ""misc_value"": 0, ""points_per_level"": 0.0, ""radius_yards"": null, ""trigger_spell"": 0, ""type"": 6}","{""amplitude"": 0, ""apply_aura"": 79, ""base_points"": -51, ""chain_targets"": 0, ""die_sides"": 1, ""implicit_target_a"": 1, ""implicit_target_b"": 0, ""mechanic"": 0, ""misc_value"": 127, ""points_per_level"": 0.0, ""radius_yards"": null, ""trigger_spell"": 0, ""type"": 6}",,2227,,,"{""ActiveIconID"": 122, ""AttributesEx"": 1024, ""AuraDescription_Lang_Mask"": 16712190, ""AuraDescription_Lang_enUS"": ""Your ranged and melee attacks regenerate a percentage of your base mana, but your total damage done is reduced by $s2%.  In addition, you gain $s1% of maximum mana every $t sec."", ""BaseLevel"": 20, ""CastingTimeIndex"": 1, ""DefenseType"": 1, ""Description_Lang_Mask"": 16712190, ""Description_Lang_enUS"": ""The hunter takes on the aspect of the viper, causing ranged and melee attacks to regenerate mana but reducing your total damage done by $34074s2%.  In addition, you gain $s1% of maximum mana every $t sec.  Mana gained is based on the speed of your ranged weapon. Requires a ranged weapon. Only one Aspect can be active at a time."", ""EffectChainAmplitude_1"": 1.0, ""EffectChainAmplitude_2"": 1.0, ""EffectChainAmplitude_3"": 1.0, ""EquippedItemClass"": -1, ""NameSubtext_Lang_Mask"": 16712172, ""Name_Lang_Mask"": 16712190, ""PreventionType"": 1, ""ProcChance"": 100, ""ProcTypeMask"": 69972, ""RangeIndex"": 1, ""SpellClassMask_2"": 262144, ""SpellClassSet"": 9, ""SpellLevel"": 20, ""SpellVisualID_1"": 3399}",pulled from existing data
34472,Silent Hunter,1,0,0,464,0,0,0,0,0,0,0,0.0,,-1,"{""amplitude"": 0, ""apply_aura"": 10, ""base_points"": -6, ""chain_targets"": 0, ""die_sides"": 1, ""implicit_target_a"": 1, ""implicit_target_b"": 0, ""mechanic"": 0, ""misc_value"": 127, ""points_per_level"": -0.16666666666666666, ""radius_yards"": null, ""trigger_spell"": 0, ""type"": 6}",,,2221,,,"{""AuraDescription_Lang_Mask"": 16712188, ""CastingTimeIndex"": 1, ""Description_Lang_Mask"": 16712190, ""Description_Lang_enUS"": ""Reduces threat from all attacks by $s1%."", ""EffectBonusMultiplier_1"": 1.0, ""EffectBonusMultiplier_3"": 1.0, ""EffectChainAmplitude_1"": 1.0, ""EffectChainAmplitude_2"": 1.0, ""EffectSpellClassMaskA_1"": 4096, ""EffectSpellClassMaskB_1"": 8192, ""EquippedItemClass"": -1, ""MaxLevel"": 80, ""NameSubtext_Lang_Mask"": 16712190, ""NameSubtext_Lang_enUS"": """", ""Name_Lang_Mask"": 16712190, ""ProcChance"": 101, ""RangeIndex"": 1, ""SpellClassSet"": 9}",pulled from existing data; single-rank bootstrap: BasePoints/BaseLevel/SpellLevel kept from rank 1 (learn level 0); RealPointsPerLevel from rank1->covers-60 (anchor rank 3 @ level 60); coefficient/cast_time_ms/mana_cost_pct from max rank; MaxLevel set to 80
34477,Misdirection,1,0,0,33619984,0,0,30000,0,0,0,9,100.0,,30000,"{""amplitude"": 0, ""apply_aura"": 0, ""base_points"": 99, ""chain_targets"": 0, ""die_sides"": 1, ""implicit_target_a"": 57, ""implicit_target_b"": 0, ""mechanic"": 0, ""misc_value"": 0, ""points_per_level"": 0.0, ""radius_yards"": null, ""trigger_spell"": 0, ""type"": 130}","{""amplitude"": 0, ""apply_aura"": 4, ""base_points"": 0, ""chain_targets"": 0, ""die_sides"": 0, ""implicit_target_a"": 1, ""implicit_target_b"": 0, ""mechanic"": 0, ""misc_value"": 0, ""points_per_level"": 0.0, ""radius_yards"": null, ""trigger_spell"": 0, ""type"": 6}",,2231,,,"{""AttributesEx"": 67634176, ""AttributesEx2"": 8, ""AttributesEx3"": 67108865, ""AttributesEx6"": 67108864, ""AuraDescription_Lang_Mask"": 16712190, ""AuraDescription_Lang_enUS"": ""Redirecting threat."", ""AuraInterruptFlags"": 131072, ""BaseLevel"": 70, ""CastingTimeIndex"": 1, ""Description_Lang_Mask"": 16712190, ""Description_Lang_enUS"": ""The current party or raid member targeted will receive the threat caused by your next damaging attack and all actions taken for $35079d afterwards."", ""EffectBasePoints_3"": -1, ""EffectChainAmplitude_1"": 1.0, ""EffectChainAmplitude_2"": 1.0, ""EffectChainAmplitude_3"": 1.0, ""EffectDieSides_3"": 1, ""EquippedItemClass"": -1, ""NameSubtext_Lang_Mask"": 16712188, ""Name_Lang_Mask"": 16712190, ""PreventionType"": 2, ""ProcChance"": 100, ""ProcTypeMask"": 2167124, ""SpellClassMask_2"": 1048576, ""SpellClassSet"": 9, ""SpellLevel"": 70, ""SpellVisualID_1"": 8373, ""StartRecoveryCategory"": 133, ""StartRecoveryTime"": 1500}",pulled from existing data
34478,Displacement,1,0,0,464,0,0,0,0,0,0,0,0.0,,-1,"{""amplitude"": 0, ""apply_aura"": 184, ""base_points"": -2, ""chain_targets"": 0, ""die_sides"": 1, ""implicit_target_a"": 1, ""implicit_target_b"": 0, ""mechanic"": 0, ""misc_value"": 0, ""points_per_level"": -0.03333333333333333, ""radius_yards"": null, ""trigger_spell"": 0, ""type"": 6}","{""amplitude"": 0, ""apply_aura"": 185, ""base_points"": -2, ""chain_targets"": 0, ""die_sides"": 1, ""implicit_target_a"": 1, ""implicit_target_b"": 0, ""mechanic"": 0, ""misc_value"": 0, ""points_per_level"": -0.03333333333333333, ""radius_yards"": null, ""trigger_spell"": 0, ""type"": 6}","{""amplitude"": 0, ""apply_aura"": 186, ""base_points"": -2, ""chain_targets"": 0, ""die_sides"": 1, ""implicit_target_a"": 1, ""implicit_target_b"": 0, ""mechanic"": 0, ""misc_value"": 126, ""points_per_level"": -0.03333333333333333, ""radius_yards"": null, ""trigger_spell"": 0, ""type"": 6}",2235,,,"{""AuraDescription_Lang_Mask"": 16712188, ""CastingTimeIndex"": 1, ""Description_Lang_Mask"": 16712190, ""Description_Lang_enUS"": ""Reduces your chance to be hit by all attacks by $s1%."", ""EffectBonusMultiplier_1"": 1.0, ""EffectChainAmplitude_1"": 1.0, ""EffectChainAmplitude_2"": 1.0, ""EffectChainAmplitude_3"": 1.0, ""EffectSpellClassMaskA_1"": 4096, ""EffectSpellClassMaskB_1"": 8192, ""EquippedItemClass"": -1, ""MaxLevel"": 80, ""NameSubtext_Lang_Mask"": 16712190, ""NameSubtext_Lang_enUS"": """", ""Name_Lang_Mask"": 16712190, ""ProcChance"": 101, ""RangeIndex"": 1, ""SpellClassSet"": 9}",pulled from existing data; single-rank bootstrap: BasePoints/BaseLevel/SpellLevel kept from rank 1 (learn level 0); RealPointsPerLevel from rank1->covers-60 (anchor rank 3 @ level 60); coefficient/cast_time_ms/mana_cost_pct from max rank; MaxLevel set to 80
34600,Snake Trap,4,0,0,65536,1249,0,0,30000,0,0,9,0.0,,30000,"{""amplitude"": 0, ""apply_aura"": 0, ""base_points"": 0, ""chain_targets"": 0, ""die_sides"": 0, ""implicit_target_a"": 47, ""implicit_target_b"": 0, ""mechanic"": 0, ""misc_value"": 183957, ""points_per_level"": 0.0, ""radius_yards"": 2.0, ""trigger_spell"": 0, ""type"": 106}",,,2295,,,"{""AuraDescription_Lang_Mask"": 16712188, ""BaseLevel"": 68, ""CastingTimeIndex"": 1, ""Description_Lang_Mask"": 16712190, ""Description_Lang_enUS"": ""Place a trap that will release several venomous snakes to attack the first enemy to approach.  The snakes will die after $57879d.  Trap will exist for $d.  Only one trap can be active at a time."", ""EffectBonusMultiplier_1"": 1.0, ""EffectChainAmplitude_1"": 1.0, ""EffectChainAmplitude_2"": 1.0, ""EffectChainAmplitude_3"": 1.0, ""EquippedItemClass"": -1, ""InterruptFlags"": 1, ""NameSubtext_Lang_Mask"": 16712190, ""Name_Lang_Mask"": 16712190, ""PreventionType"": 1, ""ProcChance"": 101, ""RangeIndex"": 1, ""SpellClassMask_1"": 128, ""SpellClassSet"": 9, ""SpellLevel"": 68, ""SpellVisualID_1"": 3302, ""StartRecoveryCategory"": 133, ""StartRecoveryTime"": 1500}",pulled from existing data
34833,Master Tactician,64,0,0,0,0,0,0,0,0,0,0,0.0,,8000,"{""amplitude"": 0, ""apply_aura"": 52, ""base_points"": 1, ""chain_targets"": 0, ""die_sides"": 1, ""implicit_target_a"": 1, ""implicit_target_b"": 0, ""mechanic"": 0, ""misc_value"": 0, ""points_per_level"": 0.13333333333333333, ""radius_yards"": null, ""trigger_spell"": 0, ""type"": 6}",,,2233,,,"{""AttributesEx2"": 4, ""AuraDescription_Lang_Mask"": 16712190, ""AuraDescription_Lang_enUS"": ""Critical strike chance with all attacks increased by $s1%."", ""CastingTimeIndex"": 1, ""Description_Lang_Mask"": 16712190, ""Description_Lang_enUS"": ""Your successful ranged attacks have a chance to increase your critical strike chance with all attacks by $34833s1% for $34833d."", ""EffectBonusMultiplier_1"": 1.0, ""EffectBonusMultiplier_3"": 1.0, ""EffectChainAmplitude_1"": 1.0, ""EffectChainAmplitude_2"": 1.0, ""EffectChainAmplitude_3"": 1.0, ""EffectSpellClassMaskA_1"": 522819, ""EffectSpellClassMaskA_2"": 129, ""EffectSpellClassMaskB_1"": 522819, ""EffectSpellClassMaskB_2"": 1, ""EquippedItemClass"": -1, ""MaxLevel"": 80, ""NameSubtext_Lang_Mask"": 16712190, ""NameSubtext_Lang_enUS"": """", ""Name_Lang_Mask"": 16712190, ""PreventionType"": 2, ""ProcChance"": 101, ""RangeIndex"": 1, ""SpellClassSet"": 9}",pulled from existing data; single-rank bootstrap: BasePoints/BaseLevel/SpellLevel kept from rank 1 (learn level 0); RealPointsPerLevel from rank1->covers-60 (anchor rank 5 @ level 60); coefficient/cast_time_ms/mana_cost_pct from max rank; MaxLevel set to 80
34889,Fire Breath,4,0,0,65536,2,0,10000,0,2,20,0,20.0,,2000,"{""amplitude"": 0, ""apply_aura"": 0, ""base_points"": 2, ""chain_targets"": 0, ""die_sides"": 3, ""implicit_target_a"": 6, ""implicit_target_b"": 0, ""mechanic"": 0, ""misc_value"": 0, ""points_per_level"": 0.5063291139240507, ""radius_yards"": null, ""trigger_spell"": 0, ""type"": 2}","{""amplitude"": 1000, ""apply_aura"": 3, ""base_points"": 0, ""chain_targets"": 0, ""die_sides"": 3, ""implicit_target_a"": 6, ""implicit_target_b"": 0, ""mechanic"": 0, ""misc_value"": 0, ""points_per_level"": 0.26582278481012656, ""radius_yards"": null, ""trigger_spell"": 0, ""type"": 6}",,2128,,,"{""AttributesEx"": 512, ""AttributesEx2"": 536870912, ""AuraDescription_Lang_Mask"": 16712190, ""AuraDescription_Lang_enUS"": ""Fire damage every $t second."", ""BaseLevel"": 1, ""CastingTimeIndex"": 1, ""ChannelInterruptFlags"": 2, ""DefenseType"": 1, ""Description_Lang_Mask"": 16712190, ""Description_Lang_enUS"": ""Breathes Fire on the target for $s1 damage plus $o2 damage over $d."", ""EffectChainAmplitude_1"": 1.0, ""EffectChainAmplitude_2"": 1.0, ""EffectChainAmplitude_3"": 1.0, ""EquippedItemClass"": -1, ""FacingCasterFlags"": 1, ""InterruptFlags"": 5, ""MaxLevel"": 80, ""NameSubtext_Lang_Mask"": 16712190, ""NameSubtext_Lang_enUS"": """", ""Name_Lang_Mask"": 16712190, ""PreventionType"": 1, ""ProcChance"": 101, ""ProcTypeMask"": 40, ""SpellClassMask_2"": 268436480, ""SpellClassSet"": 9, ""SpellLevel"": 1, ""SpellVisualID_1"": 8256, ""StartRecoveryCategory"": 133, ""StartRecoveryTime"": 1500}",pulled from existing data; single-rank bootstrap: BasePoints/BaseLevel/SpellLevel kept from rank 1 (learn level 1); RealPointsPerLevel from rank1->covers-60-overridden(undershoot-vs-top-rank) (anchor rank 6 @ level 80); coefficient/cast_time_ms/mana_cost_pct from max rank; MaxLevel set to 80
35098,Rapid Killing,1,0,0,134217728,0,0,0,0,0,0,0,0.0,,20000,"{""amplitude"": 0, ""apply_aura"": 108, ""base_points"": 9, ""chain_targets"": 0, ""die_sides"": 1, ""implicit_target_a"": 1, ""implicit_target_b"": 0, ""mechanic"": 0, ""misc_value"": 0, ""points_per_level"": 0.16666666666666666, ""radius_yards"": null, ""trigger_spell"": 0, ""type"": 6}",,,2285,,,"{""AuraDescription_Lang_Mask"": 16712190, ""AuraDescription_Lang_enUS"": ""Damage of your next Aimed Shot, Arcane Shot or Chimera Shot increased by $s1%."", ""CastingTimeIndex"": 1, ""Description_Lang_Mask"": 16712190, ""Description_Lang_enUS"": ""Reduces the cooldown of your Rapid Fire ability by $/60000;34948s2 min.  In addition, after killing an opponent that yields experience or honor, your next Aimed Shot, Arcane Shot or Chimera Shot causes $35098s1% additional damage.  Lasts $35098d."", ""EffectBonusMultiplier_1"": 1.0, ""EffectChainAmplitude_1"": 1.0, ""EffectChainAmplitude_2"": 1.0, ""EffectChainAmplitude_3"": 1.0, ""EffectSpellClassMaskA_1"": 133120, ""EffectSpellClassMaskA_3"": 1, ""EquippedItemClass"": -1, ""MaxLevel"": 80, ""NameSubtext_Lang_Mask"": 16712190, ""NameSubtext_Lang_enUS"": """", ""Name_Lang_Mask"": 16712190, ""ProcChance"": 100, ""ProcCharges"": 1, ""ProcTypeMask"": 320, ""RangeIndex"": 1, ""SpellClassMask_2"": 16777216, ""SpellClassSet"": 9}",pulled from existing data; single-rank bootstrap: BasePoints/BaseLevel/SpellLevel kept from rank 1 (learn level 0); RealPointsPerLevel from rank1->covers-60 (anchor rank 2 @ level 60); coefficient/cast_time_ms/mana_cost_pct from max rank; MaxLevel set to 80
35290,Gore,1,0,0,327696,0,0,10000,0,2,20,0,5.0,,,"{""amplitude"": 0, ""apply_aura"": 0, ""base_points"": 8, ""chain_targets"": 0, ""die_sides"": 3, ""implicit_target_a"": 6, ""implicit_target_b"": 0, ""mechanic"": 0, ""misc_value"": 0, ""points_per_level"": 1.4303797468354431, ""radius_yards"": null, ""trigger_spell"": 0, ""type"": 2}",,,1578,,,"{""AttributesEx"": 512, ""AuraDescription_Lang_Mask"": 16712188, ""BaseLevel"": 1, ""CastingTimeIndex"": 1, ""DefenseType"": 2, ""Description_Lang_Mask"": 16712190, ""Description_Lang_enUS"": ""Your boar gores the enemy for $35290s1.  Causes double damage if used within 6 sec of a Charge."", ""EffectChainAmplitude_1"": 1.0, ""EffectChainAmplitude_2"": 1.0, ""EffectChainAmplitude_3"": 1.0, ""EquippedItemClass"": -1, ""FacingCasterFlags"": 1, ""ImplicitTargetA_2"": 6, ""MaxLevel"": 80, ""NameSubtext_Lang_Mask"": 16712190, ""NameSubtext_Lang_enUS"": """", ""Name_Lang_Mask"": 16712190, ""PreventionType"": 2, ""ProcChance"": 101, ""RangeIndex"": 2, ""SpellClassMask_2"": 268435456, ""SpellClassSet"": 9, ""SpellLevel"": 1, ""SpellVisualID_1"": 6762, ""StartRecoveryCategory"": 133, ""StartRecoveryTime"": 1500}",pulled from existing data; single-rank bootstrap: BasePoints/BaseLevel/SpellLevel kept from rank 1 (learn level 1); RealPointsPerLevel from rank1->covers-60-overridden(undershoot-vs-top-rank) (anchor rank 6 @ level 80); coefficient/cast_time_ms/mana_cost_pct from max rank; MaxLevel set to 80
35387,Poison Spit,8,4,0,65536,18,0,0,10000,2,20,0,30.0,,8000,"{""amplitude"": 2000, ""apply_aura"": 3, ""base_points"": 0, ""chain_targets"": 0, ""die_sides"": 3, ""implicit_target_a"": 6, ""implicit_target_b"": 0, ""mechanic"": 0, ""misc_value"": 0, ""points_per_level"": 0.31645569620253167, ""radius_yards"": null, ""trigger_spell"": 0, ""type"": 6}","{""amplitude"": 0, ""apply_aura"": 216, ""base_points"": -26, ""chain_targets"": 0, ""die_sides"": 1, ""implicit_target_a"": 6, ""implicit_target_b"": 0, ""mechanic"": 0, ""misc_value"": 0, ""points_per_level"": 0.0, ""radius_yards"": null, ""trigger_spell"": 0, ""type"": 6}",,68,,,"{""AttributesEx"": 512, ""AttributesEx5"": 512, ""AuraDescription_Lang_Mask"": 16712190, ""AuraDescription_Lang_enUS"": ""Nature damage inflicted every $t1 sec.\r\nCasting speed slowed by $s2%."", ""BaseLevel"": 1, ""CastingTimeIndex"": 1, ""DefenseType"": 1, ""Description_Lang_Mask"": 16712190, ""Description_Lang_enUS"": ""Spits poison at an enemy, dealing $o1 Nature damage over $d and reduces the target's casting speed by $s2% for $d."", ""EffectChainAmplitude_1"": 1.0, ""EffectChainAmplitude_2"": 1.0, ""EffectChainAmplitude_3"": 1.0, ""EquippedItemClass"": -1, ""FacingCasterFlags"": 1, ""InterruptFlags"": 9, ""MaxLevel"": 80, ""NameSubtext_Lang_Mask"": 16712190, ""NameSubtext_Lang_enUS"": """", ""Name_Lang_Mask"": 16712190, ""PreventionType"": 1, ""ProcChance"": 101, ""Speed"": 40.0, ""SpellClassMask_2"": 268435456, ""SpellClassSet"": 9, ""SpellLevel"": 1, ""SpellVisualID_1"": 7910, ""StartRecoveryCategory"": 133, ""StartRecoveryTime"": 1500}",pulled from existing data; single-rank bootstrap: BasePoints/BaseLevel/SpellLevel kept from rank 1 (learn level 1); RealPointsPerLevel from rank1->covers-60-overridden(undershoot-vs-top-rank) (anchor rank 6 @ level 80); coefficient/cast_time_ms/mana_cost_pct from max rank; MaxLevel set to 80
42243,Volley,64,0,0,2,0,0,0,0,0,0,0,100.0,,,"{""amplitude"": 0, ""apply_aura"": 0, ""base_points"": 51, ""chain_targets"": 0, ""die_sides"": 1, ""implicit_target_a"": 76, ""implicit_target_b"": 16, ""mechanic"": 0, ""misc_value"": 0, ""points_per_level"": 7.525, ""radius_yards"": 8.0, ""trigger_spell"": 0, ""type"": 2}",,,126,,,"{""AttributesEx"": 136, ""AttributesEx2"": 1073741824, ""AttributesEx3"": 32, ""AttributesEx5"": 67108864, ""AuraDescription_Lang_Mask"": 16712188, ""BaseLevel"": 40, ""CastingTimeIndex"": 1, ""DefenseType"": 3, ""Description_Lang_Mask"": 16712190, ""Description_Lang_enUS"": ""Continuously fires a volley of ammo at the target area, causing ${$RAP*0.083700+$42243m1} Arcane damage to enemy targets within $a1 yards every ${$1510d/6}.2 $Lsecond:seconds; for $1510d."", ""EffectChainAmplitude_1"": 1.0, ""EffectChainAmplitude_2"": 1.0, ""EffectChainAmplitude_3"": 1.0, ""EquippedItemClass"": -1, ""MaxLevel"": 80, ""NameSubtext_Lang_Mask"": 16712190, ""NameSubtext_Lang_enUS"": """", ""Name_Lang_Mask"": 16712190, ""PreventionType"": 1, ""ProcChance"": 101, ""RangeIndex"": 135, ""SpellClassMask_1"": 8192, ""SpellClassSet"": 9, ""SpellLevel"": 40, ""SpellPriority"": 50, ""SpellVisualID_1"": 9493, ""StartRecoveryCategory"": 133}",pulled from existing data; single-rank bootstrap: BasePoints/BaseLevel/SpellLevel kept from rank 1 (learn level 40); RealPointsPerLevel from rank1->covers-60-overridden(undershoot-vs-top-rank) (anchor rank 6 @ level 80); coefficient/cast_time_ms/mana_cost_pct from max rank; MaxLevel set to 80
49966,Smack,1,0,0,327696,0,0,0,0,2,25,0,5.0,,,"{""amplitude"": 0, ""apply_aura"": 0, ""base_points"": 3, ""chain_targets"": 0, ""die_sides"": 3, ""implicit_target_a"": 6, ""implicit_target_b"": 0, ""mechanic"": 0, ""misc_value"": 0, ""points_per_level"": 1.4430379746835442, ""radius_yards"": null, ""trigger_spell"": 0, ""type"": 2}",,,473,,,"{""AttributesEx"": 512, ""AuraDescription_Lang_Mask"": 16712188, ""BaseLevel"": 1, ""CastingTimeIndex"": 1, ""DefenseType"": 2, ""Description_Lang_Mask"": 16712190, ""Description_Lang_enUS"": ""Smack the enemy, causing $s1 damage."", ""EffectChainAmplitude_1"": 1.0, ""EffectChainAmplitude_2"": 1.0, ""EffectChainAmplitude_3"": 1.0, ""EquippedItemClass"": -1, ""FacingCasterFlags"": 1, ""MaxLevel"": 80, ""NameSubtext_Lang_Mask"": 16712190, ""NameSubtext_Lang_enUS"": """", ""Name_Lang_Mask"": 16712190, ""PreventionType"": 2, ""ProcChance"": 101, ""RangeIndex"": 2, ""SpellClassMask_2"": 268435456, ""SpellClassSet"": 9, ""SpellLevel"": 1, ""SpellVisualID_1"": 6762, ""StartRecoveryCategory"": 133, ""StartRecoveryTime"": 1500}",pulled from existing data; single-rank bootstrap: BasePoints/BaseLevel/SpellLevel kept from rank 1 (learn level 1); RealPointsPerLevel from rank1->covers-60-overridden(undershoot-vs-top-rank) (anchor rank 11 @ level 80); coefficient/cast_time_ms/mana_cost_pct from max rank; MaxLevel set to 80
50245,Pin,1,1,7,1073741840,0,0,40000,0,2,0,0,5.0,,4000,"{""amplitude"": 0, ""apply_aura"": 26, ""base_points"": -1, ""chain_targets"": 0, ""die_sides"": 1, ""implicit_target_a"": 6, ""implicit_target_b"": 0, ""mechanic"": 0, ""misc_value"": 0, ""points_per_level"": 0.0, ""radius_yards"": null, ""trigger_spell"": 0, ""type"": 6}","{""amplitude"": 1000, ""apply_aura"": 3, ""base_points"": 0, ""chain_targets"": 0, ""die_sides"": 3, ""implicit_target_a"": 6, ""implicit_target_b"": 0, ""mechanic"": 0, ""misc_value"": 0, ""points_per_level"": 0.34177215189873417, ""radius_yards"": null, ""trigger_spell"": 0, ""type"": 6}",,2679,,,"{""AttributesEx"": 516, ""AttributesEx5"": 32, ""AuraDescription_Lang_Mask"": 16712190, ""AuraDescription_Lang_enUS"": ""Pinned in place."", ""BaseLevel"": 1, ""CastingTimeIndex"": 1, ""DefenseType"": 2, ""Description_Lang_Mask"": 16712190, ""Description_Lang_enUS"": ""Pins the target in place, and squeezes for $o2 damage over $d."", ""EffectBonusMultiplier_3"": 1.0, ""EffectChainAmplitude_1"": 1.0, ""EffectChainAmplitude_2"": 1.0, ""EffectChainAmplitude_3"": 1.0, ""EquippedItemClass"": -1, ""MaxLevel"": 80, ""NameSubtext_Lang_Mask"": 16712190, ""NameSubtext_Lang_enUS"": """", ""Name_Lang_Mask"": 16712190, ""PreventionType"": 2, ""ProcChance"": 100, ""RangeIndex"": 2, ""ShapeshiftExclude"": 2, ""SpellClassMask_2"": 268435456, ""SpellClassSet"": 9, ""SpellLevel"": 1, ""SpellVisualID_1"": 5287}",pulled from existing data; single-rank bootstrap: BasePoints/BaseLevel/SpellLevel kept from rank 1 (learn level 1); RealPointsPerLevel from rank1->covers-60-overridden(undershoot-vs-top-rank) (anchor rank 6 @ level 80); coefficient/cast_time_ms/mana_cost_pct from max rank; MaxLevel set to 80
50256,Swipe,1,0,0,262160,85,0,5000,0,2,20,0,5.0,,,"{""amplitude"": 0, ""apply_aura"": 0, ""base_points"": 5, ""chain_targets"": 1000, ""die_sides"": 3, ""implicit_target_a"": 6, ""implicit_target_b"": 0, ""mechanic"": 0, ""misc_value"": 0, ""points_per_level"": 1.0632911392405062, ""radius_yards"": null, ""trigger_spell"": 0, ""type"": 2}",,,1562,,,"{""AttributesEx"": 512, ""AttributesEx2"": 4096, ""AttributesEx5"": 32768, ""AuraDescription_Lang_Mask"": 16712188, ""BaseLevel"": 1, ""CastingTimeIndex"": 1, ""DefenseType"": 2, ""Description_Lang_Mask"": 16712190, ""Description_Lang_enUS"": ""Swipe nearby enemies, inflicting $s1 damage."", ""EffectChainAmplitude_1"": 1.0, ""EffectChainAmplitude_2"": 1.0, ""EffectChainAmplitude_3"": 1.0, ""EquippedItemClass"": -1, ""FacingCasterFlags"": 1, ""MaxLevel"": 80, ""NameSubtext_Lang_Mask"": 16712190, ""NameSubtext_Lang_enUS"": """", ""Name_Lang_Mask"": 16712190, ""PreventionType"": 2, ""ProcChance"": 101, ""RangeIndex"": 2, ""SpellClassMask_2"": 268435456, ""SpellClassSet"": 9, ""SpellLevel"": 1, ""SpellVisualID_1"": 189, ""StartRecoveryCategory"": 133, ""StartRecoveryTime"": 1500}",pulled from existing data; single-rank bootstrap: BasePoints/BaseLevel/SpellLevel kept from rank 1 (learn level 1); RealPointsPerLevel from rank1->covers-60-overridden(undershoot-vs-top-rank) (anchor rank 6 @ level 80); coefficient/cast_time_ms/mana_cost_pct from max rank; MaxLevel set to 80
50271,Tendon Rip,1,0,11,263184,36,0,0,20000,2,20,0,5.0,,6000,"{""amplitude"": 0, ""apply_aura"": 33, ""base_points"": -51, ""chain_targets"": 0, ""die_sides"": 1, ""implicit_target_a"": 6, ""implicit_target_b"": 0, ""mechanic"": 0, ""misc_value"": 0, ""points_per_level"": 0.0, ""radius_yards"": null, ""trigger_spell"": 0, ""type"": 6}","{""amplitude"": 0, ""apply_aura"": 0, ""base_points"": 1, ""chain_targets"": 0, ""die_sides"": 3, ""implicit_target_a"": 6, ""implicit_target_b"": 0, ""mechanic"": 0, ""misc_value"": 0, ""points_per_level"": 0.5949367088607594, ""radius_yards"": null, ""trigger_spell"": 0, ""type"": 2}",,138,,,"{""AttributesEx"": 512, ""AuraDescription_Lang_Mask"": 16712190, ""AuraDescription_Lang_enUS"": ""Movement speed reduced by $s1%."", ""BaseLevel"": 1, ""CastingTimeIndex"": 1, ""DefenseType"": 2, ""Description_Lang_Mask"": 16712190, ""Description_Lang_enUS"": ""Tears at an enemy's legs for $s2 damage and reduces movement speed by $s1% for $d."", ""EffectChainAmplitude_1"": 1.0, ""EffectChainAmplitude_2"": 1.0, ""EffectChainAmplitude_3"": 1.0, ""EquippedItemClass"": -1, ""MaxLevel"": 80, ""NameSubtext_Lang_Mask"": 16712190, ""NameSubtext_Lang_enUS"": """", ""Name_Lang_Mask"": 16712190, ""PreventionType"": 2, ""ProcChance"": 101, ""RangeIndex"": 2, ""SpellClassMask_2"": 268435456, ""SpellClassSet"": 9, ""SpellLevel"": 1, ""SpellVisualID_1"": 842}",pulled from existing data; single-rank bootstrap: BasePoints/BaseLevel/SpellLevel kept from rank 1 (learn level 1); RealPointsPerLevel from rank1->covers-60-overridden(undershoot-vs-top-rank) (anchor rank 6 @ level 80); coefficient/cast_time_ms/mana_cost_pct from max rank; MaxLevel set to 80
50274,Spore Cloud,8,0,0,16,0,0,10000,0,2,20,0,6.0,,9000,"{""amplitude"": 3000, ""apply_aura"": 3, ""base_points"": 0, ""chain_targets"": 0, ""die_sides"": 3, ""implicit_target_a"": 53, ""implicit_target_b"": 16, ""mechanic"": 0, ""misc_value"": 0, ""points_per_level"": 0.26582278481012656, ""radius_yards"": 6.0, ""trigger_spell"": 0, ""type"": 27}","{""amplitude"": 0, ""apply_aura"": 101, ""base_points"": -4, ""chain_targets"": 0, ""die_sides"": 1, ""implicit_target_a"": 28, ""implicit_target_b"": 0, ""mechanic"": 0, ""misc_value"": 1, ""points_per_level"": 0.0, ""radius_yards"": 6.0, ""trigger_spell"": 0, ""type"": 27}",,2681,,,"{""AttributesEx"": 512, ""AttributesEx3"": 262144, ""AuraDescription_Lang_Mask"": 16712190, ""AuraDescription_Lang_enUS"": ""Nature damage inflicted every $t1 sec.\r\nArmor reduced by $s2%."", ""BaseLevel"": 1, ""CastingTimeIndex"": 1, ""DefenseType"": 1, ""Description_Lang_Mask"": 16712190, ""Description_Lang_enUS"": ""Dusts nearby enemies with spores causing $s1 Nature damage every $t1 sec for $d and reducing armor by $s2%."", ""EffectChainAmplitude_1"": 1.0, ""EffectChainAmplitude_2"": 1.0, ""EffectChainAmplitude_3"": 1.0, ""EquippedItemClass"": -1, ""InterruptFlags"": 31, ""MaxLevel"": 80, ""NameSubtext_Lang_Mask"": 16712190, ""NameSubtext_Lang_enUS"": """", ""Name_Lang_Mask"": 16712190, ""PreventionType"": 1, ""ProcChance"": 101, ""SpellClassMask_2"": 268435456, ""SpellClassSet"": 9, ""SpellLevel"": 1, ""SpellVisualID_1"": 10409, ""StartRecoveryCategory"": 133, ""StartRecoveryTime"": 1500}",pulled from existing data; single-rank bootstrap: BasePoints/BaseLevel/SpellLevel kept from rank 1 (learn level 1); RealPointsPerLevel from rank1->covers-60-overridden(undershoot-vs-top-rank) (anchor rank 6 @ level 80); coefficient/cast_time_ms/mana_cost_pct from max rank; MaxLevel set to 80
50318,Serenity Dust,8,1,0,65536,0,0,60000,0,2,0,0,0.0,,15000,"{""amplitude"": 3000, ""apply_aura"": 8, ""base_points"": 7, ""chain_targets"": 0, ""die_sides"": 3, ""implicit_target_a"": 1, ""implicit_target_b"": 0, ""mechanic"": 0, ""misc_value"": 0, ""points_per_level"": 1.9873417721518987, ""radius_yards"": null, ""trigger_spell"": 0, ""type"": 6}","{""amplitude"": 0, ""apply_aura"": 166, ""base_points"": 9, ""chain_targets"": 0, ""die_sides"": 1, ""implicit_target_a"": 1, ""implicit_target_b"": 0, ""mechanic"": 0, ""misc_value"": 0, ""points_per_level"": 0.0, ""radius_yards"": null, ""trigger_spell"": 0, ""type"": 6}",,1714,,,"{""AttributesEx2"": 524288, ""AttributesEx3"": 128, ""AuraDescription_Lang_Mask"": 16712190, ""AuraDescription_Lang_enUS"": ""Attack power increased by $s2%.\r\nHealing $s1 damage every $t1 seconds."", ""BaseLevel"": 1, ""CastingTimeIndex"": 1, ""DefenseType"": 1, ""Description_Lang_Mask"": 16712190, ""Description_Lang_enUS"": ""The moth's wings produce a cloud of dust that increases its attack power by $s2% and heals it for $o1 over $d."", ""EffectChainAmplitude_1"": 1.0, ""EffectChainAmplitude_2"": 1.0, ""EffectChainAmplitude_3"": 1.0, ""EquippedItemClass"": -1, ""InterruptFlags"": 8, ""MaxLevel"": 80, ""NameSubtext_Lang_Mask"": 16712190, ""NameSubtext_Lang_enUS"": """", ""Name_Lang_Mask"": 16712190, ""PreventionType"": 1, ""ProcChance"": 101, ""RangeIndex"": 1, ""ShapeshiftMask"": 2147483648, ""SpellClassMask_2"": 268435456, ""SpellClassSet"": 9, ""SpellLevel"": 1, ""SpellPriority"": 50, ""SpellVisualID_1"": 8529}",pulled from existing data; single-rank bootstrap: BasePoints/BaseLevel/SpellLevel kept from rank 1 (learn level 1); RealPointsPerLevel from rank1->covers-60-overridden(undershoot-vs-top-rank) (anchor rank 6 @ level 80); coefficient/cast_time_ms/mana_cost_pct from max rank; MaxLevel set to 80
50433,Bad Attitude,1,0,0,0,0,0,120000,0,2,0,0,5.0,,45000,"{""amplitude"": 0, ""apply_aura"": 15, ""base_points"": 6, ""chain_targets"": 0, ""die_sides"": 3, ""implicit_target_a"": 1, ""implicit_target_b"": 0, ""mechanic"": 0, ""misc_value"": 0, ""points_per_level"": 1.0379746835443038, ""radius_yards"": null, ""trigger_spell"": 0, ""type"": 6}",,,1581,,,"{""AttributesEx"": 512, ""AuraDescription_Lang_Mask"": 16712190, ""AuraDescription_Lang_enUS"": ""Snap back when struck."", ""BaseLevel"": 1, ""CastingTimeIndex"": 1, ""Description_Lang_Mask"": 16712190, ""Description_Lang_enUS"": ""Snap back for $s1 damage at any target that strikes you for the next $d."", ""EffectChainAmplitude_1"": 1.0, ""EffectChainAmplitude_2"": 1.0, ""EffectChainAmplitude_3"": 1.0, ""EquippedItemClass"": -1, ""InterruptFlags"": 8, ""MaxLevel"": 80, ""NameSubtext_Lang_Mask"": 16712190, ""NameSubtext_Lang_enUS"": """", ""Name_Lang_Mask"": 16712190, ""PreventionType"": 2, ""ProcChance"": 101, ""RangeIndex"": 2, ""SpellClassMask_2"": 268435456, ""SpellClassSet"": 9, ""SpellLevel"": 1, ""SpellPriority"": 50, ""SpellVisualID_1"": 5287, ""StartRecoveryCategory"": 133, ""StartRecoveryTime"": 1500}",pulled from existing data; single-rank bootstrap: BasePoints/BaseLevel/SpellLevel kept from rank 1 (learn level 1); RealPointsPerLevel from rank1->covers-60-overridden(undershoot-vs-top-rank) (anchor rank 6 @ level 80); coefficient/cast_time_ms/mana_cost_pct from max rank; MaxLevel set to 80
50479,Nether Shock,32,0,0,0,19,0,40000,0,2,0,0,20.0,,,"{""amplitude"": 0, ""apply_aura"": 0, ""base_points"": 0, ""chain_targets"": 0, ""die_sides"": 0, ""implicit_target_a"": 6, ""implicit_target_b"": 0, ""mechanic"": 26, ""misc_value"": 0, ""points_per_level"": 0.0, ""radius_yards"": null, ""trigger_spell"": 62347, ""type"": 64}","{""amplitude"": 0, ""apply_aura"": 0, ""base_points"": 3, ""chain_targets"": 0, ""die_sides"": 3, ""implicit_target_a"": 6, ""implicit_target_b"": 0, ""mechanic"": 0, ""misc_value"": 0, ""points_per_level"": 0.759493670886076, ""radius_yards"": null, ""trigger_spell"": 0, ""type"": 2}",,2027,,,"{""AttributesEx"": 512, ""AuraDescription_Lang_Mask"": 16712188, ""BaseLevel"": 1, ""CastingTimeIndex"": 1, ""DefenseType"": 1, ""Description_Lang_Mask"": 16712190, ""Description_Lang_enUS"": ""Instantly lashes an enemy for $s2 Shadow damage.  Also interrupts spellcasting and prevents any spell in that school from being cast for $62347d."", ""EffectChainAmplitude_1"": 1.0, ""EffectChainAmplitude_2"": 1.0, ""EffectChainAmplitude_3"": 1.0, ""EquippedItemClass"": -1, ""FacingCasterFlags"": 1, ""MaxLevel"": 80, ""NameSubtext_Lang_Mask"": 16712190, ""NameSubtext_Lang_enUS"": """", ""Name_Lang_Mask"": 16712190, ""PreventionType"": 1, ""ProcChance"": 101, ""SpellClassMask_2"": 268435456, ""SpellClassSet"": 9, ""SpellLevel"": 1, ""SpellVisualID_1"": 4209}",pulled from existing data; single-rank bootstrap: BasePoints/BaseLevel/SpellLevel kept from rank 1 (learn level 1); RealPointsPerLevel from rank1->covers-60-overridden(undershoot-vs-top-rank) (anchor rank 6 @ level 80); coefficient/cast_time_ms/mana_cost_pct from max rank; MaxLevel set to 80
50498,Savage Rend,1,0,15,16,0,0,60000,0,2,20,0,5.0,,15000,"{""amplitude"": 0, ""apply_aura"": 0, ""base_points"": 4, ""chain_targets"": 0, ""die_sides"": 1, ""implicit_target_a"": 6, ""implicit_target_b"": 0, ""mechanic"": 0, ""misc_value"": 0, ""points_per_level"": 0.6835443037974683, ""radius_yards"": null, ""trigger_spell"": 0, ""type"": 2}","{""amplitude"": 5000, ""apply_aura"": 3, ""base_points"": 0, ""chain_targets"": 0, ""die_sides"": 1, ""implicit_target_a"": 6, ""implicit_target_b"": 0, ""mechanic"": 15, ""misc_value"": 0, ""points_per_level"": 0.25316455696202533, ""radius_yards"": null, ""trigger_spell"": 0, ""type"": 6}",,245,,,"{""AttributesEx"": 512, ""AuraDescription_Lang_Mask"": 16712190, ""AuraDescription_Lang_enUS"": ""Physical damage inflicted every $t2 sec."", ""BaseLevel"": 1, ""CastingTimeIndex"": 1, ""DefenseType"": 2, ""Description_Lang_Mask"": 16712190, ""Description_Lang_enUS"": ""Slashes the enemy with the raptor's talons for $s1 damage, and causes the target to bleed for $s2 damage every $t2 sec for $d.  Successful critical strikes with this ability temporarily boost the raptor's damage by $50872s1% for $50872d."", ""EffectChainAmplitude_1"": 1.0, ""EffectChainAmplitude_2"": 1.0, ""EffectChainAmplitude_3"": 1.0, ""EquippedItemClass"": -1, ""MaxLevel"": 80, ""NameSubtext_Lang_Mask"": 16712190, ""NameSubtext_Lang_enUS"": """", ""Name_Lang_Mask"": 16712190, ""PreventionType"": 2, ""ProcChance"": 100, ""ProcTypeMask"": 16, ""RangeIndex"": 2, ""SpellClassMask_2"": 1342177280, ""SpellClassSet"": 9, ""SpellLevel"": 1, ""SpellVisualID_1"": 372}",pulled from existing data; single-rank bootstrap: BasePoints/BaseLevel/SpellLevel kept from rank 1 (learn level 1); RealPointsPerLevel from rank1->covers-60-overridden(undershoot-vs-top-rank) (anchor rank 6 @ level 80); coefficient/cast_time_ms/mana_cost_pct from max rank; MaxLevel set to 80
50518,Ravage,1,0,12,16,65,0,40000,0,2,0,0,5.0,,2000,"{""amplitude"": 0, ""apply_aura"": 0, ""base_points"": 7, ""chain_targets"": 0, ""die_sides"": 3, ""implicit_target_a"": 6, ""implicit_target_b"": 0, ""mechanic"": 0, ""misc_value"": 0, ""points_per_level"": 1.240506329113924, ""radius_yards"": null, ""trigger_spell"": 0, ""type"": 2}","{""amplitude"": 0, ""apply_aura"": 12, ""base_points"": 0, ""chain_targets"": 0, ""die_sides"": 0, ""implicit_target_a"": 6, ""implicit_target_b"": 0, ""mechanic"": 0, ""misc_value"": 0, ""points_per_level"": 0.0, ""radius_yards"": null, ""trigger_spell"": 0, ""type"": 6}",,2253,,,"{""AttributesEx"": 512, ""AuraDescription_Lang_Mask"": 16712190, ""AuraDescription_Lang_enUS"": ""Stunned."", ""BaseLevel"": 1, ""CastingTimeIndex"": 1, ""DefenseType"": 2, ""Description_Lang_Mask"": 16712190, ""Description_Lang_enUS"": ""Violently attacks an enemy for $s1, stunning it for $d."", ""EffectChainAmplitude_1"": 1.0, ""EffectChainAmplitude_2"": 1.0, ""EffectChainAmplitude_3"": 1.0, ""EquippedItemClass"": -1, ""MaxLevel"": 80, ""NameSubtext_Lang_Mask"": 16712190, ""NameSubtext_Lang_enUS"": """", ""Name_Lang_Mask"": 16712190, ""PreventionType"": 2, ""ProcChance"": 101, ""RangeIndex"": 2, ""SpellClassMask_2"": 268435456, ""SpellClassSet"": 9, ""SpellLevel"": 1, ""SpellVisualID_1"": 8102}",pulled from existing data; single-rank bootstrap: BasePoints/BaseLevel/SpellLevel kept from rank 1 (learn level 1); RealPointsPerLevel from rank1->covers-60-overridden(undershoot-vs-top-rank) (anchor rank 6 @ level 80); coefficient/cast_time_ms/mana_cost_pct from max rank; MaxLevel set to 80
50519,Sonic Blast,8,0,0,16,0,0,60000,0,2,80,0,20.0,,2000,"{""amplitude"": 0, ""apply_aura"": 0, ""base_points"": 3, ""chain_targets"": 0, ""die_sides"": 3, ""implicit_target_a"": 6, ""implicit_target_b"": 0, ""mechanic"": 0, ""misc_value"": 0, ""points_per_level"": 0.7341772151898734, ""radius_yards"": null, ""trigger_spell"": 0, ""type"": 2}","{""amplitude"": 0, ""apply_aura"": 12, ""base_points"": 0, ""chain_targets"": 0, ""die_sides"": 0, ""implicit_target_a"": 6, ""implicit_target_b"": 0, ""mechanic"": 12, ""misc_value"": 0, ""points_per_level"": 0.0, ""radius_yards"": null, ""trigger_spell"": 0, ""type"": 6}",,1577,,,"{""AttributesEx"": 512, ""AuraDescription_Lang_Mask"": 16712190, ""AuraDescription_Lang_enUS"": ""Stunned."", ""BaseLevel"": 1, ""CastingTimeIndex"": 1, ""DefenseType"": 1, ""Description_Lang_Mask"": 16712190, ""Description_Lang_enUS"": ""Emits a piercing shriek, inflicting $s1 Nature damage and stunning the target for $d."", ""EffectChainAmplitude_1"": 1.0, ""EffectChainAmplitude_2"": 1.0, ""EffectChainAmplitude_3"": 1.0, ""EquippedItemClass"": -1, ""ImplicitTargetA_3"": 25, ""MaxLevel"": 80, ""NameSubtext_Lang_Mask"": 16712190, ""NameSubtext_Lang_enUS"": """", ""Name_Lang_Mask"": 16712190, ""PreventionType"": 1, ""ProcChance"": 101, ""SpellClassMask_2"": 268435456, ""SpellClassSet"": 9, ""SpellLevel"": 1, ""SpellPriority"": 50, ""SpellVisualID_1"": 7642}",pulled from existing data; single-rank bootstrap: BasePoints/BaseLevel/SpellLevel kept from rank 1 (learn level 1); RealPointsPerLevel from rank1->covers-60-overridden(undershoot-vs-top-rank) (anchor rank 6 @ level 80); coefficient/cast_time_ms/mana_cost_pct from max rank; MaxLevel set to 80
50541,Snatch,1,0,3,16,109,0,0,60000,2,20,0,5.0,,6000,"{""amplitude"": 0, ""apply_aura"": 0, ""base_points"": 6, ""chain_targets"": 0, ""die_sides"": 3, ""implicit_target_a"": 6, ""implicit_target_b"": 0, ""mechanic"": 0, ""misc_value"": 0, ""points_per_level"": 1.0379746835443038, ""radius_yards"": null, ""trigger_spell"": 0, ""type"": 2}","{""amplitude"": 0, ""apply_aura"": 67, ""base_points"": -1, ""chain_targets"": 0, ""die_sides"": 1, ""implicit_target_a"": 6, ""implicit_target_b"": 0, ""mechanic"": 0, ""misc_value"": 0, ""points_per_level"": 0.0, ""radius_yards"": null, ""trigger_spell"": 0, ""type"": 6}",,168,,,"{""AttributesEx"": 134218240, ""AuraDescription_Lang_Mask"": 16712190, ""AuraDescription_Lang_enUS"": ""Disarmed!"", ""BaseLevel"": 1, ""CastingTimeIndex"": 1, ""DefenseType"": 2, ""Description_Lang_Mask"": 16712190, ""Description_Lang_enUS"": ""The bird of prey grabs the enemy's weapon with its talons, causing $s1 damage and disarming them for $d."", ""EffectChainAmplitude_1"": 1.0, ""EffectChainAmplitude_2"": 1.0, ""EffectChainAmplitude_3"": 1.0, ""EquippedItemClass"": -1, ""FacingCasterFlags"": 1, ""MaxLevel"": 80, ""NameSubtext_Lang_Mask"": 16712190, ""NameSubtext_Lang_enUS"": """", ""Name_Lang_Mask"": 16712190, ""PreventionType"": 2, ""ProcChance"": 101, ""RangeIndex"": 2, ""SpellClassMask_2"": 268435456, ""SpellClassSet"": 9, ""SpellLevel"": 1, ""SpellPriority"": 50, ""SpellVisualID_1"": 398}",pulled from existing data; single-rank bootstrap: BasePoints/BaseLevel/SpellLevel kept from rank 1 (learn level 1); RealPointsPerLevel from rank1->covers-60-overridden(undershoot-vs-top-rank) (anchor rank 6 @ level 80); coefficient/cast_time_ms/mana_cost_pct from max rank; MaxLevel set to 80
53271,Master's Call,1,0,0,16,0,0,60000,0,0,0,7,25.0,,,"{""amplitude"": 0, ""apply_aura"": 0, ""base_points"": 54215, ""chain_targets"": 0, ""die_sides"": 1, ""implicit_target_a"": 21, ""implicit_target_b"": 0, ""mechanic"": 0, ""misc_value"": 0, ""points_per_level"": 0.0, ""radius_yards"": null, ""trigger_spell"": 0, ""type"": 3}","{""amplitude"": 0, ""apply_aura"": 0, ""base_points"": 56650, ""chain_targets"": 0, ""die_sides"": 1, ""implicit_target_a"": 5, ""implicit_target_b"": 0, ""mechanic"": 0, ""misc_value"": 0, ""points_per_level"": 0.0, ""radius_yards"": null, ""trigger_spell"": 0, ""type"": 77}",,3486,,,"{""AttributesEx"": 67108864, ""AuraDescription_Lang_Mask"": 16712188, ""BaseLevel"": 75, ""CastingTimeIndex"": 1, ""Description_Lang_Mask"": 16712190, ""Description_Lang_enUS"": ""Your pet attempts to remove all root and movement impairing effects from itself and its target, and causes your pet and its target to be immune to all such effects for $54216d."", ""EffectChainAmplitude_1"": 1.0, ""EffectChainAmplitude_2"": 1.0, ""EffectChainAmplitude_3"": 1.0, ""EffectSpellClassMaskA_1"": 268435456, ""EquippedItemClass"": -1, ""NameSubtext_Lang_Mask"": 16712188, ""Name_Lang_Mask"": 16712190, ""ProcChance"": 101, ""SpellClassMask_3"": 4, ""SpellClassSet"": 9, ""SpellLevel"": 75, ""SpellVisualID_1"": 11997}",pulled from existing data
53301,Explosive Shot,4,0,0,67586,1173,-1000000,0,6000,0,0,7,35.0,,2000,"{""amplitude"": 1000, ""apply_aura"": 226, ""base_points"": 143, ""chain_targets"": 0, ""die_sides"": 29, ""implicit_target_a"": 6, ""implicit_target_b"": 0, ""mechanic"": 0, ""misc_value"": 0, ""points_per_level"": 12.1, ""radius_yards"": null, ""trigger_spell"": 0, ""type"": 6}",,,3407,,,"{""AttributesEx2"": 131072, ""AttributesEx5"": 512, ""AuraDescription_Lang_Mask"": 16712190, ""AuraDescription_Lang_enUS"": ""Taking Fire damage every second."", ""BaseLevel"": 60, ""CastingTimeIndex"": 18, ""DefenseType"": 3, ""Description_Lang_Mask"": 16712190, ""Description_Lang_enUS"": ""You fire an explosive charge into the enemy target, dealing ${$RAP*0.14+$m1}-${$RAP*0.14+$M1} Fire damage. The charge will blast the target every second for an additional $d."", ""EffectChainAmplitude_1"": 1.0, ""EffectChainAmplitude_2"": 1.0, ""EffectChainAmplitude_3"": 1.0, ""EquippedItemClass"": 2, ""EquippedItemSubclass"": 262156, ""FacingCasterFlags"": 1, ""MaxLevel"": 80, ""ModalNextSpell"": 75, ""NameSubtext_Lang_Mask"": 16712190, ""NameSubtext_Lang_enUS"": """", ""Name_Lang_Mask"": 16712190, ""PreventionType"": 2, ""ProcChance"": 101, ""RangeIndex"": 114, ""Speed"": 40.0, ""SpellClassMask_2"": 2147483648, ""SpellClassSet"": 9, ""SpellLevel"": 60, ""SpellVisualID_1"": 11828, ""StartRecoveryCategory"": 133, ""StartRecoveryTime"": 1500}",pulled from existing data; single-rank bootstrap: BasePoints/BaseLevel/SpellLevel kept from rank 1 (learn level 60); RealPointsPerLevel from rank1->top-rank-fallback (anchor rank 4 @ level 80); coefficient/cast_time_ms/mana_cost_pct from max rank; MaxLevel set to 80
53351,Kill Shot,1,0,0,4259858,1226,-1000000,0,15000,0,0,7,45.0,,,"{""amplitude"": 0, ""apply_aura"": 0, ""base_points"": 204, ""chain_targets"": 0, ""die_sides"": 1, ""implicit_target_a"": 6, ""implicit_target_b"": 0, ""mechanic"": 0, ""misc_value"": 0, ""points_per_level"": 13.333333333333334, ""radius_yards"": null, ""trigger_spell"": 0, ""type"": 17}","{""amplitude"": 0, ""apply_aura"": 0, ""base_points"": 199, ""chain_targets"": 0, ""die_sides"": 1, ""implicit_target_a"": 6, ""implicit_target_b"": 0, ""mechanic"": 0, ""misc_value"": 0, ""points_per_level"": 0.0, ""radius_yards"": null, ""trigger_spell"": 0, ""type"": 31}",,3676,,,"{""AttributesEx2"": 131072, ""AttributesEx4"": 512, ""AuraDescription_Lang_Mask"": 16712188, ""BaseLevel"": 71, ""CastingTimeIndex"": 18, ""DefenseType"": 3, ""Description_Lang_Mask"": 16712190, ""Description_Lang_enUS"": ""You attempt to finish the wounded target off, firing a long range attack dealing $s2% weapon damage plus ${$RAP*0.40+$m1*2}. Kill Shot can only be used on enemies that have 20% or less health."", ""EffectChainAmplitude_1"": 1.0, ""EffectChainAmplitude_2"": 1.0, ""EffectChainAmplitude_3"": 1.0, ""EquippedItemClass"": 2, ""EquippedItemSubclass"": 262156, ""FacingCasterFlags"": 1, ""InterruptFlags"": 4, ""MaxLevel"": 80, ""ModalNextSpell"": 75, ""NameSubtext_Lang_Mask"": 16712190, ""NameSubtext_Lang_enUS"": """", ""Name_Lang_Mask"": 16712190, ""PreventionType"": 2, ""ProcChance"": 101, ""RangeIndex"": 155, ""Speed"": 40.0, ""SpellClassMask_2"": 8388608, ""SpellClassSet"": 9, ""SpellLevel"": 71, ""SpellVisualID_1"": 11780, ""StartRecoveryCategory"": 133, ""StartRecoveryTime"": 1500, ""TargetAuraState"": 2}",pulled from existing data; single-rank bootstrap: BasePoints/BaseLevel/SpellLevel kept from rank 1 (learn level 71); RealPointsPerLevel from rank1->top-rank-fallback (anchor rank 3 @ level 80); coefficient/cast_time_ms/mana_cost_pct from max rank; MaxLevel set to 80
54644,Froststorm Breath,24,0,0,0,1247,0,0,10000,2,20,0,30.0,,5000,"{""amplitude"": 0, ""apply_aura"": 0, ""base_points"": 6, ""chain_targets"": 1, ""die_sides"": 7, ""implicit_target_a"": 6, ""implicit_target_b"": 0, ""mechanic"": 0, ""misc_value"": 0, ""points_per_level"": 1.5316455696202531, ""radius_yards"": null, ""trigger_spell"": 0, ""type"": 2}","{""amplitude"": 0, ""apply_aura"": 0, ""base_points"": 0, ""chain_targets"": 0, ""die_sides"": 0, ""implicit_target_a"": 6, ""implicit_target_b"": 0, ""mechanic"": 0, ""misc_value"": 0, ""points_per_level"": 0.0, ""radius_yards"": null, ""trigger_spell"": 54689, ""type"": 64}","{""amplitude"": 0, ""apply_aura"": 33, ""base_points"": -51, ""chain_targets"": 0, ""die_sides"": 1, ""implicit_target_a"": 6, ""implicit_target_b"": 0, ""mechanic"": 11, ""misc_value"": 0, ""points_per_level"": 0.0, ""radius_yards"": null, ""trigger_spell"": 0, ""type"": 6}",62,,,"{""AttributesEx"": 512, ""AuraDescription_Lang_Mask"": 16712190, ""AuraDescription_Lang_enUS"": ""Slowed for $d."", ""BaseLevel"": 1, ""CastingTimeIndex"": 1, ""DefenseType"": 1, ""Description_Lang_Mask"": 16712190, ""Description_Lang_enUS"": ""Your pet simultaneously breathes frost and lightning at an enemy target, inflicting $s1 Frost and Nature damage and slowing the target for $d."", ""EffectChainAmplitude_1"": 1.0, ""EffectChainAmplitude_2"": 1.0, ""EffectChainAmplitude_3"": 1.0, ""EquippedItemClass"": -1, ""FacingCasterFlags"": 1, ""InterruptFlags"": 8, ""MaxLevel"": 80, ""NameSubtext_Lang_Mask"": 16712190, ""NameSubtext_Lang_enUS"": """", ""Name_Lang_Mask"": 16712190, ""PreventionType"": 1, ""ProcChance"": 101, ""SpellClassMask_2"": 268435456, ""SpellClassSet"": 9, ""SpellLevel"": 1, ""SpellVisualID_1"": 4200}",pulled from existing data; single-rank bootstrap: BasePoints/BaseLevel/SpellLevel kept from rank 1 (learn level 1); RealPointsPerLevel from rank1->covers-60-overridden(undershoot-vs-top-rank) (anchor rank 6 @ level 80); coefficient/cast_time_ms/mana_cost_pct from max rank; MaxLevel set to 80
54680,Monstrous Bite,1,0,0,327696,0,0,10000,0,2,20,0,5.0,,,"{""amplitude"": 0, ""apply_aura"": 0, ""base_points"": 6, ""chain_targets"": 0, ""die_sides"": 3, ""implicit_target_a"": 6, ""implicit_target_b"": 0, ""mechanic"": 0, ""misc_value"": 0, ""points_per_level"": 1.0632911392405062, ""radius_yards"": null, ""trigger_spell"": 0, ""type"": 2}","{""amplitude"": 0, ""apply_aura"": 0, ""base_points"": 0, ""chain_targets"": 0, ""die_sides"": 0, ""implicit_target_a"": 0, ""implicit_target_b"": 0, ""mechanic"": 0, ""misc_value"": 0, ""points_per_level"": 0.0, ""radius_yards"": null, ""trigger_spell"": 54681, ""type"": 64}",,599,,,"{""AttributesEx"": 512, ""AuraDescription_Lang_Mask"": 16712188, ""BaseLevel"": 1, ""CastingTimeIndex"": 1, ""DefenseType"": 2, ""Description_Lang_Mask"": 16712190, ""Description_Lang_enUS"": ""Your devilsaur ferociously bites the enemy, causing $s1 damage, and boosts its own damage by 3% for 12 seconds.  This effect stacks 3 times."", ""EffectChainAmplitude_1"": 1.0, ""EffectChainAmplitude_2"": 1.0, ""EffectChainAmplitude_3"": 1.0, ""EquippedItemClass"": -1, ""FacingCasterFlags"": 1, ""MaxLevel"": 80, ""NameSubtext_Lang_Mask"": 16712190, ""NameSubtext_Lang_enUS"": """", ""Name_Lang_Mask"": 16712190, ""PreventionType"": 2, ""ProcChance"": 101, ""RangeIndex"": 2, ""SpellClassMask_2"": 268435456, ""SpellClassSet"": 9, ""SpellLevel"": 1, ""SpellVisualID_1"": 376, ""StartRecoveryCategory"": 133, ""StartRecoveryTime"": 1500}",pulled from existing data; single-rank bootstrap: BasePoints/BaseLevel/SpellLevel kept from rank 1 (learn level 1); RealPointsPerLevel from rank1->covers-60-overridden(undershoot-vs-top-rank) (anchor rank 6 @ level 80); coefficient/cast_time_ms/mana_cost_pct from max rank; MaxLevel set to 80
54706,Venom Web Spray,8,1,7,1073807360,0,0,40000,0,2,0,0,30.0,,4000,"{""amplitude"": 0, ""apply_aura"": 26, ""base_points"": 0, ""chain_targets"": 0, ""die_sides"": 0, ""implicit_target_a"": 6, ""implicit_target_b"": 0, ""mechanic"": 0, ""misc_value"": 0, ""points_per_level"": 0.0, ""radius_yards"": null, ""trigger_spell"": 0, ""type"": 6}","{""amplitude"": 1000, ""apply_aura"": 3, ""base_points"": 0, ""chain_targets"": 0, ""die_sides"": 1, ""implicit_target_a"": 6, ""implicit_target_b"": 0, ""mechanic"": 0, ""misc_value"": 0, ""points_per_level"": 0.569620253164557, ""radius_yards"": null, ""trigger_spell"": 0, ""type"": 6}",,272,,,"{""AttributesEx"": 512, ""AuraDescription_Lang_Mask"": 16712190, ""AuraDescription_Lang_enUS"": ""Webbed and taking Nature damage over time."", ""CastingTimeIndex"": 1, ""DefenseType"": 1, ""Description_Lang_Mask"": 16712190, ""Description_Lang_enUS"": ""Sprays toxic webs at the target, preventing movement for $d and causing Nature damage over time."", ""EffectChainAmplitude_1"": 1.0, ""EffectChainAmplitude_2"": 1.0, ""EffectChainAmplitude_3"": 1.0, ""EquippedItemClass"": -1, ""MaxLevel"": 80, ""NameSubtext_Lang_Mask"": 16712190, ""NameSubtext_Lang_enUS"": """", ""Name_Lang_Mask"": 16712190, ""PreventionType"": 1, ""ProcChance"": 101, ""SpellClassMask_2"": 268435456, ""SpellClassSet"": 9, ""SpellLevel"": 1, ""SpellVisualID_1"": 12013}",pulled from existing data; single-rank bootstrap: BasePoints/BaseLevel/SpellLevel kept from rank 1 (learn level 1); RealPointsPerLevel from rank1->covers-60-overridden(undershoot-vs-top-rank) (anchor rank 6 @ level 80); coefficient/cast_time_ms/mana_cost_pct from max rank; MaxLevel set to 80
55749,Acid Spit,8,0,0,65536,0,0,10000,0,2,20,0,30.0,,30000,"{""amplitude"": 0, ""apply_aura"": 0, ""base_points"": 7, ""chain_targets"": 0, ""die_sides"": 5, ""implicit_target_a"": 6, ""implicit_target_b"": 0, ""mechanic"": 0, ""misc_value"": 0, ""points_per_level"": 1.4683544303797469, ""radius_yards"": null, ""trigger_spell"": 0, ""type"": 2}","{""amplitude"": 0, ""apply_aura"": 101, ""base_points"": -11, ""chain_targets"": 0, ""die_sides"": 1, ""implicit_target_a"": 6, ""implicit_target_b"": 0, ""mechanic"": 0, ""misc_value"": 1, ""points_per_level"": 0.0, ""radius_yards"": null, ""trigger_spell"": 0, ""type"": 6}",,636,,,"{""AttributesEx"": 512, ""AuraDescription_Lang_Mask"": 16712190, ""AuraDescription_Lang_enUS"": ""Armor reduced by $s2%."", ""BaseLevel"": 1, ""CastingTimeIndex"": 1, ""CumulativeAura"": 2, ""DefenseType"": 1, ""Description_Lang_Mask"": 16712190, ""Description_Lang_enUS"": ""Your worm spits acid at an enemy, causing $s1 Nature damage and reducing its armor by $s2% per Acid Spit for $d.  Can be applied up to 2 times."", ""EffectBonusMultiplier_2"": 1.0, ""EffectChainAmplitude_1"": 1.0, ""EffectChainAmplitude_2"": 1.0, ""EffectChainAmplitude_3"": 1.0, ""EquippedItemClass"": -1, ""FacingCasterFlags"": 1, ""InterruptFlags"": 8, ""MaxLevel"": 80, ""NameSubtext_Lang_Mask"": 16712190, ""NameSubtext_Lang_enUS"": """", ""Name_Lang_Mask"": 16712190, ""PreventionType"": 1, ""ProcChance"": 101, ""Speed"": 24.0, ""SpellClassMask_2"": 268435456, ""SpellClassSet"": 9, ""SpellLevel"": 1, ""SpellPriority"": 50, ""SpellVisualID_1"": 854, ""StartRecoveryCategory"": 133, ""StartRecoveryTime"": 1500}",pulled from existing data; single-rank bootstrap: BasePoints/BaseLevel/SpellLevel kept from rank 1 (learn level 1); RealPointsPerLevel from rank1->covers-60-overridden(undershoot-vs-top-rank) (anchor rank 6 @ level 80); coefficient/cast_time_ms/mana_cost_pct from max rank; MaxLevel set to 80
56626,Sting,8,1,0,16,1133,0,0,6000,2,20,0,5.0,,20000,"{""amplitude"": 0, ""apply_aura"": 0, ""base_points"": 3, ""chain_targets"": 0, ""die_sides"": 3, ""implicit_target_a"": 6, ""implicit_target_b"": 0, ""mechanic"": 0, ""misc_value"": 0, ""points_per_level"": 0.759493670886076, ""radius_yards"": null, ""trigger_spell"": 0, ""type"": 2}","{""amplitude"": 0, ""apply_aura"": 101, ""base_points"": -6, ""chain_targets"": 0, ""die_sides"": 1, ""implicit_target_a"": 6, ""implicit_target_b"": 0, ""mechanic"": 0, ""misc_value"": 1, ""points_per_level"": 0.0, ""radius_yards"": null, ""trigger_spell"": 0, ""type"": 6}",,110,,,"{""AttributesEx"": 98816, ""AuraDescription_Lang_Mask"": 16712190, ""AuraDescription_Lang_enUS"": ""Decreases armor by $s2%.  Cannot stealth or turn invisible."", ""BaseLevel"": 1, ""CastingTimeIndex"": 1, ""DefenseType"": 2, ""Description_Lang_Mask"": 16712190, ""Description_Lang_enUS"": ""Your wasp stings for $s1 Nature damage, and decreases the armor of the target by $s2% for $d.  While affected, the target cannot stealth or turn invisible."", ""EffectChainAmplitude_1"": 1.0, ""EffectChainAmplitude_2"": 1.0, ""EffectChainAmplitude_3"": 1.0, ""EquippedItemClass"": -1, ""ImplicitTargetA_3"": 6, ""MaxLevel"": 80, ""NameSubtext_Lang_Mask"": 16712190, ""NameSubtext_Lang_enUS"": """", ""Name_Lang_Mask"": 16712190, ""PreventionType"": 2, ""ProcChance"": 101, ""RangeIndex"": 2, ""SpellClassMask_2"": 268435456, ""SpellClassSet"": 9, ""SpellLevel"": 1, ""SpellVisualID_1"": 192, ""StartRecoveryCategory"": 133, ""StartRecoveryTime"": 1500}",pulled from existing data; single-rank bootstrap: BasePoints/BaseLevel/SpellLevel kept from rank 1 (learn level 1); RealPointsPerLevel from rank1->covers-60-overridden(undershoot-vs-top-rank) (anchor rank 6 @ level 80); coefficient/cast_time_ms/mana_cost_pct from max rank; MaxLevel set to 80
56641,Steady Shot,1,0,0,4259858,0,1500,0,0,0,0,5,35.0,,,"{""amplitude"": 0, ""apply_aura"": 0, ""base_points"": 44, ""chain_targets"": 0, ""die_sides"": 1, ""implicit_target_a"": 6, ""implicit_target_b"": 0, ""mechanic"": 0, ""misc_value"": 0, ""points_per_level"": 6.9, ""radius_yards"": null, ""trigger_spell"": 0, ""type"": 2}","{""amplitude"": 0, ""apply_aura"": 0, ""base_points"": 174, ""chain_targets"": 0, ""die_sides"": 1, ""implicit_target_a"": 0, ""implicit_target_b"": 0, ""mechanic"": 0, ""misc_value"": 0, ""points_per_level"": 0.0, ""radius_yards"": null, ""trigger_spell"": 0, ""type"": 3}",,2228,,,"{""AttributesEx2"": 131072, ""AttributesEx4"": 134217728, ""AuraDescription_Lang_Mask"": 16712188, ""BaseLevel"": 50, ""CastingTimeIndex"": 16, ""DefenseType"": 3, ""Description_Lang_Mask"": 16712190, ""Description_Lang_enUS"": ""A steady shot that causes unmodified weapon damage, plus ammo, plus ${$RAP*0.1+$m1}.  Causes an additional $s2 against Dazed targets."", ""EffectChainAmplitude_1"": 1.0, ""EffectChainAmplitude_2"": 1.0, ""EffectChainAmplitude_3"": 1.0, ""EquippedItemClass"": 2, ""EquippedItemSubclass"": 262156, ""FacingCasterFlags"": 1, ""InterruptFlags"": 15, ""MaxLevel"": 80, ""ModalNextSpell"": 75, ""NameSubtext_Lang_Mask"": 16712190, ""NameSubtext_Lang_enUS"": """", ""Name_Lang_Mask"": 16712190, ""PreventionType"": 2, ""ProcChance"": 101, ""RangeIndex"": 114, ""Speed"": 40.0, ""SpellClassMask_2"": 1, ""SpellClassSet"": 9, ""SpellLevel"": 50, ""SpellVisualID_1"": 8155, ""StartRecoveryCategory"": 133, ""StartRecoveryTime"": 1500}",pulled from existing data; single-rank bootstrap: BasePoints/BaseLevel/SpellLevel kept from rank 1 (learn level 50); RealPointsPerLevel from rank1->covers-60-overridden(undershoot-vs-top-rank) (anchor rank 4 @ level 80); coefficient/cast_time_ms/mana_cost_pct from max rank; MaxLevel set to 80
57386,Stampede,1,0,0,65536,0,0,60000,0,0,0,0,5.0,,60000,"{""amplitude"": 0, ""apply_aura"": 0, ""base_points"": 13, ""chain_targets"": 0, ""die_sides"": 5, ""implicit_target_a"": 6, ""implicit_target_b"": 0, ""mechanic"": 0, ""misc_value"": 0, ""points_per_level"": 2.1265822784810124, ""radius_yards"": null, ""trigger_spell"": 0, ""type"": 2}",,"{""amplitude"": 0, ""apply_aura"": 255, ""base_points"": 24, ""chain_targets"": 0, ""die_sides"": 1, ""implicit_target_a"": 6, ""implicit_target_b"": 0, ""mechanic"": 0, ""misc_value"": 15, ""points_per_level"": 0.0, ""radius_yards"": null, ""trigger_spell"": 0, ""type"": 6}",3066,,,"{""AttributesEx"": 512, ""AuraDescription_Lang_Mask"": 16712190, ""AuraDescription_Lang_enUS"": ""All bleed effects cause $s3% additional damage."", ""BaseLevel"": 1, ""CastingTimeIndex"": 1, ""DefenseType"": 2, ""Description_Lang_Mask"": 16712190, ""Description_Lang_enUS"": ""Your rhino slams into a nearby enemy for $s1 damage, causing it to take $s3% additional damage from bleed effects for $d."", ""EffectChainAmplitude_1"": 1.0, ""EffectChainAmplitude_2"": 1.0, ""EffectChainAmplitude_3"": 1.0, ""EffectMechanic_2"": 6, ""EquippedItemClass"": -1, ""ImplicitTargetA_2"": 53, ""InterruptFlags"": 15, ""MaxLevel"": 80, ""NameSubtext_Lang_Mask"": 16712190, ""NameSubtext_Lang_enUS"": """", ""Name_Lang_Mask"": 16712190, ""PreventionType"": 2, ""ProcChance"": 101, ""RangeIndex"": 2, ""SpellClassMask_2"": 268435456, ""SpellClassSet"": 9, ""SpellLevel"": 1, ""SpellVisualID_1"": 9248}",pulled from existing data; single-rank bootstrap: BasePoints/BaseLevel/SpellLevel kept from rank 1 (learn level 1); RealPointsPerLevel from rank1->covers-60-overridden(undershoot-vs-top-rank) (anchor rank 6 @ level 80); coefficient/cast_time_ms/mana_cost_pct from max rank; MaxLevel set to 80
58604,Lava Breath,4,1,0,0,0,0,10000,0,2,20,0,30.0,,10000,"{""amplitude"": 0, ""apply_aura"": 0, ""base_points"": 6, ""chain_targets"": 1, ""die_sides"": 7, ""implicit_target_a"": 6, ""implicit_target_b"": 0, ""mechanic"": 0, ""misc_value"": 0, ""points_per_level"": 1.5316455696202531, ""radius_yards"": null, ""trigger_spell"": 0, ""type"": 2}","{""amplitude"": 0, ""apply_aura"": 0, ""base_points"": 0, ""chain_targets"": 0, ""die_sides"": 0, ""implicit_target_a"": 6, ""implicit_target_b"": 0, ""mechanic"": 0, ""misc_value"": 0, ""points_per_level"": 0.0, ""radius_yards"": null, ""trigger_spell"": 58605, ""type"": 64}","{""amplitude"": 0, ""apply_aura"": 216, ""base_points"": -26, ""chain_targets"": 0, ""die_sides"": 1, ""implicit_target_a"": 6, ""implicit_target_b"": 0, ""mechanic"": 0, ""misc_value"": 0, ""points_per_level"": 0.0, ""radius_yards"": null, ""trigger_spell"": 0, ""type"": 6}",1197,,,"{""AuraDescription_Lang_Mask"": 16712190, ""AuraDescription_Lang_enUS"": ""Casting speed slowed by $s3%."", ""BaseLevel"": 1, ""CastingTimeIndex"": 1, ""DefenseType"": 1, ""Description_Lang_Mask"": 16712190, ""Description_Lang_enUS"": ""Your pet breathes a double gout of molten lava at the target for $s1 Fire damage and reduces the target's casting speed by $s3% for $d."", ""EffectChainAmplitude_1"": 1.0, ""EffectChainAmplitude_2"": 1.0, ""EffectChainAmplitude_3"": 1.0, ""EquippedItemClass"": -1, ""FacingCasterFlags"": 1, ""InterruptFlags"": 8, ""MaxLevel"": 80, ""NameSubtext_Lang_Mask"": 16712190, ""NameSubtext_Lang_enUS"": """", ""Name_Lang_Mask"": 16712190, ""PreventionType"": 1, ""ProcChance"": 101, ""SpellClassMask_2"": 268435456, ""SpellClassSet"": 9, ""SpellLevel"": 1, ""SpellVisualID_1"": 8489, ""StartRecoveryCategory"": 133, ""StartRecoveryTime"": 1500}",pulled from existing data; single-rank bootstrap: BasePoints/BaseLevel/SpellLevel kept from rank 1 (learn level 1); RealPointsPerLevel from rank1->covers-60-overridden(undershoot-vs-top-rank) (anchor rank 6 @ level 80); coefficient/cast_time_ms/mana_cost_pct from max rank; MaxLevel set to 80
59881,Rake,1,0,0,262160,0,0,10000,0,2,20,0,5.0,,9000,"{""amplitude"": 0, ""apply_aura"": 0, ""base_points"": 0, ""chain_targets"": 0, ""die_sides"": 3, ""implicit_target_a"": 6, ""implicit_target_b"": 0, ""mechanic"": 0, ""misc_value"": 0, ""points_per_level"": 0.5822784810126582, ""radius_yards"": null, ""trigger_spell"": 0, ""type"": 2}","{""amplitude"": 3000, ""apply_aura"": 3, ""base_points"": 0, ""chain_targets"": 0, ""die_sides"": 1, ""implicit_target_a"": 6, ""implicit_target_b"": 0, ""mechanic"": 15, ""misc_value"": 0, ""points_per_level"": 0.22784810126582278, ""radius_yards"": null, ""trigger_spell"": 0, ""type"": 6}",,494,,,"{""AttributesEx"": 134218240, ""AttributesEx3"": 8, ""AttributesEx4"": 1048576, ""AuraDescription_Lang_Mask"": 16712190, ""AuraDescription_Lang_enUS"": ""Bleeding for $s2 damage every $t2 seconds."", ""BaseLevel"": 1, ""CastingTimeIndex"": 1, ""DefenseType"": 2, ""Description_Lang_Mask"": 16712190, ""Description_Lang_enUS"": ""Rake the target for $s1 bleed damage and an additional $s2 damage every $t2 seconds."", ""EffectChainAmplitude_1"": 1.0, ""EffectChainAmplitude_2"": 1.0, ""EffectChainAmplitude_3"": 1.0, ""EquippedItemClass"": -1, ""FacingCasterFlags"": 1, ""ImplicitTargetA_3"": 6, ""MaxLevel"": 80, ""NameSubtext_Lang_Mask"": 16712190, ""NameSubtext_Lang_enUS"": """", ""Name_Lang_Mask"": 16712190, ""PreventionType"": 2, ""ProcChance"": 101, ""RangeIndex"": 2, ""SpellClassMask_2"": 268435456, ""SpellClassSet"": 9, ""SpellLevel"": 1, ""SpellVisualID_1"": 750, ""StartRecoveryCategory"": 133, ""StartRecoveryTime"": 1500}",pulled from existing data; single-rank bootstrap: BasePoints/BaseLevel/SpellLevel kept from rank 1 (learn level 1); RealPointsPerLevel from rank1->covers-60-overridden(undershoot-vs-top-rank) (anchor rank 6 @ level 80); coefficient/cast_time_ms/mana_cost_pct from max rank; MaxLevel set to 80
60096,Feeding Frenzy,1,0,0,272,0,0,0,0,0,0,0,0.0,,10000,"{""amplitude"": 0, ""apply_aura"": 79, ""base_points"": 7, ""chain_targets"": 0, ""die_sides"": 1, ""implicit_target_a"": 1, ""implicit_target_b"": 0, ""mechanic"": 0, ""misc_value"": 7295, ""points_per_level"": 0.13333333333333333, ""radius_yards"": null, ""trigger_spell"": 0, ""type"": 6}",,,2960,,,"{""AuraDescription_Lang_Mask"": 16712188, ""CastingTimeIndex"": 1, ""Description_Lang_Mask"": 16712190, ""Description_Lang_enUS"": ""Your pet does $s1% additional damage to targets with less than 35% health."", ""EffectChainAmplitude_1"": 1.0, ""EffectChainAmplitude_2"": 1.0, ""EffectChainAmplitude_3"": 1.0, ""EffectSpellClassMaskA_1"": 1026, ""EffectSpellClassMaskA_2"": 131078, ""EquippedItemClass"": -1, ""MaxLevel"": 80, ""NameSubtext_Lang_Mask"": 16712190, ""NameSubtext_Lang_enUS"": """", ""Name_Lang_Mask"": 16712190, ""RangeIndex"": 1, ""SpellClassSet"": 9, ""SpellPriority"": 50}",pulled from existing data; single-rank bootstrap: BasePoints/BaseLevel/SpellLevel kept from rank 1 (learn level 0); RealPointsPerLevel from rank1->covers-60 (anchor rank 2 @ level 60); coefficient/cast_time_ms/mana_cost_pct from max rank; MaxLevel set to 80
60192,Freezing Arrow,16,0,0,65536,411,0,0,30000,0,0,3,40.0,,,"{""amplitude"": 0, ""apply_aura"": 0, ""base_points"": 0, ""chain_targets"": 0, ""die_sides"": 0, ""implicit_target_a"": 87, ""implicit_target_b"": 0, ""mechanic"": 0, ""misc_value"": 0, ""points_per_level"": 0.0, ""radius_yards"": 2.0, ""trigger_spell"": 60202, ""type"": 32}",,,189,,,"{""AttributesEx"": 131072, ""AttributesEx2"": 134217728, ""AuraDescription_Lang_Mask"": 16712188, ""BaseLevel"": 80, ""CastingTimeIndex"": 1, ""Description_Lang_Mask"": 16712190, ""Description_Lang_enUS"": ""Fire a freezing arrow that places a Freezing Trap at the target location, freezing the first enemy that approaches, preventing all action for up to $14309d.  Any damage caused will break the ice.  Trap will exist for $60202d.  Only one trap can be active at a time."", ""EffectChainAmplitude_1"": 1.0, ""EffectChainAmplitude_2"": 1.0, ""EffectChainAmplitude_3"": 1.0, ""EquippedItemClass"": 2, ""EquippedItemSubclass"": 262156, ""InterruptFlags"": 1, ""NameSubtext_Lang_Mask"": 16712190, ""NameSubtext_Lang_enUS"": ""Rank 1"", ""Name_Lang_Mask"": 16712190, ""PreventionType"": 1, ""ProcChance"": 101, ""Speed"": 45.0, ""SpellClassMask_1"": 128, ""SpellClassSet"": 9, ""SpellLevel"": 80, ""SpellVisualID_1"": 12409, ""StartRecoveryCategory"": 133, ""StartRecoveryTime"": 1500, ""Targets"": 64}",pulled from existing data
61193,Spirit Strike,64,0,0,65536,0,0,10000,0,2,20,0,30.0,,6000,"{""amplitude"": 6000, ""apply_aura"": 3, ""base_points"": 6, ""chain_targets"": 0, ""die_sides"": 1, ""implicit_target_a"": 6, ""implicit_target_b"": 0, ""mechanic"": 0, ""misc_value"": 0, ""points_per_level"": 0.5316455696202531, ""radius_yards"": null, ""trigger_spell"": 0, ""type"": 6}","{""amplitude"": 0, ""apply_aura"": 0, ""base_points"": 6, ""chain_targets"": 0, ""die_sides"": 1, ""implicit_target_a"": 6, ""implicit_target_b"": 0, ""mechanic"": 0, ""misc_value"": 0, ""points_per_level"": 0.5316455696202531, ""radius_yards"": null, ""trigger_spell"": 0, ""type"": 2}",,225,,,"{""AttributesEx"": 512, ""AuraDescription_Lang_Mask"": 16712190, ""AuraDescription_Lang_enUS"": ""$s1 Arcane damage every $t1 seconds."", ""BaseLevel"": 1, ""CastingTimeIndex"": 1, ""DefenseType"": 1, ""Description_Lang_Mask"": 16712190, ""Description_Lang_enUS"": ""Burns the enemy for $s1 Arcane damage and then an additional $s1 after $d."", ""EffectChainAmplitude_1"": 1.0, ""EffectChainAmplitude_2"": 1.0, ""EffectChainAmplitude_3"": 1.0, ""EquippedItemClass"": -1, ""FacingCasterFlags"": 1, ""InterruptFlags"": 15, ""MaxLevel"": 80, ""NameSubtext_Lang_Mask"": 16712190, ""NameSubtext_Lang_enUS"": """", ""Name_Lang_Mask"": 16712190, ""PreventionType"": 1, ""ProcChance"": 101, ""SpellClassMask_2"": 268435456, ""SpellClassSet"": 9, ""SpellLevel"": 1, ""SpellPriority"": 50, ""SpellVisualID_1"": 1263, ""StartRecoveryTime"": 1500}",pulled from existing data; single-rank bootstrap: BasePoints/BaseLevel/SpellLevel kept from rank 1 (learn level 1); RealPointsPerLevel from rank1->covers-60-overridden(undershoot-vs-top-rank) (anchor rank 6 @ level 80); coefficient/cast_time_ms/mana_cost_pct from max rank; MaxLevel set to 80
61846,Aspect of the Dragonhawk,8,0,0,327680,47,0,0,1000,0,0,0,0.0,,-1,"{""amplitude"": 0, ""apply_aura"": 124, ""base_points"": 229, ""chain_targets"": 0, ""die_sides"": 1, ""implicit_target_a"": 1, ""implicit_target_b"": 0, ""mechanic"": 0, ""misc_value"": 0, ""points_per_level"": 11.666666666666666, ""radius_yards"": null, ""trigger_spell"": 0, ""type"": 6}","{""amplitude"": 0, ""apply_aura"": 42, ""base_points"": -1, ""chain_targets"": 0, ""die_sides"": 1, ""implicit_target_a"": 1, ""implicit_target_b"": 0, ""mechanic"": 0, ""misc_value"": 0, ""points_per_level"": 0.0, ""radius_yards"": null, ""trigger_spell"": 6150, ""type"": 6}",,2328,,,"{""ActiveIconID"": 122, ""AuraDescription_Lang_Mask"": 16712190, ""AuraDescription_Lang_enUS"": ""Increases ranged attack power by $s1.\r\nIncreases dodge chance by $61848s1%."", ""BaseLevel"": 74, ""CastingTimeIndex"": 1, ""DefenseType"": 1, ""Description_Lang_Mask"": 16712190, ""Description_Lang_enUS"": ""The hunter takes on the aspects of a dragonhawk, increasing ranged attack power by $s1 and chance to dodge by $61848s1%.  Only one Aspect can be active at a time."", ""EffectBasePoints_3"": 17, ""EffectChainAmplitude_1"": 1.0, ""EffectChainAmplitude_2"": 1.0, ""EffectChainAmplitude_3"": 1.0, ""EffectDieSides_3"": 1, ""EquippedItemClass"": -1, ""MaxLevel"": 80, ""NameSubtext_Lang_Mask"": 16712190, ""NameSubtext_Lang_enUS"": """", ""Name_Lang_Mask"": 16712190, ""PreventionType"": 1, ""ProcTypeMask"": 87376, ""RangeIndex"": 1, ""SpellClassMask_3"": 4096, ""SpellClassSet"": 9, ""SpellLevel"": 74, ""SpellVisualID_1"": 3161}",pulled from existing data; single-rank bootstrap: BasePoints/BaseLevel/SpellLevel kept from rank 1 (learn level 74); RealPointsPerLevel from rank1->top-rank-fallback (anchor rank 2 @ level 80); coefficient/cast_time_ms/mana_cost_pct from max rank; MaxLevel set to 80
62757,Call Stabled Pet,1,0,0,268501008,0,0,300000,0,0,0,0,0.0,,120000,"{""amplitude"": 0, ""apply_aura"": 292, ""base_points"": 0, ""chain_targets"": 0, ""die_sides"": 0, ""implicit_target_a"": 1, ""implicit_target_b"": 0, ""mechanic"": 0, ""misc_value"": 0, ""points_per_level"": 0.0, ""radius_yards"": null, ""trigger_spell"": 0, ""type"": 6}",,,1522,,,"{""AttributesEx"": 131072, ""AttributesEx4"": 65536, ""AuraDescription_Lang_Mask"": 16712190, ""AuraDescription_Lang_enUS"": ""Choose one of your stabled pets to replace your current pet."", ""AuraInterruptFlags"": 273158147, ""BaseLevel"": 80, ""CastingTimeIndex"": 1, ""Description_Lang_Mask"": 16712190, ""Description_Lang_enUS"": ""Choose one of your stabled pets to replace your current pet.  The selected pet busts out of its stable to join you no matter where you are.  Cannot be used in combat."", ""EffectChainAmplitude_1"": 1.0, ""EffectChainAmplitude_2"": 1.0, ""EffectChainAmplitude_3"": 1.0, ""EquippedItemClass"": -1, ""ExcludeCasterAuraSpell"": 61431, ""InterruptFlags"": 15, ""NameSubtext_Lang_Mask"": 16712172, ""Name_Lang_Mask"": 16712190, ""ProcChance"": 101, ""RangeIndex"": 1, ""SpellClassMask_3"": 1048576, ""SpellClassSet"": 9, ""SpellLevel"": 80, ""SpellPriority"": 50, ""SpellVisualID_1"": 3401, ""StartRecoveryCategory"": 133, ""StartRecoveryTime"": 1500}",pulled from existing data
64418,Sniper Training,8,0,0,134217728,0,0,0,0,0,0,0,0.0,,15000,"{""amplitude"": 0, ""apply_aura"": 108, ""base_points"": 1, ""chain_targets"": 0, ""die_sides"": 1, ""implicit_target_a"": 1, ""implicit_target_b"": 0, ""mechanic"": 0, ""misc_value"": 0, ""points_per_level"": 0.06666666666666667, ""radius_yards"": null, ""trigger_spell"": 0, ""type"": 6}","{""amplitude"": 0, ""apply_aura"": 108, ""base_points"": 1, ""chain_targets"": 0, ""die_sides"": 1, ""implicit_target_a"": 1, ""implicit_target_b"": 0, ""mechanic"": 0, ""misc_value"": 22, ""points_per_level"": 0.06666666666666667, ""radius_yards"": null, ""trigger_spell"": 0, ""type"": 6}",,3437,,,"{""AttributesEx"": 32, ""AttributesEx2"": 16384, ""AuraDescription_Lang_Mask"": 16712190, ""AuraDescription_Lang_enUS"": ""Damage done by your Steady Shot, Aimed Shot, Black Arrow and Explosive Shot increased by $s1%."", ""CastingTimeIndex"": 1, ""Description_Lang_Mask"": 16712190, ""Description_Lang_enUS"": ""Increases the critical strike chance of your Kill Shot ability by $53302s2%, and while standing still for $53302s1 sec, you gain Sniper Training increasing the damage done by your Steady Shot, Aimed Shot, Black Arrow and Explosive Shot by $64418s1% for $64418d."", ""EffectBonusMultiplier_1"": 1.0, ""EffectBonusMultiplier_3"": 1.0, ""EffectChainAmplitude_1"": 1.0, ""EffectChainAmplitude_2"": 1.0, ""EffectChainAmplitude_3"": 1.0, ""EffectSpellClassMaskA_1"": 131072, ""EffectSpellClassMaskA_2"": 134217729, ""EffectSpellClassMaskA_3"": 512, ""EffectSpellClassMaskB_2"": 134217728, ""EquippedItemClass"": -1, ""MaxLevel"": 80, ""NameSubtext_Lang_Mask"": 16712190, ""NameSubtext_Lang_enUS"": """", ""Name_Lang_Mask"": 16712190, ""ProcChance"": 101, ""RangeIndex"": 1, ""SpellClassSet"": 9}",pulled from existing data; single-rank bootstrap: BasePoints/BaseLevel/SpellLevel kept from rank 1 (learn level 0); RealPointsPerLevel from rank1->covers-60 (anchor rank 3 @ level 60); coefficient/cast_time_ms/mana_cost_pct from max rank; MaxLevel set to 80
75593,Ferocious Inspiration,1,0,0,0,0,0,0,0,0,0,0,0.0,,-1,"{""amplitude"": 0, ""apply_aura"": 79, ""base_points"": 0, ""chain_targets"": 0, ""die_sides"": 1, ""implicit_target_a"": 1, ""implicit_target_b"": 0, ""mechanic"": 0, ""misc_value"": 127, ""points_per_level"": 0.03333333333333333, ""radius_yards"": 100.0, ""trigger_spell"": 0, ""type"": 65}",,,2232,,,"{""AttributesEx6"": 1140850688, ""AttributesEx7"": 268435456, ""AuraDescription_Lang_Mask"": 16712190, ""AuraDescription_Lang_enUS"": ""All damage increased by $s1%."", ""CastingTimeIndex"": 1, ""Description_Lang_Mask"": 16712190, ""Description_Lang_enUS"": ""All party and raid members have all damage increased by $s1%."", ""EffectBonusMultiplier_3"": 1.0, ""EffectChainAmplitude_1"": 1.0, ""EffectChainAmplitude_2"": 1.0, ""EffectChainAmplitude_3"": 1.0, ""EffectSpellClassMaskA_1"": 67108864, ""EquippedItemClass"": -1, ""MaxLevel"": 80, ""NameSubtext_Lang_Mask"": 16712172, ""NameSubtext_Lang_enUS"": """", ""Name_Lang_Mask"": 16712190, ""ProcChance"": 101, ""RangeIndex"": 1, ""SpellClassMask_2"": 32, ""SpellClassSet"": 9}",pulled from existing data; single-rank bootstrap: BasePoints/BaseLevel/SpellLevel kept from rank 1 (learn level 0); RealPointsPerLevel from rank1->covers-60 (anchor rank 3 @ level 60); coefficient/cast_time_ms/mana_cost_pct from max rank; MaxLevel set to 80
