id,name,school,dispel,mechanic,attributes,category,cast_time_ms,cooldown_ms,category_cooldown_ms,power_type,mana_cost,mana_cost_pct,range_yards,radius_yards,duration_ms,effect1,effect2,effect3,spell_icon_id,spell_weight,coeff_weight,raw_overrides,notes
10,Blizzard,16,0,0,65536,0,0,0,0,0,0,74,30.0,,8000,"{""amplitude"": 0, ""apply_aura"": 4, ""base_points"": 24, ""chain_targets"": 0, ""die_sides"": 1, ""implicit_target_a"": 28, ""implicit_target_b"": 0, ""mechanic"": 0, ""misc_value"": 0, ""points_per_level"": 0.10000000149011612, ""radius_yards"": 8.0, ""trigger_spell"": 0, ""type"": 27}","{""amplitude"": 1000, ""apply_aura"": 23, ""base_points"": 0, ""chain_targets"": 0, ""die_sides"": 0, ""implicit_target_a"": 1, ""implicit_target_b"": 0, ""mechanic"": 0, ""misc_value"": 0, ""points_per_level"": 0.0, ""radius_yards"": null, ""trigger_spell"": 42208, ""type"": 6}",,285,,,"{""AttributesEx"": 268435596, ""AttributesEx2"": 4194304, ""AttributesEx5"": 8192, ""AuraDescription_Lang_Mask"": 16712190, ""AuraDescription_Lang_enUS"": 319, ""BaseLevel"": 20, ""CastingTimeIndex"": 1, ""ChannelInterruptFlags"": 31788, ""DefenseType"": 1, ""Description_Lang_Mask"": 16712190, ""Description_Lang_enUS"": 235, ""EffectBonusMultiplier_1"": 0.11900000274181366, ""EffectChainAmplitude_1"": 1.0, ""EffectChainAmplitude_2"": 1.0, ""EffectChainAmplitude_3"": 1.0, ""EquippedItemClass"": -1, ""InterruptFlags"": 15, ""MaxLevel"": 25, ""NameSubtext_Lang_Mask"": 16712190, ""NameSubtext_Lang_enUS"": ""Rank 1"", ""Name_Lang_Mask"": 16712190, ""PreventionType"": 1, ""ProcChance"": 100, ""SpellClassMask_1"": 524416, ""SpellClassSet"": 3, ""SpellDescriptionVariableID"": 167, ""SpellLevel"": 20, ""SpellPriority"": 50, ""SpellVisualID_1"": 9490, ""StartRecoveryCategory"": 133, ""StartRecoveryTime"": 1500, ""Targets"": 64}",pulled from existing data
66,Invisibility,64,6,0,1114112,1162,0,180000,0,0,0,16,0.0,,3000,,"{""amplitude"": 1000, ""apply_aura"": 23, ""base_points"": -1, ""chain_targets"": 0, ""die_sides"": 1, ""implicit_target_a"": 1, ""implicit_target_b"": 0, ""mechanic"": 0, ""misc_value"": 0, ""points_per_level"": 0.0, ""radius_yards"": null, ""trigger_spell"": 35009, ""type"": 6}",,2308,,,"{""AttributesEx"": 131072, ""AttributesEx3"": 1073741824, ""AttributesEx4"": 64, ""AuraDescription_Lang_Mask"": 16712190, ""AuraDescription_Lang_enUS"": 1792, ""AuraInterruptFlags"": 660484, ""BaseLevel"": 68, ""CastingTimeIndex"": 1, ""DefenseType"": 1, ""Description_Lang_Mask"": 16712190, ""Description_Lang_enUS"": 1488, ""EffectBasePoints_3"": 99, ""EffectChainAmplitude_1"": 1.0, ""EffectChainAmplitude_2"": 1.0, ""EffectChainAmplitude_3"": 1.0, ""EffectDieSides_3"": 1, ""EquippedItemClass"": -1, ""ExcludeCasterAuraState"": 12, ""InterruptFlags"": 8, ""NameSubtext_Lang_Mask"": 16712188, ""Name_Lang_Mask"": 16712190, ""PreventionType"": 1, ""ProcChance"": 101, ""RangeIndex"": 1, ""SpellClassMask_1"": 2147483648, ""SpellClassMask_2"": 262144, ""SpellClassSet"": 3, ""SpellLevel"": 68, ""SpellPriority"": 50, ""SpellVisualID_1"": 7964, ""StartRecoveryCategory"": 133, ""StartRecoveryTime"": 1500}",pulled from existing data
116,Frostbolt,16,1,0,65536,0,1500,0,0,0,0,6,30.0,,5000,"{""amplitude"": 0, ""apply_aura"": 33, ""base_points"": -41, ""chain_targets"": 0, ""die_sides"": 1, ""implicit_target_a"": 6, ""implicit_target_b"": 0, ""mechanic"": 11, ""misc_value"": 0, ""points_per_level"": 0.0, ""radius_yards"": null, ""trigger_spell"": 0, ""type"": 6}","{""amplitude"": 0, ""apply_aura"": 0, ""base_points"": 17, ""chain_targets"": 0, ""die_sides"": 3, ""implicit_target_a"": 6, ""implicit_target_b"": 0, ""mechanic"": 0, ""misc_value"": 0, ""points_per_level"": 0.5, ""radius_yards"": null, ""trigger_spell"": 0, ""type"": 2}","{""amplitude"": 0, ""apply_aura"": 118, ""base_points"": -1, ""chain_targets"": 0, ""die_sides"": 1, ""implicit_target_a"": 6, ""implicit_target_b"": 0, ""mechanic"": 0, ""misc_value"": 127, ""points_per_level"": 0.0, ""radius_yards"": null, ""trigger_spell"": 0, ""type"": 6}",188,,,"{""AttributesEx6"": 2097152, ""AuraDescription_Lang_Mask"": 16712190, ""AuraDescription_Lang_enUS"": 3906, ""BaseLevel"": 4, ""CastingTimeIndex"": 16, ""DefenseType"": 1, ""Description_Lang_Mask"": 16712190, ""Description_Lang_enUS"": 3770, ""EffectBonusMultiplier_2"": 0.1720000058412552, ""EffectChainAmplitude_1"": 1.0, ""EffectChainAmplitude_2"": 1.0, ""EffectChainAmplitude_3"": 1.0, ""EquippedItemClass"": -1, ""FacingCasterFlags"": 1, ""InterruptFlags"": 15, ""MaxLevel"": 8, ""NameSubtext_Lang_Mask"": 16712190, ""NameSubtext_Lang_enUS"": ""Rank 1"", ""Name_Lang_Mask"": 16712190, ""PreventionType"": 1, ""ProcChance"": 101, ""Speed"": 28.0, ""SpellClassMask_1"": 32, ""SpellClassSet"": 3, ""SpellDescriptionVariableID"": 167, ""SpellLevel"": 4, ""SpellPriority"": 50, ""SpellVisualID_1"": 13, ""StartRecoveryCategory"": 133, ""StartRecoveryTime"": 1500}",pulled from existing data
118,Polymorph,64,1,17,1074855936,0,1500,0,0,0,0,7,30.0,,20000,"{""amplitude"": 0, ""apply_aura"": 5, ""base_points"": -1, ""chain_targets"": 0, ""die_sides"": 1, ""implicit_target_a"": 6, ""implicit_target_b"": 0, ""mechanic"": 0, ""misc_value"": 0, ""points_per_level"": 0.0, ""radius_yards"": null, ""trigger_spell"": 0, ""type"": 6}","{""amplitude"": 0, ""apply_aura"": 56, ""base_points"": 0, ""chain_targets"": 0, ""die_sides"": 0, ""implicit_target_a"": 6, ""implicit_target_b"": 0, ""mechanic"": 0, ""misc_value"": 16372, ""points_per_level"": 0.0, ""radius_yards"": null, ""trigger_spell"": 0, ""type"": 6}",,82,,,"{""AttributesEx"": 262144, ""AttributesEx2"": 64, ""AttributesEx4"": 1610612736, ""AttributesEx5"": 32, ""AttributesEx6"": 8388608, ""AuraDescription_Lang_Mask"": 16712190, ""AuraDescription_Lang_enUS"": 4268, ""AuraInterruptFlags"": 524290, ""BaseLevel"": 8, ""CastingTimeIndex"": 16, ""DefenseType"": 1, ""Description_Lang_Mask"": 16712190, ""Description_Lang_enUS"": 3941, ""EffectBasePoints_3"": -1, ""EffectChainAmplitude_1"": 1.0, ""EffectChainAmplitude_2"": 1.0, ""EffectChainAmplitude_3"": 1.0, ""EffectDieSides_3"": 1, ""EquippedItemClass"": -1, ""InterruptFlags"": 15, ""NameSubtext_Lang_Mask"": 16712190, ""NameSubtext_Lang_enUS"": ""Rank 1"", ""Name_Lang_Mask"": 16712190, ""PreventionType"": 1, ""ProcChance"": 101, ""SpellClassMask_1"": 16777216, ""SpellClassSet"": 3, ""SpellLevel"": 8, ""SpellPriority"": 50, ""SpellVisualID_1"": 12978, ""StartRecoveryCategory"": 133, ""StartRecoveryTime"": 1500, ""TargetCreatureType"": 193}",pulled from existing data
120,Cone of Cold,16,1,0,65536,50,0,0,10000,0,0,25,0.0,,8000,"{""amplitude"": 0, ""apply_aura"": 33, ""base_points"": -51, ""chain_targets"": 0, ""die_sides"": 1, ""implicit_target_a"": 104, ""implicit_target_b"": 0, ""mechanic"": 11, ""misc_value"": 0, ""points_per_level"": 0.0, ""radius_yards"": 10.0, ""trigger_spell"": 0, ""type"": 6}","{""amplitude"": 0, ""apply_aura"": 0, ""base_points"": 97, ""chain_targets"": 0, ""die_sides"": 11, ""implicit_target_a"": 104, ""implicit_target_b"": 0, ""mechanic"": 0, ""misc_value"": 0, ""points_per_level"": 0.800000011920929, ""radius_yards"": 10.0, ""trigger_spell"": 0, ""type"": 2}","{""amplitude"": 0, ""apply_aura"": 118, ""base_points"": -1, ""chain_targets"": 0, ""die_sides"": 1, ""implicit_target_a"": 104, ""implicit_target_b"": 0, ""mechanic"": 0, ""misc_value"": 127, ""points_per_level"": 0.0, ""radius_yards"": 10.0, ""trigger_spell"": 0, ""type"": 6}",35,,,"{""AttributesEx"": 136, ""AuraDescription_Lang_Mask"": 16712190, ""AuraDescription_Lang_enUS"": 3906, ""BaseLevel"": 26, ""CastingTimeIndex"": 1, ""DefenseType"": 1, ""Description_Lang_Mask"": 16712190, ""Description_Lang_enUS"": 4336, ""EffectBonusMultiplier_2"": 0.21400000154972076, ""EffectChainAmplitude_1"": 1.0, ""EffectChainAmplitude_2"": 1.0, ""EffectChainAmplitude_3"": 1.0, ""EquippedItemClass"": -1, ""InterruptFlags"": 8, ""MaxLevel"": 31, ""NameSubtext_Lang_Mask"": 16712190, ""NameSubtext_Lang_enUS"": ""Rank 1"", ""Name_Lang_Mask"": 16712190, ""PreventionType"": 1, ""ProcChance"": 101, ""RangeIndex"": 1, ""SpellClassMask_1"": 512, ""SpellClassSet"": 3, ""SpellDescriptionVariableID"": 167, ""SpellLevel"": 26, ""SpellPriority"": 50, ""SpellVisualID_1"": 1007, ""StartRecoveryCategory"": 133, ""StartRecoveryTime"": 1500}",pulled from existing data
122,Frost Nova,16,1,0,1073807360,35,0,0,25000,0,0,7,0.0,,8000,"{""amplitude"": 0, ""apply_aura"": 0, ""base_points"": 18, ""chain_targets"": 0, ""die_sides"": 3, ""implicit_target_a"": 22, ""implicit_target_b"": 15, ""mechanic"": 0, ""misc_value"": 0, ""points_per_level"": 0.5, ""radius_yards"": 10.0, ""trigger_spell"": 0, ""type"": 2}","{""amplitude"": 0, ""apply_aura"": 26, ""base_points"": -1, ""chain_targets"": 0, ""die_sides"": 1, ""implicit_target_a"": 22, ""implicit_target_b"": 15, ""mechanic"": 7, ""misc_value"": 0, ""points_per_level"": 0.0, ""radius_yards"": 10.0, ""trigger_spell"": 0, ""type"": 6}",,193,,,"{""AttributesEx"": 136, ""AttributesEx4"": 1073741824, ""AuraDescription_Lang_Mask"": 16712190, ""AuraDescription_Lang_enUS"": 4632, ""AuraInterruptFlags"": 4718592, ""BaseLevel"": 10, ""CastingTimeIndex"": 1, ""DefenseType"": 1, ""Description_Lang_Mask"": 16712190, ""Description_Lang_enUS"": 4470, ""EffectBasePoints_3"": -1, ""EffectBonusMultiplier_1"": 0.017999999225139618, ""EffectChainAmplitude_1"": 1.0, ""EffectChainAmplitude_2"": 1.0, ""EffectChainAmplitude_3"": 1.0, ""EffectDieSides_3"": 1, ""EquippedItemClass"": -1, ""InterruptFlags"": 8, ""MaxLevel"": 15, ""NameSubtext_Lang_Mask"": 16712190, ""NameSubtext_Lang_enUS"": ""Rank 1"", ""Name_Lang_Mask"": 16712190, ""PreventionType"": 1, ""ProcChance"": 100, ""ProcTypeMask"": 664232, ""RangeIndex"": 1, ""SpellClassMask_1"": 64, ""SpellClassSet"": 3, ""SpellDescriptionVariableID"": 167, ""SpellLevel"": 10, ""SpellPriority"": 50, ""SpellVisualID_1"": 17, ""StartRecoveryCategory"": 133, ""StartRecoveryTime"": 1500}",pulled from existing data
130,Slow Fall,64,1,0,65536,0,0,0,0,0,0,6,30.0,,30000,"{""amplitude"": 0, ""apply_aura"": 105, ""base_points"": 0, ""chain_targets"": 0, ""die_sides"": 0, ""implicit_target_a"": 57, ""implicit_target_b"": 0, ""mechanic"": 0, ""misc_value"": 0, ""points_per_level"": 0.0, ""radius_yards"": null, ""trigger_spell"": 0, ""type"": 6}",,,505,,,"{""AttributesEx"": 131072, ""AttributesEx6"": 67108864, ""AuraDescription_Lang_Mask"": 16712190, ""AuraDescription_Lang_enUS"": 4998, ""BaseLevel"": 12, ""CastingTimeIndex"": 1, ""DefenseType"": 1, ""Description_Lang_Mask"": 16712190, ""Description_Lang_enUS"": 4938, ""EffectChainAmplitude_1"": 1.0, ""EffectChainAmplitude_2"": 1.0, ""EffectChainAmplitude_3"": 1.0, ""EquippedItemClass"": -1, ""InterruptFlags"": 8, ""NameSubtext_Lang_Mask"": 16712188, ""Name_Lang_Mask"": 16712190, ""PreventionType"": 1, ""ProcChance"": 101, ""ReagentCount_1"": 1, ""Reagent_1"": 17056, ""SpellClassMask_1"": 2147483648, ""SpellClassMask_2"": 8388608, ""SpellClassMask_3"": 8, ""SpellClassSet"": 3, ""SpellLevel"": 12, ""SpellPriority"": 50, ""SpellVisualID_1"": 63, ""StartRecoveryCategory"": 133, ""StartRecoveryTime"": 1500}",pulled from existing data
133,Fireball,4,0,0,65536,0,1500,0,0,0,0,8,35.0,,4000,"{""amplitude"": 0, ""apply_aura"": 0, ""base_points"": 13, ""chain_targets"": 0, ""die_sides"": 9, ""implicit_target_a"": 6, ""implicit_target_b"": 0, ""mechanic"": 0, ""misc_value"": 0, ""points_per_level"": 0.6000000238418579, ""radius_yards"": null, ""trigger_spell"": 0, ""type"": 2}","{""amplitude"": 2000, ""apply_aura"": 3, ""base_points"": 0, ""chain_targets"": 0, ""die_sides"": 1, ""implicit_target_a"": 6, ""implicit_target_b"": 0, ""mechanic"": 0, ""misc_value"": 0, ""points_per_level"": 0.0, ""radius_yards"": null, ""trigger_spell"": 0, ""type"": 6}",,185,,,"{""AuraDescription_Lang_Mask"": 16712190, ""AuraDescription_Lang_enUS"": 5323, ""BaseLevel"": 1, ""CastingTimeIndex"": 16, ""DefenseType"": 1, ""Description_Lang_Mask"": 16712190, ""Description_Lang_enUS"": 5233, ""EffectBonusMultiplier_1"": 0.12300000339746475, ""EffectChainAmplitude_1"": 1.0, ""EffectChainAmplitude_2"": 1.0, ""EffectChainAmplitude_3"": 1.0, ""EquippedItemClass"": -1, ""FacingCasterFlags"": 1, ""InterruptFlags"": 15, ""MaxLevel"": 5, ""NameSubtext_Lang_Mask"": 16712190, ""NameSubtext_Lang_enUS"": ""Rank 1"", ""Name_Lang_Mask"": 16712190, ""PreventionType"": 1, ""ProcChance"": 101, ""Speed"": 24.0, ""SpellClassMask_1"": 1, ""SpellClassMask_3"": 8, ""SpellClassSet"": 3, ""SpellLevel"": 1, ""SpellPriority"": 50, ""SpellVisualID_1"": 67, ""StartRecoveryCategory"": 133, ""StartRecoveryTime"": 1500}",pulled from existing data
143,Fireball,4,0,0,65536,0,2000,0,0,0,0,11,35.0,,6000,"{""amplitude"": 0, ""apply_aura"": 0, ""base_points"": 30, ""chain_targets"": 0, ""die_sides"": 15, ""implicit_target_a"": 6, ""implicit_target_b"": 0, ""mechanic"": 0, ""misc_value"": 0, ""points_per_level"": 0.800000011920929, ""radius_yards"": null, ""trigger_spell"": 0, ""type"": 2}","{""amplitude"": 2000, ""apply_aura"": 3, ""base_points"": 0, ""chain_targets"": 0, ""die_sides"": 1, ""implicit_target_a"": 6, ""implicit_target_b"": 0, ""mechanic"": 0, ""misc_value"": 0, ""points_per_level"": 0.0, ""radius_yards"": null, ""trigger_spell"": 0, ""type"": 6}",,185,,,"{""AuraDescription_Lang_Mask"": 16712190, ""AuraDescription_Lang_enUS"": 5323, ""BaseLevel"": 6, ""CastingTimeIndex"": 5, ""DefenseType"": 1, ""Description_Lang_Mask"": 16712190, ""Description_Lang_enUS"": 5233, ""EffectBonusMultiplier_1"": 0.2709999978542328, ""EffectChainAmplitude_1"": 1.0, ""EffectChainAmplitude_2"": 1.0, ""EffectChainAmplitude_3"": 1.0, ""EquippedItemClass"": -1, ""FacingCasterFlags"": 1, ""InterruptFlags"": 15, ""MaxLevel"": 10, ""NameSubtext_Lang_Mask"": 16712190, ""NameSubtext_Lang_enUS"": ""Rank 2"", ""Name_Lang_Mask"": 16712190, ""PreventionType"": 1, ""ProcChance"": 101, ""Speed"": 24.0, ""SpellClassMask_1"": 1, ""SpellClassMask_3"": 8, ""SpellClassSet"": 3, ""SpellLevel"": 6, ""SpellPriority"": 50, ""SpellVisualID_1"": 67, ""StartRecoveryCategory"": 133, ""StartRecoveryTime"": 1500}",pulled from existing data
145,Fireball,4,0,0,65536,0,2500,0,0,0,0,14,35.0,,6000,"{""amplitude"": 0, ""apply_aura"": 0, ""base_points"": 52, ""chain_targets"": 0, ""die_sides"": 21, ""implicit_target_a"": 6, ""implicit_target_b"": 0, ""mechanic"": 0, ""misc_value"": 0, ""points_per_level"": 1.0, ""radius_yards"": null, ""trigger_spell"": 0, ""type"": 2}","{""amplitude"": 2000, ""apply_aura"": 3, ""base_points"": 1, ""chain_targets"": 0, ""die_sides"": 1, ""implicit_target_a"": 6, ""implicit_target_b"": 0, ""mechanic"": 0, ""misc_value"": 0, ""points_per_level"": 0.0, ""radius_yards"": null, ""trigger_spell"": 0, ""type"": 6}",,185,,,"{""AuraDescription_Lang_Mask"": 16712190, ""AuraDescription_Lang_enUS"": 5323, ""BaseLevel"": 12, ""CastingTimeIndex"": 19, ""DefenseType"": 1, ""Description_Lang_Mask"": 16712190, ""Description_Lang_enUS"": 5233, ""EffectBonusMultiplier_1"": 0.5, ""EffectChainAmplitude_1"": 1.0, ""EffectChainAmplitude_2"": 1.0, ""EffectChainAmplitude_3"": 1.0, ""EquippedItemClass"": -1, ""FacingCasterFlags"": 1, ""InterruptFlags"": 15, ""MaxLevel"": 16, ""NameSubtext_Lang_Mask"": 16712190, ""NameSubtext_Lang_enUS"": ""Rank 3"", ""Name_Lang_Mask"": 16712190, ""PreventionType"": 1, ""ProcChance"": 101, ""Speed"": 24.0, ""SpellClassMask_1"": 1, ""SpellClassMask_3"": 8, ""SpellClassSet"": 3, ""SpellLevel"": 12, ""SpellPriority"": 50, ""SpellVisualID_1"": 67, ""StartRecoveryCategory"": 133, ""StartRecoveryTime"": 1500}",pulled from existing data
168,Frost Armor,16,0,0,65536,0,0,0,0,0,0,24,0.0,,1800000,"{""amplitude"": 0, ""apply_aura"": 22, ""base_points"": 29, ""chain_targets"": 0, ""die_sides"": 1, ""implicit_target_a"": 1, ""implicit_target_b"": 0, ""mechanic"": 0, ""misc_value"": 1, ""points_per_level"": 0.0, ""radius_yards"": null, ""trigger_spell"": 0, ""type"": 6}","{""amplitude"": 0, ""apply_aura"": 42, ""base_points"": 0, ""chain_targets"": 0, ""die_sides"": 0, ""implicit_target_a"": 1, ""implicit_target_b"": 0, ""mechanic"": 0, ""misc_value"": 0, ""points_per_level"": 0.0, ""radius_yards"": null, ""trigger_spell"": 6136, ""type"": 6}",,181,,,"{""AttributesEx4"": 524288, ""AttributesEx7"": 268435456, ""AuraDescription_Lang_Mask"": 16712190, ""AuraDescription_Lang_enUS"": 6019, ""BaseLevel"": 1, ""CastingTimeIndex"": 1, ""DefenseType"": 1, ""Description_Lang_Mask"": 16712190, ""Description_Lang_enUS"": 5765, ""EffectChainAmplitude_1"": 1.0, ""EffectChainAmplitude_2"": 1.0, ""EffectChainAmplitude_3"": 1.0, ""EquippedItemClass"": -1, ""InterruptFlags"": 8, ""NameSubtext_Lang_Mask"": 16712190, ""NameSubtext_Lang_enUS"": ""Rank 1"", ""Name_Lang_Mask"": 16712190, ""PreventionType"": 1, ""ProcChance"": 100, ""ProcTypeMask"": 40, ""RangeIndex"": 1, ""SpellClassMask_1"": 34078720, ""SpellClassSet"": 3, ""SpellLevel"": 1, ""SpellPriority"": 50, ""SpellVisualID_1"": 124, ""StartRecoveryCategory"": 133, ""StartRecoveryTime"": 1500}",pulled from existing data
205,Frostbolt,16,1,0,65536,0,1800,0,0,0,0,7,30.0,,6000,"{""amplitude"": 0, ""apply_aura"": 33, ""base_points"": -41, ""chain_targets"": 0, ""die_sides"": 1, ""implicit_target_a"": 6, ""implicit_target_b"": 0, ""mechanic"": 11, ""misc_value"": 0, ""points_per_level"": 0.0, ""radius_yards"": null, ""trigger_spell"": 0, ""type"": 6}","{""amplitude"": 0, ""apply_aura"": 0, ""base_points"": 30, ""chain_targets"": 0, ""die_sides"": 5, ""implicit_target_a"": 6, ""implicit_target_b"": 0, ""mechanic"": 0, ""misc_value"": 0, ""points_per_level"": 0.699999988079071, ""radius_yards"": null, ""trigger_spell"": 0, ""type"": 2}","{""amplitude"": 0, ""apply_aura"": 118, ""base_points"": -1, ""chain_targets"": 0, ""die_sides"": 1, ""implicit_target_a"": 6, ""implicit_target_b"": 0, ""mechanic"": 0, ""misc_value"": 127, ""points_per_level"": 0.0, ""radius_yards"": null, ""trigger_spell"": 0, ""type"": 6}",188,,,"{""AttributesEx6"": 2097152, ""AuraDescription_Lang_Mask"": 16712190, ""AuraDescription_Lang_enUS"": 3906, ""BaseLevel"": 8, ""CastingTimeIndex"": 23, ""DefenseType"": 1, ""Description_Lang_Mask"": 16712190, ""Description_Lang_enUS"": 3770, ""EffectBonusMultiplier_2"": 0.28299999237060547, ""EffectChainAmplitude_1"": 1.0, ""EffectChainAmplitude_2"": 1.0, ""EffectChainAmplitude_3"": 1.0, ""EquippedItemClass"": -1, ""FacingCasterFlags"": 1, ""InterruptFlags"": 15, ""MaxLevel"": 12, ""NameSubtext_Lang_Mask"": 16712190, ""NameSubtext_Lang_enUS"": ""Rank 2"", ""Name_Lang_Mask"": 16712190, ""PreventionType"": 1, ""ProcChance"": 101, ""Speed"": 28.0, ""SpellClassMask_1"": 32, ""SpellClassSet"": 3, ""SpellDescriptionVariableID"": 167, ""SpellLevel"": 8, ""SpellPriority"": 50, ""SpellVisualID_1"": 13, ""StartRecoveryCategory"": 133, ""StartRecoveryTime"": 1500}",pulled from existing data
475,Remove Curse,64,0,0,327680,0,0,0,0,0,0,8,40.0,,,"{""amplitude"": 0, ""apply_aura"": 0, ""base_points"": 0, ""chain_targets"": 0, ""die_sides"": 1, ""implicit_target_a"": 21, ""implicit_target_b"": 0, ""mechanic"": 0, ""misc_value"": 2, ""points_per_level"": 0.0, ""radius_yards"": null, ""trigger_spell"": 0, ""type"": 38}",,,195,,,"{""AuraDescription_Lang_Mask"": 16712188, ""BaseLevel"": 18, ""CastingTimeIndex"": 1, ""DefenseType"": 1, ""Description_Lang_Mask"": 16712190, ""Description_Lang_enUS"": 11019, ""EffectBasePoints_2"": -1, ""EffectChainAmplitude_1"": 1.0, ""EffectChainAmplitude_2"": 1.0, ""EffectChainAmplitude_3"": 1.0, ""EffectDieSides_2"": 1, ""EquippedItemClass"": -1, ""InterruptFlags"": 8, ""NameSubtext_Lang_Mask"": 16712188, ""Name_Lang_Mask"": 16712190, ""PreventionType"": 1, ""ProcChance"": 101, ""SpellClassMask_1"": 2147483648, ""SpellClassMask_2"": 16777216, ""SpellClassSet"": 3, ""SpellLevel"": 18, ""SpellVisualID_1"": 186, ""StartRecoveryCategory"": 133, ""StartRecoveryTime"": 1500}",pulled from existing data
491,Khadgar's Unlocking,64,0,0,65536,0,10000,0,0,0,0,9,5.0,,,"{""amplitude"": 0, ""apply_aura"": 0, ""base_points"": 14, ""chain_targets"": 0, ""die_sides"": 1, ""implicit_target_a"": 26, ""implicit_target_b"": 0, ""mechanic"": 0, ""misc_value"": 1, ""points_per_level"": 5.0, ""radius_yards"": null, ""trigger_spell"": 0, ""type"": 33}",,,1098,,,"{""AttributesEx"": 131072, ""AuraDescription_Lang_Mask"": 16712188, ""BaseLevel"": 18, ""CastingTimeIndex"": 7, ""DefenseType"": 1, ""Description_Lang_Mask"": 16712190, ""Description_Lang_enUS"": 11090, ""EffectChainAmplitude_1"": 1.0, ""EffectChainAmplitude_2"": 1.0, ""EffectChainAmplitude_3"": 1.0, ""EquippedItemClass"": -1, ""InterruptFlags"": 15, ""MaxLevel"": 28, ""NameSubtext_Lang_Mask"": 16712190, ""NameSubtext_Lang_enUS"": ""Rank 1"", ""Name_Lang_Mask"": 16712190, ""PreventionType"": 1, ""ProcChance"": 101, ""ReagentCount_1"": 1, ""Reagent_1"": 5517, ""SpellClassSet"": 3, ""SpellLevel"": 18, ""SpellVisualID_1"": 181, ""StartRecoveryCategory"": 133, ""StartRecoveryTime"": 1500}",pulled from existing data
543,Fire Ward,4,1,0,65536,56,0,0,30000,0,0,16,0.0,,30000,"{""amplitude"": 0, ""apply_aura"": 69, ""base_points"": 164, ""chain_targets"": 0, ""die_sides"": 1, ""implicit_target_a"": 1, ""implicit_target_b"": 0, ""mechanic"": 0, ""misc_value"": 4, ""points_per_level"": 0.0, ""radius_yards"": null, ""trigger_spell"": 0, ""type"": 6}","{""amplitude"": 0, ""apply_aura"": 74, ""base_points"": -1, ""chain_targets"": 0, ""die_sides"": 1, ""implicit_target_a"": 1, ""implicit_target_b"": 0, ""mechanic"": 0, ""misc_value"": 4, ""points_per_level"": 0.0, ""radius_yards"": null, ""trigger_spell"": 0, ""type"": 6}",,16,,,"{""AuraDescription_Lang_Mask"": 16712190, ""AuraDescription_Lang_enUS"": 11896, ""BaseLevel"": 20, ""CastingTimeIndex"": 1, ""DefenseType"": 1, ""Description_Lang_Mask"": 16712190, ""Description_Lang_enUS"": 11860, ""EffectChainAmplitude_1"": 1.0, ""EffectChainAmplitude_2"": 1.0, ""EffectChainAmplitude_3"": 1.0, ""EffectMultipleValue_2"": 1.0, ""EquippedItemClass"": -1, ""InterruptFlags"": 8, ""MaxLevel"": 29, ""NameSubtext_Lang_Mask"": 16712190, ""NameSubtext_Lang_enUS"": ""Rank 1"", ""Name_Lang_Mask"": 16712190, ""PreventionType"": 1, ""ProcChance"": 101, ""RangeIndex"": 1, ""SpellClassMask_1"": 8, ""SpellClassMask_3"": 8, ""SpellClassSet"": 3, ""SpellLevel"": 20, ""SpellVisualID_1"": 290, ""StartRecoveryCategory"": 133, ""StartRecoveryTime"": 1500}",pulled from existing data
587,Conjure Food,64,0,0,65536,0,3000,0,0,0,0,40,0.0,,,"{""amplitude"": 0, ""apply_aura"": 0, ""base_points"": 1, ""chain_targets"": 0, ""die_sides"": 1, ""implicit_target_a"": 1, ""implicit_target_b"": 0, ""mechanic"": 0, ""misc_value"": 0, ""points_per_level"": 2.0, ""radius_yards"": null, ""trigger_spell"": 0, ""type"": 24}",,,1437,,,"{""AttributesEx"": 131072, ""AuraDescription_Lang_Mask"": 16712188, ""BaseLevel"": 6, ""CastingTimeIndex"": 14, ""DefenseType"": 1, ""Description_Lang_Mask"": 16712190, ""Description_Lang_enUS"": 13074, ""EffectChainAmplitude_1"": 1.0, ""EffectChainAmplitude_2"": 1.0, ""EffectChainAmplitude_3"": 1.0, ""EffectItemType_1"": 5349, ""EquippedItemClass"": -1, ""InterruptFlags"": 15, ""MaxLevel"": 15, ""NameSubtext_Lang_Mask"": 16712190, ""NameSubtext_Lang_enUS"": ""Rank 1"", ""Name_Lang_Mask"": 16712190, ""PreventionType"": 1, ""ProcChance"": 101, ""RangeIndex"": 1, ""SpellClassMask_1"": 1073741824, ""SpellClassSet"": 3, ""SpellLevel"": 6, ""SpellVisualID_1"": 563, ""StartRecoveryCategory"": 133, ""StartRecoveryTime"": 1500}",pulled from existing data
597,Conjure Food,64,0,0,65536,0,3000,0,0,0,0,40,0.0,,,"{""amplitude"": 0, ""apply_aura"": 0, ""base_points"": 1, ""chain_targets"": 0, ""die_sides"": 1, ""implicit_target_a"": 1, ""implicit_target_b"": 0, ""mechanic"": 0, ""misc_value"": 0, ""points_per_level"": 2.0, ""radius_yards"": null, ""trigger_spell"": 0, ""type"": 24}",,,374,,,"{""AttributesEx"": 131072, ""AuraDescription_Lang_Mask"": 16712188, ""BaseLevel"": 12, ""CastingTimeIndex"": 14, ""DefenseType"": 1, ""Description_Lang_Mask"": 16712190, ""Description_Lang_enUS"": 13611, ""EffectChainAmplitude_1"": 1.0, ""EffectChainAmplitude_2"": 1.0, ""EffectChainAmplitude_3"": 1.0, ""EffectItemType_1"": 1113, ""EquippedItemClass"": -1, ""InterruptFlags"": 15, ""MaxLevel"": 21, ""NameSubtext_Lang_Mask"": 16712190, ""NameSubtext_Lang_enUS"": ""Rank 2"", ""Name_Lang_Mask"": 16712190, ""PreventionType"": 1, ""ProcChance"": 101, ""RangeIndex"": 1, ""SpellClassMask_1"": 1073741824, ""SpellClassSet"": 3, ""SpellLevel"": 12, ""SpellVisualID_1"": 563, ""StartRecoveryCategory"": 133, ""StartRecoveryTime"": 1500}",pulled from existing data
604,Dampen Magic,64,1,0,65536,0,0,0,0,0,0,27,30.0,,600000,"{""amplitude"": 0, ""apply_aura"": 14, ""base_points"": -11, ""chain_targets"": 0, ""die_sides"": 1, ""implicit_target_a"": 57, ""implicit_target_b"": 0, ""mechanic"": 0, ""misc_value"": 126, ""points_per_level"": 0.0, ""radius_yards"": null, ""trigger_spell"": 0, ""type"": 6}","{""amplitude"": 0, ""apply_aura"": 115, ""base_points"": -12, ""chain_targets"": 0, ""die_sides"": 1, ""implicit_target_a"": 57, ""implicit_target_b"": 0, ""mechanic"": 0, ""misc_value"": 126, ""points_per_level"": 0.0, ""radius_yards"": null, ""trigger_spell"": 0, ""type"": 6}",,263,,,"{""AttributesEx"": 131072, ""AttributesEx6"": 67108864, ""AuraDescription_Lang_Mask"": 16712190, ""AuraDescription_Lang_enUS"": 14270, ""BaseLevel"": 12, ""CastingTimeIndex"": 1, ""DefenseType"": 1, ""Description_Lang_Mask"": 16712190, ""Description_Lang_enUS"": 14123, ""EffectChainAmplitude_1"": 1.0, ""EffectChainAmplitude_2"": 1.0, ""EffectChainAmplitude_3"": 1.0, ""EquippedItemClass"": -1, ""InterruptFlags"": 8, ""NameSubtext_Lang_Mask"": 16712190, ""NameSubtext_Lang_enUS"": ""Rank 1"", ""Name_Lang_Mask"": 16712190, ""PreventionType"": 1, ""ProcChance"": 101, ""SpellClassMask_1"": 8192, ""SpellClassMask_3"": 8, ""SpellClassSet"": 3, ""SpellLevel"": 12, ""SpellVisualID_1"": 970, ""StartRecoveryCategory"": 133, ""StartRecoveryTime"": 1500}",pulled from existing data
700,Sleep,32,1,10,1074855936,0,1500,0,0,0,60,0,30.0,,20000,"{""amplitude"": 0, ""apply_aura"": 12, ""base_points"": 0, ""chain_targets"": 0, ""die_sides"": 0, ""implicit_target_a"": 6, ""implicit_target_b"": 0, ""mechanic"": 0, ""misc_value"": 0, ""points_per_level"": 0.0, ""radius_yards"": null, ""trigger_spell"": 0, ""type"": 6}",,,44,,,"{""AttributesEx"": 262144, ""AuraDescription_Lang_Mask"": 16712190, ""AuraDescription_Lang_enUS"": 17401, ""AuraInterruptFlags"": 2, ""BaseLevel"": 8, ""CastingTimeIndex"": 16, ""DefenseType"": 1, ""Description_Lang_Mask"": 16712190, ""Description_Lang_enUS"": 17233, ""EffectChainAmplitude_1"": 1.0, ""EffectChainAmplitude_2"": 1.0, ""EffectChainAmplitude_3"": 1.0, ""EquippedItemClass"": -1, ""InterruptFlags"": 15, ""MaxLevel"": 30, ""NameSubtext_Lang_Mask"": 16712190, ""NameSubtext_Lang_enUS"": ""Rank 1"", ""Name_Lang_Mask"": 16712190, ""PreventionType"": 1, ""ProcChance"": 101, ""SpellClassSet"": 3, ""SpellLevel"": 8, ""SpellVisualID_1"": 87, ""StartRecoveryCategory"": 133, ""StartRecoveryTime"": 1500}",pulled from existing data
759,Conjure Mana Gem,64,0,0,65536,0,3000,0,0,0,0,75,0.0,,,"{""amplitude"": 0, ""apply_aura"": 0, ""base_points"": 0, ""chain_targets"": 0, ""die_sides"": 1, ""implicit_target_a"": 1, ""implicit_target_b"": 0, ""mechanic"": 0, ""misc_value"": 0, ""points_per_level"": 0.0, ""radius_yards"": null, ""trigger_spell"": 0, ""type"": 24}","{""amplitude"": 0, ""apply_aura"": 0, ""base_points"": 54413, ""chain_targets"": 0, ""die_sides"": 1, ""implicit_target_a"": 1, ""implicit_target_b"": 0, ""mechanic"": 0, ""misc_value"": 0, ""points_per_level"": 0.0, ""radius_yards"": null, ""trigger_spell"": 0, ""type"": 3}",,1036,,,"{""AttributesEx"": 131072, ""AuraDescription_Lang_Mask"": 16712188, ""BaseLevel"": 28, ""CastingTimeIndex"": 14, ""DefenseType"": 1, ""Description_Lang_Mask"": 16712190, ""Description_Lang_enUS"": 19242, ""EffectChainAmplitude_1"": 1.0, ""EffectChainAmplitude_2"": 1.0, ""EffectChainAmplitude_3"": 1.0, ""EffectItemType_1"": 5514, ""EquippedItemClass"": -1, ""InterruptFlags"": 15, ""NameSubtext_Lang_Mask"": 16712190, ""NameSubtext_Lang_enUS"": ""Rank 1"", ""Name_Lang_Mask"": 16712190, ""PreventionType"": 1, ""ProcChance"": 101, ""RangeIndex"": 1, ""SpellClassMask_1"": 1073741824, ""SpellClassSet"": 3, ""SpellLevel"": 28, ""SpellVisualID_1"": 161, ""StartRecoveryCategory"": 133, ""StartRecoveryTime"": 1500}",pulled from existing data
837,Frostbolt,16,1,0,65536,0,2200,0,0,0,0,8,30.0,,6000,"{""amplitude"": 0, ""apply_aura"": 33, ""base_points"": -41, ""chain_targets"": 0, ""die_sides"": 1, ""implicit_target_a"": 6, ""implicit_target_b"": 0, ""mechanic"": 11, ""misc_value"": 0, ""points_per_level"": 0.0, ""radius_yards"": null, ""trigger_spell"": 0, ""type"": 6}","{""amplitude"": 0, ""apply_aura"": 0, ""base_points"": 50, ""chain_targets"": 0, ""die_sides"": 7, ""implicit_target_a"": 6, ""implicit_target_b"": 0, ""mechanic"": 0, ""misc_value"": 0, ""points_per_level"": 0.8999999761581421, ""radius_yards"": null, ""trigger_spell"": 0, ""type"": 2}","{""amplitude"": 0, ""apply_aura"": 118, ""base_points"": -1, ""chain_targets"": 0, ""die_sides"": 1, ""implicit_target_a"": 6, ""implicit_target_b"": 0, ""mechanic"": 0, ""misc_value"": 127, ""points_per_level"": 0.0, ""radius_yards"": null, ""trigger_spell"": 0, ""type"": 6}",188,,,"{""AttributesEx6"": 2097152, ""AuraDescription_Lang_Mask"": 16712190, ""AuraDescription_Lang_enUS"": 3906, ""BaseLevel"": 14, ""CastingTimeIndex"": 24, ""DefenseType"": 1, ""Description_Lang_Mask"": 16712190, ""Description_Lang_enUS"": 3770, ""EffectBonusMultiplier_2"": 0.4880000054836273, ""EffectChainAmplitude_1"": 1.0, ""EffectChainAmplitude_2"": 1.0, ""EffectChainAmplitude_3"": 1.0, ""EquippedItemClass"": -1, ""FacingCasterFlags"": 1, ""InterruptFlags"": 15, ""MaxLevel"": 18, ""NameSubtext_Lang_Mask"": 16712190, ""NameSubtext_Lang_enUS"": ""Rank 3"", ""Name_Lang_Mask"": 16712190, ""PreventionType"": 1, ""ProcChance"": 101, ""Speed"": 28.0, ""SpellClassMask_1"": 32, ""SpellClassSet"": 3, ""SpellDescriptionVariableID"": 167, ""SpellLevel"": 14, ""SpellPriority"": 50, ""SpellVisualID_1"": 13, ""StartRecoveryCategory"": 133, ""StartRecoveryTime"": 1500}",pulled from existing data
857,Khadgar's Unlocking,64,0,0,65536,0,10000,0,0,0,0,10,5.0,,,"{""amplitude"": 0, ""apply_aura"": 0, ""base_points"": 74, ""chain_targets"": 0, ""die_sides"": 1, ""implicit_target_a"": 26, ""implicit_target_b"": 0, ""mechanic"": 0, ""misc_value"": 1, ""points_per_level"": 5.0, ""radius_yards"": null, ""trigger_spell"": 0, ""type"": 33}",,,1099,,,"{""AttributesEx"": 131072, ""AuraDescription_Lang_Mask"": 16712188, ""BaseLevel"": 30, ""CastingTimeIndex"": 7, ""DefenseType"": 1, ""Description_Lang_Mask"": 16712190, ""Description_Lang_enUS"": 11090, ""EffectChainAmplitude_1"": 1.0, ""EffectChainAmplitude_2"": 1.0, ""EffectChainAmplitude_3"": 1.0, ""EquippedItemClass"": -1, ""InterruptFlags"": 15, ""MaxLevel"": 40, ""NameSubtext_Lang_Mask"": 16712190, ""NameSubtext_Lang_enUS"": ""Rank 2"", ""Name_Lang_Mask"": 16712190, ""PreventionType"": 1, ""ProcChance"": 101, ""ReagentCount_1"": 1, ""Reagent_1"": 5518, ""SpellClassSet"": 3, ""SpellLevel"": 30, ""SpellVisualID_1"": 181, ""StartRecoveryCategory"": 133, ""StartRecoveryTime"": 1500}",pulled from existing data
865,Frost Nova,16,1,0,1073807360,35,0,0,25000,0,0,7,0.0,,8000,"{""amplitude"": 0, ""apply_aura"": 0, ""base_points"": 32, ""chain_targets"": 0, ""die_sides"": 5, ""implicit_target_a"": 22, ""implicit_target_b"": 15, ""mechanic"": 0, ""misc_value"": 0, ""points_per_level"": 0.5, ""radius_yards"": 10.0, ""trigger_spell"": 0, ""type"": 2}","{""amplitude"": 0, ""apply_aura"": 26, ""base_points"": -1, ""chain_targets"": 0, ""die_sides"": 1, ""implicit_target_a"": 22, ""implicit_target_b"": 15, ""mechanic"": 7, ""misc_value"": 0, ""points_per_level"": 0.0, ""radius_yards"": 10.0, ""trigger_spell"": 0, ""type"": 6}",,193,,,"{""AttributesEx"": 136, ""AttributesEx4"": 1073741824, ""AuraDescription_Lang_Mask"": 16712190, ""AuraDescription_Lang_enUS"": 4632, ""AuraInterruptFlags"": 4718592, ""BaseLevel"": 26, ""CastingTimeIndex"": 1, ""DefenseType"": 1, ""Description_Lang_Mask"": 16712190, ""Description_Lang_enUS"": 4470, ""EffectBasePoints_3"": -1, ""EffectBonusMultiplier_1"": 0.0430000014603138, ""EffectChainAmplitude_1"": 1.0, ""EffectChainAmplitude_2"": 1.0, ""EffectChainAmplitude_3"": 1.0, ""EffectDieSides_3"": 1, ""EquippedItemClass"": -1, ""InterruptFlags"": 8, ""MaxLevel"": 31, ""NameSubtext_Lang_Mask"": 16712190, ""NameSubtext_Lang_enUS"": ""Rank 2"", ""Name_Lang_Mask"": 16712190, ""PreventionType"": 1, ""ProcChance"": 100, ""ProcTypeMask"": 664232, ""RangeIndex"": 1, ""SpellClassMask_1"": 64, ""SpellClassSet"": 3, ""SpellDescriptionVariableID"": 167, ""SpellLevel"": 26, ""SpellPriority"": 50, ""SpellVisualID_1"": 17, ""StartRecoveryCategory"": 133, ""StartRecoveryTime"": 1500}",pulled from existing data
990,Conjure Food,64,0,0,65536,0,3000,0,0,0,0,40,0.0,,,"{""amplitude"": 0, ""apply_aura"": 0, ""base_points"": 1, ""chain_targets"": 0, ""die_sides"": 1, ""implicit_target_a"": 1, ""implicit_target_b"": 0, ""mechanic"": 0, ""misc_value"": 0, ""points_per_level"": 2.0, ""radius_yards"": null, ""trigger_spell"": 0, ""type"": 24}",,,259,,,"{""AttributesEx"": 131072, ""AuraDescription_Lang_Mask"": 16712188, ""BaseLevel"": 22, ""CastingTimeIndex"": 14, ""DefenseType"": 1, ""Description_Lang_Mask"": 16712190, ""Description_Lang_enUS"": 24912, ""EffectChainAmplitude_1"": 1.0, ""EffectChainAmplitude_2"": 1.0, ""EffectChainAmplitude_3"": 1.0, ""EffectItemType_1"": 1114, ""EquippedItemClass"": -1, ""InterruptFlags"": 15, ""MaxLevel"": 31, ""NameSubtext_Lang_Mask"": 16712190, ""NameSubtext_Lang_enUS"": ""Rank 3"", ""Name_Lang_Mask"": 16712190, ""PreventionType"": 1, ""ProcChance"": 101, ""RangeIndex"": 1, ""SpellClassMask_1"": 1073741824, ""SpellClassSet"": 3, ""SpellLevel"": 22, ""SpellVisualID_1"": 563, ""StartRecoveryCategory"": 133, ""StartRecoveryTime"": 1500}",pulled from existing data
1008,Amplify Magic,64,1,0,65536,0,0,0,0,0,0,27,30.0,,600000,"{""amplitude"": 0, ""apply_aura"": 14, ""base_points"": 14, ""chain_targets"": 0, ""die_sides"": 1, ""implicit_target_a"": 57, ""implicit_target_b"": 0, ""mechanic"": 0, ""misc_value"": 126, ""points_per_level"": 0.0, ""radius_yards"": null, ""trigger_spell"": 0, ""type"": 6}","{""amplitude"": 0, ""apply_aura"": 115, ""base_points"": 15, ""chain_targets"": 0, ""die_sides"": 1, ""implicit_target_a"": 57, ""implicit_target_b"": 0, ""mechanic"": 0, ""misc_value"": 126, ""points_per_level"": 0.0, ""radius_yards"": null, ""trigger_spell"": 0, ""type"": 6}",,242,,,"{""AttributesEx"": 131072, ""AttributesEx6"": 67108864, ""AuraDescription_Lang_Mask"": 16712190, ""AuraDescription_Lang_enUS"": 25352, ""BaseLevel"": 18, ""CastingTimeIndex"": 1, ""DefenseType"": 1, ""Description_Lang_Mask"": 16712190, ""Description_Lang_enUS"": 25203, ""EffectChainAmplitude_1"": 1.0, ""EffectChainAmplitude_2"": 1.0, ""EffectChainAmplitude_3"": 1.0, ""EquippedItemClass"": -1, ""InterruptFlags"": 8, ""NameSubtext_Lang_Mask"": 16712190, ""NameSubtext_Lang_enUS"": ""Rank 1"", ""Name_Lang_Mask"": 16712190, ""PreventionType"": 1, ""ProcChance"": 101, ""SpellClassMask_1"": 8192, ""SpellClassMask_3"": 8, ""SpellClassSet"": 3, ""SpellLevel"": 18, ""SpellVisualID_1"": 969, ""StartRecoveryCategory"": 133, ""StartRecoveryTime"": 1500}",pulled from existing data
1090,Sleep,32,1,10,1074855936,0,1500,0,0,0,90,0,30.0,,30000,"{""amplitude"": 0, ""apply_aura"": 12, ""base_points"": 0, ""chain_targets"": 0, ""die_sides"": 0, ""implicit_target_a"": 6, ""implicit_target_b"": 0, ""mechanic"": 0, ""misc_value"": 0, ""points_per_level"": 0.0, ""radius_yards"": null, ""trigger_spell"": 0, ""type"": 6}",,,44,,,"{""AttributesEx"": 262144, ""AuraDescription_Lang_Mask"": 16712190, ""AuraDescription_Lang_enUS"": 17401, ""AuraInterruptFlags"": 2, ""BaseLevel"": 20, ""CastingTimeIndex"": 16, ""DefenseType"": 1, ""Description_Lang_Mask"": 16712190, ""Description_Lang_enUS"": 27781, ""EffectChainAmplitude_1"": 1.0, ""EffectChainAmplitude_2"": 1.0, ""EffectChainAmplitude_3"": 1.0, ""EquippedItemClass"": -1, ""InterruptFlags"": 15, ""NameSubtext_Lang_Mask"": 16712190, ""NameSubtext_Lang_enUS"": ""Rank 2"", ""Name_Lang_Mask"": 16712190, ""PreventionType"": 1, ""ProcChance"": 101, ""SpellClassSet"": 3, ""SpellLevel"": 20, ""SpellVisualID_1"": 87, ""StartRecoveryCategory"": 133, ""StartRecoveryTime"": 1500}",pulled from existing data
1449,Arcane Explosion,64,0,0,65536,0,0,0,0,0,0,22,0.0,,,"{""amplitude"": 0, ""apply_aura"": 0, ""base_points"": 31, ""chain_targets"": 0, ""die_sides"": 5, ""implicit_target_a"": 22, ""implicit_target_b"": 15, ""mechanic"": 0, ""misc_value"": 0, ""points_per_level"": 0.4000000059604645, ""radius_yards"": 10.0, ""trigger_spell"": 0, ""type"": 2}",,,122,,,"{""AttributesEx"": 136, ""AuraDescription_Lang_Mask"": 16712188, ""BaseLevel"": 14, ""CastingTimeIndex"": 1, ""DefenseType"": 1, ""Description_Lang_Mask"": 16712190, ""Description_Lang_enUS"": 30490, ""EffectBonusMultiplier_1"": 0.16599999368190765, ""EffectChainAmplitude_1"": 1.0, ""EffectChainAmplitude_2"": 1.0, ""EffectChainAmplitude_3"": 1.0, ""EquippedItemClass"": -1, ""InterruptFlags"": 8, ""MaxLevel"": 19, ""NameSubtext_Lang_Mask"": 16712190, ""NameSubtext_Lang_enUS"": ""Rank 1"", ""Name_Lang_Mask"": 16712190, ""PreventionType"": 1, ""ProcChance"": 101, ""RangeIndex"": 1, ""SpellClassMask_1"": 4096, ""SpellClassSet"": 3, ""SpellLevel"": 14, ""SpellVisualID_1"": 965, ""StartRecoveryCategory"": 133, ""StartRecoveryTime"": 1500}",pulled from existing data
1459,Arcane Intellect,64,1,0,65536,0,0,0,0,0,0,31,30.0,,1800000,"{""amplitude"": 0, ""apply_aura"": 29, ""base_points"": 1, ""chain_targets"": 0, ""die_sides"": 1, ""implicit_target_a"": 21, ""implicit_target_b"": 0, ""mechanic"": 0, ""misc_value"": 3, ""points_per_level"": 0.0, ""radius_yards"": null, ""trigger_spell"": 0, ""type"": 6}",,,125,,,"{""AttributesEx6"": 67108864, ""AttributesEx7"": 268435456, ""AuraDescription_Lang_Mask"": 16712190, ""AuraDescription_Lang_enUS"": 30804, ""BaseLevel"": 1, ""CastingTimeIndex"": 1, ""DefenseType"": 1, ""Description_Lang_Mask"": 16712190, ""Description_Lang_enUS"": 30756, ""EffectChainAmplitude_1"": 1.0, ""EffectChainAmplitude_2"": 1.0, ""EffectChainAmplitude_3"": 1.0, ""EquippedItemClass"": -1, ""InterruptFlags"": 8, ""MaxLevel"": 10, ""NameSubtext_Lang_Mask"": 16712190, ""NameSubtext_Lang_enUS"": ""Rank 1"", ""Name_Lang_Mask"": 16712190, ""PreventionType"": 1, ""ProcChance"": 101, ""SpellClassMask_1"": 1024, ""SpellClassMask_3"": 8, ""SpellClassSet"": 3, ""SpellLevel"": 1, ""SpellVisualID_1"": 158, ""StartRecoveryCategory"": 133, ""StartRecoveryTime"": 1500}",pulled from existing data
1460,Arcane Intellect,64,1,0,65536,0,0,0,0,0,0,31,30.0,,1800000,"{""amplitude"": 0, ""apply_aura"": 29, ""base_points"": 6, ""chain_targets"": 0, ""die_sides"": 1, ""implicit_target_a"": 21, ""implicit_target_b"": 0, ""mechanic"": 0, ""misc_value"": 3, ""points_per_level"": 0.0, ""radius_yards"": null, ""trigger_spell"": 0, ""type"": 6}",,,125,,,"{""AttributesEx6"": 67108864, ""AttributesEx7"": 268435456, ""AuraDescription_Lang_Mask"": 16712190, ""AuraDescription_Lang_enUS"": 30804, ""BaseLevel"": 14, ""CastingTimeIndex"": 1, ""DefenseType"": 1, ""Description_Lang_Mask"": 16712190, ""Description_Lang_enUS"": 30756, ""EffectChainAmplitude_1"": 1.0, ""EffectChainAmplitude_2"": 1.0, ""EffectChainAmplitude_3"": 1.0, ""EquippedItemClass"": -1, ""InterruptFlags"": 8, ""MaxLevel"": 24, ""NameSubtext_Lang_Mask"": 16712190, ""NameSubtext_Lang_enUS"": ""Rank 2"", ""Name_Lang_Mask"": 16712190, ""PreventionType"": 1, ""ProcChance"": 101, ""SpellClassMask_1"": 1024, ""SpellClassMask_3"": 8, ""SpellClassSet"": 3, ""SpellLevel"": 14, ""SpellVisualID_1"": 158, ""StartRecoveryCategory"": 133, ""StartRecoveryTime"": 1500}",pulled from existing data
1461,Arcane Intellect,64,1,0,65536,0,0,0,0,0,0,31,30.0,,1800000,"{""amplitude"": 0, ""apply_aura"": 29, ""base_points"": 14, ""chain_targets"": 0, ""die_sides"": 1, ""implicit_target_a"": 21, ""implicit_target_b"": 0, ""mechanic"": 0, ""misc_value"": 3, ""points_per_level"": 0.0, ""radius_yards"": null, ""trigger_spell"": 0, ""type"": 6}",,,125,,,"{""AttributesEx6"": 67108864, ""AttributesEx7"": 268435456, ""AuraDescription_Lang_Mask"": 16712190, ""AuraDescription_Lang_enUS"": 30804, ""BaseLevel"": 28, ""CastingTimeIndex"": 1, ""DefenseType"": 1, ""Description_Lang_Mask"": 16712190, ""Description_Lang_enUS"": 30756, ""EffectChainAmplitude_1"": 1.0, ""EffectChainAmplitude_2"": 1.0, ""EffectChainAmplitude_3"": 1.0, ""EquippedItemClass"": -1, ""InterruptFlags"": 8, ""MaxLevel"": 38, ""NameSubtext_Lang_Mask"": 16712190, ""NameSubtext_Lang_enUS"": ""Rank 3"", ""Name_Lang_Mask"": 16712190, ""PreventionType"": 1, ""ProcChance"": 101, ""SpellClassMask_1"": 1024, ""SpellClassMask_3"": 8, ""SpellClassSet"": 3, ""SpellLevel"": 28, ""SpellVisualID_1"": 158, ""StartRecoveryCategory"": 133, ""StartRecoveryTime"": 1500}",pulled from existing data
1463,Mana Shield,64,1,0,65536,0,0,0,0,0,0,7,0.0,,60000,"{""amplitude"": 0, ""apply_aura"": 97, ""base_points"": 119, ""chain_targets"": 0, ""die_sides"": 1, ""implicit_target_a"": 1, ""implicit_target_b"": 0, ""mechanic"": 0, ""misc_value"": 127, ""points_per_level"": 0.0, ""radius_yards"": null, ""trigger_spell"": 0, ""type"": 6}",,,209,,,"{""AuraDescription_Lang_Mask"": 16712190, ""AuraDescription_Lang_enUS"": 31208, ""BaseLevel"": 20, ""CastingTimeIndex"": 1, ""DefenseType"": 1, ""Description_Lang_Mask"": 16712190, ""Description_Lang_enUS"": 31117, ""EffectChainAmplitude_1"": 1.0, ""EffectChainAmplitude_2"": 1.0, ""EffectChainAmplitude_3"": 1.0, ""EffectMultipleValue_1"": 1.5, ""EquippedItemClass"": -1, ""InterruptFlags"": 8, ""MaxLevel"": 27, ""NameSubtext_Lang_Mask"": 16712190, ""NameSubtext_Lang_enUS"": ""Rank 1"", ""Name_Lang_Mask"": 16712190, ""PreventionType"": 1, ""ProcTypeMask"": 139944, ""RangeIndex"": 1, ""SpellClassMask_1"": 32768, ""SpellClassMask_3"": 8, ""SpellClassSet"": 3, ""SpellLevel"": 20, ""SpellVisualID_1"": 968, ""StartRecoveryCategory"": 133, ""StartRecoveryTime"": 1500}",pulled from existing data
1953,Blink,64,0,0,65536,44,0,0,15000,0,0,21,0.0,,1000,"{""amplitude"": 0, ""apply_aura"": 0, ""base_points"": 0, ""chain_targets"": 0, ""die_sides"": 0, ""implicit_target_a"": 1, ""implicit_target_b"": 55, ""mechanic"": 0, ""misc_value"": 0, ""points_per_level"": 0.0, ""radius_yards"": 20.0, ""trigger_spell"": 0, ""type"": 29}","{""amplitude"": 0, ""apply_aura"": 77, ""base_points"": 0, ""chain_targets"": 0, ""die_sides"": 0, ""implicit_target_a"": 1, ""implicit_target_b"": 0, ""mechanic"": 0, ""misc_value"": 12, ""points_per_level"": 0.0, ""radius_yards"": null, ""trigger_spell"": 0, ""type"": 6}","{""amplitude"": 0, ""apply_aura"": 77, ""base_points"": 0, ""chain_targets"": 0, ""die_sides"": 0, ""implicit_target_a"": 1, ""implicit_target_b"": 0, ""mechanic"": 0, ""misc_value"": 7, ""points_per_level"": 0.0, ""radius_yards"": null, ""trigger_spell"": 0, ""type"": 6}",1499,,,"{""AttributesEx"": 32768, ""AttributesEx4"": 64, ""AttributesEx7"": 1048576, ""AuraDescription_Lang_Mask"": 16712190, ""AuraDescription_Lang_enUS"": 39052, ""BaseLevel"": 20, ""CastingTimeIndex"": 1, ""DefenseType"": 1, ""Description_Lang_Mask"": 16712190, ""Description_Lang_enUS"": 38935, ""EffectBonusMultiplier_2"": 1.0, ""EffectBonusMultiplier_3"": 1.0, ""EffectChainAmplitude_1"": 1.0, ""EffectChainAmplitude_2"": 1.0, ""EffectChainAmplitude_3"": 1.0, ""EquippedItemClass"": -1, ""InterruptFlags"": 8, ""NameSubtext_Lang_Mask"": 16712188, ""Name_Lang_Mask"": 16712190, ""PreventionType"": 1, ""ProcChance"": 101, ""RangeIndex"": 1, ""SpellClassMask_1"": 65536, ""SpellClassSet"": 3, ""SpellLevel"": 20, ""SpellVisualID_1"": 263, ""StartRecoveryCategory"": 133, ""StartRecoveryTime"": 1500}",pulled from existing data
2120,Flamestrike,4,0,0,65536,0,2000,0,0,0,0,35,30.0,,8000,"{""amplitude"": 0, ""apply_aura"": 0, ""base_points"": 51, ""chain_targets"": 0, ""die_sides"": 17, ""implicit_target_a"": 16, ""implicit_target_b"": 0, ""mechanic"": 0, ""misc_value"": 0, ""points_per_level"": 0.6000000238418579, ""radius_yards"": 5.0, ""trigger_spell"": 0, ""type"": 2}","{""amplitude"": 2000, ""apply_aura"": 3, ""base_points"": 11, ""chain_targets"": 0, ""die_sides"": 1, ""implicit_target_a"": 28, ""implicit_target_b"": 0, ""mechanic"": 0, ""misc_value"": 0, ""points_per_level"": 0.0, ""radius_yards"": 5.0, ""trigger_spell"": 0, ""type"": 27}",,37,,,"{""AttributesEx"": 268435592, ""AuraDescription_Lang_Mask"": 16712190, ""AuraDescription_Lang_enUS"": 5323, ""BaseLevel"": 16, ""CastingTimeIndex"": 5, ""DefenseType"": 1, ""Description_Lang_Mask"": 16712190, ""Description_Lang_enUS"": 41560, ""EffectBonusMultiplier_1"": 0.24300000071525574, ""EffectBonusMultiplier_2"": 0.12200000137090683, ""EffectChainAmplitude_1"": 1.0, ""EffectChainAmplitude_2"": 1.0, ""EffectChainAmplitude_3"": 1.0, ""EquippedItemClass"": -1, ""InterruptFlags"": 15, ""MaxLevel"": 21, ""NameSubtext_Lang_Mask"": 16712190, ""NameSubtext_Lang_enUS"": ""Rank 1"", ""Name_Lang_Mask"": 16712190, ""PreventionType"": 1, ""ProcChance"": 101, ""SpellClassMask_1"": 4, ""SpellClassSet"": 3, ""SpellLevel"": 16, ""SpellPriority"": 50, ""SpellVisualID_1"": 10383, ""StartRecoveryCategory"": 133, ""StartRecoveryTime"": 1500, ""Targets"": 64}",pulled from existing data
2121,Flamestrike,4,0,0,65536,0,2000,0,0,0,0,35,30.0,,8000,"{""amplitude"": 0, ""apply_aura"": 0, ""base_points"": 95, ""chain_targets"": 0, ""die_sides"": 27, ""implicit_target_a"": 16, ""implicit_target_b"": 0, ""mechanic"": 0, ""misc_value"": 0, ""points_per_level"": 0.800000011920929, ""radius_yards"": 5.0, ""trigger_spell"": 0, ""type"": 2}","{""amplitude"": 2000, ""apply_aura"": 3, ""base_points"": 21, ""chain_targets"": 0, ""die_sides"": 1, ""implicit_target_a"": 28, ""implicit_target_b"": 0, ""mechanic"": 0, ""misc_value"": 0, ""points_per_level"": 0.0, ""radius_yards"": 5.0, ""trigger_spell"": 0, ""type"": 27}",,37,,,"{""AttributesEx"": 268435592, ""AuraDescription_Lang_Mask"": 16712190, ""AuraDescription_Lang_enUS"": 41688, ""BaseLevel"": 24, ""CastingTimeIndex"": 5, ""DefenseType"": 1, ""Description_Lang_Mask"": 16712190, ""Description_Lang_enUS"": 41560, ""EffectBonusMultiplier_1"": 0.24300000071525574, ""EffectBonusMultiplier_2"": 0.12200000137090683, ""EffectChainAmplitude_1"": 1.0, ""EffectChainAmplitude_2"": 1.0, ""EffectChainAmplitude_3"": 1.0, ""EquippedItemClass"": -1, ""InterruptFlags"": 15, ""MaxLevel"": 29, ""NameSubtext_Lang_Mask"": 16712190, ""NameSubtext_Lang_enUS"": ""Rank 2"", ""Name_Lang_Mask"": 16712190, ""PreventionType"": 1, ""ProcChance"": 101, ""SpellClassMask_1"": 4, ""SpellClassSet"": 3, ""SpellLevel"": 24, ""SpellPriority"": 50, ""SpellVisualID_1"": 10383, ""StartRecoveryCategory"": 133, ""StartRecoveryTime"": 1500, ""Targets"": 64}",pulled from existing data
2136,Fire Blast,4,0,0,65536,19,0,0,8000,0,0,21,20.0,,,"{""amplitude"": 0, ""apply_aura"": 0, ""base_points"": 23, ""chain_targets"": 0, ""die_sides"": 9, ""implicit_target_a"": 6, ""implicit_target_b"": 0, ""mechanic"": 0, ""misc_value"": 0, ""points_per_level"": 0.6000000238418579, ""radius_yards"": null, ""trigger_spell"": 0, ""type"": 2}",,,12,,,"{""AuraDescription_Lang_Mask"": 16712188, ""BaseLevel"": 6, ""CastingTimeIndex"": 1, ""DefenseType"": 1, ""Description_Lang_Mask"": 16712190, ""Description_Lang_enUS"": 41822, ""EffectBonusMultiplier_1"": 0.20399999618530273, ""EffectChainAmplitude_1"": 1.0, ""EffectChainAmplitude_2"": 1.0, ""EffectChainAmplitude_3"": 1.0, ""EquippedItemClass"": -1, ""FacingCasterFlags"": 1, ""InterruptFlags"": 8, ""MaxLevel"": 11, ""NameSubtext_Lang_Mask"": 16712190, ""NameSubtext_Lang_enUS"": ""Rank 1"", ""Name_Lang_Mask"": 16712190, ""PreventionType"": 1, ""ProcChance"": 101, ""SpellClassMask_1"": 2, ""SpellClassSet"": 3, ""SpellLevel"": 6, ""SpellPriority"": 50, ""SpellVisualID_1"": 143, ""StartRecoveryCategory"": 133, ""StartRecoveryTime"": 1500}",pulled from existing data
2137,Fire Blast,4,0,0,65536,19,0,0,8000,0,0,21,20.0,,,"{""amplitude"": 0, ""apply_aura"": 0, ""base_points"": 56, ""chain_targets"": 0, ""die_sides"": 15, ""implicit_target_a"": 6, ""implicit_target_b"": 0, ""mechanic"": 0, ""misc_value"": 0, ""points_per_level"": 1.0, ""radius_yards"": null, ""trigger_spell"": 0, ""type"": 2}",,,12,,,"{""AuraDescription_Lang_Mask"": 16712188, ""BaseLevel"": 14, ""CastingTimeIndex"": 1, ""DefenseType"": 1, ""Description_Lang_Mask"": 16712190, ""Description_Lang_enUS"": 41822, ""EffectBonusMultiplier_1"": 0.3319999873638153, ""EffectChainAmplitude_1"": 1.0, ""EffectChainAmplitude_2"": 1.0, ""EffectChainAmplitude_3"": 1.0, ""EquippedItemClass"": -1, ""FacingCasterFlags"": 1, ""InterruptFlags"": 8, ""MaxLevel"": 19, ""NameSubtext_Lang_Mask"": 16712190, ""NameSubtext_Lang_enUS"": ""Rank 2"", ""Name_Lang_Mask"": 16712190, ""PreventionType"": 1, ""ProcChance"": 101, ""SpellClassMask_1"": 2, ""SpellClassSet"": 3, ""SpellLevel"": 14, ""SpellPriority"": 50, ""SpellVisualID_1"": 143, ""StartRecoveryCategory"": 133, ""StartRecoveryTime"": 1500}",pulled from existing data
2138,Fire Blast,4,0,0,65536,19,0,0,8000,0,0,21,20.0,,,"{""amplitude"": 0, ""apply_aura"": 0, ""base_points"": 102, ""chain_targets"": 0, ""die_sides"": 25, ""implicit_target_a"": 6, ""implicit_target_b"": 0, ""mechanic"": 0, ""misc_value"": 0, ""points_per_level"": 1.399999976158142, ""radius_yards"": null, ""trigger_spell"": 0, ""type"": 2}",,,12,,,"{""AuraDescription_Lang_Mask"": 16712188, ""BaseLevel"": 22, ""CastingTimeIndex"": 1, ""DefenseType"": 1, ""Description_Lang_Mask"": 16712190, ""Description_Lang_enUS"": 41822, ""EffectBonusMultiplier_1"": 0.42899999022483826, ""EffectChainAmplitude_1"": 1.0, ""EffectChainAmplitude_2"": 1.0, ""EffectChainAmplitude_3"": 1.0, ""EquippedItemClass"": -1, ""FacingCasterFlags"": 1, ""InterruptFlags"": 8, ""MaxLevel"": 27, ""NameSubtext_Lang_Mask"": 16712190, ""NameSubtext_Lang_enUS"": ""Rank 3"", ""Name_Lang_Mask"": 16712190, ""PreventionType"": 1, ""ProcChance"": 101, ""SpellClassMask_1"": 2, ""SpellClassSet"": 3, ""SpellLevel"": 22, ""SpellPriority"": 50, ""SpellVisualID_1"": 143, ""StartRecoveryCategory"": 133, ""StartRecoveryTime"": 1500}",pulled from existing data
2139,Counterspell,64,0,26,0,88,0,0,24000,0,0,9,30.0,,8000,"{""amplitude"": 0, ""apply_aura"": 0, ""base_points"": -1, ""chain_targets"": 0, ""die_sides"": 1, ""implicit_target_a"": 6, ""implicit_target_b"": 0, ""mechanic"": 0, ""misc_value"": 0, ""points_per_level"": 0.0, ""radius_yards"": null, ""trigger_spell"": 0, ""type"": 68}",,,17,,,"{""AttributesEx6"": 8388608, ""AuraDescription_Lang_Mask"": 16712188, ""BaseLevel"": 24, ""CastingTimeIndex"": 1, ""DefenseType"": 1, ""Description_Lang_Mask"": 16712190, ""Description_Lang_enUS"": 41873, ""EffectChainAmplitude_1"": 1.0, ""EffectChainAmplitude_2"": 1.0, ""EffectChainAmplitude_3"": 1.0, ""EquippedItemClass"": -1, ""InterruptFlags"": 8, ""NameSubtext_Lang_Mask"": 16712188, ""Name_Lang_Mask"": 16712190, ""PreventionType"": 1, ""ProcChance"": 101, ""SpellClassMask_1"": 16384, ""SpellClassSet"": 3, ""SpellLevel"": 24, ""SpellPriority"": 50, ""SpellVisualID_1"": 239}",pulled from existing data
2948,Scorch,4,0,0,65536,0,1500,0,0,0,0,8,30.0,,,"{""amplitude"": 0, ""apply_aura"": 0, ""base_points"": 52, ""chain_targets"": 0, ""die_sides"": 13, ""implicit_target_a"": 6, ""implicit_target_b"": 0, ""mechanic"": 0, ""misc_value"": 0, ""points_per_level"": 0.8999999761581421, ""radius_yards"": null, ""trigger_spell"": 0, ""type"": 2}",,,816,,,"{""AuraDescription_Lang_Mask"": 16712188, ""BaseLevel"": 22, ""CastingTimeIndex"": 16, ""DefenseType"": 1, ""Description_Lang_Mask"": 16712190, ""Description_Lang_enUS"": 53680, ""EffectBonusMultiplier_1"": 0.42899999022483826, ""EffectChainAmplitude_1"": 1.0, ""EffectChainAmplitude_2"": 1.0, ""EffectChainAmplitude_3"": 1.0, ""EquippedItemClass"": -1, ""FacingCasterFlags"": 1, ""InterruptFlags"": 15, ""MaxLevel"": 26, ""NameSubtext_Lang_Mask"": 16712190, ""NameSubtext_Lang_enUS"": ""Rank 1"", ""Name_Lang_Mask"": 16712190, ""PreventionType"": 1, ""ProcChance"": 101, ""SpellClassMask_1"": 16, ""SpellClassSet"": 3, ""SpellLevel"": 22, ""SpellPriority"": 50, ""SpellVisualID_1"": 945, ""StartRecoveryCategory"": 133, ""StartRecoveryTime"": 1500}",pulled from existing data
3140,Fireball,4,0,0,65536,0,3000,0,0,0,0,16,35.0,,8000,"{""amplitude"": 0, ""apply_aura"": 0, ""base_points"": 83, ""chain_targets"": 0, ""die_sides"": 33, ""implicit_target_a"": 6, ""implicit_target_b"": 0, ""mechanic"": 0, ""misc_value"": 0, ""points_per_level"": 1.2999999523162842, ""radius_yards"": null, ""trigger_spell"": 0, ""type"": 2}","{""amplitude"": 2000, ""apply_aura"": 3, ""base_points"": 2, ""chain_targets"": 0, ""die_sides"": 1, ""implicit_target_a"": 6, ""implicit_target_b"": 0, ""mechanic"": 0, ""misc_value"": 0, ""points_per_level"": 0.0, ""radius_yards"": null, ""trigger_spell"": 0, ""type"": 6}",,185,,,"{""AuraDescription_Lang_Mask"": 16712190, ""AuraDescription_Lang_enUS"": 5323, ""BaseLevel"": 18, ""CastingTimeIndex"": 14, ""DefenseType"": 1, ""Description_Lang_Mask"": 16712190, ""Description_Lang_enUS"": 5233, ""EffectBonusMultiplier_1"": 0.7929999828338623, ""EffectChainAmplitude_1"": 1.0, ""EffectChainAmplitude_2"": 1.0, ""EffectChainAmplitude_3"": 1.0, ""EquippedItemClass"": -1, ""FacingCasterFlags"": 1, ""InterruptFlags"": 15, ""MaxLevel"": 22, ""NameSubtext_Lang_Mask"": 16712190, ""NameSubtext_Lang_enUS"": ""Rank 4"", ""Name_Lang_Mask"": 16712190, ""PreventionType"": 1, ""ProcChance"": 101, ""Speed"": 24.0, ""SpellClassMask_1"": 1, ""SpellClassMask_3"": 8, ""SpellClassSet"": 3, ""SpellLevel"": 18, ""SpellPriority"": 50, ""SpellVisualID_1"": 67, ""StartRecoveryCategory"": 133, ""StartRecoveryTime"": 1500}",pulled from existing data
3552,Conjure Mana Gem,64,0,0,65536,0,3000,0,0,0,0,75,0.0,,,"{""amplitude"": 0, ""apply_aura"": 0, ""base_points"": 0, ""chain_targets"": 0, ""die_sides"": 1, ""implicit_target_a"": 1, ""implicit_target_b"": 0, ""mechanic"": 0, ""misc_value"": 0, ""points_per_level"": 0.0, ""radius_yards"": null, ""trigger_spell"": 0, ""type"": 24}","{""amplitude"": 0, ""apply_aura"": 0, ""base_points"": 54412, ""chain_targets"": 0, ""die_sides"": 1, ""implicit_target_a"": 1, ""implicit_target_b"": 0, ""mechanic"": 0, ""misc_value"": 0, ""points_per_level"": 0.0, ""radius_yards"": null, ""trigger_spell"": 0, ""type"": 3}",,1037,,,"{""AttributesEx"": 131072, ""AuraDescription_Lang_Mask"": 16712188, ""BaseLevel"": 38, ""CastingTimeIndex"": 14, ""DefenseType"": 1, ""Description_Lang_Mask"": 16712190, ""Description_Lang_enUS"": 68034, ""EffectChainAmplitude_1"": 1.0, ""EffectChainAmplitude_2"": 1.0, ""EffectChainAmplitude_3"": 1.0, ""EffectItemType_1"": 5513, ""EquippedItemClass"": -1, ""InterruptFlags"": 15, ""NameSubtext_Lang_Mask"": 16712190, ""NameSubtext_Lang_enUS"": ""Rank 2"", ""Name_Lang_Mask"": 16712190, ""PreventionType"": 1, ""ProcChance"": 101, ""RangeIndex"": 1, ""SpellClassMask_1"": 1073741824, ""SpellClassSet"": 3, ""SpellLevel"": 38, ""SpellVisualID_1"": 161, ""StartRecoveryCategory"": 133, ""StartRecoveryTime"": 1500}",pulled from existing data
3561,Teleport: Stormwind,64,0,0,268500992,0,10000,0,0,0,0,8,0.0,,,"{""amplitude"": 0, ""apply_aura"": 0, ""base_points"": -1, ""chain_targets"": 0, ""die_sides"": 1, ""implicit_target_a"": 1, ""implicit_target_b"": 17, ""mechanic"": 0, ""misc_value"": 0, ""points_per_level"": 0.0, ""radius_yards"": null, ""trigger_spell"": 0, ""type"": 5}","{""amplitude"": 0, ""apply_aura"": 0, ""base_points"": 0, ""chain_targets"": 0, ""die_sides"": 0, ""implicit_target_a"": 1, ""implicit_target_b"": 0, ""mechanic"": 0, ""misc_value"": 0, ""points_per_level"": 0.0, ""radius_yards"": null, ""trigger_spell"": 0, ""type"": 77}",,1491,,,"{""AttributesEx"": 131072, ""AttributesEx3"": 1073741824, ""AttributesEx7"": 512, ""AuraDescription_Lang_Mask"": 16712188, ""BaseLevel"": 20, ""CastingTimeIndex"": 7, ""DefenseType"": 1, ""Description_Lang_Mask"": 16712190, ""Description_Lang_enUS"": 68128, ""EffectBonusMultiplier_2"": 1.0, ""EffectChainAmplitude_1"": 1.0, ""EffectChainAmplitude_2"": 1.0, ""EffectChainAmplitude_3"": 1.0, ""EffectMultipleValue_1"": 1.0, ""EquippedItemClass"": -1, ""InterruptFlags"": 15, ""NameSubtext_Lang_Mask"": 16712188, ""Name_Lang_Mask"": 16712190, ""PreventionType"": 1, ""ProcChance"": 101, ""RangeIndex"": 1, ""ReagentCount_1"": 1, ""Reagent_1"": 17031, ""SpellClassMask_1"": 2147483648, ""SpellClassSet"": 3, ""SpellLevel"": 20, ""SpellPriority"": 50, ""SpellVisualID_1"": 263, ""StartRecoveryCategory"": 133, ""StartRecoveryTime"": 1500}",pulled from existing data
3562,Teleport: Ironforge,64,0,0,268500992,0,10000,0,0,0,0,8,0.0,,,"{""amplitude"": 0, ""apply_aura"": 0, ""base_points"": -1, ""chain_targets"": 0, ""die_sides"": 1, ""implicit_target_a"": 1, ""implicit_target_b"": 17, ""mechanic"": 0, ""misc_value"": 0, ""points_per_level"": 0.0, ""radius_yards"": null, ""trigger_spell"": 0, ""type"": 5}","{""amplitude"": 0, ""apply_aura"": 0, ""base_points"": 0, ""chain_targets"": 0, ""die_sides"": 0, ""implicit_target_a"": 1, ""implicit_target_b"": 0, ""mechanic"": 0, ""misc_value"": 0, ""points_per_level"": 0.0, ""radius_yards"": null, ""trigger_spell"": 0, ""type"": 77}",,1489,,,"{""AttributesEx"": 131072, ""AttributesEx3"": 1073741824, ""AttributesEx7"": 512, ""AuraDescription_Lang_Mask"": 16712188, ""BaseLevel"": 20, ""CastingTimeIndex"": 7, ""DefenseType"": 1, ""Description_Lang_Mask"": 16712190, ""Description_Lang_enUS"": 68183, ""EffectBonusMultiplier_2"": 1.0, ""EffectChainAmplitude_1"": 1.0, ""EffectChainAmplitude_2"": 1.0, ""EffectChainAmplitude_3"": 1.0, ""EffectMultipleValue_1"": 1.0, ""EquippedItemClass"": -1, ""InterruptFlags"": 15, ""NameSubtext_Lang_Mask"": 16712188, ""Name_Lang_Mask"": 16712190, ""PreventionType"": 1, ""ProcChance"": 101, ""RangeIndex"": 1, ""ReagentCount_1"": 1, ""Reagent_1"": 17031, ""SpellClassMask_1"": 2147483648, ""SpellClassSet"": 3, ""SpellLevel"": 20, ""SpellPriority"": 50, ""SpellVisualID_1"": 263, ""StartRecoveryCategory"": 133, ""StartRecoveryTime"": 1500}",pulled from existing data
3563,Teleport: Undercity,64,0,0,268500992,0,10000,0,0,0,0,8,0.0,,,"{""amplitude"": 0, ""apply_aura"": 0, ""base_points"": -1, ""chain_targets"": 0, ""die_sides"": 1, ""implicit_target_a"": 1, ""implicit_target_b"": 17, ""mechanic"": 0, ""misc_value"": 0, ""points_per_level"": 0.0, ""radius_yards"": null, ""trigger_spell"": 0, ""type"": 5}","{""amplitude"": 0, ""apply_aura"": 0, ""base_points"": 0, ""chain_targets"": 0, ""die_sides"": 0, ""implicit_target_a"": 1, ""implicit_target_b"": 0, ""mechanic"": 0, ""misc_value"": 0, ""points_per_level"": 0.0, ""radius_yards"": null, ""trigger_spell"": 0, ""type"": 77}",,1493,,,"{""AttributesEx"": 131072, ""AttributesEx3"": 1073741824, ""AttributesEx7"": 256, ""AuraDescription_Lang_Mask"": 16712188, ""BaseLevel"": 20, ""CastingTimeIndex"": 7, ""DefenseType"": 1, ""Description_Lang_Mask"": 16712190, ""Description_Lang_enUS"": 68238, ""EffectBonusMultiplier_2"": 1.0, ""EffectChainAmplitude_1"": 1.0, ""EffectChainAmplitude_2"": 1.0, ""EffectChainAmplitude_3"": 1.0, ""EffectMultipleValue_1"": 1.0, ""EquippedItemClass"": -1, ""InterruptFlags"": 15, ""NameSubtext_Lang_Mask"": 16712188, ""Name_Lang_Mask"": 16712190, ""PreventionType"": 1, ""ProcChance"": 101, ""RangeIndex"": 1, ""ReagentCount_1"": 1, ""Reagent_1"": 17031, ""SpellClassMask_1"": 2147483648, ""SpellClassSet"": 3, ""SpellLevel"": 20, ""SpellPriority"": 50, ""SpellVisualID_1"": 263, ""StartRecoveryCategory"": 133, ""StartRecoveryTime"": 1500}",pulled from existing data
3565,Teleport: Darnassus,64,0,0,268500992,0,10000,0,0,0,0,8,0.0,,,"{""amplitude"": 0, ""apply_aura"": 0, ""base_points"": -1, ""chain_targets"": 0, ""die_sides"": 1, ""implicit_target_a"": 1, ""implicit_target_b"": 17, ""mechanic"": 0, ""misc_value"": 0, ""points_per_level"": 0.0, ""radius_yards"": null, ""trigger_spell"": 0, ""type"": 5}","{""amplitude"": 0, ""apply_aura"": 0, ""base_points"": 0, ""chain_targets"": 0, ""die_sides"": 0, ""implicit_target_a"": 1, ""implicit_target_b"": 0, ""mechanic"": 0, ""misc_value"": 0, ""points_per_level"": 0.0, ""radius_yards"": null, ""trigger_spell"": 0, ""type"": 77}",,1486,,,"{""AttributesEx"": 131072, ""AttributesEx3"": 1073741824, ""AttributesEx7"": 512, ""AuraDescription_Lang_Mask"": 16712188, ""BaseLevel"": 30, ""CastingTimeIndex"": 7, ""DefenseType"": 1, ""Description_Lang_Mask"": 16712190, ""Description_Lang_enUS"": 68366, ""EffectBonusMultiplier_2"": 1.0, ""EffectChainAmplitude_1"": 1.0, ""EffectChainAmplitude_2"": 1.0, ""EffectChainAmplitude_3"": 1.0, ""EffectMultipleValue_1"": 1.0, ""EquippedItemClass"": -1, ""InterruptFlags"": 15, ""NameSubtext_Lang_Mask"": 16712188, ""Name_Lang_Mask"": 16712190, ""PreventionType"": 1, ""ProcChance"": 101, ""RangeIndex"": 1, ""ReagentCount_1"": 1, ""Reagent_1"": 17031, ""SpellClassMask_1"": 2147483648, ""SpellClassSet"": 3, ""SpellLevel"": 30, ""SpellPriority"": 50, ""SpellVisualID_1"": 263, ""StartRecoveryCategory"": 133, ""StartRecoveryTime"": 1500}",pulled from existing data
3566,Teleport: Thunder Bluff,64,0,0,268500992,0,10000,0,0,0,0,8,0.0,,,"{""amplitude"": 0, ""apply_aura"": 0, ""base_points"": -1, ""chain_targets"": 0, ""die_sides"": 1, ""implicit_target_a"": 1, ""implicit_target_b"": 17, ""mechanic"": 0, ""misc_value"": 0, ""points_per_level"": 0.0, ""radius_yards"": null, ""trigger_spell"": 0, ""type"": 5}","{""amplitude"": 0, ""apply_aura"": 0, ""base_points"": 0, ""chain_targets"": 0, ""die_sides"": 0, ""implicit_target_a"": 1, ""implicit_target_b"": 0, ""mechanic"": 0, ""misc_value"": 0, ""points_per_level"": 0.0, ""radius_yards"": null, ""trigger_spell"": 0, ""type"": 77}",,1492,,,"{""AttributesEx"": 131072, ""AttributesEx3"": 1073741824, ""AttributesEx7"": 256, ""AuraDescription_Lang_Mask"": 16712188, ""BaseLevel"": 30, ""CastingTimeIndex"": 7, ""DefenseType"": 1, ""Description_Lang_Mask"": 16712190, ""Description_Lang_enUS"": 68425, ""EffectBonusMultiplier_2"": 1.0, ""EffectChainAmplitude_1"": 1.0, ""EffectChainAmplitude_2"": 1.0, ""EffectChainAmplitude_3"": 1.0, ""EffectMultipleValue_1"": 1.0, ""EquippedItemClass"": -1, ""InterruptFlags"": 15, ""NameSubtext_Lang_Mask"": 16712188, ""Name_Lang_Mask"": 16712190, ""PreventionType"": 1, ""ProcChance"": 101, ""RangeIndex"": 1, ""ReagentCount_1"": 1, ""Reagent_1"": 17031, ""SpellClassMask_1"": 2147483648, ""SpellClassSet"": 3, ""SpellLevel"": 30, ""SpellPriority"": 50, ""SpellVisualID_1"": 263, ""StartRecoveryCategory"": 133, ""StartRecoveryTime"": 1500}",pulled from existing data
3567,Teleport: Orgrimmar,64,0,0,268500992,0,10000,0,0,0,0,8,0.0,,,"{""amplitude"": 0, ""apply_aura"": 0, ""base_points"": -1, ""chain_targets"": 0, ""die_sides"": 1, ""implicit_target_a"": 1, ""implicit_target_b"": 17, ""mechanic"": 0, ""misc_value"": 0, ""points_per_level"": 0.0, ""radius_yards"": null, ""trigger_spell"": 0, ""type"": 5}","{""amplitude"": 0, ""apply_aura"": 0, ""base_points"": 0, ""chain_targets"": 0, ""die_sides"": 0, ""implicit_target_a"": 1, ""implicit_target_b"": 0, ""mechanic"": 0, ""misc_value"": 0, ""points_per_level"": 0.0, ""radius_yards"": null, ""trigger_spell"": 0, ""type"": 77}",,1490,,,"{""AttributesEx"": 131072, ""AttributesEx3"": 1073741824, ""AttributesEx7"": 256, ""AuraDescription_Lang_Mask"": 16712188, ""BaseLevel"": 20, ""CastingTimeIndex"": 7, ""DefenseType"": 1, ""Description_Lang_Mask"": 16712190, ""Description_Lang_enUS"": 68484, ""EffectBonusMultiplier_2"": 1.0, ""EffectChainAmplitude_1"": 1.0, ""EffectChainAmplitude_2"": 1.0, ""EffectChainAmplitude_3"": 1.0, ""EffectMultipleValue_1"": 1.0, ""EquippedItemClass"": -1, ""InterruptFlags"": 15, ""NameSubtext_Lang_Mask"": 16712188, ""Name_Lang_Mask"": 16712190, ""PreventionType"": 1, ""ProcChance"": 101, ""RangeIndex"": 1, ""ReagentCount_1"": 1, ""Reagent_1"": 17031, ""SpellClassMask_1"": 2147483648, ""SpellClassSet"": 3, ""SpellLevel"": 20, ""SpellPriority"": 50, ""SpellVisualID_1"": 263, ""StartRecoveryCategory"": 133, ""StartRecoveryTime"": 1500}",pulled from existing data
5143,Arcane Missiles,64,0,0,536936704,0,0,0,0,0,0,31,30.0,,3000,"{""amplitude"": 0, ""apply_aura"": 4, ""base_points"": 0, ""chain_targets"": 0, ""die_sides"": 0, ""implicit_target_a"": 6, ""implicit_target_b"": 0, ""mechanic"": 0, ""misc_value"": 0, ""points_per_level"": 0.0, ""radius_yards"": null, ""trigger_spell"": 0, ""type"": 6}","{""amplitude"": 1000, ""apply_aura"": 23, ""base_points"": 0, ""chain_targets"": 0, ""die_sides"": 0, ""implicit_target_a"": 1, ""implicit_target_b"": 0, ""mechanic"": 0, ""misc_value"": 0, ""points_per_level"": 0.0, ""radius_yards"": null, ""trigger_spell"": 7268, ""type"": 6}",,225,,,"{""AttributesEx"": 335561860, ""AttributesEx4"": 134217728, ""AttributesEx5"": 8192, ""AuraDescription_Lang_Mask"": 16712188, ""BaseLevel"": 8, ""CastingTimeIndex"": 1, ""ChannelInterruptFlags"": 31756, ""Description_Lang_Mask"": 16712190, ""Description_Lang_enUS"": 95148, ""EffectChainAmplitude_1"": 1.0, ""EffectChainAmplitude_2"": 1.0, ""EffectChainAmplitude_3"": 1.0, ""EquippedItemClass"": -1, ""FacingCasterFlags"": 1, ""InterruptFlags"": 15, ""MaxLevel"": 12, ""NameSubtext_Lang_Mask"": 16712190, ""NameSubtext_Lang_enUS"": ""Rank 1"", ""Name_Lang_Mask"": 16712190, ""PreventionType"": 1, ""ProcChance"": 101, ""SpellClassMask_1"": 2048, ""SpellClassSet"": 3, ""SpellLevel"": 8, ""SpellPriority"": 50, ""SpellVisualID_1"": 262, ""StartRecoveryCategory"": 133, ""StartRecoveryTime"": 1500}",pulled from existing data
5144,Arcane Missiles,64,0,0,536936704,0,0,0,0,0,0,31,30.0,,4000,"{""amplitude"": 0, ""apply_aura"": 4, ""base_points"": 0, ""chain_targets"": 0, ""die_sides"": 0, ""implicit_target_a"": 6, ""implicit_target_b"": 0, ""mechanic"": 0, ""misc_value"": 0, ""points_per_level"": 0.0, ""radius_yards"": null, ""trigger_spell"": 0, ""type"": 6}","{""amplitude"": 1000, ""apply_aura"": 23, ""base_points"": 0, ""chain_targets"": 0, ""die_sides"": 0, ""implicit_target_a"": 1, ""implicit_target_b"": 0, ""mechanic"": 0, ""misc_value"": 0, ""points_per_level"": 0.0, ""radius_yards"": null, ""trigger_spell"": 7269, ""type"": 6}",,225,,,"{""AttributesEx"": 335561860, ""AttributesEx4"": 134217728, ""AttributesEx5"": 8192, ""AuraDescription_Lang_Mask"": 16712188, ""BaseLevel"": 16, ""CastingTimeIndex"": 1, ""ChannelInterruptFlags"": 31756, ""Description_Lang_Mask"": 16712190, ""Description_Lang_enUS"": 95247, ""EffectChainAmplitude_1"": 1.0, ""EffectChainAmplitude_2"": 1.0, ""EffectChainAmplitude_3"": 1.0, ""EquippedItemClass"": -1, ""FacingCasterFlags"": 1, ""InterruptFlags"": 15, ""MaxLevel"": 20, ""NameSubtext_Lang_Mask"": 16712190, ""NameSubtext_Lang_enUS"": ""Rank 2"", ""Name_Lang_Mask"": 16712190, ""PreventionType"": 1, ""ProcChance"": 101, ""SpellClassMask_1"": 2048, ""SpellClassSet"": 3, ""SpellLevel"": 16, ""SpellPriority"": 50, ""SpellVisualID_1"": 262, ""StartRecoveryCategory"": 133, ""StartRecoveryTime"": 1500}",pulled from existing data
5145,Arcane Missiles,64,0,0,536936704,0,0,0,0,0,0,31,30.0,,5000,"{""amplitude"": 0, ""apply_aura"": 4, ""base_points"": 0, ""chain_targets"": 0, ""die_sides"": 0, ""implicit_target_a"": 6, ""implicit_target_b"": 0, ""mechanic"": 0, ""misc_value"": 0, ""points_per_level"": 0.0, ""radius_yards"": null, ""trigger_spell"": 0, ""type"": 6}","{""amplitude"": 1000, ""apply_aura"": 23, ""base_points"": 0, ""chain_targets"": 0, ""die_sides"": 0, ""implicit_target_a"": 1, ""implicit_target_b"": 0, ""mechanic"": 0, ""misc_value"": 0, ""points_per_level"": 0.0, ""radius_yards"": null, ""trigger_spell"": 7270, ""type"": 6}",,225,,,"{""AttributesEx"": 335561860, ""AttributesEx4"": 134217728, ""AttributesEx5"": 8192, ""AuraDescription_Lang_Mask"": 16712188, ""BaseLevel"": 24, ""CastingTimeIndex"": 1, ""ChannelInterruptFlags"": 31756, ""Description_Lang_Mask"": 16712190, ""Description_Lang_enUS"": 95346, ""EffectChainAmplitude_1"": 1.0, ""EffectChainAmplitude_2"": 1.0, ""EffectChainAmplitude_3"": 1.0, ""EquippedItemClass"": -1, ""FacingCasterFlags"": 1, ""InterruptFlags"": 15, ""MaxLevel"": 28, ""NameSubtext_Lang_Mask"": 16712190, ""NameSubtext_Lang_enUS"": ""Rank 3"", ""Name_Lang_Mask"": 16712190, ""PreventionType"": 1, ""ProcChance"": 101, ""SpellClassMask_1"": 2048, ""SpellClassSet"": 3, ""SpellLevel"": 24, ""SpellPriority"": 50, ""SpellVisualID_1"": 262, ""StartRecoveryCategory"": 133, ""StartRecoveryTime"": 1500}",pulled from existing data
5405,Replenish Mana,1,0,0,0,100,0,0,60000,0,0,0,0.0,,,"{""amplitude"": 0, ""apply_aura"": 0, ""base_points"": 389, ""chain_targets"": 0, ""die_sides"": 21, ""implicit_target_a"": 1, ""implicit_target_b"": 0, ""mechanic"": 0, ""misc_value"": 0, ""points_per_level"": 0.0, ""radius_yards"": null, ""trigger_spell"": 0, ""type"": 30}",,,283,,,"{""AuraDescription_Lang_Mask"": 16712188, ""BaseLevel"": 28, ""CastingTimeIndex"": 1, ""DefenseType"": 1, ""Description_Lang_Mask"": 16712190, ""Description_Lang_enUS"": 9533, ""EffectChainAmplitude_1"": 1.0, ""EffectChainAmplitude_2"": 1.0, ""EffectChainAmplitude_3"": 1.0, ""EquippedItemClass"": -1, ""NameSubtext_Lang_Mask"": 16712190, ""NameSubtext_Lang_enUS"": ""Rank 1"", ""Name_Lang_Mask"": 16712190, ""ProcChance"": 101, ""RangeIndex"": 1, ""SpellClassMask_2"": 256, ""SpellClassSet"": 3, ""SpellLevel"": 28, ""SpellVisualID_1"": 240}",pulled from existing data
5504,Conjure Water,64,0,0,65536,0,3000,0,0,0,0,40,0.0,,,"{""amplitude"": 0, ""apply_aura"": 0, ""base_points"": 1, ""chain_targets"": 0, ""die_sides"": 1, ""implicit_target_a"": 1, ""implicit_target_b"": 0, ""mechanic"": 0, ""misc_value"": 0, ""points_per_level"": 2.0, ""radius_yards"": null, ""trigger_spell"": 0, ""type"": 24}",,,1357,,,"{""AttributesEx"": 131072, ""AuraDescription_Lang_Mask"": 16712188, ""BaseLevel"": 4, ""CastingTimeIndex"": 14, ""DefenseType"": 1, ""Description_Lang_Mask"": 16712190, ""Description_Lang_enUS"": 103719, ""EffectChainAmplitude_1"": 1.0, ""EffectChainAmplitude_2"": 1.0, ""EffectChainAmplitude_3"": 1.0, ""EffectItemType_1"": 5350, ""EquippedItemClass"": -1, ""InterruptFlags"": 15, ""MaxLevel"": 13, ""NameSubtext_Lang_Mask"": 16712190, ""NameSubtext_Lang_enUS"": ""Rank 1"", ""Name_Lang_Mask"": 16712190, ""PreventionType"": 1, ""ProcChance"": 101, ""RangeIndex"": 1, ""SpellClassMask_1"": 1073741824, ""SpellClassSet"": 3, ""SpellLevel"": 4, ""SpellVisualID_1"": 564, ""StartRecoveryCategory"": 133, ""StartRecoveryTime"": 1500}",pulled from existing data
5505,Conjure Water,64,0,0,65536,0,3000,0,0,0,0,40,0.0,,,"{""amplitude"": 0, ""apply_aura"": 0, ""base_points"": 1, ""chain_targets"": 0, ""die_sides"": 1, ""implicit_target_a"": 1, ""implicit_target_b"": 0, ""mechanic"": 0, ""misc_value"": 0, ""points_per_level"": 2.0, ""radius_yards"": null, ""trigger_spell"": 0, ""type"": 24}",,,1309,,,"{""AttributesEx"": 131072, ""AuraDescription_Lang_Mask"": 16712188, ""BaseLevel"": 10, ""CastingTimeIndex"": 14, ""DefenseType"": 1, ""Description_Lang_Mask"": 16712190, ""Description_Lang_enUS"": 103894, ""EffectChainAmplitude_1"": 1.0, ""EffectChainAmplitude_2"": 1.0, ""EffectChainAmplitude_3"": 1.0, ""EffectItemType_1"": 2288, ""EquippedItemClass"": -1, ""InterruptFlags"": 15, ""MaxLevel"": 19, ""NameSubtext_Lang_Mask"": 16712190, ""NameSubtext_Lang_enUS"": ""Rank 2"", ""Name_Lang_Mask"": 16712190, ""PreventionType"": 1, ""ProcChance"": 101, ""RangeIndex"": 1, ""SpellClassMask_1"": 1073741824, ""SpellClassSet"": 3, ""SpellLevel"": 10, ""SpellVisualID_1"": 564, ""StartRecoveryCategory"": 133, ""StartRecoveryTime"": 1500}",pulled from existing data
5506,Conjure Water,64,0,0,65536,0,3000,0,0,0,0,40,0.0,,,"{""amplitude"": 0, ""apply_aura"": 0, ""base_points"": 1, ""chain_targets"": 0, ""die_sides"": 1, ""implicit_target_a"": 1, ""implicit_target_b"": 0, ""mechanic"": 0, ""misc_value"": 0, ""points_per_level"": 2.0, ""radius_yards"": null, ""trigger_spell"": 0, ""type"": 24}",,,1358,,,"{""AttributesEx"": 131072, ""AuraDescription_Lang_Mask"": 16712188, ""BaseLevel"": 20, ""CastingTimeIndex"": 14, ""DefenseType"": 1, ""Description_Lang_Mask"": 16712190, ""Description_Lang_enUS"": 104075, ""EffectChainAmplitude_1"": 1.0, ""EffectChainAmplitude_2"": 1.0, ""EffectChainAmplitude_3"": 1.0, ""EffectItemType_1"": 2136, ""EquippedItemClass"": -1, ""InterruptFlags"": 15, ""MaxLevel"": 29, ""NameSubtext_Lang_Mask"": 16712190, ""NameSubtext_Lang_enUS"": ""Rank 3"", ""Name_Lang_Mask"": 16712190, ""PreventionType"": 1, ""ProcChance"": 101, ""RangeIndex"": 1, ""SpellClassMask_1"": 1073741824, ""SpellClassSet"": 3, ""SpellLevel"": 20, ""SpellVisualID_1"": 564, ""StartRecoveryCategory"": 133, ""StartRecoveryTime"": 1500}",pulled from existing data
6117,Mage Armor,64,0,0,65536,0,0,0,0,0,0,26,0.0,,1800000,"{""amplitude"": 0, ""apply_aura"": 22, ""base_points"": 4, ""chain_targets"": 0, ""die_sides"": 1, ""implicit_target_a"": 1, ""implicit_target_b"": 0, ""mechanic"": 0, ""misc_value"": 126, ""points_per_level"": 0.0, ""radius_yards"": null, ""trigger_spell"": 0, ""type"": 6}","{""amplitude"": 0, ""apply_aura"": 134, ""base_points"": 49, ""chain_targets"": 0, ""die_sides"": 1, ""implicit_target_a"": 1, ""implicit_target_b"": 0, ""mechanic"": 0, ""misc_value"": 0, ""points_per_level"": 0.0, ""radius_yards"": null, ""trigger_spell"": 0, ""type"": 6}",,1711,,,"{""AttributesEx7"": 268435456, ""AuraDescription_Lang_Mask"": 16712190, ""AuraDescription_Lang_enUS"": 110507, ""BaseLevel"": 34, ""CastingTimeIndex"": 1, ""DefenseType"": 1, ""Description_Lang_Mask"": 16712190, ""Description_Lang_enUS"": 110312, ""EffectChainAmplitude_1"": 1.0, ""EffectChainAmplitude_2"": 1.0, ""EffectChainAmplitude_3"": 1.0, ""EquippedItemClass"": -1, ""InterruptFlags"": 8, ""NameSubtext_Lang_Mask"": 16712190, ""NameSubtext_Lang_enUS"": ""Rank 1"", ""Name_Lang_Mask"": 16712190, ""PreventionType"": 1, ""ProcChance"": 101, ""RangeIndex"": 1, ""SpellClassMask_1"": 268435456, ""SpellClassSet"": 3, ""SpellLevel"": 34, ""SpellPriority"": 50, ""SpellVisualID_1"": 284, ""StartRecoveryCategory"": 133, ""StartRecoveryTime"": 1500}",pulled from existing data
6127,Conjure Water,64,0,0,65536,0,3000,0,0,0,0,40,0.0,,,"{""amplitude"": 0, ""apply_aura"": 0, ""base_points"": 1, ""chain_targets"": 0, ""die_sides"": 1, ""implicit_target_a"": 1, ""implicit_target_b"": 0, ""mechanic"": 0, ""misc_value"": 0, ""points_per_level"": 2.0, ""radius_yards"": null, ""trigger_spell"": 0, ""type"": 24}",,,1359,,,"{""AttributesEx"": 131072, ""AuraDescription_Lang_Mask"": 16712188, ""BaseLevel"": 30, ""CastingTimeIndex"": 14, ""DefenseType"": 1, ""Description_Lang_Mask"": 16712190, ""Description_Lang_enUS"": 110710, ""EffectChainAmplitude_1"": 1.0, ""EffectChainAmplitude_2"": 1.0, ""EffectChainAmplitude_3"": 1.0, ""EffectItemType_1"": 3772, ""EquippedItemClass"": -1, ""InterruptFlags"": 15, ""MaxLevel"": 39, ""NameSubtext_Lang_Mask"": 16712190, ""NameSubtext_Lang_enUS"": ""Rank 4"", ""Name_Lang_Mask"": 16712190, ""PreventionType"": 1, ""ProcChance"": 101, ""RangeIndex"": 1, ""SpellClassMask_1"": 1073741824, ""SpellClassSet"": 3, ""SpellLevel"": 30, ""SpellVisualID_1"": 564, ""StartRecoveryCategory"": 133, ""StartRecoveryTime"": 1500}",pulled from existing data
6129,Conjure Food,64,0,0,65536,0,3000,0,0,0,0,40,0.0,,,"{""amplitude"": 0, ""apply_aura"": 0, ""base_points"": 1, ""chain_targets"": 0, ""die_sides"": 1, ""implicit_target_a"": 1, ""implicit_target_b"": 0, ""mechanic"": 0, ""misc_value"": 0, ""points_per_level"": 2.0, ""radius_yards"": null, ""trigger_spell"": 0, ""type"": 24}",,,258,,,"{""AttributesEx"": 131072, ""AuraDescription_Lang_Mask"": 16712188, ""BaseLevel"": 32, ""CastingTimeIndex"": 14, ""DefenseType"": 1, ""Description_Lang_Mask"": 16712190, ""Description_Lang_enUS"": 110892, ""EffectChainAmplitude_1"": 1.0, ""EffectChainAmplitude_2"": 1.0, ""EffectChainAmplitude_3"": 1.0, ""EffectItemType_1"": 1487, ""EquippedItemClass"": -1, ""InterruptFlags"": 15, ""MaxLevel"": 41, ""NameSubtext_Lang_Mask"": 16712190, ""NameSubtext_Lang_enUS"": ""Rank 4"", ""Name_Lang_Mask"": 16712190, ""PreventionType"": 1, ""ProcChance"": 101, ""RangeIndex"": 1, ""SpellClassMask_1"": 1073741824, ""SpellClassSet"": 3, ""SpellLevel"": 32, ""SpellVisualID_1"": 563, ""StartRecoveryCategory"": 133, ""StartRecoveryTime"": 1500}",pulled from existing data
6131,Frost Nova,16,1,0,1073807360,35,0,0,25000,0,0,7,0.0,,8000,"{""amplitude"": 0, ""apply_aura"": 0, ""base_points"": 51, ""chain_targets"": 0, ""die_sides"": 7, ""implicit_target_a"": 22, ""implicit_target_b"": 15, ""mechanic"": 0, ""misc_value"": 0, ""points_per_level"": 0.5, ""radius_yards"": 10.0, ""trigger_spell"": 0, ""type"": 2}","{""amplitude"": 0, ""apply_aura"": 26, ""base_points"": -1, ""chain_targets"": 0, ""die_sides"": 1, ""implicit_target_a"": 22, ""implicit_target_b"": 15, ""mechanic"": 7, ""misc_value"": 0, ""points_per_level"": 0.0, ""radius_yards"": 10.0, ""trigger_spell"": 0, ""type"": 6}",,193,,,"{""AttributesEx"": 136, ""AttributesEx4"": 1073741824, ""AuraDescription_Lang_Mask"": 16712190, ""AuraDescription_Lang_enUS"": 4632, ""AuraInterruptFlags"": 4718592, ""BaseLevel"": 40, ""CastingTimeIndex"": 1, ""DefenseType"": 1, ""Description_Lang_Mask"": 16712190, ""Description_Lang_enUS"": 4470, ""EffectBasePoints_3"": -1, ""EffectBonusMultiplier_1"": 0.0430000014603138, ""EffectChainAmplitude_1"": 1.0, ""EffectChainAmplitude_2"": 1.0, ""EffectChainAmplitude_3"": 1.0, ""EffectDieSides_3"": 1, ""EquippedItemClass"": -1, ""InterruptFlags"": 8, ""MaxLevel"": 45, ""NameSubtext_Lang_Mask"": 16712190, ""NameSubtext_Lang_enUS"": ""Rank 3"", ""Name_Lang_Mask"": 16712190, ""PreventionType"": 1, ""ProcChance"": 100, ""ProcTypeMask"": 664232, ""RangeIndex"": 1, ""SpellClassMask_1"": 64, ""SpellClassSet"": 3, ""SpellDescriptionVariableID"": 167, ""SpellLevel"": 40, ""SpellPriority"": 50, ""SpellVisualID_1"": 17, ""StartRecoveryCategory"": 133, ""StartRecoveryTime"": 1500}",pulled from existing data
6141,Blizzard,16,0,0,65536,0,0,0,0,0,0,74,30.0,,8000,"{""amplitude"": 0, ""apply_aura"": 4, ""base_points"": 43, ""chain_targets"": 0, ""die_sides"": 1, ""implicit_target_a"": 28, ""implicit_target_b"": 0, ""mechanic"": 0, ""misc_value"": 0, ""points_per_level"": 0.20000000298023224, ""radius_yards"": 8.0, ""trigger_spell"": 0, ""type"": 27}","{""amplitude"": 1000, ""apply_aura"": 23, ""base_points"": 0, ""chain_targets"": 0, ""die_sides"": 0, ""implicit_target_a"": 1, ""implicit_target_b"": 0, ""mechanic"": 0, ""misc_value"": 0, ""points_per_level"": 0.0, ""radius_yards"": null, ""trigger_spell"": 42209, ""type"": 6}",,285,,,"{""AttributesEx"": 268435596, ""AttributesEx2"": 4194304, ""AttributesEx5"": 8192, ""AuraDescription_Lang_Mask"": 16712190, ""AuraDescription_Lang_enUS"": 111577, ""BaseLevel"": 28, ""CastingTimeIndex"": 1, ""ChannelInterruptFlags"": 31788, ""DefenseType"": 1, ""Description_Lang_Mask"": 16712190, ""Description_Lang_enUS"": 111491, ""EffectBonusMultiplier_1"": 0.11900000274181366, ""EffectChainAmplitude_1"": 1.0, ""EffectChainAmplitude_2"": 1.0, ""EffectChainAmplitude_3"": 1.0, ""EquippedItemClass"": -1, ""InterruptFlags"": 15, ""MaxLevel"": 33, ""NameSubtext_Lang_Mask"": 16712190, ""NameSubtext_Lang_enUS"": ""Rank 2"", ""Name_Lang_Mask"": 16712190, ""PreventionType"": 1, ""ProcChance"": 101, ""SpellClassMask_1"": 524416, ""SpellClassSet"": 3, ""SpellDescriptionVariableID"": 167, ""SpellLevel"": 28, ""SpellPriority"": 50, ""SpellVisualID_1"": 9490, ""StartRecoveryCategory"": 133, ""StartRecoveryTime"": 1500, ""Targets"": 64}",pulled from existing data
6143,Frost Ward,16,1,0,65536,56,0,0,30000,0,0,14,0.0,,30000,"{""amplitude"": 0, ""apply_aura"": 69, ""base_points"": 164, ""chain_targets"": 0, ""die_sides"": 1, ""implicit_target_a"": 1, ""implicit_target_b"": 0, ""mechanic"": 0, ""misc_value"": 16, ""points_per_level"": 0.0, ""radius_yards"": null, ""trigger_spell"": 0, ""type"": 6}","{""amplitude"": 0, ""apply_aura"": 74, ""base_points"": -1, ""chain_targets"": 0, ""die_sides"": 1, ""implicit_target_a"": 1, ""implicit_target_b"": 0, ""mechanic"": 0, ""misc_value"": 16, ""points_per_level"": 0.0, ""radius_yards"": null, ""trigger_spell"": 0, ""type"": 6}",,501,,,"{""AuraDescription_Lang_Mask"": 16712190, ""AuraDescription_Lang_enUS"": 111644, ""BaseLevel"": 22, ""CastingTimeIndex"": 1, ""DefenseType"": 1, ""Description_Lang_Mask"": 16712190, ""Description_Lang_enUS"": 80074, ""EffectChainAmplitude_1"": 1.0, ""EffectChainAmplitude_2"": 1.0, ""EffectChainAmplitude_3"": 1.0, ""EffectMultipleValue_2"": 1.0, ""EquippedItemClass"": -1, ""InterruptFlags"": 8, ""MaxLevel"": 31, ""NameSubtext_Lang_Mask"": 16712190, ""NameSubtext_Lang_enUS"": ""Rank 1"", ""Name_Lang_Mask"": 16712190, ""PreventionType"": 1, ""ProcChance"": 101, ""RangeIndex"": 1, ""SpellClassMask_1"": 256, ""SpellClassMask_3"": 8, ""SpellClassSet"": 3, ""SpellLevel"": 22, ""SpellVisualID_1"": 291, ""StartRecoveryCategory"": 133, ""StartRecoveryTime"": 1500}",pulled from existing data
7268,Arcane Missile,64,0,0,65536,0,0,0,0,0,0,0,30.0,,,"{""amplitude"": 0, ""apply_aura"": 0, ""base_points"": 23, ""chain_targets"": 0, ""die_sides"": 1, ""implicit_target_a"": 77, ""implicit_target_b"": 0, ""mechanic"": 0, ""misc_value"": 0, ""points_per_level"": 0.30000001192092896, ""radius_yards"": null, ""trigger_spell"": 0, ""type"": 2}",,,225,,,"{""AttributesEx2"": 4, ""AttributesEx3"": 512, ""AuraDescription_Lang_Mask"": 16712188, ""BaseLevel"": 8, ""CastingTimeIndex"": 1, ""DefenseType"": 1, ""Description_Lang_Mask"": 16712190, ""Description_Lang_enUS"": 95148, ""EffectBonusMultiplier_1"": 0.15700000524520874, ""EffectChainAmplitude_1"": 1.0, ""EffectChainAmplitude_2"": 1.0, ""EffectChainAmplitude_3"": 1.0, ""EquippedItemClass"": -1, ""FacingCasterFlags"": 1, ""InterruptFlags"": 8, ""MaxLevel"": 12, ""NameSubtext_Lang_Mask"": 16712190, ""NameSubtext_Lang_enUS"": ""Rank 1"", ""Name_Lang_Mask"": 16712190, ""PreventionType"": 1, ""ProcChance"": 101, ""Speed"": 20.0, ""SpellClassMask_1"": 2097152, ""SpellClassSet"": 3, ""SpellLevel"": 8, ""SpellPriority"": 50, ""SpellVisualID_1"": 268}",pulled from existing data
7269,Arcane Missiles,64,0,0,65536,0,0,0,0,0,0,0,30.0,,,"{""amplitude"": 0, ""apply_aura"": 0, ""base_points"": 35, ""chain_targets"": 0, ""die_sides"": 1, ""implicit_target_a"": 77, ""implicit_target_b"": 0, ""mechanic"": 0, ""misc_value"": 0, ""points_per_level"": 0.4000000059604645, ""radius_yards"": null, ""trigger_spell"": 0, ""type"": 2}",,,225,,,"{""AttributesEx2"": 4, ""AttributesEx3"": 512, ""AuraDescription_Lang_Mask"": 16712188, ""BaseLevel"": 16, ""CastingTimeIndex"": 1, ""DefenseType"": 1, ""Description_Lang_Mask"": 16712190, ""Description_Lang_enUS"": 95247, ""EffectBonusMultiplier_1"": 0.24300000071525574, ""EffectChainAmplitude_1"": 1.0, ""EffectChainAmplitude_2"": 1.0, ""EffectChainAmplitude_3"": 1.0, ""EquippedItemClass"": -1, ""FacingCasterFlags"": 1, ""InterruptFlags"": 8, ""MaxLevel"": 20, ""NameSubtext_Lang_Mask"": 16712190, ""NameSubtext_Lang_enUS"": ""Rank 2"", ""Name_Lang_Mask"": 16712190, ""PreventionType"": 1, ""ProcChance"": 101, ""Speed"": 20.0, ""SpellClassMask_1"": 2097152, ""SpellClassSet"": 3, ""SpellLevel"": 16, ""SpellPriority"": 50, ""SpellVisualID_1"": 269}",pulled from existing data
7270,Arcane Missiles,64,0,0,65536,0,0,0,0,0,0,0,30.0,,,"{""amplitude"": 0, ""apply_aura"": 0, ""base_points"": 55, ""chain_targets"": 0, ""die_sides"": 1, ""implicit_target_a"": 77, ""implicit_target_b"": 0, ""mechanic"": 0, ""misc_value"": 0, ""points_per_level"": 0.5, ""radius_yards"": null, ""trigger_spell"": 0, ""type"": 2}",,,225,,,"{""AttributesEx2"": 4, ""AttributesEx3"": 512, ""AuraDescription_Lang_Mask"": 16712188, ""BaseLevel"": 24, ""CastingTimeIndex"": 1, ""DefenseType"": 1, ""Description_Lang_Mask"": 16712190, ""Description_Lang_enUS"": 95346, ""EffectBonusMultiplier_1"": 0.28600001335144043, ""EffectChainAmplitude_1"": 1.0, ""EffectChainAmplitude_2"": 1.0, ""EffectChainAmplitude_3"": 1.0, ""EquippedItemClass"": -1, ""FacingCasterFlags"": 1, ""InterruptFlags"": 8, ""MaxLevel"": 28, ""NameSubtext_Lang_Mask"": 16712190, ""NameSubtext_Lang_enUS"": ""Rank 3"", ""Name_Lang_Mask"": 16712190, ""PreventionType"": 1, ""ProcChance"": 101, ""Speed"": 20.0, ""SpellClassMask_1"": 2097152, ""SpellClassSet"": 3, ""SpellLevel"": 24, ""SpellPriority"": 50, ""SpellVisualID_1"": 270}",pulled from existing data
7300,Frost Armor,16,0,0,65536,0,0,0,0,0,0,24,0.0,,1800000,"{""amplitude"": 0, ""apply_aura"": 22, ""base_points"": 109, ""chain_targets"": 0, ""die_sides"": 1, ""implicit_target_a"": 1, ""implicit_target_b"": 0, ""mechanic"": 0, ""misc_value"": 1, ""points_per_level"": 0.0, ""radius_yards"": null, ""trigger_spell"": 0, ""type"": 6}","{""amplitude"": 0, ""apply_aura"": 42, ""base_points"": 0, ""chain_targets"": 0, ""die_sides"": 0, ""implicit_target_a"": 1, ""implicit_target_b"": 0, ""mechanic"": 0, ""misc_value"": 0, ""points_per_level"": 0.0, ""radius_yards"": null, ""trigger_spell"": 6136, ""type"": 6}",,181,,,"{""AttributesEx4"": 524288, ""AttributesEx7"": 268435456, ""AuraDescription_Lang_Mask"": 16712190, ""AuraDescription_Lang_enUS"": 6019, ""BaseLevel"": 10, ""CastingTimeIndex"": 1, ""DefenseType"": 1, ""Description_Lang_Mask"": 16712190, ""Description_Lang_enUS"": 5765, ""EffectChainAmplitude_1"": 1.0, ""EffectChainAmplitude_2"": 1.0, ""EffectChainAmplitude_3"": 1.0, ""EquippedItemClass"": -1, ""InterruptFlags"": 8, ""NameSubtext_Lang_Mask"": 16712190, ""NameSubtext_Lang_enUS"": ""Rank 2"", ""Name_Lang_Mask"": 16712190, ""PreventionType"": 1, ""ProcChance"": 100, ""ProcTypeMask"": 40, ""RangeIndex"": 1, ""SpellClassMask_1"": 34078720, ""SpellClassSet"": 3, ""SpellLevel"": 10, ""SpellPriority"": 50, ""SpellVisualID_1"": 124, ""StartRecoveryCategory"": 133, ""StartRecoveryTime"": 1500}",pulled from existing data
7301,Frost Armor,16,0,0,65536,0,0,0,0,0,0,24,0.0,,1800000,"{""amplitude"": 0, ""apply_aura"": 22, ""base_points"": 199, ""chain_targets"": 0, ""die_sides"": 1, ""implicit_target_a"": 1, ""implicit_target_b"": 0, ""mechanic"": 0, ""misc_value"": 1, ""points_per_level"": 0.0, ""radius_yards"": null, ""trigger_spell"": 0, ""type"": 6}","{""amplitude"": 0, ""apply_aura"": 42, ""base_points"": 0, ""chain_targets"": 0, ""die_sides"": 0, ""implicit_target_a"": 1, ""implicit_target_b"": 0, ""mechanic"": 0, ""misc_value"": 0, ""points_per_level"": 0.0, ""radius_yards"": null, ""trigger_spell"": 6136, ""type"": 6}",,181,,,"{""AttributesEx4"": 524288, ""AttributesEx7"": 268435456, ""AuraDescription_Lang_Mask"": 16712190, ""AuraDescription_Lang_enUS"": 6019, ""BaseLevel"": 20, ""CastingTimeIndex"": 1, ""DefenseType"": 1, ""Description_Lang_Mask"": 16712190, ""Description_Lang_enUS"": 5765, ""EffectChainAmplitude_1"": 1.0, ""EffectChainAmplitude_2"": 1.0, ""EffectChainAmplitude_3"": 1.0, ""EquippedItemClass"": -1, ""InterruptFlags"": 8, ""NameSubtext_Lang_Mask"": 16712190, ""NameSubtext_Lang_enUS"": ""Rank 3"", ""Name_Lang_Mask"": 16712190, ""PreventionType"": 1, ""ProcChance"": 100, ""ProcTypeMask"": 40, ""RangeIndex"": 1, ""SpellClassMask_1"": 34078720, ""SpellClassSet"": 3, ""SpellLevel"": 20, ""SpellPriority"": 50, ""SpellVisualID_1"": 124, ""StartRecoveryCategory"": 133, ""StartRecoveryTime"": 1500}",pulled from existing data
7302,Ice Armor,16,0,0,65536,0,0,0,0,0,0,24,0.0,,1800000,"{""amplitude"": 0, ""apply_aura"": 22, ""base_points"": 289, ""chain_targets"": 0, ""die_sides"": 1, ""implicit_target_a"": 1, ""implicit_target_b"": 0, ""mechanic"": 0, ""misc_value"": 1, ""points_per_level"": 0.0, ""radius_yards"": null, ""trigger_spell"": 0, ""type"": 6}","{""amplitude"": 0, ""apply_aura"": 42, ""base_points"": 0, ""chain_targets"": 0, ""die_sides"": 0, ""implicit_target_a"": 1, ""implicit_target_b"": 0, ""mechanic"": 0, ""misc_value"": 0, ""points_per_level"": 0.0, ""radius_yards"": null, ""trigger_spell"": 7321, ""type"": 6}","{""amplitude"": 0, ""apply_aura"": 22, ""base_points"": 5, ""chain_targets"": 0, ""die_sides"": 1, ""implicit_target_a"": 1, ""implicit_target_b"": 0, ""mechanic"": 0, ""misc_value"": 16, ""points_per_level"": 0.0, ""radius_yards"": null, ""trigger_spell"": 0, ""type"": 6}",181,,,"{""AttributesEx4"": 524288, ""AttributesEx7"": 268435456, ""AuraDescription_Lang_Mask"": 16712190, ""AuraDescription_Lang_enUS"": 140466, ""BaseLevel"": 30, ""CastingTimeIndex"": 1, ""DefenseType"": 1, ""Description_Lang_Mask"": 16712190, ""Description_Lang_enUS"": 140183, ""EffectChainAmplitude_1"": 1.0, ""EffectChainAmplitude_2"": 1.0, ""EffectChainAmplitude_3"": 1.0, ""EquippedItemClass"": -1, ""InterruptFlags"": 8, ""NameSubtext_Lang_Mask"": 16712190, ""NameSubtext_Lang_enUS"": ""Rank 1"", ""Name_Lang_Mask"": 16712190, ""PreventionType"": 1, ""ProcChance"": 100, ""ProcTypeMask"": 40, ""RangeIndex"": 1, ""SpellClassMask_1"": 34078720, ""SpellClassSet"": 3, ""SpellLevel"": 30, ""SpellPriority"": 50, ""SpellVisualID_1"": 706, ""StartRecoveryCategory"": 133, ""StartRecoveryTime"": 1500}",pulled from existing data
7320,Ice Armor,16,0,0,65536,0,0,0,0,0,0,24,0.0,,1800000,"{""amplitude"": 0, ""apply_aura"": 22, ""base_points"": 379, ""chain_targets"": 0, ""die_sides"": 1, ""implicit_target_a"": 1, ""implicit_target_b"": 0, ""mechanic"": 0, ""misc_value"": 1, ""points_per_level"": 0.0, ""radius_yards"": null, ""trigger_spell"": 0, ""type"": 6}","{""amplitude"": 0, ""apply_aura"": 42, ""base_points"": 0, ""chain_targets"": 0, ""die_sides"": 0, ""implicit_target_a"": 1, ""implicit_target_b"": 0, ""mechanic"": 0, ""misc_value"": 0, ""points_per_level"": 0.0, ""radius_yards"": null, ""trigger_spell"": 7321, ""type"": 6}","{""amplitude"": 0, ""apply_aura"": 22, ""base_points"": 8, ""chain_targets"": 0, ""die_sides"": 1, ""implicit_target_a"": 1, ""implicit_target_b"": 0, ""mechanic"": 0, ""misc_value"": 16, ""points_per_level"": 0.0, ""radius_yards"": null, ""trigger_spell"": 0, ""type"": 6}",181,,,"{""AttributesEx4"": 524288, ""AttributesEx7"": 268435456, ""AuraDescription_Lang_Mask"": 16712190, ""AuraDescription_Lang_enUS"": 140466, ""BaseLevel"": 40, ""CastingTimeIndex"": 1, ""DefenseType"": 1, ""Description_Lang_Mask"": 16712190, ""Description_Lang_enUS"": 140183, ""EffectChainAmplitude_1"": 1.0, ""EffectChainAmplitude_2"": 1.0, ""EffectChainAmplitude_3"": 1.0, ""EquippedItemClass"": -1, ""InterruptFlags"": 8, ""NameSubtext_Lang_Mask"": 16712190, ""NameSubtext_Lang_enUS"": ""Rank 2"", ""Name_Lang_Mask"": 16712190, ""PreventionType"": 1, ""ProcChance"": 100, ""ProcTypeMask"": 40, ""RangeIndex"": 1, ""SpellClassMask_1"": 34078720, ""SpellClassSet"": 3, ""SpellLevel"": 40, ""SpellPriority"": 50, ""SpellVisualID_1"": 706, ""StartRecoveryCategory"": 133, ""StartRecoveryTime"": 1500}",pulled from existing data
7322,Frostbolt,16,1,0,65536,0,2600,0,0,0,0,10,30.0,,7000,"{""amplitude"": 0, ""apply_aura"": 33, ""base_points"": -41, ""chain_targets"": 0, ""die_sides"": 1, ""implicit_target_a"": 6, ""implicit_target_b"": 0, ""mechanic"": 11, ""misc_value"": 0, ""points_per_level"": 0.0, ""radius_yards"": null, ""trigger_spell"": 0, ""type"": 6}","{""amplitude"": 0, ""apply_aura"": 0, ""base_points"": 73, ""chain_targets"": 0, ""die_sides"": 9, ""implicit_target_a"": 6, ""implicit_target_b"": 0, ""mechanic"": 0, ""misc_value"": 0, ""points_per_level"": 1.100000023841858, ""radius_yards"": null, ""trigger_spell"": 0, ""type"": 2}","{""amplitude"": 0, ""apply_aura"": 118, ""base_points"": -1, ""chain_targets"": 0, ""die_sides"": 1, ""implicit_target_a"": 6, ""implicit_target_b"": 0, ""mechanic"": 0, ""misc_value"": 127, ""points_per_level"": 0.0, ""radius_yards"": null, ""trigger_spell"": 0, ""type"": 6}",188,,,"{""AttributesEx6"": 2097152, ""AuraDescription_Lang_Mask"": 16712190, ""AuraDescription_Lang_enUS"": 3906, ""BaseLevel"": 20, ""CastingTimeIndex"": 21, ""DefenseType"": 1, ""Description_Lang_Mask"": 16712190, ""Description_Lang_enUS"": 3770, ""EffectBonusMultiplier_2"": 0.7429999709129333, ""EffectChainAmplitude_1"": 1.0, ""EffectChainAmplitude_2"": 1.0, ""EffectChainAmplitude_3"": 1.0, ""EquippedItemClass"": -1, ""FacingCasterFlags"": 1, ""InterruptFlags"": 15, ""MaxLevel"": 24, ""NameSubtext_Lang_Mask"": 16712190, ""NameSubtext_Lang_enUS"": ""Rank 4"", ""Name_Lang_Mask"": 16712190, ""PreventionType"": 1, ""ProcChance"": 101, ""Speed"": 28.0, ""SpellClassMask_1"": 32, ""SpellClassSet"": 3, ""SpellDescriptionVariableID"": 167, ""SpellLevel"": 20, ""SpellPriority"": 50, ""SpellVisualID_1"": 13, ""StartRecoveryCategory"": 133, ""StartRecoveryTime"": 1500}",pulled from existing data
8400,Fireball,4,0,0,65536,0,3500,0,0,0,0,19,35.0,,8000,"{""amplitude"": 0, ""apply_aura"": 0, ""base_points"": 138, ""chain_targets"": 0, ""die_sides"": 49, ""implicit_target_a"": 6, ""implicit_target_b"": 0, ""mechanic"": 0, ""misc_value"": 0, ""points_per_level"": 1.7999999523162842, ""radius_yards"": null, ""trigger_spell"": 0, ""type"": 2}","{""amplitude"": 2000, ""apply_aura"": 3, ""base_points"": 4, ""chain_targets"": 0, ""die_sides"": 1, ""implicit_target_a"": 6, ""implicit_target_b"": 0, ""mechanic"": 0, ""misc_value"": 0, ""points_per_level"": 0.0, ""radius_yards"": null, ""trigger_spell"": 0, ""type"": 6}",,185,,,"{""AuraDescription_Lang_Mask"": 16712190, ""AuraDescription_Lang_enUS"": 5323, ""BaseLevel"": 24, ""CastingTimeIndex"": 22, ""DefenseType"": 1, ""Description_Lang_Mask"": 16712190, ""Description_Lang_enUS"": 5233, ""EffectBonusMultiplier_1"": 1.0, ""EffectChainAmplitude_1"": 1.0, ""EffectChainAmplitude_2"": 1.0, ""EffectChainAmplitude_3"": 1.0, ""EquippedItemClass"": -1, ""FacingCasterFlags"": 1, ""InterruptFlags"": 15, ""MaxLevel"": 28, ""NameSubtext_Lang_Mask"": 16712190, ""NameSubtext_Lang_enUS"": ""Rank 5"", ""Name_Lang_Mask"": 16712190, ""PreventionType"": 1, ""ProcChance"": 101, ""Speed"": 24.0, ""SpellClassMask_1"": 1, ""SpellClassMask_3"": 8, ""SpellClassSet"": 3, ""SpellLevel"": 24, ""SpellPriority"": 50, ""SpellVisualID_1"": 67, ""StartRecoveryCategory"": 133, ""StartRecoveryTime"": 1500}",pulled from existing data
8401,Fireball,4,0,0,65536,0,3500,0,0,0,0,19,35.0,,8000,"{""amplitude"": 0, ""apply_aura"": 0, ""base_points"": 198, ""chain_targets"": 0, ""die_sides"": 67, ""implicit_target_a"": 6, ""implicit_target_b"": 0, ""mechanic"": 0, ""misc_value"": 0, ""points_per_level"": 2.0999999046325684, ""radius_yards"": null, ""trigger_spell"": 0, ""type"": 2}","{""amplitude"": 2000, ""apply_aura"": 3, ""base_points"": 6, ""chain_targets"": 0, ""die_sides"": 1, ""implicit_target_a"": 6, ""implicit_target_b"": 0, ""mechanic"": 0, ""misc_value"": 0, ""points_per_level"": 0.0, ""radius_yards"": null, ""trigger_spell"": 0, ""type"": 6}",,185,,,"{""AuraDescription_Lang_Mask"": 16712190, ""AuraDescription_Lang_enUS"": 5323, ""BaseLevel"": 30, ""CastingTimeIndex"": 22, ""DefenseType"": 1, ""Description_Lang_Mask"": 16712190, ""Description_Lang_enUS"": 5233, ""EffectBonusMultiplier_1"": 1.0, ""EffectChainAmplitude_1"": 1.0, ""EffectChainAmplitude_2"": 1.0, ""EffectChainAmplitude_3"": 1.0, ""EquippedItemClass"": -1, ""FacingCasterFlags"": 1, ""InterruptFlags"": 15, ""MaxLevel"": 34, ""NameSubtext_Lang_Mask"": 16712190, ""NameSubtext_Lang_enUS"": ""Rank 6"", ""Name_Lang_Mask"": 16712190, ""PreventionType"": 1, ""ProcChance"": 101, ""Speed"": 24.0, ""SpellClassMask_1"": 1, ""SpellClassMask_3"": 8, ""SpellClassSet"": 3, ""SpellLevel"": 30, ""SpellPriority"": 50, ""SpellVisualID_1"": 67, ""StartRecoveryCategory"": 133, ""StartRecoveryTime"": 1500}",pulled from existing data
8402,Fireball,4,0,0,65536,0,3500,0,0,0,0,19,35.0,,8000,"{""amplitude"": 0, ""apply_aura"": 0, ""base_points"": 254, ""chain_targets"": 0, ""die_sides"": 81, ""implicit_target_a"": 6, ""implicit_target_b"": 0, ""mechanic"": 0, ""misc_value"": 0, ""points_per_level"": 2.4000000953674316, ""radius_yards"": null, ""trigger_spell"": 0, ""type"": 2}","{""amplitude"": 2000, ""apply_aura"": 3, ""base_points"": 7, ""chain_targets"": 0, ""die_sides"": 1, ""implicit_target_a"": 6, ""implicit_target_b"": 0, ""mechanic"": 0, ""misc_value"": 0, ""points_per_level"": 0.0, ""radius_yards"": null, ""trigger_spell"": 0, ""type"": 6}",,185,,,"{""AuraDescription_Lang_Mask"": 16712190, ""AuraDescription_Lang_enUS"": 5323, ""BaseLevel"": 36, ""CastingTimeIndex"": 22, ""DefenseType"": 1, ""Description_Lang_Mask"": 16712190, ""Description_Lang_enUS"": 5233, ""EffectBonusMultiplier_1"": 1.0, ""EffectChainAmplitude_1"": 1.0, ""EffectChainAmplitude_2"": 1.0, ""EffectChainAmplitude_3"": 1.0, ""EquippedItemClass"": -1, ""FacingCasterFlags"": 1, ""InterruptFlags"": 15, ""MaxLevel"": 40, ""NameSubtext_Lang_Mask"": 16712190, ""NameSubtext_Lang_enUS"": ""Rank 7"", ""Name_Lang_Mask"": 16712190, ""PreventionType"": 1, ""ProcChance"": 101, ""Speed"": 24.0, ""SpellClassMask_1"": 1, ""SpellClassMask_3"": 8, ""SpellClassSet"": 3, ""SpellLevel"": 36, ""SpellPriority"": 50, ""SpellVisualID_1"": 67, ""StartRecoveryCategory"": 133, ""StartRecoveryTime"": 1500}",pulled from existing data
8406,Frostbolt,16,1,0,65536,0,3000,0,0,0,0,11,30.0,,7000,"{""amplitude"": 0, ""apply_aura"": 33, ""base_points"": -41, ""chain_targets"": 0, ""die_sides"": 1, ""implicit_target_a"": 6, ""implicit_target_b"": 0, ""mechanic"": 11, ""misc_value"": 0, ""points_per_level"": 0.0, ""radius_yards"": null, ""trigger_spell"": 0, ""type"": 6}","{""amplitude"": 0, ""apply_aura"": 0, ""base_points"": 125, ""chain_targets"": 0, ""die_sides"": 13, ""implicit_target_a"": 6, ""implicit_target_b"": 0, ""mechanic"": 0, ""misc_value"": 0, ""points_per_level"": 1.5, ""radius_yards"": null, ""trigger_spell"": 0, ""type"": 2}","{""amplitude"": 0, ""apply_aura"": 118, ""base_points"": -1, ""chain_targets"": 0, ""die_sides"": 1, ""implicit_target_a"": 6, ""implicit_target_b"": 0, ""mechanic"": 0, ""misc_value"": 127, ""points_per_level"": 0.0, ""radius_yards"": null, ""trigger_spell"": 0, ""type"": 6}",188,,,"{""AttributesEx6"": 2097152, ""AuraDescription_Lang_Mask"": 16712190, ""AuraDescription_Lang_enUS"": 3906, ""BaseLevel"": 26, ""CastingTimeIndex"": 14, ""DefenseType"": 1, ""Description_Lang_Mask"": 16712190, ""Description_Lang_enUS"": 3770, ""EffectBonusMultiplier_2"": 0.8569999933242798, ""EffectChainAmplitude_1"": 1.0, ""EffectChainAmplitude_2"": 1.0, ""EffectChainAmplitude_3"": 1.0, ""EquippedItemClass"": -1, ""FacingCasterFlags"": 1, ""InterruptFlags"": 15, ""MaxLevel"": 30, ""NameSubtext_Lang_Mask"": 16712190, ""NameSubtext_Lang_enUS"": ""Rank 5"", ""Name_Lang_Mask"": 16712190, ""PreventionType"": 1, ""ProcChance"": 101, ""Speed"": 28.0, ""SpellClassMask_1"": 32, ""SpellClassSet"": 3, ""SpellDescriptionVariableID"": 167, ""SpellLevel"": 26, ""SpellPriority"": 50, ""SpellVisualID_1"": 13, ""StartRecoveryCategory"": 133, ""StartRecoveryTime"": 1500}",pulled from existing data
8407,Frostbolt,16,1,0,65536,0,3000,0,0,0,0,11,30.0,,8000,"{""amplitude"": 0, ""apply_aura"": 33, ""base_points"": -41, ""chain_targets"": 0, ""die_sides"": 1, ""implicit_target_a"": 6, ""implicit_target_b"": 0, ""mechanic"": 11, ""misc_value"": 0, ""points_per_level"": 0.0, ""radius_yards"": null, ""trigger_spell"": 0, ""type"": 6}","{""amplitude"": 0, ""apply_aura"": 0, ""base_points"": 173, ""chain_targets"": 0, ""die_sides"": 17, ""implicit_target_a"": 6, ""implicit_target_b"": 0, ""mechanic"": 0, ""misc_value"": 0, ""points_per_level"": 1.7000000476837158, ""radius_yards"": null, ""trigger_spell"": 0, ""type"": 2}","{""amplitude"": 0, ""apply_aura"": 118, ""base_points"": -1, ""chain_targets"": 0, ""die_sides"": 1, ""implicit_target_a"": 6, ""implicit_target_b"": 0, ""mechanic"": 0, ""misc_value"": 127, ""points_per_level"": 0.0, ""radius_yards"": null, ""trigger_spell"": 0, ""type"": 6}",188,,,"{""AttributesEx6"": 2097152, ""AuraDescription_Lang_Mask"": 16712190, ""AuraDescription_Lang_enUS"": 3906, ""BaseLevel"": 32, ""CastingTimeIndex"": 14, ""DefenseType"": 1, ""Description_Lang_Mask"": 16712190, ""Description_Lang_enUS"": 3770, ""EffectBonusMultiplier_2"": 0.8569999933242798, ""EffectChainAmplitude_1"": 1.0, ""EffectChainAmplitude_2"": 1.0, ""EffectChainAmplitude_3"": 1.0, ""EquippedItemClass"": -1, ""FacingCasterFlags"": 1, ""InterruptFlags"": 15, ""MaxLevel"": 36, ""NameSubtext_Lang_Mask"": 16712190, ""NameSubtext_Lang_enUS"": ""Rank 6"", ""Name_Lang_Mask"": 16712190, ""PreventionType"": 1, ""ProcChance"": 101, ""Speed"": 28.0, ""SpellClassMask_1"": 32, ""SpellClassSet"": 3, ""SpellDescriptionVariableID"": 167, ""SpellLevel"": 32, ""SpellPriority"": 50, ""SpellVisualID_1"": 13, ""StartRecoveryCategory"": 133, ""StartRecoveryTime"": 1500}",pulled from existing data
8408,Frostbolt,16,1,0,65536,0,3000,0,0,0,0,11,30.0,,8000,"{""amplitude"": 0, ""apply_aura"": 33, ""base_points"": -41, ""chain_targets"": 0, ""die_sides"": 1, ""implicit_target_a"": 6, ""implicit_target_b"": 0, ""mechanic"": 11, ""misc_value"": 0, ""points_per_level"": 0.0, ""radius_yards"": null, ""trigger_spell"": 0, ""type"": 6}","{""amplitude"": 0, ""apply_aura"": 0, ""base_points"": 226, ""chain_targets"": 0, ""die_sides"": 21, ""implicit_target_a"": 6, ""implicit_target_b"": 0, ""mechanic"": 0, ""misc_value"": 0, ""points_per_level"": 2.0, ""radius_yards"": null, ""trigger_spell"": 0, ""type"": 2}","{""amplitude"": 0, ""apply_aura"": 118, ""base_points"": -1, ""chain_targets"": 0, ""die_sides"": 1, ""implicit_target_a"": 6, ""implicit_target_b"": 0, ""mechanic"": 0, ""misc_value"": 127, ""points_per_level"": 0.0, ""radius_yards"": null, ""trigger_spell"": 0, ""type"": 6}",188,,,"{""AttributesEx6"": 2097152, ""AuraDescription_Lang_Mask"": 16712190, ""AuraDescription_Lang_enUS"": 3906, ""BaseLevel"": 38, ""CastingTimeIndex"": 14, ""DefenseType"": 1, ""Description_Lang_Mask"": 16712190, ""Description_Lang_enUS"": 3770, ""EffectBonusMultiplier_2"": 0.8569999933242798, ""EffectChainAmplitude_1"": 1.0, ""EffectChainAmplitude_2"": 1.0, ""EffectChainAmplitude_3"": 1.0, ""EquippedItemClass"": -1, ""FacingCasterFlags"": 1, ""InterruptFlags"": 15, ""MaxLevel"": 42, ""NameSubtext_Lang_Mask"": 16712190, ""NameSubtext_Lang_enUS"": ""Rank 7"", ""Name_Lang_Mask"": 16712190, ""PreventionType"": 1, ""ProcChance"": 101, ""Speed"": 28.0, ""SpellClassMask_1"": 32, ""SpellClassSet"": 3, ""SpellDescriptionVariableID"": 167, ""SpellLevel"": 38, ""SpellPriority"": 50, ""SpellVisualID_1"": 13, ""StartRecoveryCategory"": 133, ""StartRecoveryTime"": 1500}",pulled from existing data
8412,Fire Blast,4,0,0,65536,19,0,0,8000,0,0,21,20.0,,,"{""amplitude"": 0, ""apply_aura"": 0, ""base_points"": 167, ""chain_targets"": 0, ""die_sides"": 35, ""implicit_target_a"": 6, ""implicit_target_b"": 0, ""mechanic"": 0, ""misc_value"": 0, ""points_per_level"": 1.7999999523162842, ""radius_yards"": null, ""trigger_spell"": 0, ""type"": 2}",,,12,,,"{""AuraDescription_Lang_Mask"": 16712188, ""BaseLevel"": 30, ""CastingTimeIndex"": 1, ""DefenseType"": 1, ""Description_Lang_Mask"": 16712190, ""Description_Lang_enUS"": 41822, ""EffectBonusMultiplier_1"": 0.42899999022483826, ""EffectChainAmplitude_1"": 1.0, ""EffectChainAmplitude_2"": 1.0, ""EffectChainAmplitude_3"": 1.0, ""EquippedItemClass"": -1, ""FacingCasterFlags"": 1, ""InterruptFlags"": 8, ""MaxLevel"": 35, ""NameSubtext_Lang_Mask"": 16712190, ""NameSubtext_Lang_enUS"": ""Rank 4"", ""Name_Lang_Mask"": 16712190, ""PreventionType"": 1, ""ProcChance"": 101, ""SpellClassMask_1"": 2, ""SpellClassSet"": 3, ""SpellLevel"": 30, ""SpellPriority"": 50, ""SpellVisualID_1"": 143, ""StartRecoveryCategory"": 133, ""StartRecoveryTime"": 1500}",pulled from existing data
8413,Fire Blast,4,0,0,65536,19,0,0,8000,0,0,21,20.0,,,"{""amplitude"": 0, ""apply_aura"": 0, ""base_points"": 241, ""chain_targets"": 0, ""die_sides"": 49, ""implicit_target_a"": 6, ""implicit_target_b"": 0, ""mechanic"": 0, ""misc_value"": 0, ""points_per_level"": 2.200000047683716, ""radius_yards"": null, ""trigger_spell"": 0, ""type"": 2}",,,12,,,"{""AuraDescription_Lang_Mask"": 16712188, ""BaseLevel"": 38, ""CastingTimeIndex"": 1, ""DefenseType"": 1, ""Description_Lang_Mask"": 16712190, ""Description_Lang_enUS"": 41822, ""EffectBonusMultiplier_1"": 0.42899999022483826, ""EffectChainAmplitude_1"": 1.0, ""EffectChainAmplitude_2"": 1.0, ""EffectChainAmplitude_3"": 1.0, ""EquippedItemClass"": -1, ""FacingCasterFlags"": 1, ""InterruptFlags"": 8, ""MaxLevel"": 43, ""NameSubtext_Lang_Mask"": 16712190, ""NameSubtext_Lang_enUS"": ""Rank 5"", ""Name_Lang_Mask"": 16712190, ""PreventionType"": 1, ""ProcChance"": 101, ""SpellClassMask_1"": 2, ""SpellClassSet"": 3, ""SpellLevel"": 38, ""SpellPriority"": 50, ""SpellVisualID_1"": 143, ""StartRecoveryCategory"": 133, ""StartRecoveryTime"": 1500}",pulled from existing data
8416,Arcane Missiles,64,0,0,536936704,0,0,0,0,0,0,31,30.0,,5000,"{""amplitude"": 0, ""apply_aura"": 4, ""base_points"": 0, ""chain_targets"": 0, ""die_sides"": 0, ""implicit_target_a"": 6, ""implicit_target_b"": 0, ""mechanic"": 0, ""misc_value"": 0, ""points_per_level"": 0.0, ""radius_yards"": null, ""trigger_spell"": 0, ""type"": 6}","{""amplitude"": 1000, ""apply_aura"": 23, ""base_points"": 0, ""chain_targets"": 0, ""die_sides"": 0, ""implicit_target_a"": 1, ""implicit_target_b"": 0, ""mechanic"": 0, ""misc_value"": 0, ""points_per_level"": 0.0, ""radius_yards"": null, ""trigger_spell"": 8419, ""type"": 6}",,225,,,"{""AttributesEx"": 335561860, ""AttributesEx4"": 134217728, ""AttributesEx5"": 8192, ""AuraDescription_Lang_Mask"": 16712188, ""BaseLevel"": 32, ""CastingTimeIndex"": 1, ""ChannelInterruptFlags"": 31756, ""Description_Lang_Mask"": 16712190, ""Description_Lang_enUS"": 174354, ""EffectChainAmplitude_1"": 1.0, ""EffectChainAmplitude_2"": 1.0, ""EffectChainAmplitude_3"": 1.0, ""EquippedItemClass"": -1, ""FacingCasterFlags"": 1, ""InterruptFlags"": 15, ""MaxLevel"": 36, ""NameSubtext_Lang_Mask"": 16712190, ""NameSubtext_Lang_enUS"": ""Rank 4"", ""Name_Lang_Mask"": 16712190, ""PreventionType"": 1, ""ProcChance"": 101, ""SpellClassMask_1"": 2048, ""SpellClassSet"": 3, ""SpellLevel"": 32, ""SpellPriority"": 50, ""SpellVisualID_1"": 262, ""StartRecoveryCategory"": 133, ""StartRecoveryTime"": 1500}",pulled from existing data
8417,Arcane Missiles,64,0,0,536936704,0,0,0,0,0,0,31,30.0,,5000,"{""amplitude"": 0, ""apply_aura"": 4, ""base_points"": 0, ""chain_targets"": 0, ""die_sides"": 0, ""implicit_target_a"": 6, ""implicit_target_b"": 0, ""mechanic"": 0, ""misc_value"": 0, ""points_per_level"": 0.0, ""radius_yards"": null, ""trigger_spell"": 0, ""type"": 6}","{""amplitude"": 1000, ""apply_aura"": 23, ""base_points"": 0, ""chain_targets"": 0, ""die_sides"": 0, ""implicit_target_a"": 1, ""implicit_target_b"": 0, ""mechanic"": 0, ""misc_value"": 0, ""points_per_level"": 0.0, ""radius_yards"": null, ""trigger_spell"": 8418, ""type"": 6}",,225,,,"{""AttributesEx"": 335561860, ""AttributesEx4"": 134217728, ""AttributesEx5"": 8192, ""AuraDescription_Lang_Mask"": 16712188, ""BaseLevel"": 40, ""CastingTimeIndex"": 1, ""ChannelInterruptFlags"": 31756, ""Description_Lang_Mask"": 16712190, ""Description_Lang_enUS"": 174453, ""EffectChainAmplitude_1"": 1.0, ""EffectChainAmplitude_2"": 1.0, ""EffectChainAmplitude_3"": 1.0, ""EquippedItemClass"": -1, ""FacingCasterFlags"": 1, ""InterruptFlags"": 15, ""MaxLevel"": 44, ""NameSubtext_Lang_Mask"": 16712190, ""NameSubtext_Lang_enUS"": ""Rank 5"", ""Name_Lang_Mask"": 16712190, ""PreventionType"": 1, ""ProcChance"": 101, ""SpellClassMask_1"": 2048, ""SpellClassSet"": 3, ""SpellLevel"": 40, ""SpellPriority"": 50, ""SpellVisualID_1"": 262, ""StartRecoveryCategory"": 133, ""StartRecoveryTime"": 1500}",pulled from existing data
8418,Arcane Missiles,64,0,0,65536,0,0,0,0,0,0,0,30.0,,,"{""amplitude"": 0, ""apply_aura"": 0, ""base_points"": 114, ""chain_targets"": 0, ""die_sides"": 1, ""implicit_target_a"": 77, ""implicit_target_b"": 0, ""mechanic"": 0, ""misc_value"": 0, ""points_per_level"": 0.699999988079071, ""radius_yards"": null, ""trigger_spell"": 0, ""type"": 2}",,,225,,,"{""AttributesEx2"": 4, ""AttributesEx3"": 512, ""AuraDescription_Lang_Mask"": 16712188, ""BaseLevel"": 40, ""CastingTimeIndex"": 1, ""DefenseType"": 1, ""Description_Lang_Mask"": 16712190, ""Description_Lang_enUS"": 174453, ""EffectBonusMultiplier_1"": 0.28600001335144043, ""EffectChainAmplitude_1"": 1.0, ""EffectChainAmplitude_2"": 1.0, ""EffectChainAmplitude_3"": 1.0, ""EquippedItemClass"": -1, ""FacingCasterFlags"": 1, ""InterruptFlags"": 8, ""MaxLevel"": 44, ""NameSubtext_Lang_Mask"": 16712190, ""NameSubtext_Lang_enUS"": ""Rank 5"", ""Name_Lang_Mask"": 16712190, ""PreventionType"": 1, ""ProcChance"": 101, ""Speed"": 20.0, ""SpellClassMask_1"": 2097152, ""SpellClassSet"": 3, ""SpellLevel"": 40, ""SpellPriority"": 50, ""SpellVisualID_1"": 270}",pulled from existing data
8419,Arcane Missiles,64,0,0,65536,0,0,0,0,0,0,0,30.0,,,"{""amplitude"": 0, ""apply_aura"": 0, ""base_points"": 82, ""chain_targets"": 0, ""die_sides"": 1, ""implicit_target_a"": 77, ""implicit_target_b"": 0, ""mechanic"": 0, ""misc_value"": 0, ""points_per_level"": 0.6000000238418579, ""radius_yards"": null, ""trigger_spell"": 0, ""type"": 2}",,,225,,,"{""AttributesEx2"": 4, ""AttributesEx3"": 512, ""AuraDescription_Lang_Mask"": 16712188, ""BaseLevel"": 32, ""CastingTimeIndex"": 1, ""DefenseType"": 1, ""Description_Lang_Mask"": 16712190, ""Description_Lang_enUS"": 174354, ""EffectBonusMultiplier_1"": 0.28600001335144043, ""EffectChainAmplitude_1"": 1.0, ""EffectChainAmplitude_2"": 1.0, ""EffectChainAmplitude_3"": 1.0, ""EquippedItemClass"": -1, ""FacingCasterFlags"": 1, ""InterruptFlags"": 8, ""MaxLevel"": 36, ""NameSubtext_Lang_Mask"": 16712190, ""NameSubtext_Lang_enUS"": ""Rank 4"", ""Name_Lang_Mask"": 16712190, ""PreventionType"": 1, ""ProcChance"": 101, ""Speed"": 20.0, ""SpellClassMask_1"": 2097152, ""SpellClassSet"": 3, ""SpellLevel"": 32, ""SpellPriority"": 50, ""SpellVisualID_1"": 270}",pulled from existing data
8422,Flamestrike,4,0,0,65536,0,2000,0,0,0,0,35,30.0,,8000,"{""amplitude"": 0, ""apply_aura"": 0, ""base_points"": 153, ""chain_targets"": 0, ""die_sides"": 39, ""implicit_target_a"": 16, ""implicit_target_b"": 0, ""mechanic"": 0, ""misc_value"": 0, ""points_per_level"": 1.0, ""radius_yards"": 5.0, ""trigger_spell"": 0, ""type"": 2}","{""amplitude"": 2000, ""apply_aura"": 3, ""base_points"": 34, ""chain_targets"": 0, ""die_sides"": 1, ""implicit_target_a"": 28, ""implicit_target_b"": 0, ""mechanic"": 0, ""misc_value"": 0, ""points_per_level"": 0.0, ""radius_yards"": 5.0, ""trigger_spell"": 0, ""type"": 27}",,37,,,"{""AttributesEx"": 268435592, ""AuraDescription_Lang_Mask"": 16712190, ""AuraDescription_Lang_enUS"": 41688, ""BaseLevel"": 32, ""CastingTimeIndex"": 5, ""DefenseType"": 1, ""Description_Lang_Mask"": 16712190, ""Description_Lang_enUS"": 41560, ""EffectBonusMultiplier_1"": 0.24300000071525574, ""EffectBonusMultiplier_2"": 0.12200000137090683, ""EffectChainAmplitude_1"": 1.0, ""EffectChainAmplitude_2"": 1.0, ""EffectChainAmplitude_3"": 1.0, ""EquippedItemClass"": -1, ""InterruptFlags"": 15, ""MaxLevel"": 37, ""NameSubtext_Lang_Mask"": 16712190, ""NameSubtext_Lang_enUS"": ""Rank 3"", ""Name_Lang_Mask"": 16712190, ""PreventionType"": 1, ""ProcChance"": 101, ""SpellClassMask_1"": 4, ""SpellClassSet"": 3, ""SpellLevel"": 32, ""SpellPriority"": 50, ""SpellVisualID_1"": 10383, ""StartRecoveryCategory"": 133, ""StartRecoveryTime"": 1500, ""Targets"": 64}",pulled from existing data
8423,Flamestrike,4,0,0,65536,0,2000,0,0,0,0,35,30.0,,8000,"{""amplitude"": 0, ""apply_aura"": 0, ""base_points"": 219, ""chain_targets"": 0, ""die_sides"": 53, ""implicit_target_a"": 16, ""implicit_target_b"": 0, ""mechanic"": 0, ""misc_value"": 0, ""points_per_level"": 1.2999999523162842, ""radius_yards"": 5.0, ""trigger_spell"": 0, ""type"": 2}","{""amplitude"": 2000, ""apply_aura"": 3, ""base_points"": 48, ""chain_targets"": 0, ""die_sides"": 1, ""implicit_target_a"": 28, ""implicit_target_b"": 0, ""mechanic"": 0, ""misc_value"": 0, ""points_per_level"": 0.0, ""radius_yards"": 5.0, ""trigger_spell"": 0, ""type"": 27}",,37,,,"{""AttributesEx"": 268435592, ""AuraDescription_Lang_Mask"": 16712190, ""AuraDescription_Lang_enUS"": 41688, ""BaseLevel"": 40, ""CastingTimeIndex"": 5, ""DefenseType"": 1, ""Description_Lang_Mask"": 16712190, ""Description_Lang_enUS"": 41560, ""EffectBonusMultiplier_1"": 0.24300000071525574, ""EffectBonusMultiplier_2"": 0.12200000137090683, ""EffectChainAmplitude_1"": 1.0, ""EffectChainAmplitude_2"": 1.0, ""EffectChainAmplitude_3"": 1.0, ""EquippedItemClass"": -1, ""InterruptFlags"": 15, ""MaxLevel"": 45, ""NameSubtext_Lang_Mask"": 16712190, ""NameSubtext_Lang_enUS"": ""Rank 4"", ""Name_Lang_Mask"": 16712190, ""PreventionType"": 1, ""ProcChance"": 101, ""SpellClassMask_1"": 4, ""SpellClassSet"": 3, ""SpellLevel"": 40, ""SpellPriority"": 50, ""SpellVisualID_1"": 10383, ""StartRecoveryCategory"": 133, ""StartRecoveryTime"": 1500, ""Targets"": 64}",pulled from existing data
8427,Blizzard,16,0,0,65536,0,0,0,0,0,0,74,30.0,,8000,"{""amplitude"": 0, ""apply_aura"": 4, ""base_points"": 64, ""chain_targets"": 0, ""die_sides"": 1, ""implicit_target_a"": 28, ""implicit_target_b"": 0, ""mechanic"": 0, ""misc_value"": 0, ""points_per_level"": 0.20000000298023224, ""radius_yards"": 8.0, ""trigger_spell"": 0, ""type"": 27}","{""amplitude"": 1000, ""apply_aura"": 23, ""base_points"": 0, ""chain_targets"": 0, ""die_sides"": 0, ""implicit_target_a"": 1, ""implicit_target_b"": 0, ""mechanic"": 0, ""misc_value"": 0, ""points_per_level"": 0.0, ""radius_yards"": null, ""trigger_spell"": 42210, ""type"": 6}",,285,,,"{""AttributesEx"": 268435596, ""AttributesEx2"": 4194304, ""AttributesEx5"": 8192, ""AuraDescription_Lang_Mask"": 16712190, ""AuraDescription_Lang_enUS"": 174638, ""BaseLevel"": 36, ""CastingTimeIndex"": 1, ""ChannelInterruptFlags"": 31788, ""DefenseType"": 1, ""Description_Lang_Mask"": 16712190, ""Description_Lang_enUS"": 174552, ""EffectBonusMultiplier_1"": 0.11900000274181366, ""EffectChainAmplitude_1"": 1.0, ""EffectChainAmplitude_2"": 1.0, ""EffectChainAmplitude_3"": 1.0, ""EquippedItemClass"": -1, ""InterruptFlags"": 15, ""MaxLevel"": 41, ""NameSubtext_Lang_Mask"": 16712190, ""NameSubtext_Lang_enUS"": ""Rank 3"", ""Name_Lang_Mask"": 16712190, ""PreventionType"": 1, ""ProcChance"": 101, ""SpellClassMask_1"": 524416, ""SpellClassSet"": 3, ""SpellDescriptionVariableID"": 167, ""SpellLevel"": 36, ""SpellPriority"": 50, ""SpellVisualID_1"": 9490, ""StartRecoveryCategory"": 133, ""StartRecoveryTime"": 1500, ""Targets"": 64}",pulled from existing data
8437,Arcane Explosion,64,0,0,65536,0,0,0,0,0,0,22,0.0,,,"{""amplitude"": 0, ""apply_aura"": 0, ""base_points"": 56, ""chain_targets"": 0, ""die_sides"": 7, ""implicit_target_a"": 22, ""implicit_target_b"": 15, ""mechanic"": 0, ""misc_value"": 0, ""points_per_level"": 0.6000000238418579, ""radius_yards"": 10.0, ""trigger_spell"": 0, ""type"": 2}",,,122,,,"{""AttributesEx"": 136, ""AuraDescription_Lang_Mask"": 16712188, ""BaseLevel"": 22, ""CastingTimeIndex"": 1, ""DefenseType"": 1, ""Description_Lang_Mask"": 16712190, ""Description_Lang_enUS"": 30490, ""EffectBonusMultiplier_1"": 0.21400000154972076, ""EffectChainAmplitude_1"": 1.0, ""EffectChainAmplitude_2"": 1.0, ""EffectChainAmplitude_3"": 1.0, ""EquippedItemClass"": -1, ""InterruptFlags"": 8, ""MaxLevel"": 27, ""NameSubtext_Lang_Mask"": 16712190, ""NameSubtext_Lang_enUS"": ""Rank 2"", ""Name_Lang_Mask"": 16712190, ""PreventionType"": 1, ""ProcChance"": 101, ""RangeIndex"": 1, ""SpellClassMask_1"": 4096, ""SpellClassSet"": 3, ""SpellLevel"": 22, ""SpellVisualID_1"": 965, ""StartRecoveryCategory"": 133, ""StartRecoveryTime"": 1500}",pulled from existing data
8438,Arcane Explosion,64,0,0,65536,0,0,0,0,0,0,22,0.0,,,"{""amplitude"": 0, ""apply_aura"": 0, ""base_points"": 96, ""chain_targets"": 0, ""die_sides"": 9, ""implicit_target_a"": 22, ""implicit_target_b"": 15, ""mechanic"": 0, ""misc_value"": 0, ""points_per_level"": 0.8999999761581421, ""radius_yards"": 10.0, ""trigger_spell"": 0, ""type"": 2}",,,122,,,"{""AttributesEx"": 136, ""AuraDescription_Lang_Mask"": 16712188, ""BaseLevel"": 30, ""CastingTimeIndex"": 1, ""DefenseType"": 1, ""Description_Lang_Mask"": 16712190, ""Description_Lang_enUS"": 30490, ""EffectBonusMultiplier_1"": 0.21400000154972076, ""EffectChainAmplitude_1"": 1.0, ""EffectChainAmplitude_2"": 1.0, ""EffectChainAmplitude_3"": 1.0, ""EquippedItemClass"": -1, ""InterruptFlags"": 8, ""MaxLevel"": 35, ""NameSubtext_Lang_Mask"": 16712190, ""NameSubtext_Lang_enUS"": ""Rank 3"", ""Name_Lang_Mask"": 16712190, ""PreventionType"": 1, ""ProcChance"": 101, ""RangeIndex"": 1, ""SpellClassMask_1"": 4096, ""SpellClassSet"": 3, ""SpellLevel"": 30, ""SpellVisualID_1"": 965, ""StartRecoveryCategory"": 133, ""StartRecoveryTime"": 1500}",pulled from existing data
8439,Arcane Explosion,64,0,0,65536,0,0,0,0,0,0,22,0.0,,,"{""amplitude"": 0, ""apply_aura"": 0, ""base_points"": 138, ""chain_targets"": 0, ""die_sides"": 13, ""implicit_target_a"": 22, ""implicit_target_b"": 15, ""mechanic"": 0, ""misc_value"": 0, ""points_per_level"": 0.8999999761581421, ""radius_yards"": 10.0, ""trigger_spell"": 0, ""type"": 2}",,,122,,,"{""AttributesEx"": 136, ""AuraDescription_Lang_Mask"": 16712188, ""BaseLevel"": 38, ""CastingTimeIndex"": 1, ""DefenseType"": 1, ""Description_Lang_Mask"": 16712190, ""Description_Lang_enUS"": 30490, ""EffectBonusMultiplier_1"": 0.21400000154972076, ""EffectChainAmplitude_1"": 1.0, ""EffectChainAmplitude_2"": 1.0, ""EffectChainAmplitude_3"": 1.0, ""EquippedItemClass"": -1, ""InterruptFlags"": 8, ""MaxLevel"": 43, ""NameSubtext_Lang_Mask"": 16712190, ""NameSubtext_Lang_enUS"": ""Rank 4"", ""Name_Lang_Mask"": 16712190, ""PreventionType"": 1, ""ProcChance"": 101, ""RangeIndex"": 1, ""SpellClassMask_1"": 4096, ""SpellClassSet"": 3, ""SpellLevel"": 38, ""SpellVisualID_1"": 965, ""StartRecoveryCategory"": 133, ""StartRecoveryTime"": 1500}",pulled from existing data
8444,Scorch,4,0,0,65536,0,1500,0,0,0,0,8,30.0,,,"{""amplitude"": 0, ""apply_aura"": 0, ""base_points"": 76, ""chain_targets"": 0, ""die_sides"": 17, ""implicit_target_a"": 6, ""implicit_target_b"": 0, ""mechanic"": 0, ""misc_value"": 0, ""points_per_level"": 1.100000023841858, ""radius_yards"": null, ""trigger_spell"": 0, ""type"": 2}",,,816,,,"{""AuraDescription_Lang_Mask"": 16712188, ""BaseLevel"": 28, ""CastingTimeIndex"": 16, ""DefenseType"": 1, ""Description_Lang_Mask"": 16712190, ""Description_Lang_enUS"": 53680, ""EffectBonusMultiplier_1"": 0.42899999022483826, ""EffectChainAmplitude_1"": 1.0, ""EffectChainAmplitude_2"": 1.0, ""EffectChainAmplitude_3"": 1.0, ""EquippedItemClass"": -1, ""FacingCasterFlags"": 1, ""InterruptFlags"": 15, ""MaxLevel"": 32, ""NameSubtext_Lang_Mask"": 16712190, ""NameSubtext_Lang_enUS"": ""Rank 2"", ""Name_Lang_Mask"": 16712190, ""PreventionType"": 1, ""ProcChance"": 101, ""SpellClassMask_1"": 16, ""SpellClassSet"": 3, ""SpellLevel"": 28, ""SpellPriority"": 50, ""SpellVisualID_1"": 945, ""StartRecoveryCategory"": 133, ""StartRecoveryTime"": 1500}",pulled from existing data
8445,Scorch,4,0,0,65536,0,1500,0,0,0,0,8,30.0,,,"{""amplitude"": 0, ""apply_aura"": 0, ""base_points"": 99, ""chain_targets"": 0, ""die_sides"": 21, ""implicit_target_a"": 6, ""implicit_target_b"": 0, ""mechanic"": 0, ""misc_value"": 0, ""points_per_level"": 1.2999999523162842, ""radius_yards"": null, ""trigger_spell"": 0, ""type"": 2}",,,816,,,"{""AuraDescription_Lang_Mask"": 16712188, ""BaseLevel"": 34, ""CastingTimeIndex"": 16, ""DefenseType"": 1, ""Description_Lang_Mask"": 16712190, ""Description_Lang_enUS"": 53680, ""EffectBonusMultiplier_1"": 0.42899999022483826, ""EffectChainAmplitude_1"": 1.0, ""EffectChainAmplitude_2"": 1.0, ""EffectChainAmplitude_3"": 1.0, ""EquippedItemClass"": -1, ""FacingCasterFlags"": 1, ""InterruptFlags"": 15, ""MaxLevel"": 38, ""NameSubtext_Lang_Mask"": 16712190, ""NameSubtext_Lang_enUS"": ""Rank 3"", ""Name_Lang_Mask"": 16712190, ""PreventionType"": 1, ""ProcChance"": 101, ""SpellClassMask_1"": 16, ""SpellClassSet"": 3, ""SpellLevel"": 34, ""SpellPriority"": 50, ""SpellVisualID_1"": 945, ""StartRecoveryCategory"": 133, ""StartRecoveryTime"": 1500}",pulled from existing data
8446,Scorch,4,0,0,65536,0,1500,0,0,0,0,8,30.0,,,"{""amplitude"": 0, ""apply_aura"": 0, ""base_points"": 132, ""chain_targets"": 0, ""die_sides"": 27, ""implicit_target_a"": 6, ""implicit_target_b"": 0, ""mechanic"": 0, ""misc_value"": 0, ""points_per_level"": 1.5, ""radius_yards"": null, ""trigger_spell"": 0, ""type"": 2}",,,816,,,"{""AuraDescription_Lang_Mask"": 16712188, ""BaseLevel"": 40, ""CastingTimeIndex"": 16, ""DefenseType"": 1, ""Description_Lang_Mask"": 16712190, ""Description_Lang_enUS"": 53680, ""EffectBonusMultiplier_1"": 0.42899999022483826, ""EffectChainAmplitude_1"": 1.0, ""EffectChainAmplitude_2"": 1.0, ""EffectChainAmplitude_3"": 1.0, ""EquippedItemClass"": -1, ""FacingCasterFlags"": 1, ""InterruptFlags"": 15, ""MaxLevel"": 44, ""NameSubtext_Lang_Mask"": 16712190, ""NameSubtext_Lang_enUS"": ""Rank 4"", ""Name_Lang_Mask"": 16712190, ""PreventionType"": 1, ""ProcChance"": 101, ""SpellClassMask_1"": 16, ""SpellClassSet"": 3, ""SpellLevel"": 40, ""SpellPriority"": 50, ""SpellVisualID_1"": 945, ""StartRecoveryCategory"": 133, ""StartRecoveryTime"": 1500}",pulled from existing data
8450,Dampen Magic,64,1,0,65536,0,0,0,0,0,0,27,30.0,,600000,"{""amplitude"": 0, ""apply_aura"": 14, ""base_points"": -21, ""chain_targets"": 0, ""die_sides"": 1, ""implicit_target_a"": 57, ""implicit_target_b"": 0, ""mechanic"": 0, ""misc_value"": 126, ""points_per_level"": 0.0, ""radius_yards"": null, ""trigger_spell"": 0, ""type"": 6}","{""amplitude"": 0, ""apply_aura"": 115, ""base_points"": -22, ""chain_targets"": 0, ""die_sides"": 1, ""implicit_target_a"": 57, ""implicit_target_b"": 0, ""mechanic"": 0, ""misc_value"": 126, ""points_per_level"": 0.0, ""radius_yards"": null, ""trigger_spell"": 0, ""type"": 6}",,263,,,"{""AttributesEx"": 131072, ""AttributesEx6"": 67108864, ""AuraDescription_Lang_Mask"": 16712190, ""AuraDescription_Lang_enUS"": 14270, ""BaseLevel"": 24, ""CastingTimeIndex"": 1, ""DefenseType"": 1, ""Description_Lang_Mask"": 16712190, ""Description_Lang_enUS"": 14123, ""EffectChainAmplitude_1"": 1.0, ""EffectChainAmplitude_2"": 1.0, ""EffectChainAmplitude_3"": 1.0, ""EquippedItemClass"": -1, ""InterruptFlags"": 8, ""NameSubtext_Lang_Mask"": 16712190, ""NameSubtext_Lang_enUS"": ""Rank 2"", ""Name_Lang_Mask"": 16712190, ""PreventionType"": 1, ""ProcChance"": 101, ""SpellClassMask_1"": 8192, ""SpellClassMask_3"": 8, ""SpellClassSet"": 3, ""SpellLevel"": 24, ""SpellVisualID_1"": 970, ""StartRecoveryCategory"": 133, ""StartRecoveryTime"": 1500}",pulled from existing data
8451,Dampen Magic,64,1,0,65536,0,0,0,0,0,0,27,30.0,,600000,"{""amplitude"": 0, ""apply_aura"": 14, ""base_points"": -41, ""chain_targets"": 0, ""die_sides"": 1, ""implicit_target_a"": 57, ""implicit_target_b"": 0, ""mechanic"": 0, ""misc_value"": 126, ""points_per_level"": 0.0, ""radius_yards"": null, ""trigger_spell"": 0, ""type"": 6}","{""amplitude"": 0, ""apply_aura"": 115, ""base_points"": -44, ""chain_targets"": 0, ""die_sides"": 1, ""implicit_target_a"": 57, ""implicit_target_b"": 0, ""mechanic"": 0, ""misc_value"": 126, ""points_per_level"": 0.0, ""radius_yards"": null, ""trigger_spell"": 0, ""type"": 6}",,263,,,"{""AttributesEx"": 131072, ""AttributesEx6"": 67108864, ""AuraDescription_Lang_Mask"": 16712190, ""AuraDescription_Lang_enUS"": 14270, ""BaseLevel"": 36, ""CastingTimeIndex"": 1, ""DefenseType"": 1, ""Description_Lang_Mask"": 16712190, ""Description_Lang_enUS"": 14123, ""EffectChainAmplitude_1"": 1.0, ""EffectChainAmplitude_2"": 1.0, ""EffectChainAmplitude_3"": 1.0, ""EquippedItemClass"": -1, ""InterruptFlags"": 8, ""NameSubtext_Lang_Mask"": 16712190, ""NameSubtext_Lang_enUS"": ""Rank 3"", ""Name_Lang_Mask"": 16712190, ""PreventionType"": 1, ""ProcChance"": 101, ""SpellClassMask_1"": 8192, ""SpellClassMask_3"": 8, ""SpellClassSet"": 3, ""SpellLevel"": 36, ""SpellVisualID_1"": 970, ""StartRecoveryCategory"": 133, ""StartRecoveryTime"": 1500}",pulled from existing data
8455,Amplify Magic,64,1,0,65536,0,0,0,0,0,0,27,30.0,,600000,"{""amplitude"": 0, ""apply_aura"": 14, ""base_points"": 29, ""chain_targets"": 0, ""die_sides"": 1, ""implicit_target_a"": 57, ""implicit_target_b"": 0, ""mechanic"": 0, ""misc_value"": 126, ""points_per_level"": 0.0, ""radius_yards"": null, ""trigger_spell"": 0, ""type"": 6}","{""amplitude"": 0, ""apply_aura"": 115, ""base_points"": 31, ""chain_targets"": 0, ""die_sides"": 1, ""implicit_target_a"": 57, ""implicit_target_b"": 0, ""mechanic"": 0, ""misc_value"": 126, ""points_per_level"": 0.0, ""radius_yards"": null, ""trigger_spell"": 0, ""type"": 6}",,242,,,"{""AttributesEx"": 131072, ""AttributesEx6"": 67108864, ""AuraDescription_Lang_Mask"": 16712190, ""AuraDescription_Lang_enUS"": 25352, ""BaseLevel"": 30, ""CastingTimeIndex"": 1, ""DefenseType"": 1, ""Description_Lang_Mask"": 16712190, ""Description_Lang_enUS"": 25203, ""EffectChainAmplitude_1"": 1.0, ""EffectChainAmplitude_2"": 1.0, ""EffectChainAmplitude_3"": 1.0, ""EquippedItemClass"": -1, ""InterruptFlags"": 8, ""NameSubtext_Lang_Mask"": 16712190, ""NameSubtext_Lang_enUS"": ""Rank 2"", ""Name_Lang_Mask"": 16712190, ""PreventionType"": 1, ""ProcChance"": 101, ""SpellClassMask_1"": 8192, ""SpellClassMask_3"": 8, ""SpellClassSet"": 3, ""SpellLevel"": 30, ""SpellVisualID_1"": 969, ""StartRecoveryCategory"": 133, ""StartRecoveryTime"": 1500}",pulled from existing data
8457,Fire Ward,4,1,0,65536,56,0,0,30000,0,0,16,0.0,,30000,"{""amplitude"": 0, ""apply_aura"": 69, ""base_points"": 289, ""chain_targets"": 0, ""die_sides"": 1, ""implicit_target_a"": 1, ""implicit_target_b"": 0, ""mechanic"": 0, ""misc_value"": 4, ""points_per_level"": 0.0, ""radius_yards"": null, ""trigger_spell"": 0, ""type"": 6}","{""amplitude"": 0, ""apply_aura"": 74, ""base_points"": 0, ""chain_targets"": 0, ""die_sides"": 0, ""implicit_target_a"": 1, ""implicit_target_b"": 0, ""mechanic"": 0, ""misc_value"": 4, ""points_per_level"": 0.0, ""radius_yards"": null, ""trigger_spell"": 0, ""type"": 6}",,16,,,"{""AuraDescription_Lang_Mask"": 16712190, ""AuraDescription_Lang_enUS"": 11896, ""BaseLevel"": 30, ""CastingTimeIndex"": 1, ""DefenseType"": 1, ""Description_Lang_Mask"": 16712190, ""Description_Lang_enUS"": 11860, ""EffectChainAmplitude_1"": 1.0, ""EffectChainAmplitude_2"": 1.0, ""EffectChainAmplitude_3"": 1.0, ""EffectMultipleValue_2"": 1.0, ""EquippedItemClass"": -1, ""InterruptFlags"": 8, ""MaxLevel"": 39, ""NameSubtext_Lang_Mask"": 16712190, ""NameSubtext_Lang_enUS"": ""Rank 2"", ""Name_Lang_Mask"": 16712190, ""PreventionType"": 1, ""ProcChance"": 101, ""RangeIndex"": 1, ""SpellClassMask_1"": 8, ""SpellClassMask_3"": 8, ""SpellClassSet"": 3, ""SpellLevel"": 30, ""SpellVisualID_1"": 290, ""StartRecoveryCategory"": 133, ""StartRecoveryTime"": 1500}",pulled from existing data
8458,Fire Ward,4,1,0,65536,56,0,0,30000,0,0,16,0.0,,30000,"{""amplitude"": 0, ""apply_aura"": 69, ""base_points"": 469, ""chain_targets"": 0, ""die_sides"": 1, ""implicit_target_a"": 1, ""implicit_target_b"": 0, ""mechanic"": 0, ""misc_value"": 4, ""points_per_level"": 0.0, ""radius_yards"": null, ""trigger_spell"": 0, ""type"": 6}","{""amplitude"": 0, ""apply_aura"": 74, ""base_points"": -1, ""chain_targets"": 0, ""die_sides"": 1, ""implicit_target_a"": 1, ""implicit_target_b"": 0, ""mechanic"": 0, ""misc_value"": 4, ""points_per_level"": 0.0, ""radius_yards"": null, ""trigger_spell"": 0, ""type"": 6}",,16,,,"{""AuraDescription_Lang_Mask"": 16712190, ""AuraDescription_Lang_enUS"": 11896, ""BaseLevel"": 40, ""CastingTimeIndex"": 1, ""DefenseType"": 1, ""Description_Lang_Mask"": 16712190, ""Description_Lang_enUS"": 11860, ""EffectChainAmplitude_1"": 1.0, ""EffectChainAmplitude_2"": 1.0, ""EffectChainAmplitude_3"": 1.0, ""EffectMultipleValue_2"": 1.0, ""EquippedItemClass"": -1, ""InterruptFlags"": 8, ""MaxLevel"": 49, ""NameSubtext_Lang_Mask"": 16712190, ""NameSubtext_Lang_enUS"": ""Rank 3"", ""Name_Lang_Mask"": 16712190, ""PreventionType"": 1, ""ProcChance"": 101, ""RangeIndex"": 1, ""SpellClassMask_1"": 8, ""SpellClassMask_3"": 8, ""SpellClassSet"": 3, ""SpellLevel"": 40, ""SpellVisualID_1"": 290, ""StartRecoveryCategory"": 133, ""StartRecoveryTime"": 1500}",pulled from existing data
8461,Frost Ward,16,1,0,65536,56,0,0,30000,0,0,14,0.0,,30000,"{""amplitude"": 0, ""apply_aura"": 69, ""base_points"": 289, ""chain_targets"": 0, ""die_sides"": 1, ""implicit_target_a"": 1, ""implicit_target_b"": 0, ""mechanic"": 0, ""misc_value"": 16, ""points_per_level"": 0.0, ""radius_yards"": null, ""trigger_spell"": 0, ""type"": 6}","{""amplitude"": 0, ""apply_aura"": 74, ""base_points"": -1, ""chain_targets"": 0, ""die_sides"": 1, ""implicit_target_a"": 1, ""implicit_target_b"": 0, ""mechanic"": 0, ""misc_value"": 16, ""points_per_level"": 0.0, ""radius_yards"": null, ""trigger_spell"": 0, ""type"": 6}",,501,,,"{""AuraDescription_Lang_Mask"": 16712190, ""AuraDescription_Lang_enUS"": 111644, ""BaseLevel"": 32, ""CastingTimeIndex"": 1, ""DefenseType"": 1, ""Description_Lang_Mask"": 16712190, ""Description_Lang_enUS"": 80074, ""EffectChainAmplitude_1"": 1.0, ""EffectChainAmplitude_2"": 1.0, ""EffectChainAmplitude_3"": 1.0, ""EffectMultipleValue_2"": 1.0, ""EquippedItemClass"": -1, ""InterruptFlags"": 8, ""MaxLevel"": 41, ""NameSubtext_Lang_Mask"": 16712190, ""NameSubtext_Lang_enUS"": ""Rank 2"", ""Name_Lang_Mask"": 16712190, ""PreventionType"": 1, ""ProcChance"": 101, ""RangeIndex"": 1, ""SpellClassMask_1"": 256, ""SpellClassMask_3"": 8, ""SpellClassSet"": 3, ""SpellLevel"": 32, ""SpellVisualID_1"": 291, ""StartRecoveryCategory"": 133, ""StartRecoveryTime"": 1500}",pulled from existing data
8462,Frost Ward,16,1,0,65536,56,0,0,30000,0,0,14,0.0,,30000,"{""amplitude"": 0, ""apply_aura"": 69, ""base_points"": 469, ""chain_targets"": 0, ""die_sides"": 1, ""implicit_target_a"": 1, ""implicit_target_b"": 0, ""mechanic"": 0, ""misc_value"": 16, ""points_per_level"": 0.0, ""radius_yards"": null, ""trigger_spell"": 0, ""type"": 6}","{""amplitude"": 0, ""apply_aura"": 74, ""base_points"": -1, ""chain_targets"": 0, ""die_sides"": 1, ""implicit_target_a"": 1, ""implicit_target_b"": 0, ""mechanic"": 0, ""misc_value"": 16, ""points_per_level"": 0.0, ""radius_yards"": null, ""trigger_spell"": 0, ""type"": 6}",,501,,,"{""AuraDescription_Lang_Mask"": 16712190, ""AuraDescription_Lang_enUS"": 111644, ""BaseLevel"": 42, ""CastingTimeIndex"": 1, ""DefenseType"": 1, ""Description_Lang_Mask"": 16712190, ""Description_Lang_enUS"": 80074, ""EffectChainAmplitude_1"": 1.0, ""EffectChainAmplitude_2"": 1.0, ""EffectChainAmplitude_3"": 1.0, ""EffectMultipleValue_2"": 1.0, ""EquippedItemClass"": -1, ""InterruptFlags"": 8, ""MaxLevel"": 51, ""NameSubtext_Lang_Mask"": 16712190, ""NameSubtext_Lang_enUS"": ""Rank 3"", ""Name_Lang_Mask"": 16712190, ""PreventionType"": 1, ""ProcChance"": 101, ""RangeIndex"": 1, ""SpellClassMask_1"": 256, ""SpellClassMask_3"": 8, ""SpellClassSet"": 3, ""SpellLevel"": 42, ""SpellVisualID_1"": 291, ""StartRecoveryCategory"": 133, ""StartRecoveryTime"": 1500}",pulled from existing data
8492,Cone of Cold,16,1,0,65536,50,0,0,10000,0,0,25,0.0,,8000,"{""amplitude"": 0, ""apply_aura"": 33, ""base_points"": -51, ""chain_targets"": 0, ""die_sides"": 1, ""implicit_target_a"": 104, ""implicit_target_b"": 0, ""mechanic"": 11, ""misc_value"": 0, ""points_per_level"": 0.0, ""radius_yards"": 10.0, ""trigger_spell"": 0, ""type"": 6}","{""amplitude"": 0, ""apply_aura"": 0, ""base_points"": 145, ""chain_targets"": 0, ""die_sides"": 15, ""implicit_target_a"": 104, ""implicit_target_b"": 0, ""mechanic"": 0, ""misc_value"": 0, ""points_per_level"": 1.0, ""radius_yards"": 10.0, ""trigger_spell"": 0, ""type"": 2}","{""amplitude"": 0, ""apply_aura"": 118, ""base_points"": -1, ""chain_targets"": 0, ""die_sides"": 1, ""implicit_target_a"": 104, ""implicit_target_b"": 0, ""mechanic"": 0, ""misc_value"": 127, ""points_per_level"": 0.0, ""radius_yards"": 10.0, ""trigger_spell"": 0, ""type"": 6}",35,,,"{""AttributesEx"": 136, ""AuraDescription_Lang_Mask"": 16712190, ""AuraDescription_Lang_enUS"": 3906, ""BaseLevel"": 34, ""CastingTimeIndex"": 1, ""DefenseType"": 1, ""Description_Lang_Mask"": 16712190, ""Description_Lang_enUS"": 4336, ""EffectBonusMultiplier_2"": 0.21400000154972076, ""EffectChainAmplitude_1"": 1.0, ""EffectChainAmplitude_2"": 1.0, ""EffectChainAmplitude_3"": 1.0, ""EquippedItemClass"": -1, ""InterruptFlags"": 8, ""MaxLevel"": 39, ""NameSubtext_Lang_Mask"": 16712190, ""NameSubtext_Lang_enUS"": ""Rank 2"", ""Name_Lang_Mask"": 16712190, ""PreventionType"": 1, ""ProcChance"": 101, ""RangeIndex"": 1, ""SpellClassMask_1"": 512, ""SpellClassSet"": 3, ""SpellDescriptionVariableID"": 167, ""SpellLevel"": 34, ""SpellPriority"": 50, ""SpellVisualID_1"": 1007, ""StartRecoveryCategory"": 133, ""StartRecoveryTime"": 1500}",pulled from existing data
8494,Mana Shield,64,1,0,65536,0,0,0,0,0,0,7,0.0,,60000,"{""amplitude"": 0, ""apply_aura"": 97, ""base_points"": 209, ""chain_targets"": 0, ""die_sides"": 1, ""implicit_target_a"": 1, ""implicit_target_b"": 0, ""mechanic"": 0, ""misc_value"": 127, ""points_per_level"": 0.0, ""radius_yards"": null, ""trigger_spell"": 0, ""type"": 6}",,,209,,,"{""AuraDescription_Lang_Mask"": 16712190, ""AuraDescription_Lang_enUS"": 31208, ""BaseLevel"": 28, ""CastingTimeIndex"": 1, ""DefenseType"": 1, ""Description_Lang_Mask"": 16712190, ""Description_Lang_enUS"": 31117, ""EffectChainAmplitude_1"": 1.0, ""EffectChainAmplitude_2"": 1.0, ""EffectChainAmplitude_3"": 1.0, ""EffectMultipleValue_1"": 1.5, ""EquippedItemClass"": -1, ""InterruptFlags"": 8, ""MaxLevel"": 35, ""NameSubtext_Lang_Mask"": 16712190, ""NameSubtext_Lang_enUS"": ""Rank 2"", ""Name_Lang_Mask"": 16712190, ""PreventionType"": 1, ""ProcChance"": 101, ""ProcTypeMask"": 139944, ""RangeIndex"": 1, ""SpellClassMask_1"": 32768, ""SpellClassMask_3"": 8, ""SpellClassSet"": 3, ""SpellLevel"": 28, ""SpellVisualID_1"": 968, ""StartRecoveryCategory"": 133, ""StartRecoveryTime"": 1500}",pulled from existing data
8495,Mana Shield,64,1,0,65536,0,0,0,0,0,0,7,0.0,,60000,"{""amplitude"": 0, ""apply_aura"": 97, ""base_points"": 299, ""chain_targets"": 0, ""die_sides"": 1, ""implicit_target_a"": 1, ""implicit_target_b"": 0, ""mechanic"": 0, ""misc_value"": 127, ""points_per_level"": 0.0, ""radius_yards"": null, ""trigger_spell"": 0, ""type"": 6}",,,209,,,"{""AuraDescription_Lang_Mask"": 16712190, ""AuraDescription_Lang_enUS"": 31208, ""BaseLevel"": 36, ""CastingTimeIndex"": 1, ""DefenseType"": 1, ""Description_Lang_Mask"": 16712190, ""Description_Lang_enUS"": 31117, ""EffectChainAmplitude_1"": 1.0, ""EffectChainAmplitude_2"": 1.0, ""EffectChainAmplitude_3"": 1.0, ""EffectMultipleValue_1"": 1.5, ""EquippedItemClass"": -1, ""InterruptFlags"": 8, ""MaxLevel"": 43, ""NameSubtext_Lang_Mask"": 16712190, ""NameSubtext_Lang_enUS"": ""Rank 3"", ""Name_Lang_Mask"": 16712190, ""PreventionType"": 1, ""ProcTypeMask"": 139944, ""RangeIndex"": 1, ""SpellClassMask_1"": 32768, ""SpellClassMask_3"": 8, ""SpellClassSet"": 3, ""SpellLevel"": 36, ""SpellVisualID_1"": 968, ""StartRecoveryCategory"": 133, ""StartRecoveryTime"": 1500}",pulled from existing data
10052,Replenish Mana,1,0,0,0,100,0,0,60000,0,0,0,0.0,,,"{""amplitude"": 0, ""apply_aura"": 0, ""base_points"": 584, ""chain_targets"": 0, ""die_sides"": 31, ""implicit_target_a"": 1, ""implicit_target_b"": 0, ""mechanic"": 0, ""misc_value"": 0, ""points_per_level"": 0.0, ""radius_yards"": null, ""trigger_spell"": 0, ""type"": 30}",,,283,,,"{""AuraDescription_Lang_Mask"": 16712188, ""BaseLevel"": 38, ""CastingTimeIndex"": 1, ""DefenseType"": 1, ""Description_Lang_Mask"": 16712190, ""Description_Lang_enUS"": 9533, ""EffectChainAmplitude_1"": 1.0, ""EffectChainAmplitude_2"": 1.0, ""EffectChainAmplitude_3"": 1.0, ""EquippedItemClass"": -1, ""NameSubtext_Lang_Mask"": 16712190, ""NameSubtext_Lang_enUS"": ""Rank 2"", ""Name_Lang_Mask"": 16712190, ""ProcChance"": 101, ""RangeIndex"": 1, ""SpellClassMask_2"": 256, ""SpellClassSet"": 3, ""SpellLevel"": 38, ""SpellVisualID_1"": 240}",pulled from existing data
10053,Conjure Mana Gem,64,0,0,65536,0,3000,0,0,0,0,75,0.0,,,"{""amplitude"": 0, ""apply_aura"": 0, ""base_points"": 0, ""chain_targets"": 0, ""die_sides"": 1, ""implicit_target_a"": 1, ""implicit_target_b"": 0, ""mechanic"": 0, ""misc_value"": 0, ""points_per_level"": 0.0, ""radius_yards"": null, ""trigger_spell"": 0, ""type"": 24}","{""amplitude"": 0, ""apply_aura"": 0, ""base_points"": 54411, ""chain_targets"": 0, ""die_sides"": 1, ""implicit_target_a"": 1, ""implicit_target_b"": 0, ""mechanic"": 0, ""misc_value"": 0, ""points_per_level"": 0.0, ""radius_yards"": null, ""trigger_spell"": 0, ""type"": 3}",,1038,,,"{""AttributesEx"": 131072, ""AuraDescription_Lang_Mask"": 16712188, ""BaseLevel"": 48, ""CastingTimeIndex"": 14, ""DefenseType"": 1, ""Description_Lang_Mask"": 16712190, ""Description_Lang_enUS"": 201446, ""EffectChainAmplitude_1"": 1.0, ""EffectChainAmplitude_2"": 1.0, ""EffectChainAmplitude_3"": 1.0, ""EffectItemType_1"": 8007, ""EquippedItemClass"": -1, ""InterruptFlags"": 15, ""NameSubtext_Lang_Mask"": 16712190, ""NameSubtext_Lang_enUS"": ""Rank 3"", ""Name_Lang_Mask"": 16712190, ""PreventionType"": 1, ""ProcChance"": 101, ""RangeIndex"": 1, ""SpellClassMask_1"": 1073741824, ""SpellClassSet"": 3, ""SpellLevel"": 48, ""SpellVisualID_1"": 161, ""StartRecoveryCategory"": 133, ""StartRecoveryTime"": 1500}",pulled from existing data
10054,Conjure Mana Gem,64,0,0,65536,0,3000,0,0,0,0,75,0.0,,,"{""amplitude"": 0, ""apply_aura"": 0, ""base_points"": 0, ""chain_targets"": 0, ""die_sides"": 1, ""implicit_target_a"": 1, ""implicit_target_b"": 0, ""mechanic"": 0, ""misc_value"": 0, ""points_per_level"": 0.0, ""radius_yards"": null, ""trigger_spell"": 0, ""type"": 24}","{""amplitude"": 0, ""apply_aura"": 0, ""base_points"": 54410, ""chain_targets"": 0, ""die_sides"": 1, ""implicit_target_a"": 1, ""implicit_target_b"": 0, ""mechanic"": 0, ""misc_value"": 0, ""points_per_level"": 0.0, ""radius_yards"": null, ""trigger_spell"": 0, ""type"": 3}",,1039,,,"{""AttributesEx"": 131072, ""AuraDescription_Lang_Mask"": 16712188, ""BaseLevel"": 58, ""CastingTimeIndex"": 14, ""DefenseType"": 1, ""Description_Lang_Mask"": 16712190, ""Description_Lang_enUS"": 201523, ""EffectChainAmplitude_1"": 1.0, ""EffectChainAmplitude_2"": 1.0, ""EffectChainAmplitude_3"": 1.0, ""EffectItemType_1"": 8008, ""EquippedItemClass"": -1, ""InterruptFlags"": 15, ""NameSubtext_Lang_Mask"": 16712190, ""NameSubtext_Lang_enUS"": ""Rank 4"", ""Name_Lang_Mask"": 16712190, ""PreventionType"": 1, ""ProcChance"": 101, ""RangeIndex"": 1, ""SpellClassMask_1"": 1073741824, ""SpellClassSet"": 3, ""SpellLevel"": 58, ""SpellVisualID_1"": 161, ""StartRecoveryCategory"": 133, ""StartRecoveryTime"": 1500}",pulled from existing data
10057,Replenish Mana,1,0,0,0,100,0,0,60000,0,0,0,0.0,,,"{""amplitude"": 0, ""apply_aura"": 0, ""base_points"": 828, ""chain_targets"": 0, ""die_sides"": 43, ""implicit_target_a"": 1, ""implicit_target_b"": 0, ""mechanic"": 0, ""misc_value"": 0, ""points_per_level"": 0.0, ""radius_yards"": null, ""trigger_spell"": 0, ""type"": 30}",,,283,,,"{""AuraDescription_Lang_Mask"": 16712188, ""BaseLevel"": 48, ""CastingTimeIndex"": 1, ""DefenseType"": 1, ""Description_Lang_Mask"": 16712190, ""Description_Lang_enUS"": 9533, ""EffectChainAmplitude_1"": 1.0, ""EffectChainAmplitude_2"": 1.0, ""EffectChainAmplitude_3"": 1.0, ""EquippedItemClass"": -1, ""NameSubtext_Lang_Mask"": 16712190, ""NameSubtext_Lang_enUS"": ""Rank 3"", ""Name_Lang_Mask"": 16712190, ""ProcChance"": 101, ""RangeIndex"": 1, ""SpellClassMask_2"": 256, ""SpellClassSet"": 3, ""SpellLevel"": 48, ""SpellVisualID_1"": 240}",pulled from existing data
10058,Replenish Mana,1,0,0,0,100,0,0,60000,0,0,0,0.0,,,"{""amplitude"": 0, ""apply_aura"": 0, ""base_points"": 1072, ""chain_targets"": 0, ""die_sides"": 55, ""implicit_target_a"": 1, ""implicit_target_b"": 0, ""mechanic"": 0, ""misc_value"": 0, ""points_per_level"": 0.0, ""radius_yards"": null, ""trigger_spell"": 0, ""type"": 30}",,,283,,,"{""AuraDescription_Lang_Mask"": 16712188, ""BaseLevel"": 58, ""CastingTimeIndex"": 1, ""DefenseType"": 1, ""Description_Lang_Mask"": 16712190, ""Description_Lang_enUS"": 9533, ""EffectChainAmplitude_1"": 1.0, ""EffectChainAmplitude_2"": 1.0, ""EffectChainAmplitude_3"": 1.0, ""EquippedItemClass"": -1, ""NameSubtext_Lang_Mask"": 16712190, ""NameSubtext_Lang_enUS"": ""Rank 4"", ""Name_Lang_Mask"": 16712190, ""ProcChance"": 101, ""RangeIndex"": 1, ""SpellClassMask_2"": 256, ""SpellClassSet"": 3, ""SpellLevel"": 58, ""SpellVisualID_1"": 240}",pulled from existing data
10059,Portal: Stormwind,64,0,0,268500992,0,10000,60000,0,0,0,18,10.0,,60000,"{""amplitude"": 0, ""apply_aura"": 0, ""base_points"": -1, ""chain_targets"": 0, ""die_sides"": 1, ""implicit_target_a"": 47, ""implicit_target_b"": 0, ""mechanic"": 0, ""misc_value"": 176296, ""points_per_level"": 0.0, ""radius_yards"": 3.0, ""trigger_spell"": 0, ""type"": 50}",,,1482,,,"{""AttributesEx"": 268566528, ""AttributesEx3"": 1073741824, ""AttributesEx4"": 134217728, ""AttributesEx7"": 512, ""AuraDescription_Lang_Mask"": 16712188, ""BaseLevel"": 40, ""CastingTimeIndex"": 7, ""DefenseType"": 1, ""Description_Lang_Mask"": 16712190, ""Description_Lang_enUS"": 201615, ""EffectChainAmplitude_1"": 1.0, ""EffectChainAmplitude_2"": 1.0, ""EffectChainAmplitude_3"": 1.0, ""EquippedItemClass"": -1, ""InterruptFlags"": 31, ""NameSubtext_Lang_Mask"": 16712188, ""Name_Lang_Mask"": 16712190, ""PreventionType"": 1, ""ProcChance"": 101, ""ReagentCount_1"": 1, ""Reagent_1"": 17032, ""SpellClassMask_1"": 2147483648, ""SpellClassSet"": 3, ""SpellLevel"": 40, ""SpellPriority"": 50, ""SpellVisualID_1"": 2186, ""StartRecoveryCategory"": 133, ""StartRecoveryTime"": 1500}",pulled from existing data
10138,Conjure Water,64,0,0,65536,0,3000,0,0,0,0,40,0.0,,,"{""amplitude"": 0, ""apply_aura"": 0, ""base_points"": 1, ""chain_targets"": 0, ""die_sides"": 1, ""implicit_target_a"": 1, ""implicit_target_b"": 0, ""mechanic"": 0, ""misc_value"": 0, ""points_per_level"": 2.0, ""radius_yards"": null, ""trigger_spell"": 0, ""type"": 24}",,,1306,,,"{""AttributesEx"": 131072, ""AuraDescription_Lang_Mask"": 16712188, ""BaseLevel"": 40, ""CastingTimeIndex"": 14, ""DefenseType"": 1, ""Description_Lang_Mask"": 16712190, ""Description_Lang_enUS"": 203046, ""EffectChainAmplitude_1"": 1.0, ""EffectChainAmplitude_2"": 1.0, ""EffectChainAmplitude_3"": 1.0, ""EffectItemType_1"": 8077, ""EquippedItemClass"": -1, ""InterruptFlags"": 15, ""MaxLevel"": 49, ""NameSubtext_Lang_Mask"": 16712190, ""NameSubtext_Lang_enUS"": ""Rank 5"", ""Name_Lang_Mask"": 16712190, ""PreventionType"": 1, ""ProcChance"": 101, ""RangeIndex"": 1, ""SpellClassMask_1"": 1073741824, ""SpellClassSet"": 3, ""SpellLevel"": 40, ""SpellVisualID_1"": 564, ""StartRecoveryCategory"": 133, ""StartRecoveryTime"": 1500}",pulled from existing data
10139,Conjure Water,64,0,0,65536,0,3000,0,0,0,0,40,0.0,,,"{""amplitude"": 0, ""apply_aura"": 0, ""base_points"": 1, ""chain_targets"": 0, ""die_sides"": 1, ""implicit_target_a"": 1, ""implicit_target_b"": 0, ""mechanic"": 0, ""misc_value"": 0, ""points_per_level"": 2.0, ""radius_yards"": null, ""trigger_spell"": 0, ""type"": 24}",,,1360,,,"{""AttributesEx"": 131072, ""AuraDescription_Lang_Mask"": 16712188, ""BaseLevel"": 50, ""CastingTimeIndex"": 14, ""DefenseType"": 1, ""Description_Lang_Mask"": 16712190, ""Description_Lang_enUS"": 203229, ""EffectChainAmplitude_1"": 1.0, ""EffectChainAmplitude_2"": 1.0, ""EffectChainAmplitude_3"": 1.0, ""EffectItemType_1"": 8078, ""EquippedItemClass"": -1, ""InterruptFlags"": 15, ""MaxLevel"": 59, ""NameSubtext_Lang_Mask"": 16712190, ""NameSubtext_Lang_enUS"": ""Rank 6"", ""Name_Lang_Mask"": 16712190, ""PreventionType"": 1, ""ProcChance"": 101, ""RangeIndex"": 1, ""SpellClassMask_1"": 1073741824, ""SpellClassSet"": 3, ""SpellLevel"": 50, ""SpellVisualID_1"": 564, ""StartRecoveryCategory"": 133, ""StartRecoveryTime"": 1500}",pulled from existing data
10140,Conjure Water,64,0,0,65536,0,3000,0,0,0,0,40,0.0,,,"{""amplitude"": 0, ""apply_aura"": 0, ""base_points"": 9, ""chain_targets"": 0, ""die_sides"": 1, ""implicit_target_a"": 1, ""implicit_target_b"": 0, ""mechanic"": 0, ""misc_value"": 0, ""points_per_level"": 2.0, ""radius_yards"": null, ""trigger_spell"": 0, ""type"": 24}",,,1687,,,"{""AttributesEx"": 131072, ""AuraDescription_Lang_Mask"": 16712188, ""BaseLevel"": 60, ""CastingTimeIndex"": 14, ""DefenseType"": 1, ""Description_Lang_Mask"": 16712190, ""Description_Lang_enUS"": 203414, ""EffectChainAmplitude_1"": 1.0, ""EffectChainAmplitude_2"": 1.0, ""EffectChainAmplitude_3"": 1.0, ""EffectItemType_1"": 8079, ""EquippedItemClass"": -1, ""InterruptFlags"": 15, ""MaxLevel"": 65, ""NameSubtext_Lang_Mask"": 16712190, ""NameSubtext_Lang_enUS"": ""Rank 7"", ""Name_Lang_Mask"": 16712190, ""PreventionType"": 1, ""ProcChance"": 101, ""RangeIndex"": 1, ""SpellClassMask_1"": 1073741824, ""SpellClassSet"": 3, ""SpellLevel"": 60, ""SpellVisualID_1"": 564, ""StartRecoveryCategory"": 133, ""StartRecoveryTime"": 1500}",pulled from existing data
10144,Conjure Food,64,0,0,65536,0,3000,0,0,0,0,40,0.0,,,"{""amplitude"": 0, ""apply_aura"": 0, ""base_points"": 1, ""chain_targets"": 0, ""die_sides"": 1, ""implicit_target_a"": 1, ""implicit_target_b"": 0, ""mechanic"": 0, ""misc_value"": 0, ""points_per_level"": 2.0, ""radius_yards"": null, ""trigger_spell"": 0, ""type"": 24}",,,260,,,"{""AttributesEx"": 131072, ""AuraDescription_Lang_Mask"": 16712188, ""BaseLevel"": 42, ""CastingTimeIndex"": 14, ""DefenseType"": 1, ""Description_Lang_Mask"": 16712190, ""Description_Lang_enUS"": 203597, ""EffectChainAmplitude_1"": 1.0, ""EffectChainAmplitude_2"": 1.0, ""EffectChainAmplitude_3"": 1.0, ""EffectItemType_1"": 8075, ""EquippedItemClass"": -1, ""InterruptFlags"": 15, ""MaxLevel"": 51, ""NameSubtext_Lang_Mask"": 16712190, ""NameSubtext_Lang_enUS"": ""Rank 5"", ""Name_Lang_Mask"": 16712190, ""PreventionType"": 1, ""ProcChance"": 101, ""RangeIndex"": 1, ""SpellClassMask_1"": 1073741824, ""SpellClassSet"": 3, ""SpellLevel"": 42, ""SpellVisualID_1"": 563, ""StartRecoveryCategory"": 133, ""StartRecoveryTime"": 1500}",pulled from existing data
10145,Conjure Food,64,0,0,65536,0,3000,0,0,0,0,40,0.0,,,"{""amplitude"": 0, ""apply_aura"": 0, ""base_points"": 1, ""chain_targets"": 0, ""die_sides"": 1, ""implicit_target_a"": 1, ""implicit_target_b"": 0, ""mechanic"": 0, ""misc_value"": 0, ""points_per_level"": 2.0, ""radius_yards"": null, ""trigger_spell"": 0, ""type"": 24}",,,1512,,,"{""AttributesEx"": 131072, ""AuraDescription_Lang_Mask"": 16712188, ""BaseLevel"": 52, ""CastingTimeIndex"": 14, ""DefenseType"": 1, ""Description_Lang_Mask"": 16712190, ""Description_Lang_enUS"": 203771, ""EffectChainAmplitude_1"": 1.0, ""EffectChainAmplitude_2"": 1.0, ""EffectChainAmplitude_3"": 1.0, ""EffectItemType_1"": 8076, ""EquippedItemClass"": -1, ""InterruptFlags"": 15, ""MaxLevel"": 61, ""NameSubtext_Lang_Mask"": 16712190, ""NameSubtext_Lang_enUS"": ""Rank 6"", ""Name_Lang_Mask"": 16712190, ""PreventionType"": 1, ""ProcChance"": 101, ""RangeIndex"": 1, ""SpellClassMask_1"": 1073741824, ""SpellClassSet"": 3, ""SpellLevel"": 52, ""SpellVisualID_1"": 563, ""StartRecoveryCategory"": 133, ""StartRecoveryTime"": 1500}",pulled from existing data
10148,Fireball,4,0,0,65536,0,3500,0,0,0,0,19,35.0,,8000,"{""amplitude"": 0, ""apply_aura"": 0, ""base_points"": 317, ""chain_targets"": 0, ""die_sides"": 97, ""implicit_target_a"": 6, ""implicit_target_b"": 0, ""mechanic"": 0, ""misc_value"": 0, ""points_per_level"": 2.700000047683716, ""radius_yards"": null, ""trigger_spell"": 0, ""type"": 2}","{""amplitude"": 2000, ""apply_aura"": 3, ""base_points"": 9, ""chain_targets"": 0, ""die_sides"": 1, ""implicit_target_a"": 6, ""implicit_target_b"": 0, ""mechanic"": 0, ""misc_value"": 0, ""points_per_level"": 0.0, ""radius_yards"": null, ""trigger_spell"": 0, ""type"": 6}",,185,,,"{""AuraDescription_Lang_Mask"": 16712190, ""AuraDescription_Lang_enUS"": 5323, ""BaseLevel"": 42, ""CastingTimeIndex"": 22, ""DefenseType"": 1, ""Description_Lang_Mask"": 16712190, ""Description_Lang_enUS"": 5233, ""EffectBonusMultiplier_1"": 1.0, ""EffectChainAmplitude_1"": 1.0, ""EffectChainAmplitude_2"": 1.0, ""EffectChainAmplitude_3"": 1.0, ""EquippedItemClass"": -1, ""FacingCasterFlags"": 1, ""InterruptFlags"": 15, ""MaxLevel"": 46, ""NameSubtext_Lang_Mask"": 16712190, ""NameSubtext_Lang_enUS"": ""Rank 8"", ""Name_Lang_Mask"": 16712190, ""PreventionType"": 1, ""ProcChance"": 101, ""Speed"": 24.0, ""SpellClassMask_1"": 1, ""SpellClassMask_3"": 8, ""SpellClassSet"": 3, ""SpellLevel"": 42, ""SpellPriority"": 50, ""SpellVisualID_1"": 67, ""StartRecoveryCategory"": 133, ""StartRecoveryTime"": 1500}",pulled from existing data
10149,Fireball,4,0,0,65536,0,3500,0,0,0,0,19,35.0,,8000,"{""amplitude"": 0, ""apply_aura"": 0, ""base_points"": 391, ""chain_targets"": 0, ""die_sides"": 115, ""implicit_target_a"": 6, ""implicit_target_b"": 0, ""mechanic"": 0, ""misc_value"": 0, ""points_per_level"": 3.0, ""radius_yards"": null, ""trigger_spell"": 0, ""type"": 2}","{""amplitude"": 2000, ""apply_aura"": 3, ""base_points"": 12, ""chain_targets"": 0, ""die_sides"": 1, ""implicit_target_a"": 6, ""implicit_target_b"": 0, ""mechanic"": 0, ""misc_value"": 0, ""points_per_level"": 0.0, ""radius_yards"": null, ""trigger_spell"": 0, ""type"": 6}",,185,,,"{""AuraDescription_Lang_Mask"": 16712190, ""AuraDescription_Lang_enUS"": 5323, ""BaseLevel"": 48, ""CastingTimeIndex"": 22, ""DefenseType"": 1, ""Description_Lang_Mask"": 16712190, ""Description_Lang_enUS"": 5233, ""EffectBonusMultiplier_1"": 1.0, ""EffectChainAmplitude_1"": 1.0, ""EffectChainAmplitude_2"": 1.0, ""EffectChainAmplitude_3"": 1.0, ""EquippedItemClass"": -1, ""FacingCasterFlags"": 1, ""InterruptFlags"": 15, ""MaxLevel"": 52, ""NameSubtext_Lang_Mask"": 16712190, ""NameSubtext_Lang_enUS"": ""Rank 9"", ""Name_Lang_Mask"": 16712190, ""PreventionType"": 1, ""ProcChance"": 101, ""Speed"": 24.0, ""SpellClassMask_1"": 1, ""SpellClassMask_3"": 8, ""SpellClassSet"": 3, ""SpellLevel"": 48, ""SpellPriority"": 50, ""SpellVisualID_1"": 67, ""StartRecoveryCategory"": 133, ""StartRecoveryTime"": 1500}",pulled from existing data
10150,Fireball,4,0,0,65536,0,3500,0,0,0,0,19,35.0,,8000,"{""amplitude"": 0, ""apply_aura"": 0, ""base_points"": 474, ""chain_targets"": 0, ""die_sides"": 135, ""implicit_target_a"": 6, ""implicit_target_b"": 0, ""mechanic"": 0, ""misc_value"": 0, ""points_per_level"": 3.4000000953674316, ""radius_yards"": null, ""trigger_spell"": 0, ""type"": 2}","{""amplitude"": 2000, ""apply_aura"": 3, ""base_points"": 14, ""chain_targets"": 0, ""die_sides"": 1, ""implicit_target_a"": 6, ""implicit_target_b"": 0, ""mechanic"": 0, ""misc_value"": 0, ""points_per_level"": 0.0, ""radius_yards"": null, ""trigger_spell"": 0, ""type"": 6}",,185,,,"{""AuraDescription_Lang_Mask"": 16712190, ""AuraDescription_Lang_enUS"": 5323, ""BaseLevel"": 54, ""CastingTimeIndex"": 22, ""DefenseType"": 1, ""Description_Lang_Mask"": 16712190, ""Description_Lang_enUS"": 5233, ""EffectBonusMultiplier_1"": 1.0, ""EffectChainAmplitude_1"": 1.0, ""EffectChainAmplitude_2"": 1.0, ""EffectChainAmplitude_3"": 1.0, ""EquippedItemClass"": -1, ""FacingCasterFlags"": 1, ""InterruptFlags"": 15, ""MaxLevel"": 58, ""NameSubtext_Lang_Mask"": 16712190, ""NameSubtext_Lang_enUS"": ""Rank 10"", ""Name_Lang_Mask"": 16712190, ""PreventionType"": 1, ""ProcChance"": 101, ""Speed"": 24.0, ""SpellClassMask_1"": 1, ""SpellClassMask_3"": 8, ""SpellClassSet"": 3, ""SpellLevel"": 54, ""SpellPriority"": 50, ""SpellVisualID_1"": 67, ""StartRecoveryCategory"": 133, ""StartRecoveryTime"": 1500}",pulled from existing data
10151,Fireball,4,0,0,65536,0,3500,0,0,0,0,19,35.0,,8000,"{""amplitude"": 0, ""apply_aura"": 0, ""base_points"": 560, ""chain_targets"": 0, ""die_sides"": 155, ""implicit_target_a"": 6, ""implicit_target_b"": 0, ""mechanic"": 0, ""misc_value"": 0, ""points_per_level"": 3.700000047683716, ""radius_yards"": null, ""trigger_spell"": 0, ""type"": 2}","{""amplitude"": 2000, ""apply_aura"": 3, ""base_points"": 17, ""chain_targets"": 0, ""die_sides"": 1, ""implicit_target_a"": 6, ""implicit_target_b"": 0, ""mechanic"": 0, ""misc_value"": 0, ""points_per_level"": 0.0, ""radius_yards"": null, ""trigger_spell"": 0, ""type"": 6}",,185,,,"{""AuraDescription_Lang_Mask"": 16712190, ""AuraDescription_Lang_enUS"": 5323, ""BaseLevel"": 60, ""CastingTimeIndex"": 22, ""DefenseType"": 1, ""Description_Lang_Mask"": 16712190, ""Description_Lang_enUS"": 5233, ""EffectBonusMultiplier_1"": 1.0, ""EffectChainAmplitude_1"": 1.0, ""EffectChainAmplitude_2"": 1.0, ""EffectChainAmplitude_3"": 1.0, ""EquippedItemClass"": -1, ""FacingCasterFlags"": 1, ""InterruptFlags"": 15, ""MaxLevel"": 64, ""NameSubtext_Lang_Mask"": 16712190, ""NameSubtext_Lang_enUS"": ""Rank 11"", ""Name_Lang_Mask"": 16712190, ""PreventionType"": 1, ""ProcChance"": 101, ""Speed"": 24.0, ""SpellClassMask_1"": 1, ""SpellClassMask_3"": 8, ""SpellClassSet"": 3, ""SpellLevel"": 60, ""SpellPriority"": 50, ""SpellVisualID_1"": 67, ""StartRecoveryCategory"": 133, ""StartRecoveryTime"": 1500}",pulled from existing data
10156,Arcane Intellect,64,1,0,65536,0,0,0,0,0,0,31,30.0,,1800000,"{""amplitude"": 0, ""apply_aura"": 29, ""base_points"": 21, ""chain_targets"": 0, ""die_sides"": 1, ""implicit_target_a"": 21, ""implicit_target_b"": 0, ""mechanic"": 0, ""misc_value"": 3, ""points_per_level"": 0.0, ""radius_yards"": null, ""trigger_spell"": 0, ""type"": 6}",,,125,,,"{""AttributesEx6"": 67108864, ""AttributesEx7"": 268435456, ""AuraDescription_Lang_Mask"": 16712190, ""AuraDescription_Lang_enUS"": 30804, ""BaseLevel"": 42, ""CastingTimeIndex"": 1, ""DefenseType"": 1, ""Description_Lang_Mask"": 16712190, ""Description_Lang_enUS"": 30756, ""EffectChainAmplitude_1"": 1.0, ""EffectChainAmplitude_2"": 1.0, ""EffectChainAmplitude_3"": 1.0, ""EquippedItemClass"": -1, ""InterruptFlags"": 8, ""MaxLevel"": 52, ""NameSubtext_Lang_Mask"": 16712190, ""NameSubtext_Lang_enUS"": ""Rank 4"", ""Name_Lang_Mask"": 16712190, ""PreventionType"": 1, ""ProcChance"": 101, ""SpellClassMask_1"": 1024, ""SpellClassMask_3"": 8, ""SpellClassSet"": 3, ""SpellLevel"": 42, ""SpellVisualID_1"": 158, ""StartRecoveryCategory"": 133, ""StartRecoveryTime"": 1500}",pulled from existing data
10157,Arcane Intellect,64,1,0,65536,0,0,0,0,0,0,31,30.0,,1800000,"{""amplitude"": 0, ""apply_aura"": 29, ""base_points"": 30, ""chain_targets"": 0, ""die_sides"": 1, ""implicit_target_a"": 21, ""implicit_target_b"": 0, ""mechanic"": 0, ""misc_value"": 3, ""points_per_level"": 0.0, ""radius_yards"": null, ""trigger_spell"": 0, ""type"": 6}",,,125,,,"{""AttributesEx6"": 67108864, ""AttributesEx7"": 268435456, ""AuraDescription_Lang_Mask"": 16712190, ""AuraDescription_Lang_enUS"": 30804, ""BaseLevel"": 56, ""CastingTimeIndex"": 1, ""DefenseType"": 1, ""Description_Lang_Mask"": 16712190, ""Description_Lang_enUS"": 30756, ""EffectChainAmplitude_1"": 1.0, ""EffectChainAmplitude_2"": 1.0, ""EffectChainAmplitude_3"": 1.0, ""EquippedItemClass"": -1, ""InterruptFlags"": 8, ""MaxLevel"": 66, ""NameSubtext_Lang_Mask"": 16712190, ""NameSubtext_Lang_enUS"": ""Rank 5"", ""Name_Lang_Mask"": 16712190, ""PreventionType"": 1, ""ProcChance"": 101, ""SpellClassMask_1"": 1024, ""SpellClassMask_3"": 8, ""SpellClassSet"": 3, ""SpellLevel"": 56, ""SpellVisualID_1"": 158, ""StartRecoveryCategory"": 133, ""StartRecoveryTime"": 1500}",pulled from existing data
10159,Cone of Cold,16,1,0,65536,50,0,0,10000,0,0,25,0.0,,8000,"{""amplitude"": 0, ""apply_aura"": 33, ""base_points"": -51, ""chain_targets"": 0, ""die_sides"": 1, ""implicit_target_a"": 104, ""implicit_target_b"": 0, ""mechanic"": 11, ""misc_value"": 0, ""points_per_level"": 0.0, ""radius_yards"": 10.0, ""trigger_spell"": 0, ""type"": 6}","{""amplitude"": 0, ""apply_aura"": 0, ""base_points"": 202, ""chain_targets"": 0, ""die_sides"": 21, ""implicit_target_a"": 104, ""implicit_target_b"": 0, ""mechanic"": 0, ""misc_value"": 0, ""points_per_level"": 1.2000000476837158, ""radius_yards"": 10.0, ""trigger_spell"": 0, ""type"": 2}","{""amplitude"": 0, ""apply_aura"": 118, ""base_points"": -1, ""chain_targets"": 0, ""die_sides"": 1, ""implicit_target_a"": 104, ""implicit_target_b"": 0, ""mechanic"": 0, ""misc_value"": 127, ""points_per_level"": 0.0, ""radius_yards"": 10.0, ""trigger_spell"": 0, ""type"": 6}",35,,,"{""AttributesEx"": 136, ""AuraDescription_Lang_Mask"": 16712190, ""AuraDescription_Lang_enUS"": 3906, ""BaseLevel"": 42, ""CastingTimeIndex"": 1, ""DefenseType"": 1, ""Description_Lang_Mask"": 16712190, ""Description_Lang_enUS"": 4336, ""EffectBonusMultiplier_2"": 0.21400000154972076, ""EffectChainAmplitude_1"": 1.0, ""EffectChainAmplitude_2"": 1.0, ""EffectChainAmplitude_3"": 1.0, ""EquippedItemClass"": -1, ""InterruptFlags"": 8, ""MaxLevel"": 47, ""NameSubtext_Lang_Mask"": 16712190, ""NameSubtext_Lang_enUS"": ""Rank 3"", ""Name_Lang_Mask"": 16712190, ""PreventionType"": 1, ""ProcChance"": 101, ""RangeIndex"": 1, ""SpellClassMask_1"": 512, ""SpellClassSet"": 3, ""SpellDescriptionVariableID"": 167, ""SpellLevel"": 42, ""SpellPriority"": 50, ""SpellVisualID_1"": 1007, ""StartRecoveryCategory"": 133, ""StartRecoveryTime"": 1500}",pulled from existing data
10160,Cone of Cold,16,1,0,65536,50,0,0,10000,0,0,25,0.0,,8000,"{""amplitude"": 0, ""apply_aura"": 33, ""base_points"": -51, ""chain_targets"": 0, ""die_sides"": 1, ""implicit_target_a"": 104, ""implicit_target_b"": 0, ""mechanic"": 11, ""misc_value"": 0, ""points_per_level"": 0.0, ""radius_yards"": 10.0, ""trigger_spell"": 0, ""type"": 6}","{""amplitude"": 0, ""apply_aura"": 0, ""base_points"": 263, ""chain_targets"": 0, ""die_sides"": 27, ""implicit_target_a"": 104, ""implicit_target_b"": 0, ""mechanic"": 0, ""misc_value"": 0, ""points_per_level"": 1.2999999523162842, ""radius_yards"": 10.0, ""trigger_spell"": 0, ""type"": 2}","{""amplitude"": 0, ""apply_aura"": 118, ""base_points"": -1, ""chain_targets"": 0, ""die_sides"": 1, ""implicit_target_a"": 104, ""implicit_target_b"": 0, ""mechanic"": 0, ""misc_value"": 127, ""points_per_level"": 0.0, ""radius_yards"": 10.0, ""trigger_spell"": 0, ""type"": 6}",35,,,"{""AttributesEx"": 136, ""AuraDescription_Lang_Mask"": 16712190, ""AuraDescription_Lang_enUS"": 3906, ""BaseLevel"": 50, ""CastingTimeIndex"": 1, ""DefenseType"": 1, ""Description_Lang_Mask"": 16712190, ""Description_Lang_enUS"": 4336, ""EffectBonusMultiplier_2"": 0.21400000154972076, ""EffectChainAmplitude_1"": 1.0, ""EffectChainAmplitude_2"": 1.0, ""EffectChainAmplitude_3"": 1.0, ""EquippedItemClass"": -1, ""InterruptFlags"": 8, ""MaxLevel"": 55, ""NameSubtext_Lang_Mask"": 16712190, ""NameSubtext_Lang_enUS"": ""Rank 4"", ""Name_Lang_Mask"": 16712190, ""PreventionType"": 1, ""ProcChance"": 101, ""RangeIndex"": 1, ""SpellClassMask_1"": 512, ""SpellClassSet"": 3, ""SpellDescriptionVariableID"": 167, ""SpellLevel"": 50, ""SpellPriority"": 50, ""SpellVisualID_1"": 1007, ""StartRecoveryCategory"": 133, ""StartRecoveryTime"": 1500}",pulled from existing data
10161,Cone of Cold,16,1,0,65536,50,0,0,10000,0,0,25,0.0,,8000,"{""amplitude"": 0, ""apply_aura"": 33, ""base_points"": -51, ""chain_targets"": 0, ""die_sides"": 1, ""implicit_target_a"": 104, ""implicit_target_b"": 0, ""mechanic"": 11, ""misc_value"": 0, ""points_per_level"": 0.0, ""radius_yards"": 10.0, ""trigger_spell"": 0, ""type"": 6}","{""amplitude"": 0, ""apply_aura"": 0, ""base_points"": 334, ""chain_targets"": 0, ""die_sides"": 31, ""implicit_target_a"": 104, ""implicit_target_b"": 0, ""mechanic"": 0, ""misc_value"": 0, ""points_per_level"": 1.5, ""radius_yards"": 10.0, ""trigger_spell"": 0, ""type"": 2}","{""amplitude"": 0, ""apply_aura"": 118, ""base_points"": -1, ""chain_targets"": 0, ""die_sides"": 1, ""implicit_target_a"": 104, ""implicit_target_b"": 0, ""mechanic"": 0, ""misc_value"": 127, ""points_per_level"": 0.0, ""radius_yards"": 10.0, ""trigger_spell"": 0, ""type"": 6}",35,,,"{""AttributesEx"": 136, ""AuraDescription_Lang_Mask"": 16712190, ""AuraDescription_Lang_enUS"": 3906, ""BaseLevel"": 58, ""CastingTimeIndex"": 1, ""DefenseType"": 1, ""Description_Lang_Mask"": 16712190, ""Description_Lang_enUS"": 4336, ""EffectBonusMultiplier_2"": 0.21400000154972076, ""EffectChainAmplitude_1"": 1.0, ""EffectChainAmplitude_2"": 1.0, ""EffectChainAmplitude_3"": 1.0, ""EquippedItemClass"": -1, ""InterruptFlags"": 8, ""MaxLevel"": 63, ""NameSubtext_Lang_Mask"": 16712190, ""NameSubtext_Lang_enUS"": ""Rank 5"", ""Name_Lang_Mask"": 16712190, ""PreventionType"": 1, ""ProcChance"": 101, ""RangeIndex"": 1, ""SpellClassMask_1"": 512, ""SpellClassSet"": 3, ""SpellDescriptionVariableID"": 167, ""SpellLevel"": 58, ""SpellPriority"": 50, ""SpellVisualID_1"": 1007, ""StartRecoveryCategory"": 133, ""StartRecoveryTime"": 1500}",pulled from existing data
10165,Khadgar's Unlocking,64,0,0,65536,0,10000,0,0,0,0,10,5.0,,,"{""amplitude"": 0, ""apply_aura"": 0, ""base_points"": 134, ""chain_targets"": 0, ""die_sides"": 1, ""implicit_target_a"": 26, ""implicit_target_b"": 0, ""mechanic"": 0, ""misc_value"": 1, ""points_per_level"": 5.0, ""radius_yards"": null, ""trigger_spell"": 0, ""type"": 33}",,,1100,,,"{""AttributesEx"": 131072, ""AuraDescription_Lang_Mask"": 16712188, ""BaseLevel"": 42, ""CastingTimeIndex"": 7, ""DefenseType"": 1, ""Description_Lang_Mask"": 16712190, ""Description_Lang_enUS"": 11090, ""EffectChainAmplitude_1"": 1.0, ""EffectChainAmplitude_2"": 1.0, ""EffectChainAmplitude_3"": 1.0, ""EquippedItemClass"": -1, ""InterruptFlags"": 15, ""MaxLevel"": 52, ""NameSubtext_Lang_Mask"": 16712190, ""NameSubtext_Lang_enUS"": ""Rank 3"", ""Name_Lang_Mask"": 16712190, ""PreventionType"": 1, ""ProcChance"": 101, ""ReagentCount_1"": 1, ""Reagent_1"": 8147, ""SpellClassSet"": 3, ""SpellLevel"": 42, ""SpellVisualID_1"": 181, ""StartRecoveryCategory"": 133, ""StartRecoveryTime"": 1500}",pulled from existing data
10166,Khadgar's Unlocking,64,0,0,65536,0,10000,0,0,0,0,10,5.0,,,"{""amplitude"": 0, ""apply_aura"": 0, ""base_points"": 194, ""chain_targets"": 0, ""die_sides"": 1, ""implicit_target_a"": 26, ""implicit_target_b"": 0, ""mechanic"": 0, ""misc_value"": 1, ""points_per_level"": 5.0, ""radius_yards"": null, ""trigger_spell"": 0, ""type"": 33}",,,1101,,,"{""AttributesEx"": 131072, ""AuraDescription_Lang_Mask"": 16712188, ""BaseLevel"": 54, ""CastingTimeIndex"": 7, ""DefenseType"": 1, ""Description_Lang_Mask"": 16712190, ""Description_Lang_enUS"": 11090, ""EffectChainAmplitude_1"": 1.0, ""EffectChainAmplitude_2"": 1.0, ""EffectChainAmplitude_3"": 1.0, ""EquippedItemClass"": -1, ""InterruptFlags"": 15, ""MaxLevel"": 64, ""NameSubtext_Lang_Mask"": 16712190, ""NameSubtext_Lang_enUS"": ""Rank 4"", ""Name_Lang_Mask"": 16712190, ""PreventionType"": 1, ""ProcChance"": 101, ""ReagentCount_1"": 1, ""Reagent_1"": 8148, ""SpellClassSet"": 3, ""SpellLevel"": 54, ""SpellVisualID_1"": 181, ""StartRecoveryCategory"": 133, ""StartRecoveryTime"": 1500}",pulled from existing data
10169,Amplify Magic,64,1,0,65536,0,0,0,0,0,0,27,30.0,,600000,"{""amplitude"": 0, ""apply_aura"": 14, ""base_points"": 49, ""chain_targets"": 0, ""die_sides"": 1, ""implicit_target_a"": 57, ""implicit_target_b"": 0, ""mechanic"": 0, ""misc_value"": 126, ""points_per_level"": 0.0, ""radius_yards"": null, ""trigger_spell"": 0, ""type"": 6}","{""amplitude"": 0, ""apply_aura"": 115, ""base_points"": 52, ""chain_targets"": 0, ""die_sides"": 1, ""implicit_target_a"": 57, ""implicit_target_b"": 0, ""mechanic"": 0, ""misc_value"": 126, ""points_per_level"": 0.0, ""radius_yards"": null, ""trigger_spell"": 0, ""type"": 6}",,242,,,"{""AttributesEx"": 131072, ""AttributesEx6"": 67108864, ""AuraDescription_Lang_Mask"": 16712190, ""AuraDescription_Lang_enUS"": 25352, ""BaseLevel"": 42, ""CastingTimeIndex"": 1, ""DefenseType"": 1, ""Description_Lang_Mask"": 16712190, ""Description_Lang_enUS"": 25203, ""EffectChainAmplitude_1"": 1.0, ""EffectChainAmplitude_2"": 1.0, ""EffectChainAmplitude_3"": 1.0, ""EquippedItemClass"": -1, ""InterruptFlags"": 8, ""NameSubtext_Lang_Mask"": 16712190, ""NameSubtext_Lang_enUS"": ""Rank 3"", ""Name_Lang_Mask"": 16712190, ""PreventionType"": 1, ""ProcChance"": 101, ""SpellClassMask_1"": 8192, ""SpellClassMask_3"": 8, ""SpellClassSet"": 3, ""SpellLevel"": 42, ""SpellVisualID_1"": 969, ""StartRecoveryCategory"": 133, ""StartRecoveryTime"": 1500}",pulled from existing data
10170,Amplify Magic,64,1,0,65536,0,0,0,0,0,0,27,30.0,,600000,"{""amplitude"": 0, ""apply_aura"": 14, ""base_points"": 74, ""chain_targets"": 0, ""die_sides"": 1, ""implicit_target_a"": 57, ""implicit_target_b"": 0, ""mechanic"": 0, ""misc_value"": 126, ""points_per_level"": 0.0, ""radius_yards"": null, ""trigger_spell"": 0, ""type"": 6}","{""amplitude"": 0, ""apply_aura"": 115, ""base_points"": 79, ""chain_targets"": 0, ""die_sides"": 1, ""implicit_target_a"": 57, ""implicit_target_b"": 0, ""mechanic"": 0, ""misc_value"": 126, ""points_per_level"": 0.0, ""radius_yards"": null, ""trigger_spell"": 0, ""type"": 6}",,242,,,"{""AttributesEx"": 131072, ""AttributesEx6"": 67108864, ""AuraDescription_Lang_Mask"": 16712190, ""AuraDescription_Lang_enUS"": 25352, ""BaseLevel"": 54, ""CastingTimeIndex"": 1, ""DefenseType"": 1, ""Description_Lang_Mask"": 16712190, ""Description_Lang_enUS"": 25203, ""EffectChainAmplitude_1"": 1.0, ""EffectChainAmplitude_2"": 1.0, ""EffectChainAmplitude_3"": 1.0, ""EquippedItemClass"": -1, ""InterruptFlags"": 8, ""NameSubtext_Lang_Mask"": 16712190, ""NameSubtext_Lang_enUS"": ""Rank 4"", ""Name_Lang_Mask"": 16712190, ""PreventionType"": 1, ""ProcChance"": 101, ""SpellClassMask_1"": 8192, ""SpellClassMask_3"": 8, ""SpellClassSet"": 3, ""SpellLevel"": 54, ""SpellVisualID_1"": 969, ""StartRecoveryCategory"": 133, ""StartRecoveryTime"": 1500}",pulled from existing data
10173,Dampen Magic,64,1,0,65536,0,0,0,0,0,0,27,30.0,,600000,"{""amplitude"": 0, ""apply_aura"": 14, ""base_points"": -61, ""chain_targets"": 0, ""die_sides"": 1, ""implicit_target_a"": 57, ""implicit_target_b"": 0, ""mechanic"": 0, ""misc_value"": 126, ""points_per_level"": 0.0, ""radius_yards"": null, ""trigger_spell"": 0, ""type"": 6}","{""amplitude"": 0, ""apply_aura"": 115, ""base_points"": -65, ""chain_targets"": 0, ""die_sides"": 1, ""implicit_target_a"": 57, ""implicit_target_b"": 0, ""mechanic"": 0, ""misc_value"": 126, ""points_per_level"": 0.0, ""radius_yards"": null, ""trigger_spell"": 0, ""type"": 6}",,263,,,"{""AttributesEx"": 131072, ""AttributesEx6"": 67108864, ""AuraDescription_Lang_Mask"": 16712190, ""AuraDescription_Lang_enUS"": 14270, ""BaseLevel"": 48, ""CastingTimeIndex"": 1, ""DefenseType"": 1, ""Description_Lang_Mask"": 16712190, ""Description_Lang_enUS"": 14123, ""EffectChainAmplitude_1"": 1.0, ""EffectChainAmplitude_2"": 1.0, ""EffectChainAmplitude_3"": 1.0, ""EquippedItemClass"": -1, ""InterruptFlags"": 8, ""NameSubtext_Lang_Mask"": 16712190, ""NameSubtext_Lang_enUS"": ""Rank 4"", ""Name_Lang_Mask"": 16712190, ""PreventionType"": 1, ""ProcChance"": 101, ""SpellClassMask_1"": 8192, ""SpellClassMask_3"": 8, ""SpellClassSet"": 3, ""SpellLevel"": 48, ""SpellVisualID_1"": 970, ""StartRecoveryCategory"": 133, ""StartRecoveryTime"": 1500}",pulled from existing data
10174,Dampen Magic,64,1,0,65536,0,0,0,0,0,0,27,30.0,,600000,"{""amplitude"": 0, ""apply_aura"": 14, ""base_points"": -91, ""chain_targets"": 0, ""die_sides"": 1, ""implicit_target_a"": 57, ""implicit_target_b"": 0, ""mechanic"": 0, ""misc_value"": 126, ""points_per_level"": 0.0, ""radius_yards"": null, ""trigger_spell"": 0, ""type"": 6}","{""amplitude"": 0, ""apply_aura"": 115, ""base_points"": -97, ""chain_targets"": 0, ""die_sides"": 1, ""implicit_target_a"": 57, ""implicit_target_b"": 0, ""mechanic"": 0, ""misc_value"": 126, ""points_per_level"": 0.0, ""radius_yards"": null, ""trigger_spell"": 0, ""type"": 6}",,263,,,"{""AttributesEx"": 131072, ""AttributesEx6"": 67108864, ""AuraDescription_Lang_Mask"": 16712190, ""AuraDescription_Lang_enUS"": 14270, ""BaseLevel"": 60, ""CastingTimeIndex"": 1, ""DefenseType"": 1, ""Description_Lang_Mask"": 16712190, ""Description_Lang_enUS"": 14123, ""EffectChainAmplitude_1"": 1.0, ""EffectChainAmplitude_2"": 1.0, ""EffectChainAmplitude_3"": 1.0, ""EquippedItemClass"": -1, ""InterruptFlags"": 8, ""NameSubtext_Lang_Mask"": 16712190, ""NameSubtext_Lang_enUS"": ""Rank 5"", ""Name_Lang_Mask"": 16712190, ""PreventionType"": 1, ""ProcChance"": 101, ""SpellClassMask_1"": 8192, ""SpellClassMask_3"": 8, ""SpellClassSet"": 3, ""SpellLevel"": 60, ""SpellVisualID_1"": 970, ""StartRecoveryCategory"": 133, ""StartRecoveryTime"": 1500}",pulled from existing data
10177,Frost Ward,16,1,0,65536,56,0,0,30000,0,0,14,0.0,,30000,"{""amplitude"": 0, ""apply_aura"": 69, ""base_points"": 674, ""chain_targets"": 0, ""die_sides"": 1, ""implicit_target_a"": 1, ""implicit_target_b"": 0, ""mechanic"": 0, ""misc_value"": 16, ""points_per_level"": 0.0, ""radius_yards"": null, ""trigger_spell"": 0, ""type"": 6}","{""amplitude"": 0, ""apply_aura"": 74, ""base_points"": -1, ""chain_targets"": 0, ""die_sides"": 1, ""implicit_target_a"": 1, ""implicit_target_b"": 0, ""mechanic"": 0, ""misc_value"": 16, ""points_per_level"": 0.0, ""radius_yards"": null, ""trigger_spell"": 0, ""type"": 6}",,501,,,"{""AuraDescription_Lang_Mask"": 16712190, ""AuraDescription_Lang_enUS"": 111644, ""BaseLevel"": 52, ""CastingTimeIndex"": 1, ""DefenseType"": 1, ""Description_Lang_Mask"": 16712190, ""Description_Lang_enUS"": 80074, ""EffectChainAmplitude_1"": 1.0, ""EffectChainAmplitude_2"": 1.0, ""EffectChainAmplitude_3"": 1.0, ""EffectMultipleValue_2"": 1.0, ""EquippedItemClass"": -1, ""InterruptFlags"": 8, ""MaxLevel"": 59, ""NameSubtext_Lang_Mask"": 16712190, ""NameSubtext_Lang_enUS"": ""Rank 4"", ""Name_Lang_Mask"": 16712190, ""PreventionType"": 1, ""ProcChance"": 101, ""RangeIndex"": 1, ""SpellClassMask_1"": 256, ""SpellClassMask_3"": 8, ""SpellClassSet"": 3, ""SpellLevel"": 52, ""SpellVisualID_1"": 291, ""StartRecoveryCategory"": 133, ""StartRecoveryTime"": 1500}",pulled from existing data
10179,Frostbolt,16,1,0,65536,0,3000,0,0,0,0,11,30.0,,9000,"{""amplitude"": 0, ""apply_aura"": 33, ""base_points"": -41, ""chain_targets"": 0, ""die_sides"": 1, ""implicit_target_a"": 6, ""implicit_target_b"": 0, ""mechanic"": 11, ""misc_value"": 0, ""points_per_level"": 0.0, ""radius_yards"": null, ""trigger_spell"": 0, ""type"": 6}","{""amplitude"": 0, ""apply_aura"": 0, ""base_points"": 291, ""chain_targets"": 0, ""die_sides"": 25, ""implicit_target_a"": 6, ""implicit_target_b"": 0, ""mechanic"": 0, ""misc_value"": 0, ""points_per_level"": 2.299999952316284, ""radius_yards"": null, ""trigger_spell"": 0, ""type"": 2}","{""amplitude"": 0, ""apply_aura"": 118, ""base_points"": -1, ""chain_targets"": 0, ""die_sides"": 1, ""implicit_target_a"": 6, ""implicit_target_b"": 0, ""mechanic"": 0, ""misc_value"": 127, ""points_per_level"": 0.0, ""radius_yards"": null, ""trigger_spell"": 0, ""type"": 6}",188,,,"{""AttributesEx6"": 2097152, ""AuraDescription_Lang_Mask"": 16712190, ""AuraDescription_Lang_enUS"": 3906, ""BaseLevel"": 44, ""CastingTimeIndex"": 14, ""DefenseType"": 1, ""Description_Lang_Mask"": 16712190, ""Description_Lang_enUS"": 3770, ""EffectBonusMultiplier_2"": 0.8569999933242798, ""EffectChainAmplitude_1"": 1.0, ""EffectChainAmplitude_2"": 1.0, ""EffectChainAmplitude_3"": 1.0, ""EquippedItemClass"": -1, ""FacingCasterFlags"": 1, ""InterruptFlags"": 15, ""MaxLevel"": 48, ""NameSubtext_Lang_Mask"": 16712190, ""NameSubtext_Lang_enUS"": ""Rank 8"", ""Name_Lang_Mask"": 16712190, ""PreventionType"": 1, ""ProcChance"": 101, ""Speed"": 28.0, ""SpellClassMask_1"": 32, ""SpellClassSet"": 3, ""SpellDescriptionVariableID"": 167, ""SpellLevel"": 44, ""SpellPriority"": 50, ""SpellVisualID_1"": 13, ""StartRecoveryCategory"": 133, ""StartRecoveryTime"": 1500}",pulled from existing data
10180,Frostbolt,16,1,0,65536,0,3000,0,0,0,0,11,30.0,,9000,"{""amplitude"": 0, ""apply_aura"": 33, ""base_points"": -41, ""chain_targets"": 0, ""die_sides"": 1, ""implicit_target_a"": 6, ""implicit_target_b"": 0, ""mechanic"": 11, ""misc_value"": 0, ""points_per_level"": 0.0, ""radius_yards"": null, ""trigger_spell"": 0, ""type"": 6}","{""amplitude"": 0, ""apply_aura"": 0, ""base_points"": 352, ""chain_targets"": 0, ""die_sides"": 31, ""implicit_target_a"": 6, ""implicit_target_b"": 0, ""mechanic"": 0, ""misc_value"": 0, ""points_per_level"": 2.5999999046325684, ""radius_yards"": null, ""trigger_spell"": 0, ""type"": 2}","{""amplitude"": 0, ""apply_aura"": 118, ""base_points"": -1, ""chain_targets"": 0, ""die_sides"": 1, ""implicit_target_a"": 6, ""implicit_target_b"": 0, ""mechanic"": 0, ""misc_value"": 127, ""points_per_level"": 0.0, ""radius_yards"": null, ""trigger_spell"": 0, ""type"": 6}",188,,,"{""AttributesEx6"": 2097152, ""AuraDescription_Lang_Mask"": 16712190, ""AuraDescription_Lang_enUS"": 3906, ""BaseLevel"": 50, ""CastingTimeIndex"": 14, ""DefenseType"": 1, ""Description_Lang_Mask"": 16712190, ""Description_Lang_enUS"": 3770, ""EffectBonusMultiplier_2"": 0.8569999933242798, ""EffectChainAmplitude_1"": 1.0, ""EffectChainAmplitude_2"": 1.0, ""EffectChainAmplitude_3"": 1.0, ""EquippedItemClass"": -1, ""FacingCasterFlags"": 1, ""InterruptFlags"": 15, ""MaxLevel"": 54, ""NameSubtext_Lang_Mask"": 16712190, ""NameSubtext_Lang_enUS"": ""Rank 9"", ""Name_Lang_Mask"": 16712190, ""PreventionType"": 1, ""ProcChance"": 101, ""Speed"": 28.0, ""SpellClassMask_1"": 32, ""SpellClassSet"": 3, ""SpellDescriptionVariableID"": 167, ""SpellLevel"": 50, ""SpellPriority"": 50, ""SpellVisualID_1"": 13, ""StartRecoveryCategory"": 133, ""StartRecoveryTime"": 1500}",pulled from existing data
10181,Frostbolt,16,1,0,65536,0,3000,0,0,0,0,11,30.0,,9000,"{""amplitude"": 0, ""apply_aura"": 33, ""base_points"": -41, ""chain_targets"": 0, ""die_sides"": 1, ""implicit_target_a"": 6, ""implicit_target_b"": 0, ""mechanic"": 11, ""misc_value"": 0, ""points_per_level"": 0.0, ""radius_yards"": null, ""trigger_spell"": 0, ""type"": 6}","{""amplitude"": 0, ""apply_aura"": 0, ""base_points"": 428, ""chain_targets"": 0, ""die_sides"": 35, ""implicit_target_a"": 6, ""implicit_target_b"": 0, ""mechanic"": 0, ""misc_value"": 0, ""points_per_level"": 2.9000000953674316, ""radius_yards"": null, ""trigger_spell"": 0, ""type"": 2}","{""amplitude"": 0, ""apply_aura"": 118, ""base_points"": -1, ""chain_targets"": 0, ""die_sides"": 1, ""implicit_target_a"": 6, ""implicit_target_b"": 0, ""mechanic"": 0, ""misc_value"": 127, ""points_per_level"": 0.0, ""radius_yards"": null, ""trigger_spell"": 0, ""type"": 6}",188,,,"{""AttributesEx6"": 2097152, ""AuraDescription_Lang_Mask"": 16712190, ""AuraDescription_Lang_enUS"": 3906, ""BaseLevel"": 56, ""CastingTimeIndex"": 14, ""DefenseType"": 1, ""Description_Lang_Mask"": 16712190, ""Description_Lang_enUS"": 3770, ""EffectBonusMultiplier_2"": 0.8569999933242798, ""EffectChainAmplitude_1"": 1.0, ""EffectChainAmplitude_2"": 1.0, ""EffectChainAmplitude_3"": 1.0, ""EquippedItemClass"": -1, ""FacingCasterFlags"": 1, ""InterruptFlags"": 15, ""MaxLevel"": 60, ""NameSubtext_Lang_Mask"": 16712190, ""NameSubtext_Lang_enUS"": ""Rank 10"", ""Name_Lang_Mask"": 16712190, ""PreventionType"": 1, ""ProcChance"": 101, ""Speed"": 28.0, ""SpellClassMask_1"": 32, ""SpellClassSet"": 3, ""SpellDescriptionVariableID"": 167, ""SpellLevel"": 56, ""SpellPriority"": 50, ""SpellVisualID_1"": 13, ""StartRecoveryCategory"": 133, ""StartRecoveryTime"": 1500}",pulled from existing data
10185,Blizzard,16,0,0,65536,0,0,0,0,0,0,74,30.0,,8000,"{""amplitude"": 0, ""apply_aura"": 4, ""base_points"": 89, ""chain_targets"": 0, ""die_sides"": 1, ""implicit_target_a"": 28, ""implicit_target_b"": 0, ""mechanic"": 0, ""misc_value"": 0, ""points_per_level"": 0.30000001192092896, ""radius_yards"": 8.0, ""trigger_spell"": 0, ""type"": 27}","{""amplitude"": 1000, ""apply_aura"": 23, ""base_points"": 0, ""chain_targets"": 0, ""die_sides"": 0, ""implicit_target_a"": 1, ""implicit_target_b"": 0, ""mechanic"": 0, ""misc_value"": 0, ""points_per_level"": 0.0, ""radius_yards"": null, ""trigger_spell"": 42211, ""type"": 6}",,285,,,"{""AttributesEx"": 268435596, ""AttributesEx2"": 4194304, ""AttributesEx5"": 8192, ""AuraDescription_Lang_Mask"": 16712190, ""AuraDescription_Lang_enUS"": 204038, ""BaseLevel"": 44, ""CastingTimeIndex"": 1, ""ChannelInterruptFlags"": 31788, ""DefenseType"": 1, ""Description_Lang_Mask"": 16712190, ""Description_Lang_enUS"": 203951, ""EffectBonusMultiplier_1"": 0.11900000274181366, ""EffectChainAmplitude_1"": 1.0, ""EffectChainAmplitude_2"": 1.0, ""EffectChainAmplitude_3"": 1.0, ""EquippedItemClass"": -1, ""InterruptFlags"": 15, ""MaxLevel"": 49, ""NameSubtext_Lang_Mask"": 16712190, ""NameSubtext_Lang_enUS"": ""Rank 4"", ""Name_Lang_Mask"": 16712190, ""PreventionType"": 1, ""ProcChance"": 101, ""SpellClassMask_1"": 524416, ""SpellClassSet"": 3, ""SpellDescriptionVariableID"": 167, ""SpellLevel"": 44, ""SpellPriority"": 50, ""SpellVisualID_1"": 9490, ""StartRecoveryCategory"": 133, ""StartRecoveryTime"": 1500, ""Targets"": 64}",pulled from existing data
10186,Blizzard,16,0,0,65536,0,0,0,0,0,0,74,30.0,,8000,"{""amplitude"": 0, ""apply_aura"": 4, ""base_points"": 116, ""chain_targets"": 0, ""die_sides"": 1, ""implicit_target_a"": 28, ""implicit_target_b"": 0, ""mechanic"": 0, ""misc_value"": 0, ""points_per_level"": 0.30000001192092896, ""radius_yards"": 8.0, ""trigger_spell"": 0, ""type"": 27}","{""amplitude"": 1000, ""apply_aura"": 23, ""base_points"": 0, ""chain_targets"": 0, ""die_sides"": 0, ""implicit_target_a"": 1, ""implicit_target_b"": 0, ""mechanic"": 0, ""misc_value"": 0, ""points_per_level"": 0.0, ""radius_yards"": null, ""trigger_spell"": 42212, ""type"": 6}",,285,,,"{""AttributesEx"": 268435596, ""AttributesEx2"": 4194304, ""AttributesEx5"": 8192, ""AuraDescription_Lang_Mask"": 16712190, ""AuraDescription_Lang_enUS"": 204181, ""BaseLevel"": 52, ""CastingTimeIndex"": 1, ""ChannelInterruptFlags"": 31788, ""DefenseType"": 1, ""Description_Lang_Mask"": 16712190, ""Description_Lang_enUS"": 204094, ""EffectBonusMultiplier_1"": 0.11900000274181366, ""EffectChainAmplitude_1"": 1.0, ""EffectChainAmplitude_2"": 1.0, ""EffectChainAmplitude_3"": 1.0, ""EquippedItemClass"": -1, ""InterruptFlags"": 15, ""MaxLevel"": 57, ""NameSubtext_Lang_Mask"": 16712190, ""NameSubtext_Lang_enUS"": ""Rank 5"", ""Name_Lang_Mask"": 16712190, ""PreventionType"": 1, ""ProcChance"": 101, ""SpellClassMask_1"": 524416, ""SpellClassSet"": 3, ""SpellDescriptionVariableID"": 167, ""SpellLevel"": 52, ""SpellPriority"": 50, ""SpellVisualID_1"": 9490, ""StartRecoveryCategory"": 133, ""StartRecoveryTime"": 1500, ""Targets"": 64}",pulled from existing data
10187,Blizzard,16,0,0,65536,0,0,0,0,0,0,74,30.0,,8000,"{""amplitude"": 0, ""apply_aura"": 4, ""base_points"": 148, ""chain_targets"": 0, ""die_sides"": 1, ""implicit_target_a"": 28, ""implicit_target_b"": 0, ""mechanic"": 0, ""misc_value"": 0, ""points_per_level"": 0.4000000059604645, ""radius_yards"": 8.0, ""trigger_spell"": 0, ""type"": 27}","{""amplitude"": 1000, ""apply_aura"": 23, ""base_points"": 0, ""chain_targets"": 0, ""die_sides"": 0, ""implicit_target_a"": 1, ""implicit_target_b"": 0, ""mechanic"": 0, ""misc_value"": 0, ""points_per_level"": 0.0, ""radius_yards"": null, ""trigger_spell"": 42213, ""type"": 6}",,285,,,"{""AttributesEx"": 268435596, ""AttributesEx2"": 4194304, ""AttributesEx5"": 8192, ""AuraDescription_Lang_Mask"": 16712190, ""AuraDescription_Lang_enUS"": 204324, ""BaseLevel"": 60, ""CastingTimeIndex"": 1, ""ChannelInterruptFlags"": 31788, ""DefenseType"": 1, ""Description_Lang_Mask"": 16712190, ""Description_Lang_enUS"": 204237, ""EffectBonusMultiplier_1"": 0.11900000274181366, ""EffectChainAmplitude_1"": 1.0, ""EffectChainAmplitude_2"": 1.0, ""EffectChainAmplitude_3"": 1.0, ""EquippedItemClass"": -1, ""InterruptFlags"": 15, ""MaxLevel"": 65, ""NameSubtext_Lang_Mask"": 16712190, ""NameSubtext_Lang_enUS"": ""Rank 6"", ""Name_Lang_Mask"": 16712190, ""PreventionType"": 1, ""ProcChance"": 101, ""SpellClassMask_1"": 524416, ""SpellClassSet"": 3, ""SpellDescriptionVariableID"": 167, ""SpellLevel"": 60, ""SpellPriority"": 50, ""SpellVisualID_1"": 9490, ""StartRecoveryCategory"": 133, ""StartRecoveryTime"": 1500, ""Targets"": 64}",pulled from existing data
10191,Mana Shield,64,1,0,65536,0,0,0,0,0,0,7,0.0,,60000,"{""amplitude"": 0, ""apply_aura"": 97, ""base_points"": 389, ""chain_targets"": 0, ""die_sides"": 1, ""implicit_target_a"": 1, ""implicit_target_b"": 0, ""mechanic"": 0, ""misc_value"": 127, ""points_per_level"": 0.0, ""radius_yards"": null, ""trigger_spell"": 0, ""type"": 6}",,,209,,,"{""AuraDescription_Lang_Mask"": 16712190, ""AuraDescription_Lang_enUS"": 31208, ""BaseLevel"": 44, ""CastingTimeIndex"": 1, ""DefenseType"": 1, ""Description_Lang_Mask"": 16712190, ""Description_Lang_enUS"": 31117, ""EffectChainAmplitude_1"": 1.0, ""EffectChainAmplitude_2"": 1.0, ""EffectChainAmplitude_3"": 1.0, ""EffectMultipleValue_1"": 1.5, ""EquippedItemClass"": -1, ""InterruptFlags"": 8, ""MaxLevel"": 51, ""NameSubtext_Lang_Mask"": 16712190, ""NameSubtext_Lang_enUS"": ""Rank 4"", ""Name_Lang_Mask"": 16712190, ""PreventionType"": 1, ""ProcTypeMask"": 139944, ""RangeIndex"": 1, ""SpellClassMask_1"": 32768, ""SpellClassMask_3"": 8, ""SpellClassSet"": 3, ""SpellLevel"": 44, ""SpellVisualID_1"": 968, ""StartRecoveryCategory"": 133, ""StartRecoveryTime"": 1500}",pulled from existing data
10192,Mana Shield,64,1,0,65536,0,0,0,0,0,0,7,0.0,,60000,"{""amplitude"": 0, ""apply_aura"": 97, ""base_points"": 479, ""chain_targets"": 0, ""die_sides"": 1, ""implicit_target_a"": 1, ""implicit_target_b"": 0, ""mechanic"": 0, ""misc_value"": 127, ""points_per_level"": 0.0, ""radius_yards"": null, ""trigger_spell"": 0, ""type"": 6}",,,209,,,"{""AuraDescription_Lang_Mask"": 16712190, ""AuraDescription_Lang_enUS"": 31208, ""BaseLevel"": 52, ""CastingTimeIndex"": 1, ""DefenseType"": 1, ""Description_Lang_Mask"": 16712190, ""Description_Lang_enUS"": 31117, ""EffectChainAmplitude_1"": 1.0, ""EffectChainAmplitude_2"": 1.0, ""EffectChainAmplitude_3"": 1.0, ""EffectMultipleValue_1"": 1.5, ""EquippedItemClass"": -1, ""InterruptFlags"": 8, ""MaxLevel"": 59, ""NameSubtext_Lang_Mask"": 16712190, ""NameSubtext_Lang_enUS"": ""Rank 5"", ""Name_Lang_Mask"": 16712190, ""PreventionType"": 1, ""ProcTypeMask"": 139944, ""RangeIndex"": 1, ""SpellClassMask_1"": 32768, ""SpellClassMask_3"": 8, ""SpellClassSet"": 3, ""SpellLevel"": 52, ""SpellVisualID_1"": 968, ""StartRecoveryCategory"": 133, ""StartRecoveryTime"": 1500}",pulled from existing data
10193,Mana Shield,64,1,0,65536,0,0,0,0,0,0,7,0.0,,60000,"{""amplitude"": 0, ""apply_aura"": 97, ""base_points"": 569, ""chain_targets"": 0, ""die_sides"": 1, ""implicit_target_a"": 1, ""implicit_target_b"": 0, ""mechanic"": 0, ""misc_value"": 127, ""points_per_level"": 0.0, ""radius_yards"": null, ""trigger_spell"": 0, ""type"": 6}",,,209,,,"{""AuraDescription_Lang_Mask"": 16712190, ""AuraDescription_Lang_enUS"": 31208, ""BaseLevel"": 60, ""CastingTimeIndex"": 1, ""DefenseType"": 1, ""Description_Lang_Mask"": 16712190, ""Description_Lang_enUS"": 31117, ""EffectChainAmplitude_1"": 1.0, ""EffectChainAmplitude_2"": 1.0, ""EffectChainAmplitude_3"": 1.0, ""EffectMultipleValue_1"": 1.5, ""EquippedItemClass"": -1, ""InterruptFlags"": 8, ""MaxLevel"": 67, ""NameSubtext_Lang_Mask"": 16712190, ""NameSubtext_Lang_enUS"": ""Rank 6"", ""Name_Lang_Mask"": 16712190, ""PreventionType"": 1, ""ProcTypeMask"": 139944, ""RangeIndex"": 1, ""SpellClassMask_1"": 32768, ""SpellClassMask_3"": 8, ""SpellClassSet"": 3, ""SpellLevel"": 60, ""SpellVisualID_1"": 968, ""StartRecoveryCategory"": 133, ""StartRecoveryTime"": 1500}",pulled from existing data
10197,Fire Blast,4,0,0,65536,19,0,0,8000,0,0,21,20.0,,,"{""amplitude"": 0, ""apply_aura"": 0, ""base_points"": 331, ""chain_targets"": 0, ""die_sides"": 63, ""implicit_target_a"": 6, ""implicit_target_b"": 0, ""mechanic"": 0, ""misc_value"": 0, ""points_per_level"": 2.5999999046325684, ""radius_yards"": null, ""trigger_spell"": 0, ""type"": 2}",,,12,,,"{""AuraDescription_Lang_Mask"": 16712188, ""BaseLevel"": 46, ""CastingTimeIndex"": 1, ""DefenseType"": 1, ""Description_Lang_Mask"": 16712190, ""Description_Lang_enUS"": 41822, ""EffectBonusMultiplier_1"": 0.42899999022483826, ""EffectChainAmplitude_1"": 1.0, ""EffectChainAmplitude_2"": 1.0, ""EffectChainAmplitude_3"": 1.0, ""EquippedItemClass"": -1, ""FacingCasterFlags"": 1, ""InterruptFlags"": 8, ""MaxLevel"": 51, ""NameSubtext_Lang_Mask"": 16712190, ""NameSubtext_Lang_enUS"": ""Rank 6"", ""Name_Lang_Mask"": 16712190, ""PreventionType"": 1, ""ProcChance"": 101, ""SpellClassMask_1"": 2, ""SpellClassSet"": 3, ""SpellLevel"": 46, ""SpellPriority"": 50, ""SpellVisualID_1"": 143, ""StartRecoveryCategory"": 133, ""StartRecoveryTime"": 1500}",pulled from existing data
10199,Fire Blast,4,0,0,65536,19,0,0,8000,0,0,21,20.0,,,"{""amplitude"": 0, ""apply_aura"": 0, ""base_points"": 430, ""chain_targets"": 0, ""die_sides"": 79, ""implicit_target_a"": 6, ""implicit_target_b"": 0, ""mechanic"": 0, ""misc_value"": 0, ""points_per_level"": 3.0, ""radius_yards"": null, ""trigger_spell"": 0, ""type"": 2}",,,12,,,"{""AuraDescription_Lang_Mask"": 16712188, ""BaseLevel"": 54, ""CastingTimeIndex"": 1, ""DefenseType"": 1, ""Description_Lang_Mask"": 16712190, ""Description_Lang_enUS"": 41822, ""EffectBonusMultiplier_1"": 0.42899999022483826, ""EffectChainAmplitude_1"": 1.0, ""EffectChainAmplitude_2"": 1.0, ""EffectChainAmplitude_3"": 1.0, ""EquippedItemClass"": -1, ""FacingCasterFlags"": 1, ""InterruptFlags"": 8, ""MaxLevel"": 59, ""NameSubtext_Lang_Mask"": 16712190, ""NameSubtext_Lang_enUS"": ""Rank 7"", ""Name_Lang_Mask"": 16712190, ""PreventionType"": 1, ""ProcChance"": 101, ""SpellClassMask_1"": 2, ""SpellClassSet"": 3, ""SpellLevel"": 54, ""SpellPriority"": 50, ""SpellVisualID_1"": 143, ""StartRecoveryCategory"": 133, ""StartRecoveryTime"": 1500}",pulled from existing data
10201,Arcane Explosion,64,0,0,65536,0,0,0,0,0,0,22,0.0,,,"{""amplitude"": 0, ""apply_aura"": 0, ""base_points"": 185, ""chain_targets"": 0, ""die_sides"": 17, ""implicit_target_a"": 22, ""implicit_target_b"": 15, ""mechanic"": 0, ""misc_value"": 0, ""points_per_level"": 1.100000023841858, ""radius_yards"": 10.0, ""trigger_spell"": 0, ""type"": 2}",,,122,,,"{""AttributesEx"": 136, ""AuraDescription_Lang_Mask"": 16712188, ""BaseLevel"": 46, ""CastingTimeIndex"": 1, ""DefenseType"": 1, ""Description_Lang_Mask"": 16712190, ""Description_Lang_enUS"": 30490, ""EffectBonusMultiplier_1"": 0.21400000154972076, ""EffectChainAmplitude_1"": 1.0, ""EffectChainAmplitude_2"": 1.0, ""EffectChainAmplitude_3"": 1.0, ""EquippedItemClass"": -1, ""InterruptFlags"": 8, ""MaxLevel"": 51, ""NameSubtext_Lang_Mask"": 16712190, ""NameSubtext_Lang_enUS"": ""Rank 5"", ""Name_Lang_Mask"": 16712190, ""PreventionType"": 1, ""ProcChance"": 101, ""RangeIndex"": 1, ""SpellClassMask_1"": 4096, ""SpellClassSet"": 3, ""SpellLevel"": 46, ""SpellVisualID_1"": 965, ""StartRecoveryCategory"": 133, ""StartRecoveryTime"": 1500}",pulled from existing data
10202,Arcane Explosion,64,0,0,65536,0,0,0,0,0,0,22,0.0,,,"{""amplitude"": 0, ""apply_aura"": 0, ""base_points"": 242, ""chain_targets"": 0, ""die_sides"": 21, ""implicit_target_a"": 22, ""implicit_target_b"": 15, ""mechanic"": 0, ""misc_value"": 0, ""points_per_level"": 1.2999999523162842, ""radius_yards"": 10.0, ""trigger_spell"": 0, ""type"": 2}",,,122,,,"{""AttributesEx"": 136, ""AuraDescription_Lang_Mask"": 16712188, ""BaseLevel"": 54, ""CastingTimeIndex"": 1, ""DefenseType"": 1, ""Description_Lang_Mask"": 16712190, ""Description_Lang_enUS"": 30490, ""EffectBonusMultiplier_1"": 0.21400000154972076, ""EffectChainAmplitude_1"": 1.0, ""EffectChainAmplitude_2"": 1.0, ""EffectChainAmplitude_3"": 1.0, ""EquippedItemClass"": -1, ""InterruptFlags"": 8, ""MaxLevel"": 59, ""NameSubtext_Lang_Mask"": 16712190, ""NameSubtext_Lang_enUS"": ""Rank 6"", ""Name_Lang_Mask"": 16712190, ""PreventionType"": 1, ""ProcChance"": 101, ""RangeIndex"": 1, ""SpellClassMask_1"": 4096, ""SpellClassSet"": 3, ""SpellLevel"": 54, ""SpellVisualID_1"": 965, ""StartRecoveryCategory"": 133, ""StartRecoveryTime"": 1500}",pulled from existing data
10205,Scorch,4,0,0,65536,0,1500,0,0,0,0,8,30.0,,,"{""amplitude"": 0, ""apply_aura"": 0, ""base_points"": 161, ""chain_targets"": 0, ""die_sides"": 31, ""implicit_target_a"": 6, ""implicit_target_b"": 0, ""mechanic"": 0, ""misc_value"": 0, ""points_per_level"": 1.7000000476837158, ""radius_yards"": null, ""trigger_spell"": 0, ""type"": 2}",,,816,,,"{""AuraDescription_Lang_Mask"": 16712188, ""BaseLevel"": 46, ""CastingTimeIndex"": 16, ""DefenseType"": 1, ""Description_Lang_Mask"": 16712190, ""Description_Lang_enUS"": 53680, ""EffectBonusMultiplier_1"": 0.42899999022483826, ""EffectChainAmplitude_1"": 1.0, ""EffectChainAmplitude_2"": 1.0, ""EffectChainAmplitude_3"": 1.0, ""EquippedItemClass"": -1, ""FacingCasterFlags"": 1, ""InterruptFlags"": 15, ""MaxLevel"": 50, ""NameSubtext_Lang_Mask"": 16712190, ""NameSubtext_Lang_enUS"": ""Rank 5"", ""Name_Lang_Mask"": 16712190, ""PreventionType"": 1, ""ProcChance"": 101, ""SpellClassMask_1"": 16, ""SpellClassSet"": 3, ""SpellLevel"": 46, ""SpellPriority"": 50, ""SpellVisualID_1"": 945, ""StartRecoveryCategory"": 133, ""StartRecoveryTime"": 1500}",pulled from existing data
10206,Scorch,4,0,0,65536,0,1500,0,0,0,0,8,30.0,,,"{""amplitude"": 0, ""apply_aura"": 0, ""base_points"": 199, ""chain_targets"": 0, ""die_sides"": 40, ""implicit_target_a"": 6, ""implicit_target_b"": 0, ""mechanic"": 0, ""misc_value"": 0, ""points_per_level"": 1.899999976158142, ""radius_yards"": null, ""trigger_spell"": 0, ""type"": 2}",,,816,,,"{""AuraDescription_Lang_Mask"": 16712188, ""BaseLevel"": 52, ""CastingTimeIndex"": 16, ""DefenseType"": 1, ""Description_Lang_Mask"": 16712190, ""Description_Lang_enUS"": 53680, ""EffectBonusMultiplier_1"": 0.42899999022483826, ""EffectChainAmplitude_1"": 1.0, ""EffectChainAmplitude_2"": 1.0, ""EffectChainAmplitude_3"": 1.0, ""EquippedItemClass"": -1, ""FacingCasterFlags"": 1, ""InterruptFlags"": 15, ""MaxLevel"": 56, ""NameSubtext_Lang_Mask"": 16712190, ""NameSubtext_Lang_enUS"": ""Rank 6"", ""Name_Lang_Mask"": 16712190, ""PreventionType"": 1, ""ProcChance"": 101, ""SpellClassMask_1"": 16, ""SpellClassSet"": 3, ""SpellLevel"": 52, ""SpellPriority"": 50, ""SpellVisualID_1"": 945, ""StartRecoveryCategory"": 133, ""StartRecoveryTime"": 1500}",pulled from existing data
10207,Scorch,4,0,0,65536,0,1500,0,0,0,0,8,30.0,,,"{""amplitude"": 0, ""apply_aura"": 0, ""base_points"": 232, ""chain_targets"": 0, ""die_sides"": 43, ""implicit_target_a"": 6, ""implicit_target_b"": 0, ""mechanic"": 0, ""misc_value"": 0, ""points_per_level"": 2.0999999046325684, ""radius_yards"": null, ""trigger_spell"": 0, ""type"": 2}",,,816,,,"{""AuraDescription_Lang_Mask"": 16712188, ""BaseLevel"": 58, ""CastingTimeIndex"": 16, ""DefenseType"": 1, ""Description_Lang_Mask"": 16712190, ""Description_Lang_enUS"": 53680, ""EffectBonusMultiplier_1"": 0.42899999022483826, ""EffectChainAmplitude_1"": 1.0, ""EffectChainAmplitude_2"": 1.0, ""EffectChainAmplitude_3"": 1.0, ""EquippedItemClass"": -1, ""FacingCasterFlags"": 1, ""InterruptFlags"": 15, ""MaxLevel"": 62, ""NameSubtext_Lang_Mask"": 16712190, ""NameSubtext_Lang_enUS"": ""Rank 7"", ""Name_Lang_Mask"": 16712190, ""PreventionType"": 1, ""ProcChance"": 101, ""SpellClassMask_1"": 16, ""SpellClassSet"": 3, ""SpellLevel"": 58, ""SpellPriority"": 50, ""SpellVisualID_1"": 945, ""StartRecoveryCategory"": 133, ""StartRecoveryTime"": 1500}",pulled from existing data
10211,Arcane Missiles,64,0,0,536936704,0,0,0,0,0,0,31,30.0,,5000,"{""amplitude"": 0, ""apply_aura"": 4, ""base_points"": 0, ""chain_targets"": 0, ""die_sides"": 0, ""implicit_target_a"": 6, ""implicit_target_b"": 0, ""mechanic"": 0, ""misc_value"": 0, ""points_per_level"": 0.0, ""radius_yards"": null, ""trigger_spell"": 0, ""type"": 6}","{""amplitude"": 1000, ""apply_aura"": 23, ""base_points"": 0, ""chain_targets"": 0, ""die_sides"": 0, ""implicit_target_a"": 1, ""implicit_target_b"": 0, ""mechanic"": 0, ""misc_value"": 0, ""points_per_level"": 0.0, ""radius_yards"": null, ""trigger_spell"": 10273, ""type"": 6}",,225,,,"{""AttributesEx"": 335561860, ""AttributesEx4"": 134217728, ""AttributesEx5"": 8192, ""AuraDescription_Lang_Mask"": 16712188, ""BaseLevel"": 48, ""CastingTimeIndex"": 1, ""ChannelInterruptFlags"": 31756, ""Description_Lang_Mask"": 16712190, ""Description_Lang_enUS"": 204380, ""EffectChainAmplitude_1"": 1.0, ""EffectChainAmplitude_2"": 1.0, ""EffectChainAmplitude_3"": 1.0, ""EquippedItemClass"": -1, ""FacingCasterFlags"": 1, ""InterruptFlags"": 15, ""MaxLevel"": 52, ""NameSubtext_Lang_Mask"": 16712190, ""NameSubtext_Lang_enUS"": ""Rank 6"", ""Name_Lang_Mask"": 16712190, ""PreventionType"": 1, ""ProcChance"": 101, ""SpellClassMask_1"": 2048, ""SpellClassSet"": 3, ""SpellLevel"": 48, ""SpellPriority"": 50, ""SpellVisualID_1"": 262, ""StartRecoveryCategory"": 133, ""StartRecoveryTime"": 1500}",pulled from existing data
10212,Arcane Missiles,64,0,0,536936704,0,0,0,0,0,0,31,30.0,,5000,"{""amplitude"": 0, ""apply_aura"": 4, ""base_points"": 0, ""chain_targets"": 0, ""die_sides"": 0, ""implicit_target_a"": 6, ""implicit_target_b"": 0, ""mechanic"": 0, ""misc_value"": 0, ""points_per_level"": 0.0, ""radius_yards"": null, ""trigger_spell"": 0, ""type"": 6}","{""amplitude"": 1000, ""apply_aura"": 23, ""base_points"": 0, ""chain_targets"": 0, ""die_sides"": 0, ""implicit_target_a"": 1, ""implicit_target_b"": 0, ""mechanic"": 0, ""misc_value"": 0, ""points_per_level"": 0.0, ""radius_yards"": null, ""trigger_spell"": 10274, ""type"": 6}",,225,,,"{""AttributesEx"": 335561860, ""AttributesEx4"": 134217728, ""AttributesEx5"": 8192, ""AuraDescription_Lang_Mask"": 16712188, ""BaseLevel"": 56, ""CastingTimeIndex"": 1, ""ChannelInterruptFlags"": 31756, ""Description_Lang_Mask"": 16712190, ""Description_Lang_enUS"": 204482, ""EffectChainAmplitude_1"": 1.0, ""EffectChainAmplitude_2"": 1.0, ""EffectChainAmplitude_3"": 1.0, ""EquippedItemClass"": -1, ""FacingCasterFlags"": 1, ""InterruptFlags"": 15, ""MaxLevel"": 60, ""NameSubtext_Lang_Mask"": 16712190, ""NameSubtext_Lang_enUS"": ""Rank 7"", ""Name_Lang_Mask"": 16712190, ""PreventionType"": 1, ""ProcChance"": 101, ""SpellClassMask_1"": 2048, ""SpellClassSet"": 3, ""SpellLevel"": 56, ""SpellPriority"": 50, ""SpellVisualID_1"": 262, ""StartRecoveryCategory"": 133, ""StartRecoveryTime"": 1500}",pulled from existing data
10215,Flamestrike,4,0,0,65536,0,2000,0,0,0,0,35,30.0,,8000,"{""amplitude"": 0, ""apply_aura"": 0, ""base_points"": 290, ""chain_targets"": 0, ""die_sides"": 69, ""implicit_target_a"": 16, ""implicit_target_b"": 0, ""mechanic"": 0, ""misc_value"": 0, ""points_per_level"": 1.5, ""radius_yards"": 5.0, ""trigger_spell"": 0, ""type"": 2}","{""amplitude"": 2000, ""apply_aura"": 3, ""base_points"": 65, ""chain_targets"": 0, ""die_sides"": 1, ""implicit_target_a"": 28, ""implicit_target_b"": 0, ""mechanic"": 0, ""misc_value"": 0, ""points_per_level"": 0.0, ""radius_yards"": 5.0, ""trigger_spell"": 0, ""type"": 27}",,37,,,"{""AttributesEx"": 268435592, ""AuraDescription_Lang_Mask"": 16712190, ""AuraDescription_Lang_enUS"": 41688, ""BaseLevel"": 48, ""CastingTimeIndex"": 5, ""DefenseType"": 1, ""Description_Lang_Mask"": 16712190, ""Description_Lang_enUS"": 41560, ""EffectBonusMultiplier_1"": 0.24300000071525574, ""EffectBonusMultiplier_2"": 0.12200000137090683, ""EffectChainAmplitude_1"": 1.0, ""EffectChainAmplitude_2"": 1.0, ""EffectChainAmplitude_3"": 1.0, ""EquippedItemClass"": -1, ""InterruptFlags"": 15, ""MaxLevel"": 53, ""NameSubtext_Lang_Mask"": 16712190, ""NameSubtext_Lang_enUS"": ""Rank 5"", ""Name_Lang_Mask"": 16712190, ""PreventionType"": 1, ""ProcChance"": 101, ""SpellClassMask_1"": 4, ""SpellClassSet"": 3, ""SpellLevel"": 48, ""SpellPriority"": 50, ""SpellVisualID_1"": 10383, ""StartRecoveryCategory"": 133, ""StartRecoveryTime"": 1500, ""Targets"": 64}",pulled from existing data
10216,Flamestrike,4,0,0,65536,0,2000,0,0,0,0,35,30.0,,8000,"{""amplitude"": 0, ""apply_aura"": 0, ""base_points"": 374, ""chain_targets"": 0, ""die_sides"": 85, ""implicit_target_a"": 16, ""implicit_target_b"": 0, ""mechanic"": 0, ""misc_value"": 0, ""points_per_level"": 1.7000000476837158, ""radius_yards"": 5.0, ""trigger_spell"": 0, ""type"": 2}","{""amplitude"": 2000, ""apply_aura"": 3, ""base_points"": 84, ""chain_targets"": 0, ""die_sides"": 1, ""implicit_target_a"": 28, ""implicit_target_b"": 0, ""mechanic"": 0, ""misc_value"": 0, ""points_per_level"": 0.0, ""radius_yards"": 5.0, ""trigger_spell"": 0, ""type"": 27}",,37,,,"{""AttributesEx"": 268435592, ""AuraDescription_Lang_Mask"": 16712190, ""AuraDescription_Lang_enUS"": 41688, ""BaseLevel"": 56, ""CastingTimeIndex"": 5, ""DefenseType"": 1, ""Description_Lang_Mask"": 16712190, ""Description_Lang_enUS"": 41560, ""EffectBonusMultiplier_1"": 0.24300000071525574, ""EffectBonusMultiplier_2"": 0.12200000137090683, ""EffectChainAmplitude_1"": 1.0, ""EffectChainAmplitude_2"": 1.0, ""EffectChainAmplitude_3"": 1.0, ""EquippedItemClass"": -1, ""InterruptFlags"": 15, ""MaxLevel"": 61, ""NameSubtext_Lang_Mask"": 16712190, ""NameSubtext_Lang_enUS"": ""Rank 6"", ""Name_Lang_Mask"": 16712190, ""PreventionType"": 1, ""ProcChance"": 101, ""SpellClassMask_1"": 4, ""SpellClassSet"": 3, ""SpellLevel"": 56, ""SpellPriority"": 50, ""SpellVisualID_1"": 10383, ""StartRecoveryCategory"": 133, ""StartRecoveryTime"": 1500, ""Targets"": 64}",pulled from existing data
10219,Ice Armor,16,0,0,65536,0,0,0,0,0,0,24,0.0,,1800000,"{""amplitude"": 0, ""apply_aura"": 22, ""base_points"": 469, ""chain_targets"": 0, ""die_sides"": 1, ""implicit_target_a"": 1, ""implicit_target_b"": 0, ""mechanic"": 0, ""misc_value"": 1, ""points_per_level"": 0.0, ""radius_yards"": null, ""trigger_spell"": 0, ""type"": 6}","{""amplitude"": 0, ""apply_aura"": 42, ""base_points"": 0, ""chain_targets"": 0, ""die_sides"": 0, ""implicit_target_a"": 1, ""implicit_target_b"": 0, ""mechanic"": 0, ""misc_value"": 0, ""points_per_level"": 0.0, ""radius_yards"": null, ""trigger_spell"": 7321, ""type"": 6}","{""amplitude"": 0, ""apply_aura"": 22, ""base_points"": 11, ""chain_targets"": 0, ""die_sides"": 1, ""implicit_target_a"": 1, ""implicit_target_b"": 0, ""mechanic"": 0, ""misc_value"": 16, ""points_per_level"": 0.0, ""radius_yards"": null, ""trigger_spell"": 0, ""type"": 6}",181,,,"{""AttributesEx4"": 524288, ""AttributesEx7"": 268435456, ""AuraDescription_Lang_Mask"": 16712190, ""AuraDescription_Lang_enUS"": 140466, ""BaseLevel"": 50, ""CastingTimeIndex"": 1, ""DefenseType"": 1, ""Description_Lang_Mask"": 16712190, ""Description_Lang_enUS"": 140183, ""EffectChainAmplitude_1"": 1.0, ""EffectChainAmplitude_2"": 1.0, ""EffectChainAmplitude_3"": 1.0, ""EquippedItemClass"": -1, ""InterruptFlags"": 8, ""NameSubtext_Lang_Mask"": 16712190, ""NameSubtext_Lang_enUS"": ""Rank 3"", ""Name_Lang_Mask"": 16712190, ""PreventionType"": 1, ""ProcChance"": 100, ""ProcTypeMask"": 40, ""RangeIndex"": 1, ""SpellClassMask_1"": 34078720, ""SpellClassSet"": 3, ""SpellLevel"": 50, ""SpellPriority"": 50, ""SpellVisualID_1"": 706, ""StartRecoveryCategory"": 133, ""StartRecoveryTime"": 1500}",pulled from existing data
10220,Ice Armor,16,0,0,65536,0,0,0,0,0,0,24,0.0,,1800000,"{""amplitude"": 0, ""apply_aura"": 22, ""base_points"": 559, ""chain_targets"": 0, ""die_sides"": 1, ""implicit_target_a"": 1, ""implicit_target_b"": 0, ""mechanic"": 0, ""misc_value"": 1, ""points_per_level"": 0.0, ""radius_yards"": null, ""trigger_spell"": 0, ""type"": 6}","{""amplitude"": 0, ""apply_aura"": 42, ""base_points"": 0, ""chain_targets"": 0, ""die_sides"": 0, ""implicit_target_a"": 1, ""implicit_target_b"": 0, ""mechanic"": 0, ""misc_value"": 0, ""points_per_level"": 0.0, ""radius_yards"": null, ""trigger_spell"": 7321, ""type"": 6}","{""amplitude"": 0, ""apply_aura"": 22, ""base_points"": 14, ""chain_targets"": 0, ""die_sides"": 1, ""implicit_target_a"": 1, ""implicit_target_b"": 0, ""mechanic"": 0, ""misc_value"": 16, ""points_per_level"": 0.0, ""radius_yards"": null, ""trigger_spell"": 0, ""type"": 6}",181,,,"{""AttributesEx4"": 524288, ""AttributesEx7"": 268435456, ""AuraDescription_Lang_Mask"": 16712190, ""AuraDescription_Lang_enUS"": 140466, ""BaseLevel"": 60, ""CastingTimeIndex"": 1, ""DefenseType"": 1, ""Description_Lang_Mask"": 16712190, ""Description_Lang_enUS"": 140183, ""EffectChainAmplitude_1"": 1.0, ""EffectChainAmplitude_2"": 1.0, ""EffectChainAmplitude_3"": 1.0, ""EquippedItemClass"": -1, ""InterruptFlags"": 8, ""NameSubtext_Lang_Mask"": 16712190, ""NameSubtext_Lang_enUS"": ""Rank 4"", ""Name_Lang_Mask"": 16712190, ""PreventionType"": 1, ""ProcChance"": 100, ""ProcTypeMask"": 40, ""RangeIndex"": 1, ""SpellClassMask_1"": 34078720, ""SpellClassSet"": 3, ""SpellLevel"": 60, ""SpellPriority"": 50, ""SpellVisualID_1"": 706, ""StartRecoveryCategory"": 133, ""StartRecoveryTime"": 1500}",pulled from existing data
10223,Fire Ward,4,1,0,65536,56,0,0,30000,0,0,16,0.0,,30000,"{""amplitude"": 0, ""apply_aura"": 69, ""base_points"": 674, ""chain_targets"": 0, ""die_sides"": 1, ""implicit_target_a"": 1, ""implicit_target_b"": 0, ""mechanic"": 0, ""misc_value"": 4, ""points_per_level"": 0.0, ""radius_yards"": null, ""trigger_spell"": 0, ""type"": 6}","{""amplitude"": 0, ""apply_aura"": 74, ""base_points"": -1, ""chain_targets"": 0, ""die_sides"": 1, ""implicit_target_a"": 1, ""implicit_target_b"": 0, ""mechanic"": 0, ""misc_value"": 4, ""points_per_level"": 0.0, ""radius_yards"": null, ""trigger_spell"": 0, ""type"": 6}",,16,,,"{""AuraDescription_Lang_Mask"": 16712190, ""AuraDescription_Lang_enUS"": 11896, ""BaseLevel"": 50, ""CastingTimeIndex"": 1, ""DefenseType"": 1, ""Description_Lang_Mask"": 16712190, ""Description_Lang_enUS"": 11860, ""EffectChainAmplitude_1"": 1.0, ""EffectChainAmplitude_2"": 1.0, ""EffectChainAmplitude_3"": 1.0, ""EffectMultipleValue_2"": 1.0, ""EquippedItemClass"": -1, ""InterruptFlags"": 8, ""MaxLevel"": 59, ""NameSubtext_Lang_Mask"": 16712190, ""NameSubtext_Lang_enUS"": ""Rank 4"", ""Name_Lang_Mask"": 16712190, ""PreventionType"": 1, ""ProcChance"": 101, ""RangeIndex"": 1, ""SpellClassMask_1"": 8, ""SpellClassMask_3"": 8, ""SpellClassSet"": 3, ""SpellLevel"": 50, ""SpellVisualID_1"": 290, ""StartRecoveryCategory"": 133, ""StartRecoveryTime"": 1500}",pulled from existing data
10225,Fire Ward,4,1,0,65536,56,0,0,30000,0,0,16,0.0,,30000,"{""amplitude"": 0, ""apply_aura"": 69, ""base_points"": 874, ""chain_targets"": 0, ""die_sides"": 1, ""implicit_target_a"": 1, ""implicit_target_b"": 0, ""mechanic"": 0, ""misc_value"": 4, ""points_per_level"": 0.0, ""radius_yards"": null, ""trigger_spell"": 0, ""type"": 6}","{""amplitude"": 0, ""apply_aura"": 74, ""base_points"": -1, ""chain_targets"": 0, ""die_sides"": 1, ""implicit_target_a"": 1, ""implicit_target_b"": 0, ""mechanic"": 0, ""misc_value"": 4, ""points_per_level"": 0.0, ""radius_yards"": null, ""trigger_spell"": 0, ""type"": 6}",,16,,,"{""AuraDescription_Lang_Mask"": 16712190, ""AuraDescription_Lang_enUS"": 11896, ""BaseLevel"": 60, ""CastingTimeIndex"": 1, ""DefenseType"": 1, ""Description_Lang_Mask"": 16712190, ""Description_Lang_enUS"": 11860, ""EffectChainAmplitude_1"": 1.0, ""EffectChainAmplitude_2"": 1.0, ""EffectChainAmplitude_3"": 1.0, ""EffectMultipleValue_2"": 1.0, ""EquippedItemClass"": -1, ""InterruptFlags"": 8, ""MaxLevel"": 68, ""NameSubtext_Lang_Mask"": 16712190, ""NameSubtext_Lang_enUS"": ""Rank 5"", ""Name_Lang_Mask"": 16712190, ""PreventionType"": 1, ""ProcChance"": 101, ""RangeIndex"": 1, ""SpellClassMask_1"": 8, ""SpellClassMask_3"": 8, ""SpellClassSet"": 3, ""SpellLevel"": 60, ""SpellVisualID_1"": 290, ""StartRecoveryCategory"": 133, ""StartRecoveryTime"": 1500}",pulled from existing data
10230,Frost Nova,16,1,0,1073807360,35,0,0,25000,0,0,7,0.0,,8000,"{""amplitude"": 0, ""apply_aura"": 0, ""base_points"": 69, ""chain_targets"": 0, ""die_sides"": 11, ""implicit_target_a"": 22, ""implicit_target_b"": 15, ""mechanic"": 0, ""misc_value"": 0, ""points_per_level"": 0.5, ""radius_yards"": 10.0, ""trigger_spell"": 0, ""type"": 2}","{""amplitude"": 0, ""apply_aura"": 26, ""base_points"": -1, ""chain_targets"": 0, ""die_sides"": 1, ""implicit_target_a"": 22, ""implicit_target_b"": 15, ""mechanic"": 7, ""misc_value"": 0, ""points_per_level"": 0.0, ""radius_yards"": 10.0, ""trigger_spell"": 0, ""type"": 6}",,193,,,"{""AttributesEx"": 136, ""AttributesEx4"": 1073741824, ""AuraDescription_Lang_Mask"": 16712190, ""AuraDescription_Lang_enUS"": 4632, ""AuraInterruptFlags"": 4718592, ""BaseLevel"": 54, ""CastingTimeIndex"": 1, ""DefenseType"": 1, ""Description_Lang_Mask"": 16712190, ""Description_Lang_enUS"": 4470, ""EffectBasePoints_3"": -1, ""EffectBonusMultiplier_1"": 0.0430000014603138, ""EffectChainAmplitude_1"": 1.0, ""EffectChainAmplitude_2"": 1.0, ""EffectChainAmplitude_3"": 1.0, ""EffectDieSides_3"": 1, ""EquippedItemClass"": -1, ""InterruptFlags"": 8, ""MaxLevel"": 59, ""NameSubtext_Lang_Mask"": 16712190, ""NameSubtext_Lang_enUS"": ""Rank 4"", ""Name_Lang_Mask"": 16712190, ""PreventionType"": 1, ""ProcChance"": 100, ""ProcTypeMask"": 664232, ""RangeIndex"": 1, ""SpellClassMask_1"": 64, ""SpellClassSet"": 3, ""SpellDescriptionVariableID"": 167, ""SpellLevel"": 54, ""SpellPriority"": 50, ""SpellVisualID_1"": 17, ""StartRecoveryCategory"": 133, ""StartRecoveryTime"": 1500}",pulled from existing data
10273,Arcane Missiles,64,0,0,65536,0,0,0,0,0,0,0,30.0,,,"{""amplitude"": 0, ""apply_aura"": 0, ""base_points"": 150, ""chain_targets"": 0, ""die_sides"": 1, ""implicit_target_a"": 77, ""implicit_target_b"": 0, ""mechanic"": 0, ""misc_value"": 0, ""points_per_level"": 0.800000011920929, ""radius_yards"": null, ""trigger_spell"": 0, ""type"": 2}",,,225,,,"{""AttributesEx2"": 4, ""AttributesEx3"": 512, ""AuraDescription_Lang_Mask"": 16712188, ""BaseLevel"": 48, ""CastingTimeIndex"": 1, ""DefenseType"": 1, ""Description_Lang_Mask"": 16712190, ""Description_Lang_enUS"": 204380, ""EffectBonusMultiplier_1"": 0.28600001335144043, ""EffectChainAmplitude_1"": 1.0, ""EffectChainAmplitude_2"": 1.0, ""EffectChainAmplitude_3"": 1.0, ""EquippedItemClass"": -1, ""FacingCasterFlags"": 1, ""InterruptFlags"": 8, ""MaxLevel"": 52, ""NameSubtext_Lang_Mask"": 16712190, ""NameSubtext_Lang_enUS"": ""Rank 6"", ""Name_Lang_Mask"": 16712190, ""PreventionType"": 1, ""ProcChance"": 101, ""Speed"": 20.0, ""SpellClassMask_1"": 2097152, ""SpellClassSet"": 3, ""SpellLevel"": 48, ""SpellPriority"": 50, ""SpellVisualID_1"": 270}",pulled from existing data
10274,Arcane Missiles,64,0,0,65536,0,0,0,0,0,0,0,30.0,,,"{""amplitude"": 0, ""apply_aura"": 0, ""base_points"": 191, ""chain_targets"": 0, ""die_sides"": 1, ""implicit_target_a"": 77, ""implicit_target_b"": 0, ""mechanic"": 0, ""misc_value"": 0, ""points_per_level"": 0.8999999761581421, ""radius_yards"": null, ""trigger_spell"": 0, ""type"": 2}",,,225,,,"{""AttributesEx2"": 4, ""AttributesEx3"": 512, ""AuraDescription_Lang_Mask"": 16712188, ""BaseLevel"": 56, ""CastingTimeIndex"": 1, ""DefenseType"": 1, ""Description_Lang_Mask"": 16712190, ""Description_Lang_enUS"": 204482, ""EffectBonusMultiplier_1"": 0.28600001335144043, ""EffectChainAmplitude_1"": 1.0, ""EffectChainAmplitude_2"": 1.0, ""EffectChainAmplitude_3"": 1.0, ""EquippedItemClass"": -1, ""FacingCasterFlags"": 1, ""InterruptFlags"": 8, ""MaxLevel"": 60, ""NameSubtext_Lang_Mask"": 16712190, ""NameSubtext_Lang_enUS"": ""Rank 7"", ""Name_Lang_Mask"": 16712190, ""PreventionType"": 1, ""ProcChance"": 101, ""Speed"": 20.0, ""SpellClassMask_1"": 2097152, ""SpellClassSet"": 3, ""SpellLevel"": 56, ""SpellPriority"": 50, ""SpellVisualID_1"": 270}",pulled from existing data
11113,Blast Wave,4,0,0,65536,250,0,0,30000,0,0,7,0.0,,6000,"{""amplitude"": 0, ""apply_aura"": 0, ""base_points"": 153, ""chain_targets"": 0, ""die_sides"": 33, ""implicit_target_a"": 22, ""implicit_target_b"": 15, ""mechanic"": 0, ""misc_value"": 0, ""points_per_level"": 1.0, ""radius_yards"": 10.0, ""trigger_spell"": 0, ""type"": 2}","{""amplitude"": 0, ""apply_aura"": 33, ""base_points"": -51, ""chain_targets"": 0, ""die_sides"": 1, ""implicit_target_a"": 22, ""implicit_target_b"": 15, ""mechanic"": 11, ""misc_value"": 0, ""points_per_level"": 0.0, ""radius_yards"": 10.0, ""trigger_spell"": 0, ""type"": 6}","{""amplitude"": 0, ""apply_aura"": 0, ""base_points"": 79, ""chain_targets"": 0, ""die_sides"": 1, ""implicit_target_a"": 22, ""implicit_target_b"": 15, ""mechanic"": 0, ""misc_value"": 100, ""points_per_level"": 0.0, ""radius_yards"": 10.0, ""trigger_spell"": 0, ""type"": 98}",292,,,"{""AttributesEx"": 136, ""AuraDescription_Lang_Mask"": 16712190, ""AuraDescription_Lang_enUS"": 225286, ""BaseLevel"": 30, ""CastingTimeIndex"": 1, ""DefenseType"": 1, ""Description_Lang_Mask"": 16712190, ""Description_Lang_enUS"": 225127, ""EffectBonusMultiplier_1"": 0.19300000369548798, ""EffectChainAmplitude_1"": 1.0, ""EffectChainAmplitude_2"": 1.0, ""EffectChainAmplitude_3"": 1.0, ""EquippedItemClass"": -1, ""MaxLevel"": 36, ""NameSubtext_Lang_Mask"": 16712190, ""NameSubtext_Lang_enUS"": ""Rank 1"", ""Name_Lang_Mask"": 16712190, ""PreventionType"": 1, ""ProcChance"": 101, ""RangeIndex"": 1, ""SpellClassMask_2"": 64, ""SpellClassSet"": 3, ""SpellLevel"": 30, ""SpellPriority"": 50, ""SpellVisualID_1"": 963, ""StartRecoveryCategory"": 133, ""StartRecoveryTime"": 1500}",pulled from existing data
11366,Pyroblast,4,0,0,65536,290,5000,0,0,0,0,22,35.0,,12000,"{""amplitude"": 0, ""apply_aura"": 0, ""base_points"": 140, ""chain_targets"": 0, ""die_sides"": 47, ""implicit_target_a"": 6, ""implicit_target_b"": 0, ""mechanic"": 0, ""misc_value"": 0, ""points_per_level"": 1.899999976158142, ""radius_yards"": null, ""trigger_spell"": 0, ""type"": 2}","{""amplitude"": 3000, ""apply_aura"": 3, ""base_points"": 13, ""chain_targets"": 0, ""die_sides"": 1, ""implicit_target_a"": 6, ""implicit_target_b"": 0, ""mechanic"": 0, ""misc_value"": 0, ""points_per_level"": 0.0, ""radius_yards"": null, ""trigger_spell"": 0, ""type"": 6}",,184,,,"{""AuraDescription_Lang_Mask"": 16712190, ""AuraDescription_Lang_enUS"": 5323, ""BaseLevel"": 20, ""CastingTimeIndex"": 6, ""DefenseType"": 1, ""Description_Lang_Mask"": 16712190, ""Description_Lang_enUS"": 232182, ""EffectBonusMultiplier_1"": 1.149999976158142, ""EffectBonusMultiplier_2"": 0.05000000074505806, ""EffectChainAmplitude_1"": 1.0, ""EffectChainAmplitude_2"": 1.0, ""EffectChainAmplitude_3"": 1.0, ""EquippedItemClass"": -1, ""FacingCasterFlags"": 1, ""InterruptFlags"": 15, ""MaxLevel"": 24, ""NameSubtext_Lang_Mask"": 16712190, ""NameSubtext_Lang_enUS"": ""Rank 1"", ""Name_Lang_Mask"": 16712190, ""PreventionType"": 1, ""ProcChance"": 101, ""Speed"": 24.0, ""SpellClassMask_1"": 4194304, ""SpellClassMask_3"": 8, ""SpellClassSet"": 3, ""SpellLevel"": 20, ""SpellPriority"": 50, ""SpellVisualID_1"": 2253, ""StartRecoveryCategory"": 133, ""StartRecoveryTime"": 1500}",pulled from existing data
11416,Portal: Ironforge,64,0,0,268500992,0,10000,60000,0,0,0,18,10.0,,60000,"{""amplitude"": 0, ""apply_aura"": 0, ""base_points"": -1, ""chain_targets"": 0, ""die_sides"": 1, ""implicit_target_a"": 47, ""implicit_target_b"": 0, ""mechanic"": 0, ""misc_value"": 176497, ""points_per_level"": 0.0, ""radius_yards"": 3.0, ""trigger_spell"": 0, ""type"": 50}",,,1480,,,"{""AttributesEx"": 268566528, ""AttributesEx3"": 1073741824, ""AttributesEx4"": 134217728, ""AttributesEx7"": 512, ""AuraDescription_Lang_Mask"": 16712188, ""BaseLevel"": 40, ""CastingTimeIndex"": 7, ""DefenseType"": 1, ""Description_Lang_Mask"": 16712190, ""Description_Lang_enUS"": 233979, ""EffectChainAmplitude_1"": 1.0, ""EffectChainAmplitude_2"": 1.0, ""EffectChainAmplitude_3"": 1.0, ""EquippedItemClass"": -1, ""InterruptFlags"": 31, ""NameSubtext_Lang_Mask"": 16712188, ""Name_Lang_Mask"": 16712190, ""PreventionType"": 1, ""ProcChance"": 101, ""ReagentCount_1"": 1, ""Reagent_1"": 17032, ""SpellClassMask_1"": 2147483648, ""SpellClassSet"": 3, ""SpellLevel"": 40, ""SpellPriority"": 50, ""SpellVisualID_1"": 2738, ""StartRecoveryCategory"": 133, ""StartRecoveryTime"": 1500}",pulled from existing data
11417,Portal: Orgrimmar,64,0,0,268500992,0,10000,60000,0,0,0,18,10.0,,60000,"{""amplitude"": 0, ""apply_aura"": 0, ""base_points"": -1, ""chain_targets"": 0, ""die_sides"": 1, ""implicit_target_a"": 47, ""implicit_target_b"": 0, ""mechanic"": 0, ""misc_value"": 176499, ""points_per_level"": 0.0, ""radius_yards"": 3.0, ""trigger_spell"": 0, ""type"": 50}",,,1481,,,"{""AttributesEx"": 268566528, ""AttributesEx3"": 1073741824, ""AttributesEx4"": 134217728, ""AttributesEx7"": 256, ""AuraDescription_Lang_Mask"": 16712188, ""BaseLevel"": 40, ""CastingTimeIndex"": 7, ""DefenseType"": 1, ""Description_Lang_Mask"": 16712190, ""Description_Lang_enUS"": 234067, ""EffectChainAmplitude_1"": 1.0, ""EffectChainAmplitude_2"": 1.0, ""EffectChainAmplitude_3"": 1.0, ""EquippedItemClass"": -1, ""InterruptFlags"": 31, ""NameSubtext_Lang_Mask"": 16712188, ""Name_Lang_Mask"": 16712190, ""PreventionType"": 1, ""ProcChance"": 101, ""ReagentCount_1"": 1, ""Reagent_1"": 17032, ""SpellClassMask_1"": 2147483648, ""SpellClassSet"": 3, ""SpellLevel"": 40, ""SpellPriority"": 50, ""SpellVisualID_1"": 2739, ""StartRecoveryCategory"": 133, ""StartRecoveryTime"": 1500}",pulled from existing data
11418,Portal: Undercity,64,0,0,268500992,0,10000,60000,0,0,0,18,10.0,,60000,"{""amplitude"": 0, ""apply_aura"": 0, ""base_points"": -1, ""chain_targets"": 0, ""die_sides"": 1, ""implicit_target_a"": 47, ""implicit_target_b"": 0, ""mechanic"": 0, ""misc_value"": 176501, ""points_per_level"": 0.0, ""radius_yards"": 3.0, ""trigger_spell"": 0, ""type"": 50}",,,1484,,,"{""AttributesEx"": 268566528, ""AttributesEx3"": 1073741824, ""AttributesEx4"": 134217728, ""AttributesEx7"": 256, ""AuraDescription_Lang_Mask"": 16712188, ""BaseLevel"": 40, ""CastingTimeIndex"": 7, ""DefenseType"": 1, ""Description_Lang_Mask"": 16712190, ""Description_Lang_enUS"": 234155, ""EffectChainAmplitude_1"": 1.0, ""EffectChainAmplitude_2"": 1.0, ""EffectChainAmplitude_3"": 1.0, ""EquippedItemClass"": -1, ""InterruptFlags"": 31, ""NameSubtext_Lang_Mask"": 16712188, ""Name_Lang_Mask"": 16712190, ""PreventionType"": 1, ""ProcChance"": 101, ""ReagentCount_1"": 1, ""Reagent_1"": 17032, ""SpellClassMask_1"": 2147483648, ""SpellClassSet"": 3, ""SpellLevel"": 40, ""SpellPriority"": 50, ""SpellVisualID_1"": 2741, ""StartRecoveryCategory"": 133, ""StartRecoveryTime"": 1500}",pulled from existing data
11419,Portal: Darnassus,64,0,0,268500992,0,10000,60000,0,0,0,18,10.0,,60000,"{""amplitude"": 0, ""apply_aura"": 0, ""base_points"": -1, ""chain_targets"": 0, ""die_sides"": 1, ""implicit_target_a"": 47, ""implicit_target_b"": 0, ""mechanic"": 0, ""misc_value"": 176498, ""points_per_level"": 0.0, ""radius_yards"": 3.0, ""trigger_spell"": 0, ""type"": 50}",,,1479,,,"{""AttributesEx"": 268566528, ""AttributesEx3"": 1073741824, ""AttributesEx4"": 134217728, ""AttributesEx7"": 512, ""AuraDescription_Lang_Mask"": 16712188, ""BaseLevel"": 50, ""CastingTimeIndex"": 7, ""DefenseType"": 1, ""Description_Lang_Mask"": 16712190, ""Description_Lang_enUS"": 234243, ""EffectChainAmplitude_1"": 1.0, ""EffectChainAmplitude_2"": 1.0, ""EffectChainAmplitude_3"": 1.0, ""EquippedItemClass"": -1, ""InterruptFlags"": 31, ""NameSubtext_Lang_Mask"": 16712188, ""Name_Lang_Mask"": 16712190, ""PreventionType"": 1, ""ProcChance"": 101, ""ReagentCount_1"": 1, ""Reagent_1"": 17032, ""SpellClassMask_1"": 2147483648, ""SpellClassSet"": 3, ""SpellLevel"": 50, ""SpellPriority"": 50, ""SpellVisualID_1"": 2254, ""StartRecoveryCategory"": 133, ""StartRecoveryTime"": 1500}",pulled from existing data
11420,Portal: Thunder Bluff,64,0,0,268500992,0,10000,60000,0,0,0,18,10.0,,60000,"{""amplitude"": 0, ""apply_aura"": 0, ""base_points"": -1, ""chain_targets"": 0, ""die_sides"": 1, ""implicit_target_a"": 47, ""implicit_target_b"": 0, ""mechanic"": 0, ""misc_value"": 176500, ""points_per_level"": 0.0, ""radius_yards"": 3.0, ""trigger_spell"": 0, ""type"": 50}",,,1483,,,"{""AttributesEx"": 268566528, ""AttributesEx3"": 1073741824, ""AttributesEx4"": 134217728, ""AttributesEx7"": 256, ""AuraDescription_Lang_Mask"": 16712188, ""BaseLevel"": 50, ""CastingTimeIndex"": 7, ""DefenseType"": 1, ""Description_Lang_Mask"": 16712190, ""Description_Lang_enUS"": 234335, ""EffectChainAmplitude_1"": 1.0, ""EffectChainAmplitude_2"": 1.0, ""EffectChainAmplitude_3"": 1.0, ""EquippedItemClass"": -1, ""InterruptFlags"": 31, ""NameSubtext_Lang_Mask"": 16712188, ""Name_Lang_Mask"": 16712190, ""PreventionType"": 1, ""ProcChance"": 101, ""ReagentCount_1"": 1, ""Reagent_1"": 17032, ""SpellClassMask_1"": 2147483648, ""SpellClassSet"": 3, ""SpellLevel"": 50, ""SpellPriority"": 50, ""SpellVisualID_1"": 2740, ""StartRecoveryCategory"": 133, ""StartRecoveryTime"": 1500}",pulled from existing data
11426,Ice Barrier,16,1,0,327680,471,0,0,30000,0,0,21,0.0,,60000,"{""amplitude"": 0, ""apply_aura"": 69, ""base_points"": 437, ""chain_targets"": 0, ""die_sides"": 1, ""implicit_target_a"": 1, ""implicit_target_b"": 0, ""mechanic"": 0, ""misc_value"": 127, ""points_per_level"": 2.799999952316284, ""radius_yards"": null, ""trigger_spell"": 0, ""type"": 6}",,,32,,,"{""AuraDescription_Lang_Mask"": 16712190, ""AuraDescription_Lang_enUS"": 735, ""BaseLevel"": 40, ""CastingTimeIndex"": 1, ""DefenseType"": 1, ""Description_Lang_Mask"": 16712190, ""Description_Lang_enUS"": 234421, ""EffectChainAmplitude_1"": 1.0, ""EffectChainAmplitude_2"": 1.0, ""EffectChainAmplitude_3"": 1.0, ""EquippedItemClass"": -1, ""InterruptFlags"": 8, ""MaxLevel"": 46, ""NameSubtext_Lang_Mask"": 16712190, ""NameSubtext_Lang_enUS"": ""Rank 1"", ""Name_Lang_Mask"": 16712190, ""PreventionType"": 1, ""ProcChance"": 101, ""RangeIndex"": 1, ""SpellClassMask_2"": 1, ""SpellClassMask_3"": 8, ""SpellClassSet"": 3, ""SpellLevel"": 40, ""SpellPriority"": 50, ""SpellVisualID_1"": 4302, ""StartRecoveryCategory"": 133, ""StartRecoveryTime"": 1500}",pulled from existing data
12051,Evocation,64,0,0,65536,0,0,240000,0,0,0,0,0.0,,8000,"{""amplitude"": 2000, ""apply_aura"": 21, ""base_points"": 14, ""chain_targets"": 0, ""die_sides"": 1, ""implicit_target_a"": 1, ""implicit_target_b"": 0, ""mechanic"": 0, ""misc_value"": 0, ""points_per_level"": 0.0, ""radius_yards"": null, ""trigger_spell"": 0, ""type"": 6}","{""amplitude"": 2000, ""apply_aura"": 20, ""base_points"": -1, ""chain_targets"": 0, ""die_sides"": 1, ""implicit_target_a"": 1, ""implicit_target_b"": 0, ""mechanic"": 0, ""misc_value"": 0, ""points_per_level"": 0.0, ""radius_yards"": null, ""trigger_spell"": 0, ""type"": 6}",,47,,,"{""AttributesEx"": 64, ""AttributesEx5"": 8192, ""AuraDescription_Lang_Mask"": 16712190, ""AuraDescription_Lang_enUS"": 247235, ""BaseLevel"": 20, ""CastingTimeIndex"": 1, ""ChannelInterruptFlags"": 31756, ""Description_Lang_Mask"": 16712190, ""Description_Lang_enUS"": 247164, ""EffectChainAmplitude_1"": 1.0, ""EffectChainAmplitude_2"": 1.0, ""EffectChainAmplitude_3"": 1.0, ""EquippedItemClass"": -1, ""InterruptFlags"": 1, ""NameSubtext_Lang_Mask"": 16712188, ""Name_Lang_Mask"": 16712190, ""PreventionType"": 1, ""ProcChance"": 101, ""RangeIndex"": 1, ""SpellClassMask_1"": 67108864, ""SpellClassMask_3"": 8, ""SpellClassSet"": 3, ""SpellLevel"": 20, ""SpellPriority"": 50, ""SpellVisualID_1"": 2756, ""StartRecoveryCategory"": 133, ""StartRecoveryTime"": 1500}",pulled from existing data
12484,Chilled,16,0,11,256,0,0,0,0,0,0,0,50000.0,,1500,"{""amplitude"": 0, ""apply_aura"": 33, ""base_points"": -26, ""chain_targets"": 0, ""die_sides"": 1, ""implicit_target_a"": 6, ""implicit_target_b"": 0, ""mechanic"": 0, ""misc_value"": 0, ""points_per_level"": 0.0, ""radius_yards"": null, ""trigger_spell"": 0, ""type"": 6}",,"{""amplitude"": 0, ""apply_aura"": 118, ""base_points"": -1, ""chain_targets"": 0, ""die_sides"": 1, ""implicit_target_a"": 6, ""implicit_target_b"": 0, ""mechanic"": 0, ""misc_value"": 127, ""points_per_level"": 0.0, ""radius_yards"": null, ""trigger_spell"": 0, ""type"": 6}",285,,,"{""AttributesEx"": 136, ""AttributesEx2"": 4, ""AuraDescription_Lang_Mask"": 16712190, ""AuraDescription_Lang_enUS"": 256377, ""BaseLevel"": 1, ""CastingTimeIndex"": 1, ""DefenseType"": 1, ""Description_Lang_Mask"": 16712190, ""Description_Lang_enUS"": 256351, ""EffectChainAmplitude_1"": 1.0, ""EffectChainAmplitude_2"": 1.0, ""EffectChainAmplitude_3"": 1.0, ""EquippedItemClass"": -1, ""NameSubtext_Lang_Mask"": 16712190, ""NameSubtext_Lang_enUS"": ""Rank 1"", ""Name_Lang_Mask"": 16712190, ""PreventionType"": 1, ""ProcChance"": 101, ""SpellClassMask_1"": 1048576, ""SpellClassSet"": 3, ""SpellLevel"": 1, ""SpellVisualID_1"": 2640}",pulled from existing data
12485,Chilled,16,0,11,256,0,0,0,0,0,0,0,50000.0,,1500,"{""amplitude"": 0, ""apply_aura"": 33, ""base_points"": -41, ""chain_targets"": 0, ""die_sides"": 1, ""implicit_target_a"": 6, ""implicit_target_b"": 0, ""mechanic"": 0, ""misc_value"": 0, ""points_per_level"": 0.0, ""radius_yards"": null, ""trigger_spell"": 0, ""type"": 6}",,"{""amplitude"": 0, ""apply_aura"": 118, ""base_points"": -1, ""chain_targets"": 0, ""die_sides"": 1, ""implicit_target_a"": 6, ""implicit_target_b"": 0, ""mechanic"": 0, ""misc_value"": 127, ""points_per_level"": 0.0, ""radius_yards"": null, ""trigger_spell"": 0, ""type"": 6}",285,,,"{""AttributesEx"": 136, ""AttributesEx2"": 4, ""AuraDescription_Lang_Mask"": 16712190, ""AuraDescription_Lang_enUS"": 256377, ""BaseLevel"": 10, ""CastingTimeIndex"": 1, ""DefenseType"": 1, ""Description_Lang_Mask"": 16712190, ""Description_Lang_enUS"": 256351, ""EffectChainAmplitude_1"": 1.0, ""EffectChainAmplitude_2"": 1.0, ""EffectChainAmplitude_3"": 1.0, ""EquippedItemClass"": -1, ""NameSubtext_Lang_Mask"": 16712190, ""NameSubtext_Lang_enUS"": ""Rank 2"", ""Name_Lang_Mask"": 16712190, ""PreventionType"": 1, ""ProcChance"": 101, ""SpellClassMask_1"": 1048576, ""SpellClassSet"": 3, ""SpellLevel"": 10, ""SpellVisualID_1"": 2640}",pulled from existing data
12486,Chilled,16,0,11,256,0,0,0,0,0,0,0,50000.0,,1500,"{""amplitude"": 0, ""apply_aura"": 33, ""base_points"": -51, ""chain_targets"": 0, ""die_sides"": 1, ""implicit_target_a"": 6, ""implicit_target_b"": 0, ""mechanic"": 0, ""misc_value"": 0, ""points_per_level"": 0.0, ""radius_yards"": null, ""trigger_spell"": 0, ""type"": 6}",,"{""amplitude"": 0, ""apply_aura"": 118, ""base_points"": -1, ""chain_targets"": 0, ""die_sides"": 1, ""implicit_target_a"": 6, ""implicit_target_b"": 0, ""mechanic"": 0, ""misc_value"": 127, ""points_per_level"": 0.0, ""radius_yards"": null, ""trigger_spell"": 0, ""type"": 6}",285,,,"{""AttributesEx"": 136, ""AttributesEx2"": 4, ""AuraDescription_Lang_Mask"": 16712190, ""AuraDescription_Lang_enUS"": 256377, ""BaseLevel"": 10, ""CastingTimeIndex"": 1, ""DefenseType"": 1, ""Description_Lang_Mask"": 16712190, ""Description_Lang_enUS"": 256351, ""EffectChainAmplitude_1"": 1.0, ""EffectChainAmplitude_2"": 1.0, ""EffectChainAmplitude_3"": 1.0, ""EquippedItemClass"": -1, ""NameSubtext_Lang_Mask"": 16712190, ""NameSubtext_Lang_enUS"": ""Rank 3"", ""Name_Lang_Mask"": 16712190, ""PreventionType"": 1, ""ProcChance"": 101, ""SpellClassMask_1"": 1048576, ""SpellClassSet"": 3, ""SpellLevel"": 10, ""SpellVisualID_1"": 2640}",pulled from existing data
12505,Pyroblast,4,0,0,65536,290,5000,0,0,0,0,22,35.0,,12000,"{""amplitude"": 0, ""apply_aura"": 0, ""base_points"": 179, ""chain_targets"": 0, ""die_sides"": 57, ""implicit_target_a"": 6, ""implicit_target_b"": 0, ""mechanic"": 0, ""misc_value"": 0, ""points_per_level"": 2.200000047683716, ""radius_yards"": null, ""trigger_spell"": 0, ""type"": 2}","{""amplitude"": 3000, ""apply_aura"": 3, ""base_points"": 17, ""chain_targets"": 0, ""die_sides"": 1, ""implicit_target_a"": 6, ""implicit_target_b"": 0, ""mechanic"": 0, ""misc_value"": 0, ""points_per_level"": 0.0, ""radius_yards"": null, ""trigger_spell"": 0, ""type"": 6}",,184,,,"{""AuraDescription_Lang_Mask"": 16712190, ""AuraDescription_Lang_enUS"": 5323, ""BaseLevel"": 24, ""CastingTimeIndex"": 6, ""DefenseType"": 1, ""Description_Lang_Mask"": 16712190, ""Description_Lang_enUS"": 232182, ""EffectBonusMultiplier_1"": 1.149999976158142, ""EffectBonusMultiplier_2"": 0.05000000074505806, ""EffectChainAmplitude_1"": 1.0, ""EffectChainAmplitude_2"": 1.0, ""EffectChainAmplitude_3"": 1.0, ""EquippedItemClass"": -1, ""FacingCasterFlags"": 1, ""InterruptFlags"": 15, ""MaxLevel"": 30, ""NameSubtext_Lang_Mask"": 16712190, ""NameSubtext_Lang_enUS"": ""Rank 2"", ""Name_Lang_Mask"": 16712190, ""PreventionType"": 1, ""ProcChance"": 101, ""Speed"": 24.0, ""SpellClassMask_1"": 4194304, ""SpellClassMask_3"": 8, ""SpellClassSet"": 3, ""SpellLevel"": 24, ""SpellPriority"": 50, ""SpellVisualID_1"": 2253, ""StartRecoveryCategory"": 133, ""StartRecoveryTime"": 1500}",pulled from existing data
12522,Pyroblast,4,0,0,65536,290,5000,0,0,0,0,22,35.0,,12000,"{""amplitude"": 0, ""apply_aura"": 0, ""base_points"": 254, ""chain_targets"": 0, ""die_sides"": 73, ""implicit_target_a"": 6, ""implicit_target_b"": 0, ""mechanic"": 0, ""misc_value"": 0, ""points_per_level"": 2.5999999046325684, ""radius_yards"": null, ""trigger_spell"": 0, ""type"": 2}","{""amplitude"": 3000, ""apply_aura"": 3, ""base_points"": 23, ""chain_targets"": 0, ""die_sides"": 1, ""implicit_target_a"": 6, ""implicit_target_b"": 0, ""mechanic"": 0, ""misc_value"": 0, ""points_per_level"": 0.0, ""radius_yards"": null, ""trigger_spell"": 0, ""type"": 6}",,184,,,"{""AuraDescription_Lang_Mask"": 16712190, ""AuraDescription_Lang_enUS"": 5323, ""BaseLevel"": 30, ""CastingTimeIndex"": 6, ""DefenseType"": 1, ""Description_Lang_Mask"": 16712190, ""Description_Lang_enUS"": 232182, ""EffectBonusMultiplier_1"": 1.149999976158142, ""EffectBonusMultiplier_2"": 0.05000000074505806, ""EffectChainAmplitude_1"": 1.0, ""EffectChainAmplitude_2"": 1.0, ""EffectChainAmplitude_3"": 1.0, ""EquippedItemClass"": -1, ""FacingCasterFlags"": 1, ""InterruptFlags"": 15, ""MaxLevel"": 36, ""NameSubtext_Lang_Mask"": 16712190, ""NameSubtext_Lang_enUS"": ""Rank 3"", ""Name_Lang_Mask"": 16712190, ""PreventionType"": 1, ""ProcChance"": 101, ""Speed"": 24.0, ""SpellClassMask_1"": 4194304, ""SpellClassMask_3"": 8, ""SpellClassSet"": 3, ""SpellLevel"": 30, ""SpellPriority"": 50, ""SpellVisualID_1"": 2253, ""StartRecoveryCategory"": 133, ""StartRecoveryTime"": 1500}",pulled from existing data
12523,Pyroblast,4,0,0,65536,290,5000,0,0,0,0,22,35.0,,12000,"{""amplitude"": 0, ""apply_aura"": 0, ""base_points"": 328, ""chain_targets"": 0, ""die_sides"": 91, ""implicit_target_a"": 6, ""implicit_target_b"": 0, ""mechanic"": 0, ""misc_value"": 0, ""points_per_level"": 3.0, ""radius_yards"": null, ""trigger_spell"": 0, ""type"": 2}","{""amplitude"": 3000, ""apply_aura"": 3, ""base_points"": 30, ""chain_targets"": 0, ""die_sides"": 1, ""implicit_target_a"": 6, ""implicit_target_b"": 0, ""mechanic"": 0, ""misc_value"": 0, ""points_per_level"": 0.0, ""radius_yards"": null, ""trigger_spell"": 0, ""type"": 6}",,184,,,"{""AuraDescription_Lang_Mask"": 16712190, ""AuraDescription_Lang_enUS"": 5323, ""BaseLevel"": 36, ""CastingTimeIndex"": 6, ""DefenseType"": 1, ""Description_Lang_Mask"": 16712190, ""Description_Lang_enUS"": 232182, ""EffectBonusMultiplier_1"": 1.149999976158142, ""EffectBonusMultiplier_2"": 0.05000000074505806, ""EffectChainAmplitude_1"": 1.0, ""EffectChainAmplitude_2"": 1.0, ""EffectChainAmplitude_3"": 1.0, ""EquippedItemClass"": -1, ""FacingCasterFlags"": 1, ""InterruptFlags"": 15, ""MaxLevel"": 42, ""NameSubtext_Lang_Mask"": 16712190, ""NameSubtext_Lang_enUS"": ""Rank 4"", ""Name_Lang_Mask"": 16712190, ""PreventionType"": 1, ""ProcChance"": 101, ""Speed"": 24.0, ""SpellClassMask_1"": 4194304, ""SpellClassMask_3"": 8, ""SpellClassSet"": 3, ""SpellLevel"": 36, ""SpellPriority"": 50, ""SpellVisualID_1"": 2253, ""StartRecoveryCategory"": 133, ""StartRecoveryTime"": 1500}",pulled from existing data
12524,Pyroblast,4,0,0,65536,290,5000,0,0,0,0,22,35.0,,12000,"{""amplitude"": 0, ""apply_aura"": 0, ""base_points"": 406, ""chain_targets"": 0, ""die_sides"": 109, ""implicit_target_a"": 6, ""implicit_target_b"": 0, ""mechanic"": 0, ""misc_value"": 0, ""points_per_level"": 3.4000000953674316, ""radius_yards"": null, ""trigger_spell"": 0, ""type"": 2}","{""amplitude"": 3000, ""apply_aura"": 3, ""base_points"": 38, ""chain_targets"": 0, ""die_sides"": 1, ""implicit_target_a"": 6, ""implicit_target_b"": 0, ""mechanic"": 0, ""misc_value"": 0, ""points_per_level"": 0.0, ""radius_yards"": null, ""trigger_spell"": 0, ""type"": 6}",,184,,,"{""AuraDescription_Lang_Mask"": 16712190, ""AuraDescription_Lang_enUS"": 5323, ""BaseLevel"": 42, ""CastingTimeIndex"": 6, ""DefenseType"": 1, ""Description_Lang_Mask"": 16712190, ""Description_Lang_enUS"": 232182, ""EffectBonusMultiplier_1"": 1.149999976158142, ""EffectBonusMultiplier_2"": 0.05000000074505806, ""EffectChainAmplitude_1"": 1.0, ""EffectChainAmplitude_2"": 1.0, ""EffectChainAmplitude_3"": 1.0, ""EquippedItemClass"": -1, ""FacingCasterFlags"": 1, ""InterruptFlags"": 15, ""MaxLevel"": 48, ""NameSubtext_Lang_Mask"": 16712190, ""NameSubtext_Lang_enUS"": ""Rank 5"", ""Name_Lang_Mask"": 16712190, ""PreventionType"": 1, ""ProcChance"": 101, ""Speed"": 24.0, ""SpellClassMask_1"": 4194304, ""SpellClassMask_3"": 8, ""SpellClassSet"": 3, ""SpellLevel"": 42, ""SpellPriority"": 50, ""SpellVisualID_1"": 2253, ""StartRecoveryCategory"": 133, ""StartRecoveryTime"": 1500}",pulled from existing data
12525,Pyroblast,4,0,0,65536,290,5000,0,0,0,0,22,35.0,,12000,"{""amplitude"": 0, ""apply_aura"": 0, ""base_points"": 502, ""chain_targets"": 0, ""die_sides"": 129, ""implicit_target_a"": 6, ""implicit_target_b"": 0, ""mechanic"": 0, ""misc_value"": 0, ""points_per_level"": 3.799999952316284, ""radius_yards"": null, ""trigger_spell"": 0, ""type"": 2}","{""amplitude"": 3000, ""apply_aura"": 3, ""base_points"": 46, ""chain_targets"": 0, ""die_sides"": 1, ""implicit_target_a"": 6, ""implicit_target_b"": 0, ""mechanic"": 0, ""misc_value"": 0, ""points_per_level"": 0.0, ""radius_yards"": null, ""trigger_spell"": 0, ""type"": 6}",,184,,,"{""AuraDescription_Lang_Mask"": 16712190, ""AuraDescription_Lang_enUS"": 5323, ""BaseLevel"": 48, ""CastingTimeIndex"": 6, ""DefenseType"": 1, ""Description_Lang_Mask"": 16712190, ""Description_Lang_enUS"": 232182, ""EffectBonusMultiplier_1"": 1.149999976158142, ""EffectBonusMultiplier_2"": 0.05000000074505806, ""EffectChainAmplitude_1"": 1.0, ""EffectChainAmplitude_2"": 1.0, ""EffectChainAmplitude_3"": 1.0, ""EquippedItemClass"": -1, ""FacingCasterFlags"": 1, ""InterruptFlags"": 15, ""MaxLevel"": 54, ""NameSubtext_Lang_Mask"": 16712190, ""NameSubtext_Lang_enUS"": ""Rank 6"", ""Name_Lang_Mask"": 16712190, ""PreventionType"": 1, ""ProcChance"": 101, ""Speed"": 24.0, ""SpellClassMask_1"": 4194304, ""SpellClassMask_3"": 8, ""SpellClassSet"": 3, ""SpellLevel"": 48, ""SpellPriority"": 50, ""SpellVisualID_1"": 2253, ""StartRecoveryCategory"": 133, ""StartRecoveryTime"": 1500}",pulled from existing data
12526,Pyroblast,4,0,0,65536,290,5000,0,0,0,0,22,35.0,,12000,"{""amplitude"": 0, ""apply_aura"": 0, ""base_points"": 599, ""chain_targets"": 0, ""die_sides"": 151, ""implicit_target_a"": 6, ""implicit_target_b"": 0, ""mechanic"": 0, ""misc_value"": 0, ""points_per_level"": 4.199999809265137, ""radius_yards"": null, ""trigger_spell"": 0, ""type"": 2}","{""amplitude"": 3000, ""apply_aura"": 3, ""base_points"": 56, ""chain_targets"": 0, ""die_sides"": 1, ""implicit_target_a"": 6, ""implicit_target_b"": 0, ""mechanic"": 0, ""misc_value"": 0, ""points_per_level"": 0.0, ""radius_yards"": null, ""trigger_spell"": 0, ""type"": 6}",,184,,,"{""AuraDescription_Lang_Mask"": 16712190, ""AuraDescription_Lang_enUS"": 5323, ""BaseLevel"": 54, ""CastingTimeIndex"": 6, ""DefenseType"": 1, ""Description_Lang_Mask"": 16712190, ""Description_Lang_enUS"": 232182, ""EffectBonusMultiplier_1"": 1.149999976158142, ""EffectBonusMultiplier_2"": 0.05000000074505806, ""EffectChainAmplitude_1"": 1.0, ""EffectChainAmplitude_2"": 1.0, ""EffectChainAmplitude_3"": 1.0, ""EquippedItemClass"": -1, ""FacingCasterFlags"": 1, ""InterruptFlags"": 15, ""MaxLevel"": 60, ""NameSubtext_Lang_Mask"": 16712190, ""NameSubtext_Lang_enUS"": ""Rank 7"", ""Name_Lang_Mask"": 16712190, ""PreventionType"": 1, ""ProcChance"": 101, ""Speed"": 24.0, ""SpellClassMask_1"": 4194304, ""SpellClassMask_3"": 8, ""SpellClassSet"": 3, ""SpellLevel"": 54, ""SpellPriority"": 50, ""SpellVisualID_1"": 2253, ""StartRecoveryCategory"": 133, ""StartRecoveryTime"": 1500}",pulled from existing data
12824,Polymorph,64,1,17,1074855936,0,1500,0,0,0,0,7,30.0,,30000,"{""amplitude"": 0, ""apply_aura"": 5, ""base_points"": -1, ""chain_targets"": 0, ""die_sides"": 1, ""implicit_target_a"": 6, ""implicit_target_b"": 0, ""mechanic"": 0, ""misc_value"": 0, ""points_per_level"": 0.0, ""radius_yards"": null, ""trigger_spell"": 0, ""type"": 6}","{""amplitude"": 0, ""apply_aura"": 56, ""base_points"": 0, ""chain_targets"": 0, ""die_sides"": 0, ""implicit_target_a"": 6, ""implicit_target_b"": 0, ""mechanic"": 0, ""misc_value"": 16372, ""points_per_level"": 0.0, ""radius_yards"": null, ""trigger_spell"": 0, ""type"": 6}",,82,,,"{""AttributesEx"": 262144, ""AttributesEx2"": 64, ""AttributesEx4"": 1610612736, ""AttributesEx5"": 32, ""AttributesEx6"": 8388608, ""AuraDescription_Lang_Mask"": 16712190, ""AuraDescription_Lang_enUS"": 4268, ""AuraInterruptFlags"": 524290, ""BaseLevel"": 20, ""CastingTimeIndex"": 16, ""DefenseType"": 1, ""Description_Lang_Mask"": 16712190, ""Description_Lang_enUS"": 3941, ""EffectBasePoints_3"": -1, ""EffectChainAmplitude_1"": 1.0, ""EffectChainAmplitude_2"": 1.0, ""EffectChainAmplitude_3"": 1.0, ""EffectDieSides_3"": 1, ""EquippedItemClass"": -1, ""InterruptFlags"": 15, ""NameSubtext_Lang_Mask"": 16712190, ""NameSubtext_Lang_enUS"": ""Rank 2"", ""Name_Lang_Mask"": 16712190, ""PreventionType"": 1, ""ProcChance"": 101, ""SpellClassMask_1"": 16777216, ""SpellClassSet"": 3, ""SpellLevel"": 20, ""SpellPriority"": 50, ""SpellVisualID_1"": 12978, ""StartRecoveryCategory"": 133, ""StartRecoveryTime"": 1500, ""TargetCreatureType"": 193}",pulled from existing data
12825,Polymorph,64,1,17,1074855936,0,1500,0,0,0,0,7,30.0,,40000,"{""amplitude"": 0, ""apply_aura"": 5, ""base_points"": -1, ""chain_targets"": 0, ""die_sides"": 1, ""implicit_target_a"": 6, ""implicit_target_b"": 0, ""mechanic"": 0, ""misc_value"": 0, ""points_per_level"": 0.0, ""radius_yards"": null, ""trigger_spell"": 0, ""type"": 6}","{""amplitude"": 0, ""apply_aura"": 56, ""base_points"": 0, ""chain_targets"": 0, ""die_sides"": 0, ""implicit_target_a"": 6, ""implicit_target_b"": 0, ""mechanic"": 0, ""misc_value"": 16372, ""points_per_level"": 0.0, ""radius_yards"": null, ""trigger_spell"": 0, ""type"": 6}",,82,,,"{""AttributesEx"": 262144, ""AttributesEx2"": 64, ""AttributesEx4"": 1610612736, ""AttributesEx5"": 32, ""AttributesEx6"": 8388608, ""AuraDescription_Lang_Mask"": 16712190, ""AuraDescription_Lang_enUS"": 4268, ""AuraInterruptFlags"": 524290, ""BaseLevel"": 40, ""CastingTimeIndex"": 16, ""DefenseType"": 1, ""Description_Lang_Mask"": 16712190, ""Description_Lang_enUS"": 3941, ""EffectBasePoints_3"": -1, ""EffectChainAmplitude_1"": 1.0, ""EffectChainAmplitude_2"": 1.0, ""EffectChainAmplitude_3"": 1.0, ""EffectDieSides_3"": 1, ""EquippedItemClass"": -1, ""InterruptFlags"": 15, ""NameSubtext_Lang_Mask"": 16712190, ""NameSubtext_Lang_enUS"": ""Rank 3"", ""Name_Lang_Mask"": 16712190, ""PreventionType"": 1, ""ProcChance"": 101, ""SpellClassMask_1"": 16777216, ""SpellClassSet"": 3, ""SpellLevel"": 40, ""SpellPriority"": 50, ""SpellVisualID_1"": 12978, ""StartRecoveryCategory"": 133, ""StartRecoveryTime"": 1500, ""TargetCreatureType"": 193}",pulled from existing data
12826,Polymorph,64,1,17,1074855936,0,1500,0,0,0,0,7,30.0,,50000,"{""amplitude"": 0, ""apply_aura"": 5, ""base_points"": -1, ""chain_targets"": 0, ""die_sides"": 1, ""implicit_target_a"": 6, ""implicit_target_b"": 0, ""mechanic"": 0, ""misc_value"": 0, ""points_per_level"": 0.0, ""radius_yards"": null, ""trigger_spell"": 0, ""type"": 6}","{""amplitude"": 0, ""apply_aura"": 56, ""base_points"": 0, ""chain_targets"": 0, ""die_sides"": 0, ""implicit_target_a"": 6, ""implicit_target_b"": 0, ""mechanic"": 0, ""misc_value"": 16372, ""points_per_level"": 0.0, ""radius_yards"": null, ""trigger_spell"": 0, ""type"": 6}",,82,,,"{""AttributesEx"": 262144, ""AttributesEx2"": 64, ""AttributesEx4"": 1610612736, ""AttributesEx5"": 32, ""AuraDescription_Lang_Mask"": 16712190, ""AuraDescription_Lang_enUS"": 4268, ""AuraInterruptFlags"": 524290, ""BaseLevel"": 60, ""CastingTimeIndex"": 16, ""DefenseType"": 1, ""Description_Lang_Mask"": 16712190, ""Description_Lang_enUS"": 3941, ""EffectBasePoints_3"": -1, ""EffectChainAmplitude_1"": 1.0, ""EffectChainAmplitude_2"": 1.0, ""EffectChainAmplitude_3"": 1.0, ""EffectDieSides_3"": 1, ""EquippedItemClass"": -1, ""InterruptFlags"": 15, ""NameSubtext_Lang_Mask"": 16712190, ""NameSubtext_Lang_enUS"": ""Rank 4"", ""Name_Lang_Mask"": 16712190, ""PreventionType"": 1, ""ProcChance"": 101, ""SpellClassMask_1"": 16777216, ""SpellClassSet"": 3, ""SpellLevel"": 60, ""SpellPriority"": 50, ""SpellVisualID_1"": 12978, ""StartRecoveryCategory"": 133, ""StartRecoveryTime"": 1500, ""TargetCreatureType"": 193}",pulled from existing data
13018,Blast Wave,4,0,0,65536,250,0,0,30000,0,0,7,0.0,,6000,"{""amplitude"": 0, ""apply_aura"": 0, ""base_points"": 200, ""chain_targets"": 0, ""die_sides"": 41, ""implicit_target_a"": 22, ""implicit_target_b"": 15, ""mechanic"": 0, ""misc_value"": 0, ""points_per_level"": 1.2000000476837158, ""radius_yards"": 10.0, ""trigger_spell"": 0, ""type"": 2}","{""amplitude"": 0, ""apply_aura"": 33, ""base_points"": -51, ""chain_targets"": 0, ""die_sides"": 1, ""implicit_target_a"": 22, ""implicit_target_b"": 15, ""mechanic"": 11, ""misc_value"": 0, ""points_per_level"": 0.0, ""radius_yards"": 10.0, ""trigger_spell"": 0, ""type"": 6}","{""amplitude"": 0, ""apply_aura"": 0, ""base_points"": 79, ""chain_targets"": 0, ""die_sides"": 1, ""implicit_target_a"": 22, ""implicit_target_b"": 15, ""mechanic"": 0, ""misc_value"": 100, ""points_per_level"": 0.0, ""radius_yards"": 10.0, ""trigger_spell"": 0, ""type"": 98}",292,,,"{""AttributesEx"": 136, ""AuraDescription_Lang_Mask"": 16712190, ""AuraDescription_Lang_enUS"": 225286, ""BaseLevel"": 36, ""CastingTimeIndex"": 1, ""DefenseType"": 1, ""Description_Lang_Mask"": 16712190, ""Description_Lang_enUS"": 225127, ""EffectBonusMultiplier_1"": 0.19300000369548798, ""EffectChainAmplitude_1"": 1.0, ""EffectChainAmplitude_2"": 1.0, ""EffectChainAmplitude_3"": 1.0, ""EquippedItemClass"": -1, ""MaxLevel"": 42, ""NameSubtext_Lang_Mask"": 16712190, ""NameSubtext_Lang_enUS"": ""Rank 2"", ""Name_Lang_Mask"": 16712190, ""PreventionType"": 1, ""ProcChance"": 101, ""RangeIndex"": 1, ""SpellClassMask_2"": 64, ""SpellClassSet"": 3, ""SpellLevel"": 36, ""SpellPriority"": 50, ""SpellVisualID_1"": 963, ""StartRecoveryCategory"": 133, ""StartRecoveryTime"": 1500}",pulled from existing data
13019,Blast Wave,4,0,0,65536,250,0,0,30000,0,0,7,0.0,,6000,"{""amplitude"": 0, ""apply_aura"": 0, ""base_points"": 276, ""chain_targets"": 0, ""die_sides"": 53, ""implicit_target_a"": 22, ""implicit_target_b"": 15, ""mechanic"": 0, ""misc_value"": 0, ""points_per_level"": 1.399999976158142, ""radius_yards"": 10.0, ""trigger_spell"": 0, ""type"": 2}","{""amplitude"": 0, ""apply_aura"": 33, ""base_points"": -51, ""chain_targets"": 0, ""die_sides"": 1, ""implicit_target_a"": 22, ""implicit_target_b"": 15, ""mechanic"": 11, ""misc_value"": 0, ""points_per_level"": 0.0, ""radius_yards"": 10.0, ""trigger_spell"": 0, ""type"": 6}","{""amplitude"": 0, ""apply_aura"": 0, ""base_points"": 79, ""chain_targets"": 0, ""die_sides"": 1, ""implicit_target_a"": 22, ""implicit_target_b"": 15, ""mechanic"": 0, ""misc_value"": 100, ""points_per_level"": 0.0, ""radius_yards"": 10.0, ""trigger_spell"": 0, ""type"": 98}",292,,,"{""AttributesEx"": 136, ""AuraDescription_Lang_Mask"": 16712190, ""AuraDescription_Lang_enUS"": 225286, ""BaseLevel"": 44, ""CastingTimeIndex"": 1, ""DefenseType"": 1, ""Description_Lang_Mask"": 16712190, ""Description_Lang_enUS"": 225127, ""EffectBonusMultiplier_1"": 0.19300000369548798, ""EffectChainAmplitude_1"": 1.0, ""EffectChainAmplitude_2"": 1.0, ""EffectChainAmplitude_3"": 1.0, ""EquippedItemClass"": -1, ""MaxLevel"": 50, ""NameSubtext_Lang_Mask"": 16712190, ""NameSubtext_Lang_enUS"": ""Rank 3"", ""Name_Lang_Mask"": 16712190, ""PreventionType"": 1, ""ProcChance"": 101, ""RangeIndex"": 1, ""SpellClassMask_2"": 64, ""SpellClassSet"": 3, ""SpellLevel"": 44, ""SpellPriority"": 50, ""SpellVisualID_1"": 963, ""StartRecoveryCategory"": 133, ""StartRecoveryTime"": 1500}",pulled from existing data
13020,Blast Wave,4,0,0,65536,250,0,0,30000,0,0,7,0.0,,6000,"{""amplitude"": 0, ""apply_aura"": 0, ""base_points"": 364, ""chain_targets"": 0, ""die_sides"": 69, ""implicit_target_a"": 22, ""implicit_target_b"": 15, ""mechanic"": 0, ""misc_value"": 0, ""points_per_level"": 1.600000023841858, ""radius_yards"": 10.0, ""trigger_spell"": 0, ""type"": 2}","{""amplitude"": 0, ""apply_aura"": 33, ""base_points"": -51, ""chain_targets"": 0, ""die_sides"": 1, ""implicit_target_a"": 22, ""implicit_target_b"": 15, ""mechanic"": 11, ""misc_value"": 0, ""points_per_level"": 0.0, ""radius_yards"": 10.0, ""trigger_spell"": 0, ""type"": 6}","{""amplitude"": 0, ""apply_aura"": 0, ""base_points"": 79, ""chain_targets"": 0, ""die_sides"": 1, ""implicit_target_a"": 22, ""implicit_target_b"": 15, ""mechanic"": 0, ""misc_value"": 100, ""points_per_level"": 0.0, ""radius_yards"": 10.0, ""trigger_spell"": 0, ""type"": 98}",292,,,"{""AttributesEx"": 136, ""AuraDescription_Lang_Mask"": 16712190, ""AuraDescription_Lang_enUS"": 225286, ""BaseLevel"": 52, ""CastingTimeIndex"": 1, ""DefenseType"": 1, ""Description_Lang_Mask"": 16712190, ""Description_Lang_enUS"": 225127, ""EffectBonusMultiplier_1"": 0.19300000369548798, ""EffectChainAmplitude_1"": 1.0, ""EffectChainAmplitude_2"": 1.0, ""EffectChainAmplitude_3"": 1.0, ""EquippedItemClass"": -1, ""MaxLevel"": 58, ""NameSubtext_Lang_Mask"": 16712190, ""NameSubtext_Lang_enUS"": ""Rank 4"", ""Name_Lang_Mask"": 16712190, ""PreventionType"": 1, ""ProcChance"": 101, ""RangeIndex"": 1, ""SpellClassMask_2"": 64, ""SpellClassSet"": 3, ""SpellLevel"": 52, ""SpellPriority"": 50, ""SpellVisualID_1"": 963, ""StartRecoveryCategory"": 133, ""StartRecoveryTime"": 1500}",pulled from existing data
13021,Blast Wave,4,0,0,65536,250,0,0,30000,0,0,7,0.0,,6000,"{""amplitude"": 0, ""apply_aura"": 0, ""base_points"": 461, ""chain_targets"": 0, ""die_sides"": 83, ""implicit_target_a"": 22, ""implicit_target_b"": 15, ""mechanic"": 0, ""misc_value"": 0, ""points_per_level"": 1.899999976158142, ""radius_yards"": 10.0, ""trigger_spell"": 0, ""type"": 2}","{""amplitude"": 0, ""apply_aura"": 33, ""base_points"": -51, ""chain_targets"": 0, ""die_sides"": 1, ""implicit_target_a"": 22, ""implicit_target_b"": 15, ""mechanic"": 11, ""misc_value"": 0, ""points_per_level"": 0.0, ""radius_yards"": 10.0, ""trigger_spell"": 0, ""type"": 6}","{""amplitude"": 0, ""apply_aura"": 0, ""base_points"": 79, ""chain_targets"": 0, ""die_sides"": 1, ""implicit_target_a"": 22, ""implicit_target_b"": 15, ""mechanic"": 0, ""misc_value"": 100, ""points_per_level"": 0.0, ""radius_yards"": 10.0, ""trigger_spell"": 0, ""type"": 98}",292,,,"{""AttributesEx"": 136, ""AuraDescription_Lang_Mask"": 16712190, ""AuraDescription_Lang_enUS"": 225286, ""BaseLevel"": 60, ""CastingTimeIndex"": 1, ""DefenseType"": 1, ""Description_Lang_Mask"": 16712190, ""Description_Lang_enUS"": 225127, ""EffectBonusMultiplier_1"": 0.19300000369548798, ""EffectChainAmplitude_1"": 1.0, ""EffectChainAmplitude_2"": 1.0, ""EffectChainAmplitude_3"": 1.0, ""EquippedItemClass"": -1, ""MaxLevel"": 66, ""NameSubtext_Lang_Mask"": 16712190, ""NameSubtext_Lang_enUS"": ""Rank 5"", ""Name_Lang_Mask"": 16712190, ""PreventionType"": 1, ""ProcChance"": 101, ""RangeIndex"": 1, ""SpellClassMask_2"": 64, ""SpellClassSet"": 3, ""SpellLevel"": 60, ""SpellPriority"": 50, ""SpellVisualID_1"": 963, ""StartRecoveryCategory"": 133, ""StartRecoveryTime"": 1500}",pulled from existing data
13031,Ice Barrier,16,1,0,327680,471,0,0,30000,0,0,21,0.0,,60000,"{""amplitude"": 0, ""apply_aura"": 69, ""base_points"": 548, ""chain_targets"": 0, ""die_sides"": 1, ""implicit_target_a"": 1, ""implicit_target_b"": 0, ""mechanic"": 0, ""misc_value"": 127, ""points_per_level"": 3.200000047683716, ""radius_yards"": null, ""trigger_spell"": 0, ""type"": 6}",,,32,,,"{""AuraDescription_Lang_Mask"": 16712190, ""AuraDescription_Lang_enUS"": 735, ""BaseLevel"": 46, ""CastingTimeIndex"": 1, ""DefenseType"": 1, ""Description_Lang_Mask"": 16712190, ""Description_Lang_enUS"": 234421, ""EffectChainAmplitude_1"": 1.0, ""EffectChainAmplitude_2"": 1.0, ""EffectChainAmplitude_3"": 1.0, ""EquippedItemClass"": -1, ""InterruptFlags"": 8, ""MaxLevel"": 52, ""NameSubtext_Lang_Mask"": 16712190, ""NameSubtext_Lang_enUS"": ""Rank 2"", ""Name_Lang_Mask"": 16712190, ""PreventionType"": 1, ""ProcChance"": 101, ""RangeIndex"": 1, ""SpellClassMask_2"": 1, ""SpellClassMask_3"": 8, ""SpellClassSet"": 3, ""SpellLevel"": 46, ""SpellPriority"": 50, ""SpellVisualID_1"": 4302, ""StartRecoveryCategory"": 133, ""StartRecoveryTime"": 1500}",pulled from existing data
13032,Ice Barrier,16,1,0,327680,471,0,0,30000,0,0,21,0.0,,60000,"{""amplitude"": 0, ""apply_aura"": 69, ""base_points"": 677, ""chain_targets"": 0, ""die_sides"": 1, ""implicit_target_a"": 1, ""implicit_target_b"": 0, ""mechanic"": 0, ""misc_value"": 127, ""points_per_level"": 3.5999999046325684, ""radius_yards"": null, ""trigger_spell"": 0, ""type"": 6}",,,32,,,"{""AuraDescription_Lang_Mask"": 16712190, ""AuraDescription_Lang_enUS"": 735, ""BaseLevel"": 52, ""CastingTimeIndex"": 1, ""DefenseType"": 1, ""Description_Lang_Mask"": 16712190, ""Description_Lang_enUS"": 234421, ""EffectChainAmplitude_1"": 1.0, ""EffectChainAmplitude_2"": 1.0, ""EffectChainAmplitude_3"": 1.0, ""EquippedItemClass"": -1, ""InterruptFlags"": 8, ""MaxLevel"": 58, ""NameSubtext_Lang_Mask"": 16712190, ""NameSubtext_Lang_enUS"": ""Rank 3"", ""Name_Lang_Mask"": 16712190, ""PreventionType"": 1, ""ProcChance"": 101, ""RangeIndex"": 1, ""SpellClassMask_2"": 1, ""SpellClassMask_3"": 8, ""SpellClassSet"": 3, ""SpellLevel"": 52, ""SpellPriority"": 50, ""SpellVisualID_1"": 4302, ""StartRecoveryCategory"": 133, ""StartRecoveryTime"": 1500}",pulled from existing data
13033,Ice Barrier,16,1,0,327680,471,0,0,30000,0,0,21,0.0,,60000,"{""amplitude"": 0, ""apply_aura"": 69, ""base_points"": 817, ""chain_targets"": 0, ""die_sides"": 1, ""implicit_target_a"": 1, ""implicit_target_b"": 0, ""mechanic"": 0, ""misc_value"": 127, ""points_per_level"": 4.0, ""radius_yards"": null, ""trigger_spell"": 0, ""type"": 6}",,,32,,,"{""AuraDescription_Lang_Mask"": 16712190, ""AuraDescription_Lang_enUS"": 735, ""BaseLevel"": 58, ""CastingTimeIndex"": 1, ""DefenseType"": 1, ""Description_Lang_Mask"": 16712190, ""Description_Lang_enUS"": 234421, ""EffectChainAmplitude_1"": 1.0, ""EffectChainAmplitude_2"": 1.0, ""EffectChainAmplitude_3"": 1.0, ""EquippedItemClass"": -1, ""InterruptFlags"": 8, ""MaxLevel"": 64, ""NameSubtext_Lang_Mask"": 16712190, ""NameSubtext_Lang_enUS"": ""Rank 4"", ""Name_Lang_Mask"": 16712190, ""PreventionType"": 1, ""ProcChance"": 101, ""RangeIndex"": 1, ""SpellClassMask_2"": 1, ""SpellClassMask_3"": 8, ""SpellClassSet"": 3, ""SpellLevel"": 58, ""SpellPriority"": 50, ""SpellVisualID_1"": 4302, ""StartRecoveryCategory"": 133, ""StartRecoveryTime"": 1500}",pulled from existing data
18469,Silenced - Improved Counterspell,64,1,9,0,0,0,0,0,3,0,0,50000.0,,2000,"{""amplitude"": 0, ""apply_aura"": 27, ""base_points"": 0, ""chain_targets"": 0, ""die_sides"": 1, ""implicit_target_a"": 6, ""implicit_target_b"": 0, ""mechanic"": 0, ""misc_value"": 0, ""points_per_level"": 0.0, ""radius_yards"": null, ""trigger_spell"": 0, ""type"": 6}",,,17,,,"{""AttributesEx"": 136, ""AttributesEx2"": 4, ""AttributesEx3"": 1073872896, ""AuraDescription_Lang_Mask"": 16712190, ""AuraDescription_Lang_enUS"": 30338, ""CastingTimeIndex"": 1, ""Description_Lang_Mask"": 16712190, ""Description_Lang_enUS"": 421288, ""EffectBonusMultiplier_2"": 1.0, ""EffectBonusMultiplier_3"": 1.0, ""EffectChainAmplitude_1"": 1.0, ""EffectChainAmplitude_2"": 1.0, ""EffectChainAmplitude_3"": 1.0, ""EquippedItemClass"": -1, ""NameSubtext_Lang_Mask"": 16712190, ""NameSubtext_Lang_enUS"": ""Rank 1"", ""Name_Lang_Mask"": 16712190, ""PreventionType"": 1, ""ProcChance"": 101, ""SpellClassMask_2"": 1073741824, ""SpellClassSet"": 3}",pulled from existing data
18809,Pyroblast,4,0,0,65536,290,5000,0,0,0,0,22,35.0,,12000,"{""amplitude"": 0, ""apply_aura"": 0, ""base_points"": 707, ""chain_targets"": 0, ""die_sides"": 191, ""implicit_target_a"": 6, ""implicit_target_b"": 0, ""mechanic"": 0, ""misc_value"": 0, ""points_per_level"": 4.599999904632568, ""radius_yards"": null, ""trigger_spell"": 0, ""type"": 2}","{""amplitude"": 3000, ""apply_aura"": 3, ""base_points"": 66, ""chain_targets"": 0, ""die_sides"": 1, ""implicit_target_a"": 6, ""implicit_target_b"": 0, ""mechanic"": 0, ""misc_value"": 0, ""points_per_level"": 0.0, ""radius_yards"": null, ""trigger_spell"": 0, ""type"": 6}",,184,,,"{""AuraDescription_Lang_Mask"": 16712190, ""AuraDescription_Lang_enUS"": 5323, ""BaseLevel"": 60, ""CastingTimeIndex"": 6, ""DefenseType"": 1, ""Description_Lang_Mask"": 16712190, ""Description_Lang_enUS"": 232182, ""EffectBonusMultiplier_1"": 1.149999976158142, ""EffectBonusMultiplier_2"": 0.05000000074505806, ""EffectChainAmplitude_1"": 1.0, ""EffectChainAmplitude_2"": 1.0, ""EffectChainAmplitude_3"": 1.0, ""EquippedItemClass"": -1, ""FacingCasterFlags"": 1, ""InterruptFlags"": 15, ""MaxLevel"": 66, ""NameSubtext_Lang_Mask"": 16712190, ""NameSubtext_Lang_enUS"": ""Rank 8"", ""Name_Lang_Mask"": 16712190, ""PreventionType"": 1, ""ProcChance"": 101, ""Speed"": 24.0, ""SpellClassMask_1"": 4194304, ""SpellClassMask_3"": 8, ""SpellClassSet"": 3, ""SpellLevel"": 60, ""SpellPriority"": 50, ""SpellVisualID_1"": 2253, ""StartRecoveryCategory"": 133, ""StartRecoveryTime"": 1500}",pulled from existing data
22782,Mage Armor,64,0,0,65536,0,0,0,0,0,0,26,0.0,,1800000,"{""amplitude"": 0, ""apply_aura"": 22, ""base_points"": 9, ""chain_targets"": 0, ""die_sides"": 1, ""implicit_target_a"": 1, ""implicit_target_b"": 0, ""mechanic"": 0, ""misc_value"": 126, ""points_per_level"": 0.0, ""radius_yards"": null, ""trigger_spell"": 0, ""type"": 6}","{""amplitude"": 0, ""apply_aura"": 134, ""base_points"": 49, ""chain_targets"": 0, ""die_sides"": 1, ""implicit_target_a"": 1, ""implicit_target_b"": 0, ""mechanic"": 0, ""misc_value"": 0, ""points_per_level"": 0.0, ""radius_yards"": null, ""trigger_spell"": 0, ""type"": 6}",,1711,,,"{""AttributesEx7"": 268435456, ""AuraDescription_Lang_Mask"": 16712190, ""AuraDescription_Lang_enUS"": 110507, ""BaseLevel"": 46, ""CastingTimeIndex"": 1, ""DefenseType"": 1, ""Description_Lang_Mask"": 16712190, ""Description_Lang_enUS"": 110312, ""EffectChainAmplitude_1"": 1.0, ""EffectChainAmplitude_2"": 1.0, ""EffectChainAmplitude_3"": 1.0, ""EquippedItemClass"": -1, ""InterruptFlags"": 8, ""NameSubtext_Lang_Mask"": 16712190, ""NameSubtext_Lang_enUS"": ""Rank 2"", ""Name_Lang_Mask"": 16712190, ""PreventionType"": 1, ""ProcChance"": 101, ""RangeIndex"": 1, ""SpellClassMask_1"": 268435456, ""SpellClassSet"": 3, ""SpellLevel"": 46, ""SpellPriority"": 50, ""SpellVisualID_1"": 284, ""StartRecoveryCategory"": 133, ""StartRecoveryTime"": 1500}",pulled from existing data
22783,Mage Armor,64,0,0,65536,0,0,0,0,0,0,26,0.0,,1800000,"{""amplitude"": 0, ""apply_aura"": 22, ""base_points"": 14, ""chain_targets"": 0, ""die_sides"": 1, ""implicit_target_a"": 1, ""implicit_target_b"": 0, ""mechanic"": 0, ""misc_value"": 126, ""points_per_level"": 0.0, ""radius_yards"": null, ""trigger_spell"": 0, ""type"": 6}","{""amplitude"": 0, ""apply_aura"": 134, ""base_points"": 49, ""chain_targets"": 0, ""die_sides"": 1, ""implicit_target_a"": 1, ""implicit_target_b"": 0, ""mechanic"": 0, ""misc_value"": 0, ""points_per_level"": 0.0, ""radius_yards"": null, ""trigger_spell"": 0, ""type"": 6}",,1711,,,"{""AttributesEx7"": 268435456, ""AuraDescription_Lang_Mask"": 16712190, ""AuraDescription_Lang_enUS"": 110507, ""BaseLevel"": 58, ""CastingTimeIndex"": 1, ""DefenseType"": 1, ""Description_Lang_Mask"": 16712190, ""Description_Lang_enUS"": 110312, ""EffectChainAmplitude_1"": 1.0, ""EffectChainAmplitude_2"": 1.0, ""EffectChainAmplitude_3"": 1.0, ""EquippedItemClass"": -1, ""InterruptFlags"": 8, ""NameSubtext_Lang_Mask"": 16712190, ""NameSubtext_Lang_enUS"": ""Rank 3"", ""Name_Lang_Mask"": 16712190, ""PreventionType"": 1, ""ProcChance"": 101, ""RangeIndex"": 1, ""SpellClassMask_1"": 268435456, ""SpellClassSet"": 3, ""SpellLevel"": 58, ""SpellPriority"": 50, ""SpellVisualID_1"": 284, ""StartRecoveryCategory"": 133, ""StartRecoveryTime"": 1500}",pulled from existing data
23028,Arcane Brilliance,64,1,0,65536,0,0,0,0,0,0,81,40.0,,3600000,"{""amplitude"": 0, ""apply_aura"": 29, ""base_points"": 30, ""chain_targets"": 0, ""die_sides"": 1, ""implicit_target_a"": 56, ""implicit_target_b"": 0, ""mechanic"": 0, ""misc_value"": 3, ""points_per_level"": 0.0, ""radius_yards"": 100.0, ""trigger_spell"": 0, ""type"": 6}",,,1694,,,"{""AttributesEx6"": 67108864, ""AttributesEx7"": 268435456, ""AuraDescription_Lang_Mask"": 16712190, ""AuraDescription_Lang_enUS"": 30804, ""BaseLevel"": 56, ""CastingTimeIndex"": 1, ""DefenseType"": 1, ""Description_Lang_Mask"": 16712190, ""Description_Lang_enUS"": 533475, ""EffectChainAmplitude_1"": 1.0, ""EffectChainAmplitude_2"": 1.0, ""EffectChainAmplitude_3"": 1.0, ""EquippedItemClass"": -1, ""InterruptFlags"": 8, ""MaxLevel"": 66, ""NameSubtext_Lang_Mask"": 16712190, ""NameSubtext_Lang_enUS"": ""Rank 1"", ""Name_Lang_Mask"": 16712190, ""PreventionType"": 1, ""ProcChance"": 101, ""ReagentCount_1"": 1, ""Reagent_1"": 17020, ""SpellClassMask_1"": 1024, ""SpellClassSet"": 3, ""SpellLevel"": 56, ""SpellVisualID_1"": 158, ""StartRecoveryCategory"": 133, ""StartRecoveryTime"": 1500}",pulled from existing data
25304,Frostbolt,16,1,0,65536,0,3000,0,0,0,0,11,30.0,,9000,"{""amplitude"": 0, ""apply_aura"": 33, ""base_points"": -41, ""chain_targets"": 0, ""die_sides"": 1, ""implicit_target_a"": 6, ""implicit_target_b"": 0, ""mechanic"": 11, ""misc_value"": 0, ""points_per_level"": 0.0, ""radius_yards"": null, ""trigger_spell"": 0, ""type"": 6}","{""amplitude"": 0, ""apply_aura"": 0, ""base_points"": 514, ""chain_targets"": 0, ""die_sides"": 41, ""implicit_target_a"": 6, ""implicit_target_b"": 0, ""mechanic"": 0, ""misc_value"": 0, ""points_per_level"": 3.200000047683716, ""radius_yards"": null, ""trigger_spell"": 0, ""type"": 2}","{""amplitude"": 0, ""apply_aura"": 118, ""base_points"": -1, ""chain_targets"": 0, ""die_sides"": 1, ""implicit_target_a"": 6, ""implicit_target_b"": 0, ""mechanic"": 0, ""misc_value"": 127, ""points_per_level"": 0.0, ""radius_yards"": null, ""trigger_spell"": 0, ""type"": 6}",188,,,"{""AttributesEx6"": 2097152, ""AuraDescription_Lang_Mask"": 16712190, ""AuraDescription_Lang_enUS"": 3906, ""BaseLevel"": 60, ""CastingTimeIndex"": 14, ""DefenseType"": 1, ""Description_Lang_Mask"": 16712190, ""Description_Lang_enUS"": 3770, ""EffectBonusMultiplier_2"": 0.8569999933242798, ""EffectChainAmplitude_1"": 1.0, ""EffectChainAmplitude_2"": 1.0, ""EffectChainAmplitude_3"": 1.0, ""EquippedItemClass"": -1, ""FacingCasterFlags"": 1, ""InterruptFlags"": 15, ""MaxLevel"": 64, ""NameSubtext_Lang_Mask"": 16712190, ""NameSubtext_Lang_enUS"": ""Rank 11"", ""Name_Lang_Mask"": 16712190, ""PreventionType"": 1, ""ProcChance"": 101, ""Speed"": 28.0, ""SpellClassMask_1"": 32, ""SpellClassSet"": 3, ""SpellDescriptionVariableID"": 167, ""SpellLevel"": 60, ""SpellPriority"": 50, ""SpellVisualID_1"": 13, ""StartRecoveryCategory"": 133, ""StartRecoveryTime"": 1500}",pulled from existing data
25306,Fireball,4,0,0,65536,0,3500,0,0,0,0,19,35.0,,8000,"{""amplitude"": 0, ""apply_aura"": 0, ""base_points"": 595, ""chain_targets"": 0, ""die_sides"": 165, ""implicit_target_a"": 6, ""implicit_target_b"": 0, ""mechanic"": 0, ""misc_value"": 0, ""points_per_level"": 3.799999952316284, ""radius_yards"": null, ""trigger_spell"": 0, ""type"": 2}","{""amplitude"": 2000, ""apply_aura"": 3, ""base_points"": 18, ""chain_targets"": 0, ""die_sides"": 1, ""implicit_target_a"": 6, ""implicit_target_b"": 0, ""mechanic"": 0, ""misc_value"": 0, ""points_per_level"": 0.0, ""radius_yards"": null, ""trigger_spell"": 0, ""type"": 6}",,185,,,"{""AuraDescription_Lang_Mask"": 16712190, ""AuraDescription_Lang_enUS"": 5323, ""BaseLevel"": 60, ""CastingTimeIndex"": 22, ""DefenseType"": 1, ""Description_Lang_Mask"": 16712190, ""Description_Lang_enUS"": 5233, ""EffectBonusMultiplier_1"": 1.0, ""EffectChainAmplitude_1"": 1.0, ""EffectChainAmplitude_2"": 1.0, ""EffectChainAmplitude_3"": 1.0, ""EquippedItemClass"": -1, ""FacingCasterFlags"": 1, ""InterruptFlags"": 15, ""MaxLevel"": 64, ""NameSubtext_Lang_Mask"": 16712190, ""NameSubtext_Lang_enUS"": ""Rank 12"", ""Name_Lang_Mask"": 16712190, ""PreventionType"": 1, ""ProcChance"": 101, ""Speed"": 24.0, ""SpellClassMask_1"": 1, ""SpellClassMask_3"": 8, ""SpellClassSet"": 3, ""SpellLevel"": 60, ""SpellPriority"": 50, ""SpellVisualID_1"": 67, ""StartRecoveryCategory"": 133, ""StartRecoveryTime"": 1500}",pulled from existing data
25345,Arcane Missiles,64,0,0,536936704,0,0,0,0,0,0,31,30.0,,5000,"{""amplitude"": 0, ""apply_aura"": 4, ""base_points"": 0, ""chain_targets"": 0, ""die_sides"": 0, ""implicit_target_a"": 6, ""implicit_target_b"": 0, ""mechanic"": 0, ""misc_value"": 0, ""points_per_level"": 0.0, ""radius_yards"": null, ""trigger_spell"": 0, ""type"": 6}","{""amplitude"": 1000, ""apply_aura"": 23, ""base_points"": 0, ""chain_targets"": 0, ""die_sides"": 0, ""implicit_target_a"": 1, ""implicit_target_b"": 0, ""mechanic"": 0, ""misc_value"": 0, ""points_per_level"": 0.0, ""radius_yards"": null, ""trigger_spell"": 25346, ""type"": 6}",,225,,,"{""AttributesEx"": 335561860, ""AttributesEx4"": 134217728, ""AttributesEx5"": 8192, ""AuraDescription_Lang_Mask"": 16712188, ""BaseLevel"": 60, ""CastingTimeIndex"": 1, ""ChannelInterruptFlags"": 31756, ""Description_Lang_Mask"": 16712190, ""Description_Lang_enUS"": 611651, ""EffectChainAmplitude_1"": 1.0, ""EffectChainAmplitude_2"": 1.0, ""EffectChainAmplitude_3"": 1.0, ""EquippedItemClass"": -1, ""FacingCasterFlags"": 1, ""InterruptFlags"": 15, ""MaxLevel"": 64, ""NameSubtext_Lang_Mask"": 16712190, ""NameSubtext_Lang_enUS"": ""Rank 8"", ""Name_Lang_Mask"": 16712190, ""PreventionType"": 1, ""ProcChance"": 101, ""SpellClassMask_1"": 2048, ""SpellClassSet"": 3, ""SpellLevel"": 60, ""SpellPriority"": 50, ""SpellVisualID_1"": 262, ""StartRecoveryCategory"": 133, ""StartRecoveryTime"": 1500}",pulled from existing data
25346,Arcane Missiles,64,0,0,65536,0,0,0,0,0,0,0,30.0,,,"{""amplitude"": 0, ""apply_aura"": 0, ""base_points"": 229, ""chain_targets"": 0, ""die_sides"": 1, ""implicit_target_a"": 77, ""implicit_target_b"": 0, ""mechanic"": 0, ""misc_value"": 0, ""points_per_level"": 1.0, ""radius_yards"": null, ""trigger_spell"": 0, ""type"": 2}",,,225,,,"{""AttributesEx2"": 4, ""AttributesEx3"": 512, ""AuraDescription_Lang_Mask"": 16712188, ""BaseLevel"": 60, ""CastingTimeIndex"": 1, ""DefenseType"": 1, ""Description_Lang_Mask"": 16712190, ""Description_Lang_enUS"": 611651, ""EffectBonusMultiplier_1"": 0.28600001335144043, ""EffectChainAmplitude_1"": 1.0, ""EffectChainAmplitude_2"": 1.0, ""EffectChainAmplitude_3"": 1.0, ""EquippedItemClass"": -1, ""FacingCasterFlags"": 1, ""InterruptFlags"": 8, ""MaxLevel"": 64, ""NameSubtext_Lang_Mask"": 16712190, ""NameSubtext_Lang_enUS"": ""Rank 8"", ""Name_Lang_Mask"": 16712190, ""PreventionType"": 1, ""ProcChance"": 101, ""Speed"": 20.0, ""SpellClassMask_1"": 2097152, ""SpellClassSet"": 3, ""SpellLevel"": 60, ""SpellPriority"": 50, ""SpellVisualID_1"": 270}",pulled from existing data
27070,Fireball,4,0,0,65536,0,3500,0,0,0,0,19,35.0,,8000,"{""amplitude"": 0, ""apply_aura"": 0, ""base_points"": 632, ""chain_targets"": 0, ""die_sides"": 173, ""implicit_target_a"": 6, ""implicit_target_b"": 0, ""mechanic"": 0, ""misc_value"": 0, ""points_per_level"": 4.0, ""radius_yards"": null, ""trigger_spell"": 0, ""type"": 2}","{""amplitude"": 2000, ""apply_aura"": 3, ""base_points"": 20, ""chain_targets"": 0, ""die_sides"": 1, ""implicit_target_a"": 6, ""implicit_target_b"": 0, ""mechanic"": 0, ""misc_value"": 0, ""points_per_level"": 0.0, ""radius_yards"": null, ""trigger_spell"": 0, ""type"": 6}",,185,,,"{""AuraDescription_Lang_Mask"": 16712190, ""AuraDescription_Lang_enUS"": 5323, ""BaseLevel"": 66, ""CastingTimeIndex"": 22, ""DefenseType"": 1, ""Description_Lang_Mask"": 16712190, ""Description_Lang_enUS"": 5233, ""EffectBonusMultiplier_1"": 1.0, ""EffectChainAmplitude_1"": 1.0, ""EffectChainAmplitude_2"": 1.0, ""EffectChainAmplitude_3"": 1.0, ""EquippedItemClass"": -1, ""FacingCasterFlags"": 1, ""InterruptFlags"": 15, ""MaxLevel"": 70, ""NameSubtext_Lang_Mask"": 16712190, ""NameSubtext_Lang_enUS"": ""Rank 13"", ""Name_Lang_Mask"": 16712190, ""PreventionType"": 1, ""ProcChance"": 101, ""Speed"": 24.0, ""SpellClassMask_1"": 1, ""SpellClassMask_3"": 8, ""SpellClassSet"": 3, ""SpellLevel"": 66, ""SpellPriority"": 50, ""SpellVisualID_1"": 67, ""StartRecoveryCategory"": 133, ""StartRecoveryTime"": 1500}",pulled from existing data
27071,Frostbolt,16,1,0,65536,0,3000,0,0,0,0,11,30.0,,9000,"{""amplitude"": 0, ""apply_aura"": 33, ""base_points"": -41, ""chain_targets"": 0, ""die_sides"": 1, ""implicit_target_a"": 6, ""implicit_target_b"": 0, ""mechanic"": 11, ""misc_value"": 0, ""points_per_level"": 0.0, ""radius_yards"": null, ""trigger_spell"": 0, ""type"": 6}","{""amplitude"": 0, ""apply_aura"": 0, ""base_points"": 535, ""chain_targets"": 0, ""die_sides"": 43, ""implicit_target_a"": 6, ""implicit_target_b"": 0, ""mechanic"": 0, ""misc_value"": 0, ""points_per_level"": 3.200000047683716, ""radius_yards"": null, ""trigger_spell"": 0, ""type"": 2}","{""amplitude"": 0, ""apply_aura"": 118, ""base_points"": -1, ""chain_targets"": 0, ""die_sides"": 1, ""implicit_target_a"": 6, ""implicit_target_b"": 0, ""mechanic"": 0, ""misc_value"": 127, ""points_per_level"": 0.0, ""radius_yards"": null, ""trigger_spell"": 0, ""type"": 6}",188,,,"{""AttributesEx6"": 2097152, ""AuraDescription_Lang_Mask"": 16712190, ""AuraDescription_Lang_enUS"": 3906, ""BaseLevel"": 63, ""CastingTimeIndex"": 14, ""DefenseType"": 1, ""Description_Lang_Mask"": 16712190, ""Description_Lang_enUS"": 3770, ""EffectBonusMultiplier_2"": 0.8569999933242798, ""EffectChainAmplitude_1"": 1.0, ""EffectChainAmplitude_2"": 1.0, ""EffectChainAmplitude_3"": 1.0, ""EquippedItemClass"": -1, ""FacingCasterFlags"": 1, ""InterruptFlags"": 15, ""MaxLevel"": 67, ""NameSubtext_Lang_Mask"": 16712190, ""NameSubtext_Lang_enUS"": ""Rank 12"", ""Name_Lang_Mask"": 16712190, ""PreventionType"": 1, ""ProcChance"": 101, ""Speed"": 28.0, ""SpellClassMask_1"": 32, ""SpellClassSet"": 3, ""SpellDescriptionVariableID"": 167, ""SpellLevel"": 63, ""SpellPriority"": 50, ""SpellVisualID_1"": 13, ""StartRecoveryCategory"": 133, ""StartRecoveryTime"": 1500}",pulled from existing data
27072,Frostbolt,16,1,0,65536,0,3000,0,0,0,0,11,30.0,,9000,"{""amplitude"": 0, ""apply_aura"": 33, ""base_points"": -41, ""chain_targets"": 0, ""die_sides"": 1, ""implicit_target_a"": 6, ""implicit_target_b"": 0, ""mechanic"": 11, ""misc_value"": 0, ""points_per_level"": 0.0, ""radius_yards"": null, ""trigger_spell"": 0, ""type"": 6}","{""amplitude"": 0, ""apply_aura"": 0, ""base_points"": 596, ""chain_targets"": 0, ""die_sides"": 47, ""implicit_target_a"": 6, ""implicit_target_b"": 0, ""mechanic"": 0, ""misc_value"": 0, ""points_per_level"": 3.5, ""radius_yards"": null, ""trigger_spell"": 0, ""type"": 2}","{""amplitude"": 0, ""apply_aura"": 118, ""base_points"": -1, ""chain_targets"": 0, ""die_sides"": 1, ""implicit_target_a"": 6, ""implicit_target_b"": 0, ""mechanic"": 0, ""misc_value"": 127, ""points_per_level"": 0.0, ""radius_yards"": null, ""trigger_spell"": 0, ""type"": 6}",188,,,"{""AttributesEx6"": 2097152, ""AuraDescription_Lang_Mask"": 16712190, ""AuraDescription_Lang_enUS"": 3906, ""BaseLevel"": 69, ""CastingTimeIndex"": 14, ""DefenseType"": 1, ""Description_Lang_Mask"": 16712190, ""Description_Lang_enUS"": 3770, ""EffectBonusMultiplier_2"": 0.8569999933242798, ""EffectChainAmplitude_1"": 1.0, ""EffectChainAmplitude_2"": 1.0, ""EffectChainAmplitude_3"": 1.0, ""EquippedItemClass"": -1, ""FacingCasterFlags"": 1, ""InterruptFlags"": 15, ""MaxLevel"": 73, ""NameSubtext_Lang_Mask"": 16712190, ""NameSubtext_Lang_enUS"": ""Rank 13"", ""Name_Lang_Mask"": 16712190, ""PreventionType"": 1, ""ProcChance"": 101, ""Speed"": 28.0, ""SpellClassMask_1"": 32, ""SpellClassSet"": 3, ""SpellDescriptionVariableID"": 167, ""SpellLevel"": 69, ""SpellPriority"": 50, ""SpellVisualID_1"": 13, ""StartRecoveryCategory"": 133, ""StartRecoveryTime"": 1500}",pulled from existing data
27073,Scorch,4,0,0,65536,0,1500,0,0,0,0,8,30.0,,,"{""amplitude"": 0, ""apply_aura"": 0, ""base_points"": 268, ""chain_targets"": 0, ""die_sides"": 49, ""implicit_target_a"": 6, ""implicit_target_b"": 0, ""mechanic"": 0, ""misc_value"": 0, ""points_per_level"": 2.299999952316284, ""radius_yards"": null, ""trigger_spell"": 0, ""type"": 2}",,,816,,,"{""AuraDescription_Lang_Mask"": 16712188, ""BaseLevel"": 65, ""CastingTimeIndex"": 16, ""DefenseType"": 1, ""Description_Lang_Mask"": 16712190, ""Description_Lang_enUS"": 53680, ""EffectBonusMultiplier_1"": 0.42899999022483826, ""EffectChainAmplitude_1"": 1.0, ""EffectChainAmplitude_2"": 1.0, ""EffectChainAmplitude_3"": 1.0, ""EquippedItemClass"": -1, ""FacingCasterFlags"": 1, ""InterruptFlags"": 15, ""MaxLevel"": 69, ""NameSubtext_Lang_Mask"": 16712190, ""NameSubtext_Lang_enUS"": ""Rank 8"", ""Name_Lang_Mask"": 16712190, ""PreventionType"": 1, ""ProcChance"": 101, ""SpellClassMask_1"": 16, ""SpellClassSet"": 3, ""SpellLevel"": 65, ""SpellPriority"": 50, ""SpellVisualID_1"": 945, ""StartRecoveryCategory"": 133, ""StartRecoveryTime"": 1500}",pulled from existing data
27074,Scorch,4,0,0,65536,0,1500,0,0,0,0,8,30.0,,,"{""amplitude"": 0, ""apply_aura"": 0, ""base_points"": 304, ""chain_targets"": 0, ""die_sides"": 57, ""implicit_target_a"": 6, ""implicit_target_b"": 0, ""mechanic"": 0, ""misc_value"": 0, ""points_per_level"": 2.5, ""radius_yards"": null, ""trigger_spell"": 0, ""type"": 2}",,,816,,,"{""AuraDescription_Lang_Mask"": 16712188, ""BaseLevel"": 70, ""CastingTimeIndex"": 16, ""DefenseType"": 1, ""Description_Lang_Mask"": 16712190, ""Description_Lang_enUS"": 53680, ""EffectBonusMultiplier_1"": 0.42899999022483826, ""EffectChainAmplitude_1"": 1.0, ""EffectChainAmplitude_2"": 1.0, ""EffectChainAmplitude_3"": 1.0, ""EquippedItemClass"": -1, ""FacingCasterFlags"": 1, ""InterruptFlags"": 15, ""MaxLevel"": 74, ""NameSubtext_Lang_Mask"": 16712190, ""NameSubtext_Lang_enUS"": ""Rank 9"", ""Name_Lang_Mask"": 16712190, ""PreventionType"": 1, ""ProcChance"": 101, ""SpellClassMask_1"": 16, ""SpellClassSet"": 3, ""SpellLevel"": 70, ""SpellPriority"": 50, ""SpellVisualID_1"": 945, ""StartRecoveryCategory"": 133, ""StartRecoveryTime"": 1500}",pulled from existing data
27075,Arcane Missiles,64,0,0,536936704,0,0,0,0,0,0,31,30.0,,5000,"{""amplitude"": 0, ""apply_aura"": 4, ""base_points"": 0, ""chain_targets"": 0, ""die_sides"": 0, ""implicit_target_a"": 6, ""implicit_target_b"": 0, ""mechanic"": 0, ""misc_value"": 0, ""points_per_level"": 0.0, ""radius_yards"": null, ""trigger_spell"": 0, ""type"": 6}","{""amplitude"": 1000, ""apply_aura"": 23, ""base_points"": 0, ""chain_targets"": 0, ""die_sides"": 0, ""implicit_target_a"": 1, ""implicit_target_b"": 0, ""mechanic"": 0, ""misc_value"": 0, ""points_per_level"": 0.0, ""radius_yards"": null, ""trigger_spell"": 27076, ""type"": 6}",,225,,,"{""AttributesEx"": 335561860, ""AttributesEx4"": 134217728, ""AttributesEx5"": 8192, ""AuraDescription_Lang_Mask"": 16712188, ""BaseLevel"": 63, ""CastingTimeIndex"": 1, ""ChannelInterruptFlags"": 31756, ""Description_Lang_Mask"": 16712190, ""Description_Lang_enUS"": 654922, ""EffectChainAmplitude_1"": 1.0, ""EffectChainAmplitude_2"": 1.0, ""EffectChainAmplitude_3"": 1.0, ""EquippedItemClass"": -1, ""FacingCasterFlags"": 1, ""InterruptFlags"": 15, ""MaxLevel"": 67, ""NameSubtext_Lang_Mask"": 16712190, ""NameSubtext_Lang_enUS"": ""Rank 9"", ""Name_Lang_Mask"": 16712190, ""PreventionType"": 1, ""ProcChance"": 101, ""SpellClassMask_1"": 2048, ""SpellClassSet"": 3, ""SpellLevel"": 63, ""SpellPriority"": 50, ""SpellVisualID_1"": 262, ""StartRecoveryCategory"": 133, ""StartRecoveryTime"": 1500}",pulled from existing data
27076,Arcane Missiles,64,0,0,65536,0,0,0,0,0,0,0,30.0,,,"{""amplitude"": 0, ""apply_aura"": 0, ""base_points"": 239, ""chain_targets"": 0, ""die_sides"": 1, ""implicit_target_a"": 77, ""implicit_target_b"": 0, ""mechanic"": 0, ""misc_value"": 0, ""points_per_level"": 1.100000023841858, ""radius_yards"": null, ""trigger_spell"": 0, ""type"": 2}",,,225,,,"{""AttributesEx2"": 4, ""AttributesEx3"": 512, ""AuraDescription_Lang_Mask"": 16712188, ""BaseLevel"": 64, ""CastingTimeIndex"": 1, ""DefenseType"": 1, ""Description_Lang_Mask"": 16712190, ""Description_Lang_enUS"": 655014, ""EffectBonusMultiplier_1"": 0.28600001335144043, ""EffectChainAmplitude_1"": 1.0, ""EffectChainAmplitude_2"": 1.0, ""EffectChainAmplitude_3"": 1.0, ""EquippedItemClass"": -1, ""FacingCasterFlags"": 1, ""InterruptFlags"": 8, ""MaxLevel"": 68, ""NameSubtext_Lang_Mask"": 16712190, ""NameSubtext_Lang_enUS"": ""Rank 9"", ""Name_Lang_Mask"": 16712190, ""PreventionType"": 1, ""ProcChance"": 101, ""Speed"": 20.0, ""SpellClassMask_1"": 2097152, ""SpellClassSet"": 3, ""SpellLevel"": 64, ""SpellPriority"": 50, ""SpellVisualID_1"": 270}",pulled from existing data
27078,Fire Blast,4,0,0,65536,19,0,0,8000,0,0,21,20.0,,,"{""amplitude"": 0, ""apply_aura"": 0, ""base_points"": 538, ""chain_targets"": 0, ""die_sides"": 99, ""implicit_target_a"": 6, ""implicit_target_b"": 0, ""mechanic"": 0, ""misc_value"": 0, ""points_per_level"": 3.299999952316284, ""radius_yards"": null, ""trigger_spell"": 0, ""type"": 2}",,,12,,,"{""AuraDescription_Lang_Mask"": 16712188, ""BaseLevel"": 61, ""CastingTimeIndex"": 1, ""DefenseType"": 1, ""Description_Lang_Mask"": 16712190, ""Description_Lang_enUS"": 41822, ""EffectBonusMultiplier_1"": 0.42899999022483826, ""EffectChainAmplitude_1"": 1.0, ""EffectChainAmplitude_2"": 1.0, ""EffectChainAmplitude_3"": 1.0, ""EquippedItemClass"": -1, ""FacingCasterFlags"": 1, ""InterruptFlags"": 8, ""MaxLevel"": 66, ""NameSubtext_Lang_Mask"": 16712190, ""NameSubtext_Lang_enUS"": ""Rank 8"", ""Name_Lang_Mask"": 16712190, ""PreventionType"": 1, ""ProcChance"": 101, ""SpellClassMask_1"": 2, ""SpellClassSet"": 3, ""SpellLevel"": 61, ""SpellPriority"": 50, ""SpellVisualID_1"": 143, ""StartRecoveryCategory"": 133, ""StartRecoveryTime"": 1500}",pulled from existing data
27079,Fire Blast,4,0,0,65536,19,0,0,8000,0,0,21,20.0,,,"{""amplitude"": 0, ""apply_aura"": 0, ""base_points"": 663, ""chain_targets"": 0, ""die_sides"": 123, ""implicit_target_a"": 6, ""implicit_target_b"": 0, ""mechanic"": 0, ""misc_value"": 0, ""points_per_level"": 3.700000047683716, ""radius_yards"": null, ""trigger_spell"": 0, ""type"": 2}",,,12,,,"{""AuraDescription_Lang_Mask"": 16712188, ""BaseLevel"": 70, ""CastingTimeIndex"": 1, ""DefenseType"": 1, ""Description_Lang_Mask"": 16712190, ""Description_Lang_enUS"": 41822, ""EffectBonusMultiplier_1"": 0.42899999022483826, ""EffectChainAmplitude_1"": 1.0, ""EffectChainAmplitude_2"": 1.0, ""EffectChainAmplitude_3"": 1.0, ""EquippedItemClass"": -1, ""FacingCasterFlags"": 1, ""InterruptFlags"": 8, ""MaxLevel"": 75, ""NameSubtext_Lang_Mask"": 16712190, ""NameSubtext_Lang_enUS"": ""Rank 9"", ""Name_Lang_Mask"": 16712190, ""PreventionType"": 1, ""ProcChance"": 101, ""SpellClassMask_1"": 2, ""SpellClassSet"": 3, ""SpellLevel"": 70, ""SpellPriority"": 50, ""SpellVisualID_1"": 143, ""StartRecoveryCategory"": 133, ""StartRecoveryTime"": 1500}",pulled from existing data
27080,Arcane Explosion,64,0,0,65536,0,0,0,0,0,0,22,0.0,,,"{""amplitude"": 0, ""apply_aura"": 0, ""base_points"": 305, ""chain_targets"": 0, ""die_sides"": 25, ""implicit_target_a"": 22, ""implicit_target_b"": 15, ""mechanic"": 0, ""misc_value"": 0, ""points_per_level"": 1.5, ""radius_yards"": 10.0, ""trigger_spell"": 0, ""type"": 2}",,,122,,,"{""AttributesEx"": 128, ""AuraDescription_Lang_Mask"": 16712188, ""BaseLevel"": 62, ""CastingTimeIndex"": 1, ""DefenseType"": 1, ""Description_Lang_Mask"": 16712190, ""Description_Lang_enUS"": 30490, ""EffectBonusMultiplier_1"": 0.21400000154972076, ""EffectChainAmplitude_1"": 1.0, ""EffectChainAmplitude_2"": 1.0, ""EffectChainAmplitude_3"": 1.0, ""EquippedItemClass"": -1, ""InterruptFlags"": 15, ""MaxLevel"": 67, ""NameSubtext_Lang_Mask"": 16712190, ""NameSubtext_Lang_enUS"": ""Rank 7"", ""Name_Lang_Mask"": 16712190, ""PreventionType"": 1, ""ProcChance"": 101, ""RangeIndex"": 1, ""SpellClassMask_1"": 4096, ""SpellClassSet"": 3, ""SpellLevel"": 62, ""SpellVisualID_1"": 965, ""StartRecoveryCategory"": 133, ""StartRecoveryTime"": 1500}",pulled from existing data
27082,Arcane Explosion,64,0,0,65536,0,0,0,0,0,0,22,0.0,,,"{""amplitude"": 0, ""apply_aura"": 0, ""base_points"": 376, ""chain_targets"": 0, ""die_sides"": 31, ""implicit_target_a"": 22, ""implicit_target_b"": 15, ""mechanic"": 0, ""misc_value"": 0, ""points_per_level"": 1.600000023841858, ""radius_yards"": 10.0, ""trigger_spell"": 0, ""type"": 2}",,,122,,,"{""AttributesEx"": 128, ""AuraDescription_Lang_Mask"": 16712188, ""BaseLevel"": 70, ""CastingTimeIndex"": 1, ""DefenseType"": 1, ""Description_Lang_Mask"": 16712190, ""Description_Lang_enUS"": 30490, ""EffectBonusMultiplier_1"": 0.21400000154972076, ""EffectChainAmplitude_1"": 1.0, ""EffectChainAmplitude_2"": 1.0, ""EffectChainAmplitude_3"": 1.0, ""EquippedItemClass"": -1, ""InterruptFlags"": 15, ""MaxLevel"": 75, ""NameSubtext_Lang_Mask"": 16712190, ""NameSubtext_Lang_enUS"": ""Rank 8"", ""Name_Lang_Mask"": 16712190, ""PreventionType"": 1, ""ProcChance"": 101, ""RangeIndex"": 1, ""SpellClassMask_1"": 4096, ""SpellClassSet"": 3, ""SpellLevel"": 70, ""SpellVisualID_1"": 965, ""StartRecoveryCategory"": 133, ""StartRecoveryTime"": 1500}",pulled from existing data
27085,Blizzard,16,0,0,65536,0,0,0,0,0,0,74,30.0,,8000,"{""amplitude"": 0, ""apply_aura"": 4, ""base_points"": 183, ""chain_targets"": 0, ""die_sides"": 1, ""implicit_target_a"": 28, ""implicit_target_b"": 0, ""mechanic"": 0, ""misc_value"": 0, ""points_per_level"": 0.4000000059604645, ""radius_yards"": 8.0, ""trigger_spell"": 0, ""type"": 27}","{""amplitude"": 1000, ""apply_aura"": 23, ""base_points"": -1, ""chain_targets"": 0, ""die_sides"": 1, ""implicit_target_a"": 1, ""implicit_target_b"": 0, ""mechanic"": 0, ""misc_value"": 0, ""points_per_level"": 0.0, ""radius_yards"": null, ""trigger_spell"": 42198, ""type"": 6}",,285,,,"{""AttributesEx"": 268435596, ""AttributesEx2"": 4194304, ""AttributesEx5"": 8192, ""AuraDescription_Lang_Mask"": 16712190, ""AuraDescription_Lang_enUS"": 655203, ""BaseLevel"": 68, ""CastingTimeIndex"": 1, ""ChannelInterruptFlags"": 31788, ""DefenseType"": 1, ""Description_Lang_Mask"": 16712190, ""Description_Lang_enUS"": 655116, ""EffectBonusMultiplier_1"": 0.11900000274181366, ""EffectChainAmplitude_1"": 1.0, ""EffectChainAmplitude_2"": 1.0, ""EffectChainAmplitude_3"": 1.0, ""EquippedItemClass"": -1, ""InterruptFlags"": 15, ""MaxLevel"": 73, ""NameSubtext_Lang_Mask"": 16712190, ""NameSubtext_Lang_enUS"": ""Rank 7"", ""Name_Lang_Mask"": 16712190, ""PreventionType"": 1, ""ProcChance"": 101, ""SpellClassMask_1"": 524416, ""SpellClassSet"": 3, ""SpellDescriptionVariableID"": 167, ""SpellLevel"": 68, ""SpellPriority"": 50, ""SpellVisualID_1"": 9490, ""StartRecoveryCategory"": 133, ""StartRecoveryTime"": 1500, ""Targets"": 64}",pulled from existing data
27086,Flamestrike,4,0,0,65536,0,2000,0,0,0,0,30,30.0,,8000,"{""amplitude"": 0, ""apply_aura"": 0, ""base_points"": 470, ""chain_targets"": 0, ""die_sides"": 105, ""implicit_target_a"": 16, ""implicit_target_b"": 0, ""mechanic"": 0, ""misc_value"": 0, ""points_per_level"": 1.899999976158142, ""radius_yards"": 5.0, ""trigger_spell"": 0, ""type"": 2}","{""amplitude"": 2000, ""apply_aura"": 3, ""base_points"": 105, ""chain_targets"": 0, ""die_sides"": 1, ""implicit_target_a"": 28, ""implicit_target_b"": 0, ""mechanic"": 0, ""misc_value"": 0, ""points_per_level"": 0.0, ""radius_yards"": 5.0, ""trigger_spell"": 0, ""type"": 27}",,37,,,"{""AttributesEx"": 268435592, ""AuraDescription_Lang_Mask"": 16712190, ""AuraDescription_Lang_enUS"": 41688, ""BaseLevel"": 64, ""CastingTimeIndex"": 5, ""DefenseType"": 1, ""Description_Lang_Mask"": 16712190, ""Description_Lang_enUS"": 41560, ""EffectBonusMultiplier_1"": 0.24300000071525574, ""EffectBonusMultiplier_2"": 0.12200000137090683, ""EffectChainAmplitude_1"": 1.0, ""EffectChainAmplitude_2"": 1.0, ""EffectChainAmplitude_3"": 1.0, ""EquippedItemClass"": -1, ""InterruptFlags"": 15, ""MaxLevel"": 69, ""NameSubtext_Lang_Mask"": 16712190, ""NameSubtext_Lang_enUS"": ""Rank 7"", ""Name_Lang_Mask"": 16712190, ""PreventionType"": 1, ""ProcChance"": 101, ""SpellClassMask_1"": 4, ""SpellClassSet"": 3, ""SpellLevel"": 64, ""SpellPriority"": 50, ""SpellVisualID_1"": 10383, ""StartRecoveryCategory"": 133, ""StartRecoveryTime"": 1500, ""Targets"": 64}",pulled from existing data
27087,Cone of Cold,16,1,0,65536,50,0,0,10000,0,0,25,0.0,,8000,"{""amplitude"": 0, ""apply_aura"": 33, ""base_points"": -51, ""chain_targets"": 0, ""die_sides"": 1, ""implicit_target_a"": 104, ""implicit_target_b"": 0, ""mechanic"": 11, ""misc_value"": 0, ""points_per_level"": 0.0, ""radius_yards"": 10.0, ""trigger_spell"": 0, ""type"": 6}","{""amplitude"": 0, ""apply_aura"": 0, ""base_points"": 409, ""chain_targets"": 0, ""die_sides"": 39, ""implicit_target_a"": 104, ""implicit_target_b"": 0, ""mechanic"": 0, ""misc_value"": 0, ""points_per_level"": 1.7000000476837158, ""radius_yards"": 10.0, ""trigger_spell"": 0, ""type"": 2}","{""amplitude"": 0, ""apply_aura"": 118, ""base_points"": -1, ""chain_targets"": 0, ""die_sides"": 1, ""implicit_target_a"": 104, ""implicit_target_b"": 0, ""mechanic"": 0, ""misc_value"": 127, ""points_per_level"": 0.0, ""radius_yards"": 10.0, ""trigger_spell"": 0, ""type"": 6}",35,,,"{""AttributesEx"": 128, ""AuraDescription_Lang_Mask"": 16712190, ""AuraDescription_Lang_enUS"": 3906, ""BaseLevel"": 65, ""CastingTimeIndex"": 1, ""DefenseType"": 1, ""Description_Lang_Mask"": 16712190, ""Description_Lang_enUS"": 4336, ""EffectBonusMultiplier_2"": 0.21400000154972076, ""EffectChainAmplitude_1"": 1.0, ""EffectChainAmplitude_2"": 1.0, ""EffectChainAmplitude_3"": 1.0, ""EquippedItemClass"": -1, ""InterruptFlags"": 8, ""MaxLevel"": 70, ""NameSubtext_Lang_Mask"": 16712190, ""NameSubtext_Lang_enUS"": ""Rank 6"", ""Name_Lang_Mask"": 16712190, ""PreventionType"": 1, ""ProcChance"": 101, ""RangeIndex"": 1, ""SpellClassMask_1"": 512, ""SpellClassSet"": 3, ""SpellDescriptionVariableID"": 167, ""SpellLevel"": 65, ""SpellPriority"": 50, ""SpellVisualID_1"": 1007, ""StartRecoveryCategory"": 133, ""StartRecoveryTime"": 1500}",pulled from existing data
27088,Frost Nova,16,1,0,1073807360,35,0,0,25000,0,0,7,0.0,,8000,"{""amplitude"": 0, ""apply_aura"": 0, ""base_points"": 229, ""chain_targets"": 0, ""die_sides"": 31, ""implicit_target_a"": 22, ""implicit_target_b"": 15, ""mechanic"": 0, ""misc_value"": 0, ""points_per_level"": 0.5, ""radius_yards"": 10.0, ""trigger_spell"": 0, ""type"": 2}","{""amplitude"": 0, ""apply_aura"": 26, ""base_points"": -1, ""chain_targets"": 0, ""die_sides"": 1, ""implicit_target_a"": 22, ""implicit_target_b"": 15, ""mechanic"": 7, ""misc_value"": 0, ""points_per_level"": 0.0, ""radius_yards"": 10.0, ""trigger_spell"": 0, ""type"": 6}",,193,,,"{""AttributesEx"": 128, ""AttributesEx4"": 1073741824, ""AuraDescription_Lang_Mask"": 16712190, ""AuraDescription_Lang_enUS"": 4632, ""AuraInterruptFlags"": 4718592, ""BaseLevel"": 67, ""CastingTimeIndex"": 1, ""DefenseType"": 1, ""Description_Lang_Mask"": 16712190, ""Description_Lang_enUS"": 4470, ""EffectBasePoints_3"": -1, ""EffectBonusMultiplier_1"": 0.19300000369548798, ""EffectChainAmplitude_1"": 1.0, ""EffectChainAmplitude_2"": 1.0, ""EffectChainAmplitude_3"": 1.0, ""EffectDieSides_3"": 1, ""EquippedItemClass"": -1, ""InterruptFlags"": 8, ""MaxLevel"": 74, ""NameSubtext_Lang_Mask"": 16712190, ""NameSubtext_Lang_enUS"": ""Rank 5"", ""Name_Lang_Mask"": 16712190, ""PreventionType"": 1, ""ProcChance"": 100, ""ProcTypeMask"": 664232, ""RangeIndex"": 1, ""SpellClassMask_1"": 64, ""SpellClassSet"": 3, ""SpellDescriptionVariableID"": 167, ""SpellLevel"": 67, ""SpellPriority"": 50, ""SpellVisualID_1"": 17, ""StartRecoveryCategory"": 133, ""StartRecoveryTime"": 1500}",pulled from existing data
27090,Conjure Water,64,0,0,65536,0,3000,0,0,0,0,40,0.0,,,"{""amplitude"": 0, ""apply_aura"": 0, ""base_points"": 9, ""chain_targets"": 0, ""die_sides"": 1, ""implicit_target_a"": 1, ""implicit_target_b"": 0, ""mechanic"": 0, ""misc_value"": 0, ""points_per_level"": 2.0, ""radius_yards"": null, ""trigger_spell"": 0, ""type"": 24}",,,1844,,,"{""AttributesEx"": 131072, ""AuraDescription_Lang_Mask"": 16712188, ""BaseLevel"": 70, ""CastingTimeIndex"": 14, ""DefenseType"": 1, ""Description_Lang_Mask"": 16712190, ""Description_Lang_enUS"": 655259, ""EffectChainAmplitude_1"": 1.0, ""EffectChainAmplitude_2"": 1.0, ""EffectChainAmplitude_3"": 1.0, ""EffectItemType_1"": 22018, ""EquippedItemClass"": -1, ""InterruptFlags"": 15, ""MaxLevel"": 75, ""NameSubtext_Lang_Mask"": 16712190, ""NameSubtext_Lang_enUS"": ""Rank 9"", ""Name_Lang_Mask"": 16712190, ""PreventionType"": 1, ""ProcChance"": 101, ""RangeIndex"": 1, ""SpellClassMask_1"": 1073741824, ""SpellClassSet"": 3, ""SpellLevel"": 70, ""SpellVisualID_1"": 564, ""StartRecoveryCategory"": 133, ""StartRecoveryTime"": 1500}",pulled from existing data
27101,Conjure Mana Gem,64,0,0,65536,87,3000,0,0,0,0,75,0.0,,,"{""amplitude"": 0, ""apply_aura"": 0, ""base_points"": 0, ""chain_targets"": 0, ""die_sides"": 1, ""implicit_target_a"": 1, ""implicit_target_b"": 0, ""mechanic"": 0, ""misc_value"": 0, ""points_per_level"": 0.0, ""radius_yards"": null, ""trigger_spell"": 0, ""type"": 24}","{""amplitude"": 0, ""apply_aura"": 0, ""base_points"": 54409, ""chain_targets"": 0, ""die_sides"": 1, ""implicit_target_a"": 1, ""implicit_target_b"": 0, ""mechanic"": 0, ""misc_value"": 0, ""points_per_level"": 0.0, ""radius_yards"": null, ""trigger_spell"": 0, ""type"": 3}",,283,,,"{""AttributesEx"": 131072, ""AuraDescription_Lang_Mask"": 16712188, ""BaseLevel"": 68, ""CastingTimeIndex"": 14, ""DefenseType"": 1, ""Description_Lang_Mask"": 16712190, ""Description_Lang_enUS"": 655531, ""EffectChainAmplitude_1"": 1.0, ""EffectChainAmplitude_2"": 1.0, ""EffectChainAmplitude_3"": 1.0, ""EffectItemType_1"": 22044, ""EquippedItemClass"": -1, ""InterruptFlags"": 15, ""NameSubtext_Lang_Mask"": 16712190, ""NameSubtext_Lang_enUS"": ""Rank 5"", ""Name_Lang_Mask"": 16712190, ""PreventionType"": 1, ""ProcChance"": 101, ""RangeIndex"": 1, ""SpellClassMask_1"": 1073741824, ""SpellClassSet"": 3, ""SpellLevel"": 68, ""SpellVisualID_1"": 161, ""StartRecoveryCategory"": 133, ""StartRecoveryTime"": 1500}",pulled from existing data
27103,Replenish Mana,1,0,0,0,100,0,0,60000,0,0,0,0.0,,,"{""amplitude"": 0, ""apply_aura"": 0, ""base_points"": 2339, ""chain_targets"": 0, ""die_sides"": 121, ""implicit_target_a"": 1, ""implicit_target_b"": 0, ""mechanic"": 0, ""misc_value"": 0, ""points_per_level"": 0.0, ""radius_yards"": null, ""trigger_spell"": 0, ""type"": 30}",,,283,,,"{""AuraDescription_Lang_Mask"": 16712188, ""BaseLevel"": 68, ""CastingTimeIndex"": 1, ""DefenseType"": 1, ""Description_Lang_Mask"": 16712190, ""Description_Lang_enUS"": 9533, ""EffectChainAmplitude_1"": 1.0, ""EffectChainAmplitude_2"": 1.0, ""EffectChainAmplitude_3"": 1.0, ""EquippedItemClass"": -1, ""NameSubtext_Lang_Mask"": 16712190, ""NameSubtext_Lang_enUS"": ""Rank 5"", ""Name_Lang_Mask"": 16712190, ""ProcChance"": 101, ""RangeIndex"": 1, ""SpellClassMask_2"": 256, ""SpellClassSet"": 3, ""SpellLevel"": 68, ""SpellVisualID_1"": 240}",pulled from existing data
27124,Ice Armor,16,0,0,65536,0,0,0,0,0,0,24,0.0,,1800000,"{""amplitude"": 0, ""apply_aura"": 22, ""base_points"": 644, ""chain_targets"": 0, ""die_sides"": 1, ""implicit_target_a"": 1, ""implicit_target_b"": 0, ""mechanic"": 0, ""misc_value"": 1, ""points_per_level"": 0.0, ""radius_yards"": null, ""trigger_spell"": 0, ""type"": 6}","{""amplitude"": 0, ""apply_aura"": 42, ""base_points"": 0, ""chain_targets"": 0, ""die_sides"": 0, ""implicit_target_a"": 1, ""implicit_target_b"": 0, ""mechanic"": 0, ""misc_value"": 0, ""points_per_level"": 0.0, ""radius_yards"": null, ""trigger_spell"": 7321, ""type"": 6}","{""amplitude"": 0, ""apply_aura"": 22, ""base_points"": 17, ""chain_targets"": 0, ""die_sides"": 1, ""implicit_target_a"": 1, ""implicit_target_b"": 0, ""mechanic"": 0, ""misc_value"": 16, ""points_per_level"": 0.0, ""radius_yards"": null, ""trigger_spell"": 0, ""type"": 6}",181,,,"{""AttributesEx4"": 524288, ""AttributesEx7"": 268435456, ""AuraDescription_Lang_Mask"": 16712190, ""AuraDescription_Lang_enUS"": 657578, ""BaseLevel"": 69, ""CastingTimeIndex"": 1, ""DefenseType"": 1, ""Description_Lang_Mask"": 16712190, ""Description_Lang_enUS"": 140183, ""EffectChainAmplitude_1"": 1.0, ""EffectChainAmplitude_2"": 1.0, ""EffectChainAmplitude_3"": 1.0, ""EquippedItemClass"": -1, ""InterruptFlags"": 8, ""NameSubtext_Lang_Mask"": 16712190, ""NameSubtext_Lang_enUS"": ""Rank 5"", ""Name_Lang_Mask"": 16712190, ""PreventionType"": 1, ""ProcChance"": 100, ""ProcTypeMask"": 40, ""RangeIndex"": 1, ""SpellClassMask_1"": 34078720, ""SpellClassSet"": 3, ""SpellLevel"": 69, ""SpellPriority"": 50, ""SpellVisualID_1"": 706, ""StartRecoveryCategory"": 133, ""StartRecoveryTime"": 1500}",pulled from existing data
27125,Mage Armor,64,0,0,65536,0,0,0,0,0,0,26,0.0,,1800000,"{""amplitude"": 0, ""apply_aura"": 22, ""base_points"": 17, ""chain_targets"": 0, ""die_sides"": 1, ""implicit_target_a"": 1, ""implicit_target_b"": 0, ""mechanic"": 0, ""misc_value"": 126, ""points_per_level"": 0.0, ""radius_yards"": null, ""trigger_spell"": 0, ""type"": 6}","{""amplitude"": 0, ""apply_aura"": 134, ""base_points"": 49, ""chain_targets"": 0, ""die_sides"": 1, ""implicit_target_a"": 1, ""implicit_target_b"": 0, ""mechanic"": 0, ""misc_value"": 0, ""points_per_level"": 0.0, ""radius_yards"": null, ""trigger_spell"": 0, ""type"": 6}",,1711,,,"{""AttributesEx7"": 268435456, ""AuraDescription_Lang_Mask"": 16712190, ""AuraDescription_Lang_enUS"": 110507, ""BaseLevel"": 69, ""CastingTimeIndex"": 1, ""DefenseType"": 1, ""Description_Lang_Mask"": 16712190, ""Description_Lang_enUS"": 110312, ""EffectChainAmplitude_1"": 1.0, ""EffectChainAmplitude_2"": 1.0, ""EffectChainAmplitude_3"": 1.0, ""EquippedItemClass"": -1, ""InterruptFlags"": 8, ""NameSubtext_Lang_Mask"": 16712190, ""NameSubtext_Lang_enUS"": ""Rank 4"", ""Name_Lang_Mask"": 16712190, ""PreventionType"": 1, ""ProcChance"": 101, ""RangeIndex"": 1, ""SpellClassMask_1"": 268435456, ""SpellClassSet"": 3, ""SpellLevel"": 69, ""SpellPriority"": 50, ""SpellVisualID_1"": 284, ""StartRecoveryCategory"": 133, ""StartRecoveryTime"": 1500}",pulled from existing data
27126,Arcane Intellect,64,1,0,65536,0,0,0,0,0,0,31,30.0,,1800000,"{""amplitude"": 0, ""apply_aura"": 29, ""base_points"": 39, ""chain_targets"": 0, ""die_sides"": 1, ""implicit_target_a"": 21, ""implicit_target_b"": 0, ""mechanic"": 0, ""misc_value"": 3, ""points_per_level"": 0.0, ""radius_yards"": null, ""trigger_spell"": 0, ""type"": 6}",,,125,,,"{""AttributesEx6"": 67108864, ""AttributesEx7"": 268435456, ""AuraDescription_Lang_Mask"": 16712190, ""AuraDescription_Lang_enUS"": 30804, ""BaseLevel"": 70, ""CastingTimeIndex"": 1, ""DefenseType"": 1, ""Description_Lang_Mask"": 16712190, ""Description_Lang_enUS"": 30756, ""EffectChainAmplitude_1"": 1.0, ""EffectChainAmplitude_2"": 1.0, ""EffectChainAmplitude_3"": 1.0, ""EquippedItemClass"": -1, ""InterruptFlags"": 8, ""MaxLevel"": 80, ""NameSubtext_Lang_Mask"": 16712190, ""NameSubtext_Lang_enUS"": ""Rank 6"", ""Name_Lang_Mask"": 16712190, ""PreventionType"": 1, ""ProcChance"": 101, ""SpellClassMask_1"": 1024, ""SpellClassMask_3"": 8, ""SpellClassSet"": 3, ""SpellLevel"": 70, ""SpellVisualID_1"": 158, ""StartRecoveryCategory"": 133, ""StartRecoveryTime"": 1500}",pulled from existing data
27127,Arcane Brilliance,64,1,0,65536,0,0,0,0,0,0,81,40.0,,3600000,"{""amplitude"": 0, ""apply_aura"": 29, ""base_points"": 39, ""chain_targets"": 0, ""die_sides"": 1, ""implicit_target_a"": 56, ""implicit_target_b"": 0, ""mechanic"": 0, ""misc_value"": 3, ""points_per_level"": 0.0, ""radius_yards"": 100.0, ""trigger_spell"": 0, ""type"": 6}",,,1694,,,"{""AttributesEx6"": 67108864, ""AttributesEx7"": 268435456, ""AuraDescription_Lang_Mask"": 16712190, ""AuraDescription_Lang_enUS"": 30804, ""BaseLevel"": 70, ""CastingTimeIndex"": 1, ""DefenseType"": 1, ""Description_Lang_Mask"": 16712190, ""Description_Lang_enUS"": 533475, ""EffectChainAmplitude_1"": 1.0, ""EffectChainAmplitude_2"": 1.0, ""EffectChainAmplitude_3"": 1.0, ""EquippedItemClass"": -1, ""InterruptFlags"": 8, ""MaxLevel"": 80, ""NameSubtext_Lang_Mask"": 16712190, ""NameSubtext_Lang_enUS"": ""Rank 2"", ""Name_Lang_Mask"": 16712190, ""PreventionType"": 1, ""ProcChance"": 101, ""ReagentCount_1"": 1, ""Reagent_1"": 17020, ""SpellClassMask_1"": 1024, ""SpellClassSet"": 3, ""SpellLevel"": 70, ""SpellVisualID_1"": 158, ""StartRecoveryCategory"": 133, ""StartRecoveryTime"": 1500}",pulled from existing data
27128,Fire Ward,4,1,0,65536,56,0,0,30000,0,0,16,0.0,,30000,"{""amplitude"": 0, ""apply_aura"": 69, ""base_points"": 1124, ""chain_targets"": 0, ""die_sides"": 1, ""implicit_target_a"": 1, ""implicit_target_b"": 0, ""mechanic"": 0, ""misc_value"": 4, ""points_per_level"": 0.0, ""radius_yards"": null, ""trigger_spell"": 0, ""type"": 6}","{""amplitude"": 0, ""apply_aura"": 74, ""base_points"": -1, ""chain_targets"": 0, ""die_sides"": 1, ""implicit_target_a"": 1, ""implicit_target_b"": 0, ""mechanic"": 0, ""misc_value"": 4, ""points_per_level"": 0.0, ""radius_yards"": null, ""trigger_spell"": 0, ""type"": 6}",,16,,,"{""AuraDescription_Lang_Mask"": 16712190, ""AuraDescription_Lang_enUS"": 11896, ""BaseLevel"": 69, ""CastingTimeIndex"": 1, ""DefenseType"": 1, ""Description_Lang_Mask"": 16712190, ""Description_Lang_enUS"": 11860, ""EffectChainAmplitude_1"": 1.0, ""EffectChainAmplitude_2"": 1.0, ""EffectChainAmplitude_3"": 1.0, ""EffectMultipleValue_2"": 1.0, ""EquippedItemClass"": -1, ""InterruptFlags"": 8, ""MaxLevel"": 78, ""NameSubtext_Lang_Mask"": 16712190, ""NameSubtext_Lang_enUS"": ""Rank 6"", ""Name_Lang_Mask"": 16712190, ""PreventionType"": 1, ""ProcChance"": 101, ""RangeIndex"": 1, ""SpellClassMask_1"": 8, ""SpellClassMask_3"": 8, ""SpellClassSet"": 3, ""SpellLevel"": 69, ""SpellVisualID_1"": 290, ""StartRecoveryCategory"": 133, ""StartRecoveryTime"": 1500}",pulled from existing data
27130,Amplify Magic,64,1,0,65536,0,0,0,0,0,0,27,30.0,,600000,"{""amplitude"": 0, ""apply_aura"": 14, ""base_points"": 89, ""chain_targets"": 0, ""die_sides"": 1, ""implicit_target_a"": 57, ""implicit_target_b"": 0, ""mechanic"": 0, ""misc_value"": 126, ""points_per_level"": 0.0, ""radius_yards"": null, ""trigger_spell"": 0, ""type"": 6}","{""amplitude"": 0, ""apply_aura"": 115, ""base_points"": 95, ""chain_targets"": 0, ""die_sides"": 1, ""implicit_target_a"": 57, ""implicit_target_b"": 0, ""mechanic"": 0, ""misc_value"": 126, ""points_per_level"": 0.0, ""radius_yards"": null, ""trigger_spell"": 0, ""type"": 6}",,242,,,"{""AttributesEx"": 131072, ""AttributesEx6"": 67108864, ""AuraDescription_Lang_Mask"": 16712190, ""AuraDescription_Lang_enUS"": 25352, ""BaseLevel"": 63, ""CastingTimeIndex"": 1, ""DefenseType"": 1, ""Description_Lang_Mask"": 16712190, ""Description_Lang_enUS"": 25203, ""EffectChainAmplitude_1"": 1.0, ""EffectChainAmplitude_2"": 1.0, ""EffectChainAmplitude_3"": 1.0, ""EquippedItemClass"": -1, ""InterruptFlags"": 8, ""NameSubtext_Lang_Mask"": 16712190, ""NameSubtext_Lang_enUS"": ""Rank 5"", ""Name_Lang_Mask"": 16712190, ""PreventionType"": 1, ""ProcChance"": 101, ""SpellClassMask_1"": 8192, ""SpellClassMask_3"": 8, ""SpellClassSet"": 3, ""SpellLevel"": 63, ""SpellVisualID_1"": 969, ""StartRecoveryCategory"": 133, ""StartRecoveryTime"": 1500}",pulled from existing data
27131,Mana Shield,64,1,0,65536,0,0,0,0,0,0,7,0.0,,60000,"{""amplitude"": 0, ""apply_aura"": 97, ""base_points"": 714, ""chain_targets"": 0, ""die_sides"": 1, ""implicit_target_a"": 1, ""implicit_target_b"": 0, ""mechanic"": 0, ""misc_value"": 127, ""points_per_level"": 0.0, ""radius_yards"": null, ""trigger_spell"": 0, ""type"": 6}",,,209,,,"{""AuraDescription_Lang_Mask"": 16712190, ""AuraDescription_Lang_enUS"": 31208, ""BaseLevel"": 68, ""CastingTimeIndex"": 1, ""DefenseType"": 1, ""Description_Lang_Mask"": 16712190, ""Description_Lang_enUS"": 31117, ""EffectChainAmplitude_1"": 1.0, ""EffectChainAmplitude_2"": 1.0, ""EffectChainAmplitude_3"": 1.0, ""EffectMultipleValue_1"": 1.5, ""EquippedItemClass"": -1, ""InterruptFlags"": 8, ""MaxLevel"": 75, ""NameSubtext_Lang_Mask"": 16712190, ""NameSubtext_Lang_enUS"": ""Rank 7"", ""Name_Lang_Mask"": 16712190, ""PreventionType"": 1, ""ProcTypeMask"": 139944, ""RangeIndex"": 1, ""SpellClassMask_1"": 32768, ""SpellClassMask_3"": 8, ""SpellClassSet"": 3, ""SpellLevel"": 68, ""SpellVisualID_1"": 968, ""StartRecoveryCategory"": 133, ""StartRecoveryTime"": 1500}",pulled from existing data
27132,Pyroblast,4,0,0,65536,290,5000,0,0,0,0,22,35.0,,12000,"{""amplitude"": 0, ""apply_aura"": 0, ""base_points"": 845, ""chain_targets"": 0, ""die_sides"": 229, ""implicit_target_a"": 6, ""implicit_target_b"": 0, ""mechanic"": 0, ""misc_value"": 0, ""points_per_level"": 5.0, ""radius_yards"": null, ""trigger_spell"": 0, ""type"": 2}","{""amplitude"": 3000, ""apply_aura"": 3, ""base_points"": 77, ""chain_targets"": 0, ""die_sides"": 1, ""implicit_target_a"": 6, ""implicit_target_b"": 0, ""mechanic"": 0, ""misc_value"": 0, ""points_per_level"": 0.0, ""radius_yards"": null, ""trigger_spell"": 0, ""type"": 6}",,184,,,"{""AuraDescription_Lang_Mask"": 16712190, ""AuraDescription_Lang_enUS"": 5323, ""BaseLevel"": 66, ""CastingTimeIndex"": 6, ""DefenseType"": 1, ""Description_Lang_Mask"": 16712190, ""Description_Lang_enUS"": 232182, ""EffectBonusMultiplier_1"": 1.149999976158142, ""EffectBonusMultiplier_2"": 0.05000000074505806, ""EffectChainAmplitude_1"": 1.0, ""EffectChainAmplitude_2"": 1.0, ""EffectChainAmplitude_3"": 1.0, ""EquippedItemClass"": -1, ""FacingCasterFlags"": 1, ""InterruptFlags"": 15, ""MaxLevel"": 72, ""NameSubtext_Lang_Mask"": 16712190, ""NameSubtext_Lang_enUS"": ""Rank 9"", ""Name_Lang_Mask"": 16712190, ""PreventionType"": 1, ""ProcChance"": 101, ""Speed"": 24.0, ""SpellClassMask_1"": 4194304, ""SpellClassMask_3"": 8, ""SpellClassSet"": 3, ""SpellLevel"": 66, ""SpellPriority"": 50, ""SpellVisualID_1"": 2253, ""StartRecoveryCategory"": 133, ""StartRecoveryTime"": 1500}",pulled from existing data
27133,Blast Wave,4,0,0,65536,250,0,0,30000,0,0,7,0.0,,6000,"{""amplitude"": 0, ""apply_aura"": 0, ""base_points"": 532, ""chain_targets"": 0, ""die_sides"": 95, ""implicit_target_a"": 22, ""implicit_target_b"": 15, ""mechanic"": 0, ""misc_value"": 0, ""points_per_level"": 2.0999999046325684, ""radius_yards"": 10.0, ""trigger_spell"": 0, ""type"": 2}","{""amplitude"": 0, ""apply_aura"": 33, ""base_points"": -51, ""chain_targets"": 0, ""die_sides"": 1, ""implicit_target_a"": 22, ""implicit_target_b"": 15, ""mechanic"": 11, ""misc_value"": 0, ""points_per_level"": 0.0, ""radius_yards"": 10.0, ""trigger_spell"": 0, ""type"": 6}","{""amplitude"": 0, ""apply_aura"": 0, ""base_points"": 79, ""chain_targets"": 0, ""die_sides"": 1, ""implicit_target_a"": 22, ""implicit_target_b"": 15, ""mechanic"": 0, ""misc_value"": 100, ""points_per_level"": 0.0, ""radius_yards"": 10.0, ""trigger_spell"": 0, ""type"": 98}",292,,,"{""AttributesEx"": 128, ""AuraDescription_Lang_Mask"": 16712190, ""AuraDescription_Lang_enUS"": 225286, ""BaseLevel"": 65, ""CastingTimeIndex"": 1, ""DefenseType"": 1, ""Description_Lang_Mask"": 16712190, ""Description_Lang_enUS"": 225127, ""EffectBonusMultiplier_1"": 0.19300000369548798, ""EffectChainAmplitude_1"": 1.0, ""EffectChainAmplitude_2"": 1.0, ""EffectChainAmplitude_3"": 1.0, ""EquippedItemClass"": -1, ""MaxLevel"": 71, ""NameSubtext_Lang_Mask"": 16712190, ""NameSubtext_Lang_enUS"": ""Rank 6"", ""Name_Lang_Mask"": 16712190, ""PreventionType"": 1, ""ProcChance"": 101, ""RangeIndex"": 1, ""SpellClassMask_2"": 64, ""SpellClassSet"": 3, ""SpellLevel"": 65, ""SpellPriority"": 50, ""SpellVisualID_1"": 963, ""StartRecoveryCategory"": 133, ""StartRecoveryTime"": 1500}",pulled from existing data
27134,Ice Barrier,16,1,0,327680,471,0,0,30000,0,0,21,0.0,,60000,"{""amplitude"": 0, ""apply_aura"": 69, ""base_points"": 924, ""chain_targets"": 0, ""die_sides"": 1, ""implicit_target_a"": 1, ""implicit_target_b"": 0, ""mechanic"": 0, ""misc_value"": 127, ""points_per_level"": 4.400000095367432, ""radius_yards"": null, ""trigger_spell"": 0, ""type"": 6}",,,32,,,"{""AuraDescription_Lang_Mask"": 16712190, ""AuraDescription_Lang_enUS"": 735, ""BaseLevel"": 64, ""CastingTimeIndex"": 1, ""DefenseType"": 1, ""Description_Lang_Mask"": 16712190, ""Description_Lang_enUS"": 234421, ""EffectChainAmplitude_1"": 1.0, ""EffectChainAmplitude_2"": 1.0, ""EffectChainAmplitude_3"": 1.0, ""EquippedItemClass"": -1, ""InterruptFlags"": 8, ""MaxLevel"": 70, ""NameSubtext_Lang_Mask"": 16712190, ""NameSubtext_Lang_enUS"": ""Rank 5"", ""Name_Lang_Mask"": 16712190, ""PreventionType"": 1, ""ProcChance"": 101, ""RangeIndex"": 1, ""SpellClassMask_2"": 1, ""SpellClassMask_3"": 8, ""SpellClassSet"": 3, ""SpellLevel"": 64, ""SpellPriority"": 50, ""SpellVisualID_1"": 4302, ""StartRecoveryCategory"": 133, ""StartRecoveryTime"": 1500}",pulled from existing data
28609,Frost Ward,16,1,0,65536,56,0,0,30000,0,0,16,0.0,,30000,"{""amplitude"": 0, ""apply_aura"": 69, ""base_points"": 874, ""chain_targets"": 0, ""die_sides"": 1, ""implicit_target_a"": 1, ""implicit_target_b"": 0, ""mechanic"": 0, ""misc_value"": 16, ""points_per_level"": 0.0, ""radius_yards"": null, ""trigger_spell"": 0, ""type"": 6}","{""amplitude"": 0, ""apply_aura"": 74, ""base_points"": -1, ""chain_targets"": 0, ""die_sides"": 1, ""implicit_target_a"": 1, ""implicit_target_b"": 0, ""mechanic"": 0, ""misc_value"": 16, ""points_per_level"": 0.0, ""radius_yards"": null, ""trigger_spell"": 0, ""type"": 6}",,501,,,"{""AuraDescription_Lang_Mask"": 16712190, ""AuraDescription_Lang_enUS"": 111644, ""BaseLevel"": 60, ""CastingTimeIndex"": 1, ""DefenseType"": 1, ""Description_Lang_Mask"": 16712190, ""Description_Lang_enUS"": 80074, ""EffectChainAmplitude_1"": 1.0, ""EffectChainAmplitude_2"": 1.0, ""EffectChainAmplitude_3"": 1.0, ""EffectMultipleValue_2"": 1.0, ""EquippedItemClass"": -1, ""InterruptFlags"": 8, ""MaxLevel"": 69, ""NameSubtext_Lang_Mask"": 16712190, ""NameSubtext_Lang_enUS"": ""Rank 5"", ""Name_Lang_Mask"": 16712190, ""PreventionType"": 1, ""ProcChance"": 101, ""RangeIndex"": 1, ""SpellClassMask_1"": 256, ""SpellClassMask_3"": 8, ""SpellClassSet"": 3, ""SpellLevel"": 60, ""SpellVisualID_1"": 291, ""StartRecoveryCategory"": 133, ""StartRecoveryTime"": 1500}",pulled from existing data
28612,Conjure Food,64,0,0,65536,0,3000,0,0,0,0,40,0.0,,,"{""amplitude"": 0, ""apply_aura"": 0, ""base_points"": 9, ""chain_targets"": 0, ""die_sides"": 1, ""implicit_target_a"": 1, ""implicit_target_b"": 0, ""mechanic"": 0, ""misc_value"": 0, ""points_per_level"": 2.0, ""radius_yards"": null, ""trigger_spell"": 0, ""type"": 24}",,,1911,,,"{""AttributesEx"": 131072, ""AuraDescription_Lang_Mask"": 16712188, ""BaseLevel"": 60, ""CastingTimeIndex"": 14, ""DefenseType"": 1, ""Description_Lang_Mask"": 16712190, ""Description_Lang_enUS"": 707135, ""EffectChainAmplitude_1"": 1.0, ""EffectChainAmplitude_2"": 1.0, ""EffectChainAmplitude_3"": 1.0, ""EffectItemType_1"": 22895, ""EquippedItemClass"": -1, ""InterruptFlags"": 15, ""MaxLevel"": 65, ""NameSubtext_Lang_Mask"": 16712190, ""NameSubtext_Lang_enUS"": ""Rank 7"", ""Name_Lang_Mask"": 16712190, ""PreventionType"": 1, ""ProcChance"": 101, ""RangeIndex"": 1, ""SpellClassMask_1"": 1073741824, ""SpellClassSet"": 3, ""SpellLevel"": 60, ""SpellVisualID_1"": 563, ""StartRecoveryCategory"": 133, ""StartRecoveryTime"": 1500}",pulled from existing data
30449,Spellsteal,64,1,0,262144,0,0,0,0,0,0,20,30.0,,,"{""amplitude"": 0, ""apply_aura"": 0, ""base_points"": 0, ""chain_targets"": 0, ""die_sides"": 1, ""implicit_target_a"": 6, ""implicit_target_b"": 0, ""mechanic"": 0, ""misc_value"": 1, ""points_per_level"": 0.0, ""radius_yards"": null, ""trigger_spell"": 0, ""type"": 126}",,,1961,,,"{""AttributesEx6"": 8388608, ""AuraDescription_Lang_Mask"": 16712188, ""BaseLevel"": 70, ""CastingTimeIndex"": 1, ""DefenseType"": 1, ""Description_Lang_Mask"": 16712190, ""Description_Lang_enUS"": 769975, ""EffectChainAmplitude_1"": 1.0, ""EffectChainAmplitude_2"": 1.0, ""EffectChainAmplitude_3"": 1.0, ""EquippedItemClass"": -1, ""InterruptFlags"": 8, ""NameSubtext_Lang_Mask"": 16712188, ""Name_Lang_Mask"": 16712190, ""PreventionType"": 1, ""ProcChance"": 101, ""SpellClassMask_2"": 16, ""SpellClassSet"": 3, ""SpellLevel"": 70, ""SpellVisualID_1"": 7747, ""StartRecoveryCategory"": 133, ""StartRecoveryTime"": 1500}",pulled from existing data
30451,Arcane Blast,64,0,0,262144,0,2500,0,0,0,0,7,30.0,,,"{""amplitude"": 0, ""apply_aura"": 0, ""base_points"": 841, ""chain_targets"": 0, ""die_sides"": 137, ""implicit_target_a"": 6, ""implicit_target_b"": 0, ""mechanic"": 0, ""misc_value"": 0, ""points_per_level"": 5.0, ""radius_yards"": null, ""trigger_spell"": 0, ""type"": 2}","{""amplitude"": 0, ""apply_aura"": 0, ""base_points"": 0, ""chain_targets"": 0, ""die_sides"": 0, ""implicit_target_a"": 1, ""implicit_target_b"": 0, ""mechanic"": 0, ""misc_value"": 0, ""points_per_level"": 0.0, ""radius_yards"": null, ""trigger_spell"": 36032, ""type"": 64}",,2294,,,"{""AuraDescription_Lang_Mask"": 16712190, ""BaseLevel"": 64, ""CastingTimeIndex"": 19, ""DefenseType"": 1, ""Description_Lang_Mask"": 16712190, ""Description_Lang_enUS"": 770064, ""EffectBonusMultiplier_1"": 0.7139999866485596, ""EffectChainAmplitude_1"": 1.0, ""EffectChainAmplitude_2"": 1.0, ""EffectChainAmplitude_3"": 1.0, ""EffectSpellClassMaskB_1"": 536870912, ""EffectSpellClassMaskC_1"": 536870912, ""EquippedItemClass"": -1, ""FacingCasterFlags"": 1, ""InterruptFlags"": 15, ""MaxLevel"": 68, ""NameSubtext_Lang_Mask"": 16712190, ""NameSubtext_Lang_enUS"": ""Rank 1"", ""Name_Lang_Mask"": 16712190, ""PreventionType"": 1, ""ProcChance"": 101, ""SpellClassMask_1"": 536870912, ""SpellClassSet"": 3, ""SpellLevel"": 64, ""SpellVisualID_1"": 7749, ""StartRecoveryCategory"": 133, ""StartRecoveryTime"": 1500}",pulled from existing data
30455,Ice Lance,16,0,0,327680,0,0,0,0,0,0,6,30.0,,,"{""amplitude"": 0, ""apply_aura"": 0, ""base_points"": 160, ""chain_targets"": 0, ""die_sides"": 27, ""implicit_target_a"": 6, ""implicit_target_b"": 0, ""mechanic"": 0, ""misc_value"": 0, ""points_per_level"": 3.200000047683716, ""radius_yards"": null, ""trigger_spell"": 0, ""type"": 2}",,,186,,,"{""AuraDescription_Lang_Mask"": 16712188, ""BaseLevel"": 66, ""CastingTimeIndex"": 1, ""DefenseType"": 1, ""Description_Lang_Mask"": 16712190, ""Description_Lang_enUS"": 770434, ""EffectBonusMultiplier_1"": 0.14300000667572021, ""EffectChainAmplitude_1"": 1.0, ""EffectChainAmplitude_2"": 1.0, ""EffectChainAmplitude_3"": 1.0, ""EquippedItemClass"": -1, ""FacingCasterFlags"": 1, ""InterruptFlags"": 15, ""MaxLevel"": 70, ""NameSubtext_Lang_Mask"": 16712190, ""NameSubtext_Lang_enUS"": ""Rank 1"", ""Name_Lang_Mask"": 16712190, ""PreventionType"": 1, ""ProcChance"": 101, ""Speed"": 38.0, ""SpellClassMask_1"": 131072, ""SpellClassSet"": 3, ""SpellDescriptionVariableID"": 167, ""SpellLevel"": 66, ""SpellVisualID_1"": 7906, ""StartRecoveryCategory"": 133, ""StartRecoveryTime"": 1500}",pulled from existing data
30482,Molten Armor,4,0,0,65536,0,0,0,0,0,0,28,0.0,,1800000,"{""amplitude"": 0, ""apply_aura"": 42, ""base_points"": -1, ""chain_targets"": 0, ""die_sides"": 1, ""implicit_target_a"": 1, ""implicit_target_b"": 0, ""mechanic"": 0, ""misc_value"": 0, ""points_per_level"": 0.0, ""radius_yards"": null, ""trigger_spell"": 34913, ""type"": 6}","{""amplitude"": 0, ""apply_aura"": 197, ""base_points"": -6, ""chain_targets"": 0, ""die_sides"": 1, ""implicit_target_a"": 1, ""implicit_target_b"": 0, ""mechanic"": 0, ""misc_value"": 0, ""points_per_level"": 0.0, ""radius_yards"": null, ""trigger_spell"": 0, ""type"": 6}","{""amplitude"": 0, ""apply_aura"": 220, ""base_points"": 34, ""chain_targets"": 0, ""die_sides"": 1, ""implicit_target_a"": 1, ""implicit_target_b"": 0, ""mechanic"": 0, ""misc_value"": 1792, ""points_per_level"": 0.0, ""radius_yards"": null, ""trigger_spell"": 0, ""type"": 6}",2307,,,"{""AttributesEx4"": 524288, ""AttributesEx7"": 268435456, ""AuraDescription_Lang_Mask"": 16712190, ""AuraDescription_Lang_enUS"": 772284, ""BaseLevel"": 62, ""CastingTimeIndex"": 1, ""DefenseType"": 1, ""Description_Lang_Mask"": 16712190, ""Description_Lang_enUS"": 772034, ""EffectChainAmplitude_1"": 1.0, ""EffectChainAmplitude_2"": 1.0, ""EffectChainAmplitude_3"": 1.0, ""EffectMiscValueB_3"": 4, ""EquippedItemClass"": -1, ""InterruptFlags"": 8, ""NameSubtext_Lang_Mask"": 16712190, ""NameSubtext_Lang_enUS"": ""Rank 1"", ""Name_Lang_Mask"": 16712190, ""PreventionType"": 1, ""ProcChance"": 100, ""ProcTypeMask"": 139944, ""RangeIndex"": 1, ""SpellClassMask_1"": 262144, ""SpellClassSet"": 3, ""SpellLevel"": 62, ""SpellPriority"": 50, ""SpellVisualID_1"": 7757, ""StartRecoveryCategory"": 133, ""StartRecoveryTime"": 1500}",pulled from existing data
31661,Dragon's Breath,4,1,0,1114112,1215,0,0,20000,0,0,7,0.0,,5000,"{""amplitude"": 0, ""apply_aura"": 0, ""base_points"": 369, ""chain_targets"": 0, ""die_sides"": 61, ""implicit_target_a"": 104, ""implicit_target_b"": 0, ""mechanic"": 0, ""misc_value"": 0, ""points_per_level"": 1.5, ""radius_yards"": 10.0, ""trigger_spell"": 0, ""type"": 2}","{""amplitude"": 0, ""apply_aura"": 5, ""base_points"": -1, ""chain_targets"": 0, ""die_sides"": 1, ""implicit_target_a"": 104, ""implicit_target_b"": 0, ""mechanic"": 2, ""misc_value"": 0, ""points_per_level"": 0.0, ""radius_yards"": 10.0, ""trigger_spell"": 0, ""type"": 6}","{""amplitude"": 0, ""apply_aura"": 33, ""base_points"": -51, ""chain_targets"": 0, ""die_sides"": 1, ""implicit_target_a"": 104, ""implicit_target_b"": 0, ""mechanic"": 11, ""misc_value"": 0, ""points_per_level"": 0.0, ""radius_yards"": 10.0, ""trigger_spell"": 0, ""type"": 6}",1548,,,"{""AttributesEx"": 136, ""AuraDescription_Lang_Mask"": 16712190, ""AuraDescription_Lang_enUS"": 40632, ""AuraInterruptFlags"": 4718592, ""BaseLevel"": 50, ""CastingTimeIndex"": 1, ""DefenseType"": 1, ""Description_Lang_Mask"": 16712190, ""Description_Lang_enUS"": 809819, ""EffectBonusMultiplier_1"": 0.19300000369548798, ""EffectChainAmplitude_1"": 1.0, ""EffectChainAmplitude_2"": 1.0, ""EffectChainAmplitude_3"": 1.0, ""EquippedItemClass"": -1, ""MaxLevel"": 58, ""NameSubtext_Lang_Mask"": 16712190, ""NameSubtext_Lang_enUS"": ""Rank 1"", ""Name_Lang_Mask"": 16712190, ""PreventionType"": 1, ""ProcChance"": 100, ""ProcCharges"": 1, ""ProcTypeMask"": 139944, ""RangeIndex"": 1, ""SpellClassMask_1"": 8388608, ""SpellClassSet"": 3, ""SpellLevel"": 50, ""SpellPriority"": 50, ""SpellVisualID_1"": 7860, ""StartRecoveryCategory"": 133, ""StartRecoveryTime"": 1500}",pulled from existing data
32266,Portal: Exodar,64,0,0,268500992,0,10000,60000,0,0,0,18,10.0,,60000,"{""amplitude"": 0, ""apply_aura"": 0, ""base_points"": -1, ""chain_targets"": 0, ""die_sides"": 1, ""implicit_target_a"": 47, ""implicit_target_b"": 0, ""mechanic"": 0, ""misc_value"": 182351, ""points_per_level"": 0.0, ""radius_yards"": 3.0, ""trigger_spell"": 0, ""type"": 50}",,,2122,,,"{""AttributesEx"": 268566528, ""AttributesEx3"": 1073741824, ""AttributesEx4"": 134217728, ""AttributesEx7"": 512, ""AuraDescription_Lang_Mask"": 16712188, ""BaseLevel"": 40, ""CastingTimeIndex"": 7, ""DefenseType"": 1, ""Description_Lang_Mask"": 16712190, ""Description_Lang_enUS"": 833523, ""EffectChainAmplitude_1"": 1.0, ""EffectChainAmplitude_2"": 1.0, ""EffectChainAmplitude_3"": 1.0, ""EquippedItemClass"": -1, ""InterruptFlags"": 31, ""NameSubtext_Lang_Mask"": 16712188, ""Name_Lang_Mask"": 16712190, ""PreventionType"": 1, ""ProcChance"": 101, ""ReagentCount_1"": 1, ""Reagent_1"": 17032, ""SpellClassMask_1"": 2147483648, ""SpellClassSet"": 3, ""SpellLevel"": 40, ""SpellPriority"": 50, ""SpellVisualID_1"": 2738, ""StartRecoveryCategory"": 133, ""StartRecoveryTime"": 1500}",pulled from existing data
32267,Portal: Silvermoon,64,0,0,268500992,0,10000,60000,0,0,0,18,10.0,,60000,"{""amplitude"": 0, ""apply_aura"": 0, ""base_points"": -1, ""chain_targets"": 0, ""die_sides"": 1, ""implicit_target_a"": 47, ""implicit_target_b"": 0, ""mechanic"": 0, ""misc_value"": 182352, ""points_per_level"": 0.0, ""radius_yards"": 3.0, ""trigger_spell"": 0, ""type"": 50}",,,2123,,,"{""AttributesEx"": 268566528, ""AttributesEx3"": 1073741824, ""AttributesEx4"": 134217728, ""AttributesEx7"": 256, ""AuraDescription_Lang_Mask"": 16712188, ""BaseLevel"": 40, ""CastingTimeIndex"": 7, ""DefenseType"": 1, ""Description_Lang_Mask"": 16712190, ""Description_Lang_enUS"": 833609, ""EffectChainAmplitude_1"": 1.0, ""EffectChainAmplitude_2"": 1.0, ""EffectChainAmplitude_3"": 1.0, ""EquippedItemClass"": -1, ""InterruptFlags"": 31, ""NameSubtext_Lang_Mask"": 16712188, ""Name_Lang_Mask"": 16712190, ""PreventionType"": 1, ""ProcChance"": 101, ""ReagentCount_1"": 1, ""Reagent_1"": 17032, ""SpellClassMask_1"": 2147483648, ""SpellClassSet"": 3, ""SpellLevel"": 40, ""SpellPriority"": 50, ""SpellVisualID_1"": 2738, ""StartRecoveryCategory"": 133, ""StartRecoveryTime"": 1500}",pulled from existing data
32271,Teleport: Exodar,64,0,0,268500992,0,10000,0,0,0,0,8,0.0,,,"{""amplitude"": 0, ""apply_aura"": 0, ""base_points"": -1, ""chain_targets"": 0, ""die_sides"": 1, ""implicit_target_a"": 1, ""implicit_target_b"": 17, ""mechanic"": 0, ""misc_value"": 0, ""points_per_level"": 0.0, ""radius_yards"": null, ""trigger_spell"": 0, ""type"": 5}","{""amplitude"": 0, ""apply_aura"": 0, ""base_points"": 0, ""chain_targets"": 0, ""die_sides"": 0, ""implicit_target_a"": 1, ""implicit_target_b"": 0, ""mechanic"": 0, ""misc_value"": 0, ""points_per_level"": 0.0, ""radius_yards"": null, ""trigger_spell"": 0, ""type"": 77}",,2124,,,"{""AttributesEx"": 131072, ""AttributesEx3"": 1073741824, ""AttributesEx7"": 512, ""AuraDescription_Lang_Mask"": 16712188, ""BaseLevel"": 20, ""CastingTimeIndex"": 7, ""DefenseType"": 1, ""Description_Lang_Mask"": 16712190, ""Description_Lang_enUS"": 833745, ""EffectBonusMultiplier_2"": 1.0, ""EffectChainAmplitude_1"": 1.0, ""EffectChainAmplitude_2"": 1.0, ""EffectChainAmplitude_3"": 1.0, ""EffectMultipleValue_1"": 1.0, ""EquippedItemClass"": -1, ""InterruptFlags"": 15, ""NameSubtext_Lang_Mask"": 16712188, ""Name_Lang_Mask"": 16712190, ""PreventionType"": 1, ""ProcChance"": 101, ""RangeIndex"": 1, ""ReagentCount_1"": 1, ""Reagent_1"": 17031, ""SpellClassMask_1"": 2147483648, ""SpellClassSet"": 3, ""SpellLevel"": 20, ""SpellPriority"": 50, ""SpellVisualID_1"": 263, ""StartRecoveryCategory"": 133, ""StartRecoveryTime"": 1500}",pulled from existing data
32272,Teleport: Silvermoon,64,0,0,268500992,0,10000,0,0,0,0,8,0.0,,,"{""amplitude"": 0, ""apply_aura"": 0, ""base_points"": -1, ""chain_targets"": 0, ""die_sides"": 1, ""implicit_target_a"": 1, ""implicit_target_b"": 17, ""mechanic"": 0, ""misc_value"": 0, ""points_per_level"": 0.0, ""radius_yards"": null, ""trigger_spell"": 0, ""type"": 5}","{""amplitude"": 0, ""apply_aura"": 0, ""base_points"": 0, ""chain_targets"": 0, ""die_sides"": 0, ""implicit_target_a"": 1, ""implicit_target_b"": 0, ""mechanic"": 0, ""misc_value"": 0, ""points_per_level"": 0.0, ""radius_yards"": null, ""trigger_spell"": 0, ""type"": 77}",,2125,,,"{""AttributesEx"": 131072, ""AttributesEx3"": 1073741824, ""AttributesEx7"": 256, ""AuraDescription_Lang_Mask"": 16712188, ""BaseLevel"": 20, ""CastingTimeIndex"": 7, ""DefenseType"": 1, ""Description_Lang_Mask"": 16712190, ""Description_Lang_enUS"": 833798, ""EffectBonusMultiplier_2"": 1.0, ""EffectChainAmplitude_1"": 1.0, ""EffectChainAmplitude_2"": 1.0, ""EffectChainAmplitude_3"": 1.0, ""EffectMultipleValue_1"": 1.0, ""EquippedItemClass"": -1, ""InterruptFlags"": 15, ""NameSubtext_Lang_Mask"": 16712188, ""Name_Lang_Mask"": 16712190, ""PreventionType"": 1, ""ProcChance"": 101, ""RangeIndex"": 1, ""ReagentCount_1"": 1, ""Reagent_1"": 17031, ""SpellClassMask_1"": 2147483648, ""SpellClassSet"": 3, ""SpellLevel"": 20, ""SpellPriority"": 50, ""SpellVisualID_1"": 263, ""StartRecoveryCategory"": 133, ""StartRecoveryTime"": 1500}",pulled from existing data
32796,Frost Ward,16,1,0,65536,56,0,0,30000,0,0,14,0.0,,30000,"{""amplitude"": 0, ""apply_aura"": 69, ""base_points"": 1124, ""chain_targets"": 0, ""die_sides"": 1, ""implicit_target_a"": 1, ""implicit_target_b"": 0, ""mechanic"": 0, ""misc_value"": 16, ""points_per_level"": 0.0, ""radius_yards"": null, ""trigger_spell"": 0, ""type"": 6}","{""amplitude"": 0, ""apply_aura"": 74, ""base_points"": -1, ""chain_targets"": 0, ""die_sides"": 1, ""implicit_target_a"": 1, ""implicit_target_b"": 0, ""mechanic"": 0, ""misc_value"": 16, ""points_per_level"": 0.0, ""radius_yards"": null, ""trigger_spell"": 0, ""type"": 6}",,501,,,"{""AuraDescription_Lang_Mask"": 16712190, ""AuraDescription_Lang_enUS"": 111644, ""BaseLevel"": 70, ""CastingTimeIndex"": 1, ""DefenseType"": 1, ""Description_Lang_Mask"": 16712190, ""Description_Lang_enUS"": 80074, ""EffectChainAmplitude_1"": 1.0, ""EffectChainAmplitude_2"": 1.0, ""EffectChainAmplitude_3"": 1.0, ""EffectMultipleValue_2"": 1.0, ""EquippedItemClass"": -1, ""InterruptFlags"": 8, ""MaxLevel"": 78, ""NameSubtext_Lang_Mask"": 16712190, ""NameSubtext_Lang_enUS"": ""Rank 6"", ""Name_Lang_Mask"": 16712190, ""PreventionType"": 1, ""ProcChance"": 101, ""RangeIndex"": 1, ""SpellClassMask_1"": 256, ""SpellClassMask_3"": 8, ""SpellClassSet"": 3, ""SpellLevel"": 70, ""SpellVisualID_1"": 291, ""StartRecoveryCategory"": 133, ""StartRecoveryTime"": 1500}",pulled from existing data
33041,Dragon's Breath,4,1,0,1114112,1215,0,0,20000,0,0,7,0.0,,5000,"{""amplitude"": 0, ""apply_aura"": 0, ""base_points"": 453, ""chain_targets"": 0, ""die_sides"": 73, ""implicit_target_a"": 104, ""implicit_target_b"": 0, ""mechanic"": 0, ""misc_value"": 0, ""points_per_level"": 1.600000023841858, ""radius_yards"": 10.0, ""trigger_spell"": 0, ""type"": 2}","{""amplitude"": 0, ""apply_aura"": 5, ""base_points"": -1, ""chain_targets"": 0, ""die_sides"": 1, ""implicit_target_a"": 104, ""implicit_target_b"": 0, ""mechanic"": 2, ""misc_value"": 0, ""points_per_level"": 0.0, ""radius_yards"": 10.0, ""trigger_spell"": 0, ""type"": 6}","{""amplitude"": 0, ""apply_aura"": 33, ""base_points"": -51, ""chain_targets"": 0, ""die_sides"": 1, ""implicit_target_a"": 104, ""implicit_target_b"": 0, ""mechanic"": 11, ""misc_value"": 0, ""points_per_level"": 0.0, ""radius_yards"": 10.0, ""trigger_spell"": 0, ""type"": 6}",1548,,,"{""AttributesEx"": 136, ""AuraDescription_Lang_Mask"": 16712190, ""AuraDescription_Lang_enUS"": 40632, ""AuraInterruptFlags"": 4718592, ""BaseLevel"": 56, ""CastingTimeIndex"": 1, ""DefenseType"": 1, ""Description_Lang_Mask"": 16712190, ""Description_Lang_enUS"": 809819, ""EffectBonusMultiplier_1"": 0.19300000369548798, ""EffectChainAmplitude_1"": 1.0, ""EffectChainAmplitude_2"": 1.0, ""EffectChainAmplitude_3"": 1.0, ""EquippedItemClass"": -1, ""MaxLevel"": 62, ""NameSubtext_Lang_Mask"": 16712190, ""NameSubtext_Lang_enUS"": ""Rank 2"", ""Name_Lang_Mask"": 16712190, ""PreventionType"": 1, ""ProcChance"": 100, ""ProcCharges"": 1, ""ProcTypeMask"": 139944, ""RangeIndex"": 1, ""SpellClassMask_1"": 8388608, ""SpellClassSet"": 3, ""SpellLevel"": 56, ""SpellPriority"": 50, ""SpellVisualID_1"": 7860, ""StartRecoveryCategory"": 133, ""StartRecoveryTime"": 1500}",pulled from existing data
33042,Dragon's Breath,4,1,0,1114112,1215,0,0,20000,0,0,7,0.0,,5000,"{""amplitude"": 0, ""apply_aura"": 0, ""base_points"": 573, ""chain_targets"": 0, ""die_sides"": 93, ""implicit_target_a"": 104, ""implicit_target_b"": 0, ""mechanic"": 0, ""misc_value"": 0, ""points_per_level"": 1.7999999523162842, ""radius_yards"": 10.0, ""trigger_spell"": 0, ""type"": 2}","{""amplitude"": 0, ""apply_aura"": 5, ""base_points"": -1, ""chain_targets"": 0, ""die_sides"": 1, ""implicit_target_a"": 104, ""implicit_target_b"": 0, ""mechanic"": 2, ""misc_value"": 0, ""points_per_level"": 0.0, ""radius_yards"": 10.0, ""trigger_spell"": 0, ""type"": 6}","{""amplitude"": 0, ""apply_aura"": 33, ""base_points"": -51, ""chain_targets"": 0, ""die_sides"": 1, ""implicit_target_a"": 104, ""implicit_target_b"": 0, ""mechanic"": 11, ""misc_value"": 0, ""points_per_level"": 0.0, ""radius_yards"": 10.0, ""trigger_spell"": 0, ""type"": 6}",1548,,,"{""AttributesEx"": 136, ""AuraDescription_Lang_Mask"": 16712190, ""AuraDescription_Lang_enUS"": 40632, ""AuraInterruptFlags"": 4718592, ""BaseLevel"": 64, ""CastingTimeIndex"": 1, ""DefenseType"": 1, ""Description_Lang_Mask"": 16712190, ""Description_Lang_enUS"": 809819, ""EffectBonusMultiplier_1"": 0.19300000369548798, ""EffectChainAmplitude_1"": 1.0, ""EffectChainAmplitude_2"": 1.0, ""EffectChainAmplitude_3"": 1.0, ""EquippedItemClass"": -1, ""MaxLevel"": 70, ""NameSubtext_Lang_Mask"": 16712190, ""NameSubtext_Lang_enUS"": ""Rank 3"", ""Name_Lang_Mask"": 16712190, ""PreventionType"": 1, ""ProcChance"": 100, ""ProcCharges"": 1, ""ProcTypeMask"": 139944, ""RangeIndex"": 1, ""SpellClassMask_1"": 8388608, ""SpellClassSet"": 3, ""SpellLevel"": 64, ""SpellPriority"": 50, ""SpellVisualID_1"": 7860, ""StartRecoveryCategory"": 133, ""StartRecoveryTime"": 1500}",pulled from existing data
33043,Dragon's Breath,4,1,0,1114112,1215,0,0,20000,0,0,7,0.0,,5000,"{""amplitude"": 0, ""apply_aura"": 0, ""base_points"": 679, ""chain_targets"": 0, ""die_sides"": 111, ""implicit_target_a"": 104, ""implicit_target_b"": 0, ""mechanic"": 0, ""misc_value"": 0, ""points_per_level"": 2.0, ""radius_yards"": 10.0, ""trigger_spell"": 0, ""type"": 2}","{""amplitude"": 0, ""apply_aura"": 5, ""base_points"": -1, ""chain_targets"": 0, ""die_sides"": 1, ""implicit_target_a"": 104, ""implicit_target_b"": 0, ""mechanic"": 2, ""misc_value"": 0, ""points_per_level"": 0.0, ""radius_yards"": 10.0, ""trigger_spell"": 0, ""type"": 6}","{""amplitude"": 0, ""apply_aura"": 33, ""base_points"": -51, ""chain_targets"": 0, ""die_sides"": 1, ""implicit_target_a"": 104, ""implicit_target_b"": 0, ""mechanic"": 11, ""misc_value"": 0, ""points_per_level"": 0.0, ""radius_yards"": 10.0, ""trigger_spell"": 0, ""type"": 6}",1548,,,"{""AttributesEx"": 136, ""AuraDescription_Lang_Mask"": 16712190, ""AuraDescription_Lang_enUS"": 40632, ""AuraInterruptFlags"": 4718592, ""BaseLevel"": 70, ""CastingTimeIndex"": 1, ""DefenseType"": 1, ""Description_Lang_Mask"": 16712190, ""Description_Lang_enUS"": 809819, ""EffectBonusMultiplier_1"": 0.19300000369548798, ""EffectChainAmplitude_1"": 1.0, ""EffectChainAmplitude_2"": 1.0, ""EffectChainAmplitude_3"": 1.0, ""EquippedItemClass"": -1, ""MaxLevel"": 76, ""NameSubtext_Lang_Mask"": 16712190, ""NameSubtext_Lang_enUS"": ""Rank 4"", ""Name_Lang_Mask"": 16712190, ""PreventionType"": 1, ""ProcChance"": 100, ""ProcCharges"": 1, ""ProcTypeMask"": 139944, ""RangeIndex"": 1, ""SpellClassMask_1"": 8388608, ""SpellClassSet"": 3, ""SpellLevel"": 70, ""SpellPriority"": 50, ""SpellVisualID_1"": 7860, ""StartRecoveryCategory"": 133, ""StartRecoveryTime"": 1500}",pulled from existing data
33405,Ice Barrier,16,1,0,327680,471,0,0,30000,0,0,21,0.0,,60000,"{""amplitude"": 0, ""apply_aura"": 69, ""base_points"": 1074, ""chain_targets"": 0, ""die_sides"": 1, ""implicit_target_a"": 1, ""implicit_target_b"": 0, ""mechanic"": 0, ""misc_value"": 127, ""points_per_level"": 4.800000190734863, ""radius_yards"": null, ""trigger_spell"": 0, ""type"": 6}",,,32,,,"{""AuraDescription_Lang_Mask"": 16712190, ""AuraDescription_Lang_enUS"": 735, ""BaseLevel"": 70, ""CastingTimeIndex"": 1, ""DefenseType"": 1, ""Description_Lang_Mask"": 16712190, ""Description_Lang_enUS"": 234421, ""EffectChainAmplitude_1"": 1.0, ""EffectChainAmplitude_2"": 1.0, ""EffectChainAmplitude_3"": 1.0, ""EquippedItemClass"": -1, ""InterruptFlags"": 8, ""MaxLevel"": 76, ""NameSubtext_Lang_Mask"": 16712190, ""NameSubtext_Lang_enUS"": ""Rank 6"", ""Name_Lang_Mask"": 16712190, ""PreventionType"": 1, ""ProcChance"": 101, ""RangeIndex"": 1, ""SpellClassMask_2"": 1, ""SpellClassMask_3"": 8, ""SpellClassSet"": 3, ""SpellLevel"": 70, ""SpellPriority"": 50, ""SpellVisualID_1"": 4302, ""StartRecoveryCategory"": 133, ""StartRecoveryTime"": 1500}",pulled from existing data
33690,Teleport: Shattrath,64,0,0,268500992,0,10000,0,0,0,0,8,0.0,,,"{""amplitude"": 0, ""apply_aura"": 0, ""base_points"": -1, ""chain_targets"": 0, ""die_sides"": 1, ""implicit_target_a"": 1, ""implicit_target_b"": 17, ""mechanic"": 0, ""misc_value"": 0, ""points_per_level"": 0.0, ""radius_yards"": null, ""trigger_spell"": 0, ""type"": 5}","{""amplitude"": 0, ""apply_aura"": 0, ""base_points"": 0, ""chain_targets"": 0, ""die_sides"": 0, ""implicit_target_a"": 1, ""implicit_target_b"": 0, ""mechanic"": 0, ""misc_value"": 0, ""points_per_level"": 0.0, ""radius_yards"": null, ""trigger_spell"": 0, ""type"": 77}",,2175,,,"{""AttributesEx"": 131072, ""AttributesEx3"": 1073741824, ""AttributesEx7"": 512, ""AuraDescription_Lang_Mask"": 16712188, ""BaseLevel"": 60, ""CastingTimeIndex"": 7, ""DefenseType"": 1, ""Description_Lang_Mask"": 16712190, ""Description_Lang_enUS"": 886768, ""EffectBonusMultiplier_2"": 1.0, ""EffectChainAmplitude_1"": 1.0, ""EffectChainAmplitude_2"": 1.0, ""EffectChainAmplitude_3"": 1.0, ""EffectMultipleValue_1"": 1.0, ""EquippedItemClass"": -1, ""InterruptFlags"": 15, ""NameSubtext_Lang_Mask"": 16712188, ""Name_Lang_Mask"": 16712190, ""PreventionType"": 1, ""ProcChance"": 101, ""RangeIndex"": 1, ""ReagentCount_1"": 1, ""Reagent_1"": 17031, ""SpellClassMask_1"": 2147483648, ""SpellClassSet"": 3, ""SpellLevel"": 60, ""SpellPriority"": 50, ""SpellVisualID_1"": 263, ""StartRecoveryCategory"": 133, ""StartRecoveryTime"": 1500}",pulled from existing data
33691,Portal: Shattrath,64,0,0,268500992,0,10000,60000,0,0,0,18,10.0,,60000,"{""amplitude"": 0, ""apply_aura"": 0, ""base_points"": -1, ""chain_targets"": 0, ""die_sides"": 1, ""implicit_target_a"": 47, ""implicit_target_b"": 0, ""mechanic"": 0, ""misc_value"": 183384, ""points_per_level"": 0.0, ""radius_yards"": 3.0, ""trigger_spell"": 0, ""type"": 50}",,,2174,,,"{""AttributesEx"": 268566528, ""AttributesEx3"": 1073741824, ""AttributesEx4"": 134217728, ""AttributesEx7"": 512, ""AuraDescription_Lang_Mask"": 16712188, ""BaseLevel"": 65, ""CastingTimeIndex"": 7, ""DefenseType"": 1, ""Description_Lang_Mask"": 16712190, ""Description_Lang_enUS"": 886821, ""EffectChainAmplitude_1"": 1.0, ""EffectChainAmplitude_2"": 1.0, ""EffectChainAmplitude_3"": 1.0, ""EquippedItemClass"": -1, ""InterruptFlags"": 31, ""NameSubtext_Lang_Mask"": 16712188, ""Name_Lang_Mask"": 16712190, ""PreventionType"": 1, ""ProcChance"": 101, ""ReagentCount_1"": 1, ""Reagent_1"": 17032, ""SpellClassMask_1"": 2147483648, ""SpellClassSet"": 3, ""SpellLevel"": 65, ""SpellPriority"": 50, ""SpellVisualID_1"": 2738, ""StartRecoveryCategory"": 133, ""StartRecoveryTime"": 1500}",pulled from existing data
33717,Conjure Food,64,0,0,65536,0,3000,0,0,0,0,40,0.0,,,"{""amplitude"": 0, ""apply_aura"": 0, ""base_points"": 9, ""chain_targets"": 0, ""die_sides"": 1, ""implicit_target_a"": 1, ""implicit_target_b"": 0, ""mechanic"": 0, ""misc_value"": 0, ""points_per_level"": 2.0, ""radius_yards"": null, ""trigger_spell"": 0, ""type"": 24}",,,1842,,,"{""AttributesEx"": 131072, ""AuraDescription_Lang_Mask"": 16712188, ""BaseLevel"": 70, ""CastingTimeIndex"": 14, ""DefenseType"": 1, ""Description_Lang_Mask"": 16712190, ""Description_Lang_enUS"": 887971, ""EffectChainAmplitude_1"": 1.0, ""EffectChainAmplitude_2"": 1.0, ""EffectChainAmplitude_3"": 1.0, ""EffectItemType_1"": 22019, ""EquippedItemClass"": -1, ""InterruptFlags"": 15, ""MaxLevel"": 75, ""NameSubtext_Lang_Mask"": 16712190, ""NameSubtext_Lang_enUS"": ""Rank 8"", ""Name_Lang_Mask"": 16712190, ""PreventionType"": 1, ""ProcChance"": 101, ""RangeIndex"": 1, ""SpellClassMask_1"": 1073741824, ""SpellClassSet"": 3, ""SpellLevel"": 70, ""SpellVisualID_1"": 563, ""StartRecoveryCategory"": 133, ""StartRecoveryTime"": 1500}",pulled from existing data
33933,Blast Wave,4,0,0,65536,250,0,0,30000,0,0,7,0.0,,6000,"{""amplitude"": 0, ""apply_aura"": 0, ""base_points"": 615, ""chain_targets"": 0, ""die_sides"": 109, ""implicit_target_a"": 22, ""implicit_target_b"": 15, ""mechanic"": 0, ""misc_value"": 0, ""points_per_level"": 2.299999952316284, ""radius_yards"": 10.0, ""trigger_spell"": 0, ""type"": 2}","{""amplitude"": 0, ""apply_aura"": 33, ""base_points"": -51, ""chain_targets"": 0, ""die_sides"": 1, ""implicit_target_a"": 22, ""implicit_target_b"": 15, ""mechanic"": 11, ""misc_value"": 0, ""points_per_level"": 0.0, ""radius_yards"": 10.0, ""trigger_spell"": 0, ""type"": 6}","{""amplitude"": 0, ""apply_aura"": 0, ""base_points"": 79, ""chain_targets"": 0, ""die_sides"": 1, ""implicit_target_a"": 22, ""implicit_target_b"": 15, ""mechanic"": 0, ""misc_value"": 100, ""points_per_level"": 0.0, ""radius_yards"": 10.0, ""trigger_spell"": 0, ""type"": 98}",292,,,"{""AttributesEx"": 128, ""AuraDescription_Lang_Mask"": 16712190, ""AuraDescription_Lang_enUS"": 225286, ""BaseLevel"": 70, ""CastingTimeIndex"": 1, ""DefenseType"": 1, ""Description_Lang_Mask"": 16712190, ""Description_Lang_enUS"": 225127, ""EffectBonusMultiplier_1"": 0.19300000369548798, ""EffectChainAmplitude_1"": 1.0, ""EffectChainAmplitude_2"": 1.0, ""EffectChainAmplitude_3"": 1.0, ""EquippedItemClass"": -1, ""MaxLevel"": 76, ""NameSubtext_Lang_Mask"": 16712190, ""NameSubtext_Lang_enUS"": ""Rank 7"", ""Name_Lang_Mask"": 16712190, ""PreventionType"": 1, ""ProcChance"": 101, ""RangeIndex"": 1, ""SpellClassMask_2"": 64, ""SpellClassSet"": 3, ""SpellLevel"": 70, ""SpellPriority"": 50, ""SpellVisualID_1"": 963, ""StartRecoveryCategory"": 133, ""StartRecoveryTime"": 1500}",pulled from existing data
33938,Pyroblast,4,0,0,65536,290,5000,0,0,0,0,22,35.0,,12000,"{""amplitude"": 0, ""apply_aura"": 0, ""base_points"": 938, ""chain_targets"": 0, ""die_sides"": 253, ""implicit_target_a"": 6, ""implicit_target_b"": 0, ""mechanic"": 0, ""misc_value"": 0, ""points_per_level"": 5.400000095367432, ""radius_yards"": null, ""trigger_spell"": 0, ""type"": 2}","{""amplitude"": 3000, ""apply_aura"": 3, ""base_points"": 88, ""chain_targets"": 0, ""die_sides"": 1, ""implicit_target_a"": 6, ""implicit_target_b"": 0, ""mechanic"": 0, ""misc_value"": 0, ""points_per_level"": 0.0, ""radius_yards"": null, ""trigger_spell"": 0, ""type"": 6}",,184,,,"{""AuraDescription_Lang_Mask"": 16712190, ""AuraDescription_Lang_enUS"": 5323, ""BaseLevel"": 70, ""CastingTimeIndex"": 6, ""DefenseType"": 1, ""Description_Lang_Mask"": 16712190, ""Description_Lang_enUS"": 232182, ""EffectBonusMultiplier_1"": 1.149999976158142, ""EffectBonusMultiplier_2"": 0.05000000074505806, ""EffectChainAmplitude_1"": 1.0, ""EffectChainAmplitude_2"": 1.0, ""EffectChainAmplitude_3"": 1.0, ""EquippedItemClass"": -1, ""FacingCasterFlags"": 1, ""InterruptFlags"": 15, ""MaxLevel"": 76, ""NameSubtext_Lang_Mask"": 16712190, ""NameSubtext_Lang_enUS"": ""Rank 10"", ""Name_Lang_Mask"": 16712190, ""PreventionType"": 1, ""ProcChance"": 101, ""Speed"": 24.0, ""SpellClassMask_1"": 4194304, ""SpellClassMask_3"": 8, ""SpellClassSet"": 3, ""SpellLevel"": 70, ""SpellPriority"": 50, ""SpellVisualID_1"": 2253, ""StartRecoveryCategory"": 133, ""StartRecoveryTime"": 1500}",pulled from existing data
33944,Dampen Magic,64,1,0,65536,0,0,0,0,0,0,27,30.0,,600000,"{""amplitude"": 0, ""apply_aura"": 14, ""base_points"": -121, ""chain_targets"": 0, ""die_sides"": 1, ""implicit_target_a"": 57, ""implicit_target_b"": 0, ""mechanic"": 0, ""misc_value"": 126, ""points_per_level"": 0.0, ""radius_yards"": null, ""trigger_spell"": 0, ""type"": 6}","{""amplitude"": 0, ""apply_aura"": 115, ""base_points"": -129, ""chain_targets"": 0, ""die_sides"": 1, ""implicit_target_a"": 57, ""implicit_target_b"": 0, ""mechanic"": 0, ""misc_value"": 126, ""points_per_level"": 0.0, ""radius_yards"": null, ""trigger_spell"": 0, ""type"": 6}",,263,,,"{""AttributesEx"": 131072, ""AttributesEx6"": 67108864, ""AuraDescription_Lang_Mask"": 16712190, ""AuraDescription_Lang_enUS"": 14270, ""BaseLevel"": 67, ""CastingTimeIndex"": 1, ""DefenseType"": 1, ""Description_Lang_Mask"": 16712190, ""Description_Lang_enUS"": 14123, ""EffectChainAmplitude_1"": 1.0, ""EffectChainAmplitude_2"": 1.0, ""EffectChainAmplitude_3"": 1.0, ""EquippedItemClass"": -1, ""InterruptFlags"": 8, ""NameSubtext_Lang_Mask"": 16712190, ""NameSubtext_Lang_enUS"": ""Rank 6"", ""Name_Lang_Mask"": 16712190, ""PreventionType"": 1, ""ProcChance"": 101, ""SpellClassMask_1"": 8192, ""SpellClassMask_3"": 8, ""SpellClassSet"": 3, ""SpellLevel"": 67, ""SpellVisualID_1"": 970, ""StartRecoveryCategory"": 133, ""StartRecoveryTime"": 1500}",pulled from existing data
33946,Amplify Magic,64,1,0,65536,0,0,0,0,0,0,27,30.0,,600000,"{""amplitude"": 0, ""apply_aura"": 14, ""base_points"": 119, ""chain_targets"": 0, ""die_sides"": 1, ""implicit_target_a"": 57, ""implicit_target_b"": 0, ""mechanic"": 0, ""misc_value"": 126, ""points_per_level"": 0.0, ""radius_yards"": null, ""trigger_spell"": 0, ""type"": 6}","{""amplitude"": 0, ""apply_aura"": 115, ""base_points"": 127, ""chain_targets"": 0, ""die_sides"": 1, ""implicit_target_a"": 57, ""implicit_target_b"": 0, ""mechanic"": 0, ""misc_value"": 126, ""points_per_level"": 0.0, ""radius_yards"": null, ""trigger_spell"": 0, ""type"": 6}",,242,,,"{""AttributesEx"": 131072, ""AttributesEx6"": 67108864, ""AuraDescription_Lang_Mask"": 16712190, ""AuraDescription_Lang_enUS"": 25352, ""BaseLevel"": 69, ""CastingTimeIndex"": 1, ""DefenseType"": 1, ""Description_Lang_Mask"": 16712190, ""Description_Lang_enUS"": 25203, ""EffectChainAmplitude_1"": 1.0, ""EffectChainAmplitude_2"": 1.0, ""EffectChainAmplitude_3"": 1.0, ""EquippedItemClass"": -1, ""InterruptFlags"": 8, ""NameSubtext_Lang_Mask"": 16712190, ""NameSubtext_Lang_enUS"": ""Rank 6"", ""Name_Lang_Mask"": 16712190, ""PreventionType"": 1, ""ProcChance"": 101, ""SpellClassMask_1"": 8192, ""SpellClassMask_3"": 8, ""SpellClassSet"": 3, ""SpellLevel"": 69, ""SpellVisualID_1"": 969, ""StartRecoveryCategory"": 133, ""StartRecoveryTime"": 1500}",pulled from existing data
34913,Molten Armor,4,0,0,150994944,0,0,0,0,0,0,0,100.0,,,"{""amplitude"": 0, ""apply_aura"": 0, ""base_points"": 74, ""chain_targets"": 0, ""die_sides"": 1, ""implicit_target_a"": 6, ""implicit_target_b"": 0, ""mechanic"": 0, ""misc_value"": 0, ""points_per_level"": 0.0, ""radius_yards"": null, ""trigger_spell"": 0, ""type"": 2}",,,2307,,,"{""AttributesEx"": 168, ""AttributesEx2"": 16388, ""AttributesEx4"": 16512, ""AuraDescription_Lang_Mask"": 16712188, ""BaseLevel"": 62, ""CastingTimeIndex"": 1, ""DefenseType"": 1, ""Description_Lang_Mask"": 16712190, ""Description_Lang_enUS"": 935656, ""EffectChainAmplitude_1"": 1.0, ""EffectChainAmplitude_2"": 1.0, ""EffectChainAmplitude_3"": 1.0, ""EquippedItemClass"": -1, ""NameSubtext_Lang_Mask"": 16712190, ""NameSubtext_Lang_enUS"": ""Rank 1"", ""Name_Lang_Mask"": 16712190, ""ProcChance"": 101, ""SpellClassMask_2"": 8, ""SpellClassSet"": 3, ""SpellLevel"": 62}",pulled from existing data
35715,Teleport: Shattrath,64,0,0,268500992,0,10000,0,0,0,0,8,0.0,,,"{""amplitude"": 0, ""apply_aura"": 0, ""base_points"": -1, ""chain_targets"": 0, ""die_sides"": 1, ""implicit_target_a"": 1, ""implicit_target_b"": 17, ""mechanic"": 0, ""misc_value"": 0, ""points_per_level"": 0.0, ""radius_yards"": null, ""trigger_spell"": 0, ""type"": 5}","{""amplitude"": 0, ""apply_aura"": 0, ""base_points"": 0, ""chain_targets"": 0, ""die_sides"": 0, ""implicit_target_a"": 1, ""implicit_target_b"": 0, ""mechanic"": 0, ""misc_value"": 0, ""points_per_level"": 0.0, ""radius_yards"": null, ""trigger_spell"": 0, ""type"": 77}",,2175,,,"{""AttributesEx"": 131072, ""AttributesEx3"": 1073741824, ""AttributesEx7"": 256, ""AuraDescription_Lang_Mask"": 16712188, ""BaseLevel"": 60, ""CastingTimeIndex"": 7, ""DefenseType"": 1, ""Description_Lang_Mask"": 16712190, ""Description_Lang_enUS"": 886768, ""EffectBonusMultiplier_2"": 1.0, ""EffectChainAmplitude_1"": 1.0, ""EffectChainAmplitude_2"": 1.0, ""EffectChainAmplitude_3"": 1.0, ""EffectMultipleValue_1"": 1.0, ""EquippedItemClass"": -1, ""InterruptFlags"": 15, ""NameSubtext_Lang_Mask"": 16712188, ""Name_Lang_Mask"": 16712190, ""PreventionType"": 1, ""ProcChance"": 101, ""RangeIndex"": 1, ""ReagentCount_1"": 1, ""Reagent_1"": 17031, ""SpellClassMask_1"": 2147483648, ""SpellClassSet"": 3, ""SpellLevel"": 60, ""SpellPriority"": 50, ""SpellVisualID_1"": 263, ""StartRecoveryCategory"": 133, ""StartRecoveryTime"": 1500}",pulled from existing data
35717,Portal: Shattrath,64,0,0,268500992,0,10000,60000,0,0,0,18,10.0,,60000,"{""amplitude"": 0, ""apply_aura"": 0, ""base_points"": -1, ""chain_targets"": 0, ""die_sides"": 1, ""implicit_target_a"": 47, ""implicit_target_b"": 0, ""mechanic"": 0, ""misc_value"": 184594, ""points_per_level"": 0.0, ""radius_yards"": 3.0, ""trigger_spell"": 0, ""type"": 50}",,,2174,,,"{""AttributesEx"": 268566528, ""AttributesEx3"": 1073741824, ""AttributesEx4"": 134217728, ""AttributesEx7"": 256, ""AuraDescription_Lang_Mask"": 16712188, ""BaseLevel"": 65, ""CastingTimeIndex"": 7, ""DefenseType"": 1, ""Description_Lang_Mask"": 16712190, ""Description_Lang_enUS"": 886821, ""EffectChainAmplitude_1"": 1.0, ""EffectChainAmplitude_2"": 1.0, ""EffectChainAmplitude_3"": 1.0, ""EquippedItemClass"": -1, ""InterruptFlags"": 31, ""NameSubtext_Lang_Mask"": 16712188, ""Name_Lang_Mask"": 16712190, ""PreventionType"": 1, ""ProcChance"": 101, ""ReagentCount_1"": 1, ""Reagent_1"": 17032, ""SpellClassMask_1"": 2147483648, ""SpellClassSet"": 3, ""SpellLevel"": 65, ""SpellPriority"": 50, ""SpellVisualID_1"": 2738, ""StartRecoveryCategory"": 133, ""StartRecoveryTime"": 1500}",pulled from existing data
37420,Conjure Water,64,0,0,65536,0,3000,0,0,0,0,40,0.0,,,"{""amplitude"": 0, ""apply_aura"": 0, ""base_points"": 9, ""chain_targets"": 0, ""die_sides"": 1, ""implicit_target_a"": 1, ""implicit_target_b"": 0, ""mechanic"": 0, ""misc_value"": 0, ""points_per_level"": 2.0, ""radius_yards"": null, ""trigger_spell"": 0, ""type"": 24}",,,2346,,,"{""AttributesEx"": 131072, ""AuraDescription_Lang_Mask"": 16712188, ""BaseLevel"": 65, ""CastingTimeIndex"": 14, ""DefenseType"": 1, ""Description_Lang_Mask"": 16712190, ""Description_Lang_enUS"": 1022392, ""EffectChainAmplitude_1"": 1.0, ""EffectChainAmplitude_2"": 1.0, ""EffectChainAmplitude_3"": 1.0, ""EffectItemType_1"": 30703, ""EquippedItemClass"": -1, ""InterruptFlags"": 15, ""MaxLevel"": 70, ""NameSubtext_Lang_Mask"": 16712190, ""NameSubtext_Lang_enUS"": ""Rank 8"", ""Name_Lang_Mask"": 16712190, ""PreventionType"": 1, ""ProcChance"": 101, ""RangeIndex"": 1, ""SpellClassMask_1"": 1073741824, ""SpellClassSet"": 3, ""SpellLevel"": 65, ""SpellVisualID_1"": 564, ""StartRecoveryCategory"": 133, ""StartRecoveryTime"": 1500}",pulled from existing data
38692,Fireball,4,0,0,65536,0,3500,0,0,0,0,19,35.0,,8000,"{""amplitude"": 0, ""apply_aura"": 0, ""base_points"": 716, ""chain_targets"": 0, ""die_sides"": 197, ""implicit_target_a"": 6, ""implicit_target_b"": 0, ""mechanic"": 0, ""misc_value"": 0, ""points_per_level"": 4.199999809265137, ""radius_yards"": null, ""trigger_spell"": 0, ""type"": 2}","{""amplitude"": 2000, ""apply_aura"": 3, ""base_points"": 22, ""chain_targets"": 0, ""die_sides"": 1, ""implicit_target_a"": 6, ""implicit_target_b"": 0, ""mechanic"": 0, ""misc_value"": 0, ""points_per_level"": 0.0, ""radius_yards"": null, ""trigger_spell"": 0, ""type"": 6}",,185,,,"{""AuraDescription_Lang_Mask"": 16712190, ""AuraDescription_Lang_enUS"": 5323, ""BaseLevel"": 70, ""CastingTimeIndex"": 22, ""DefenseType"": 1, ""Description_Lang_Mask"": 16712190, ""Description_Lang_enUS"": 5233, ""EffectBonusMultiplier_1"": 1.0, ""EffectChainAmplitude_1"": 1.0, ""EffectChainAmplitude_2"": 1.0, ""EffectChainAmplitude_3"": 1.0, ""EquippedItemClass"": -1, ""FacingCasterFlags"": 1, ""InterruptFlags"": 15, ""MaxLevel"": 74, ""NameSubtext_Lang_Mask"": 16712190, ""NameSubtext_Lang_enUS"": ""Rank 14"", ""Name_Lang_Mask"": 16712190, ""PreventionType"": 1, ""ProcChance"": 101, ""Speed"": 24.0, ""SpellClassMask_1"": 1, ""SpellClassMask_3"": 8, ""SpellClassSet"": 3, ""SpellLevel"": 70, ""SpellPriority"": 50, ""SpellVisualID_1"": 67, ""StartRecoveryCategory"": 133, ""StartRecoveryTime"": 1500}",pulled from existing data
38697,Frostbolt,16,1,0,65536,0,3000,0,0,0,0,11,30.0,,9000,"{""amplitude"": 0, ""apply_aura"": 33, ""base_points"": -41, ""chain_targets"": 0, ""die_sides"": 1, ""implicit_target_a"": 6, ""implicit_target_b"": 0, ""mechanic"": 11, ""misc_value"": 0, ""points_per_level"": 0.0, ""radius_yards"": null, ""trigger_spell"": 0, ""type"": 6}","{""amplitude"": 0, ""apply_aura"": 0, ""base_points"": 629, ""chain_targets"": 0, ""die_sides"": 51, ""implicit_target_a"": 6, ""implicit_target_b"": 0, ""mechanic"": 0, ""misc_value"": 0, ""points_per_level"": 3.799999952316284, ""radius_yards"": null, ""trigger_spell"": 0, ""type"": 2}","{""amplitude"": 0, ""apply_aura"": 118, ""base_points"": -1, ""chain_targets"": 0, ""die_sides"": 1, ""implicit_target_a"": 6, ""implicit_target_b"": 0, ""mechanic"": 0, ""misc_value"": 127, ""points_per_level"": 0.0, ""radius_yards"": null, ""trigger_spell"": 0, ""type"": 6}",188,,,"{""AttributesEx6"": 2097152, ""AuraDescription_Lang_Mask"": 16712190, ""AuraDescription_Lang_enUS"": 3906, ""BaseLevel"": 70, ""CastingTimeIndex"": 14, ""DefenseType"": 1, ""Description_Lang_Mask"": 16712190, ""Description_Lang_enUS"": 3770, ""EffectBonusMultiplier_2"": 0.8569999933242798, ""EffectChainAmplitude_1"": 1.0, ""EffectChainAmplitude_2"": 1.0, ""EffectChainAmplitude_3"": 1.0, ""EquippedItemClass"": -1, ""FacingCasterFlags"": 1, ""InterruptFlags"": 15, ""MaxLevel"": 74, ""NameSubtext_Lang_Mask"": 16712190, ""NameSubtext_Lang_enUS"": ""Rank 14"", ""Name_Lang_Mask"": 16712190, ""PreventionType"": 1, ""ProcChance"": 101, ""Speed"": 28.0, ""SpellClassMask_1"": 32, ""SpellClassSet"": 3, ""SpellDescriptionVariableID"": 167, ""SpellLevel"": 70, ""SpellPriority"": 50, ""SpellVisualID_1"": 13, ""StartRecoveryCategory"": 133, ""StartRecoveryTime"": 1500}",pulled from existing data
38699,Arcane Missiles,64,0,0,536936704,0,0,0,0,0,0,31,30.0,,5000,"{""amplitude"": 0, ""apply_aura"": 4, ""base_points"": 0, ""chain_targets"": 0, ""die_sides"": 0, ""implicit_target_a"": 6, ""implicit_target_b"": 0, ""mechanic"": 0, ""misc_value"": 0, ""points_per_level"": 0.0, ""radius_yards"": null, ""trigger_spell"": 0, ""type"": 6}","{""amplitude"": 1000, ""apply_aura"": 23, ""base_points"": 0, ""chain_targets"": 0, ""die_sides"": 0, ""implicit_target_a"": 1, ""implicit_target_b"": 0, ""mechanic"": 0, ""misc_value"": 0, ""points_per_level"": 0.0, ""radius_yards"": null, ""trigger_spell"": 38700, ""type"": 6}",,225,,,"{""AttributesEx"": 335561860, ""AttributesEx4"": 134217728, ""AttributesEx5"": 8192, ""AuraDescription_Lang_Mask"": 16712188, ""BaseLevel"": 69, ""CastingTimeIndex"": 1, ""ChannelInterruptFlags"": 31756, ""Description_Lang_Mask"": 16712190, ""Description_Lang_enUS"": 1064353, ""EffectChainAmplitude_1"": 1.0, ""EffectChainAmplitude_2"": 1.0, ""EffectChainAmplitude_3"": 1.0, ""EquippedItemClass"": -1, ""FacingCasterFlags"": 1, ""InterruptFlags"": 15, ""MaxLevel"": 73, ""NameSubtext_Lang_Mask"": 16712190, ""NameSubtext_Lang_enUS"": ""Rank 10"", ""Name_Lang_Mask"": 16712190, ""PreventionType"": 1, ""ProcChance"": 101, ""SpellClassMask_1"": 2048, ""SpellClassSet"": 3, ""SpellLevel"": 69, ""SpellPriority"": 50, ""SpellVisualID_1"": 262, ""StartRecoveryCategory"": 133, ""StartRecoveryTime"": 1500}",pulled from existing data
38700,Arcane Missiles,64,0,0,65536,0,0,0,0,0,0,0,30.0,,,"{""amplitude"": 0, ""apply_aura"": 0, ""base_points"": 259, ""chain_targets"": 0, ""die_sides"": 1, ""implicit_target_a"": 77, ""implicit_target_b"": 0, ""mechanic"": 0, ""misc_value"": 0, ""points_per_level"": 1.2000000476837158, ""radius_yards"": null, ""trigger_spell"": 0, ""type"": 2}",,,225,,,"{""AttributesEx2"": 4, ""AttributesEx3"": 512, ""AuraDescription_Lang_Mask"": 16712188, ""BaseLevel"": 69, ""CastingTimeIndex"": 1, ""DefenseType"": 1, ""Description_Lang_Mask"": 16712190, ""Description_Lang_enUS"": 1064445, ""EffectBonusMultiplier_1"": 0.28600001335144043, ""EffectChainAmplitude_1"": 1.0, ""EffectChainAmplitude_2"": 1.0, ""EffectChainAmplitude_3"": 1.0, ""EquippedItemClass"": -1, ""FacingCasterFlags"": 1, ""InterruptFlags"": 8, ""MaxLevel"": 73, ""NameSubtext_Lang_Mask"": 16712190, ""NameSubtext_Lang_enUS"": ""Rank 10"", ""Name_Lang_Mask"": 16712190, ""PreventionType"": 1, ""ProcChance"": 101, ""Speed"": 20.0, ""SpellClassMask_1"": 2097152, ""SpellClassSet"": 3, ""SpellLevel"": 69, ""SpellPriority"": 50, ""SpellVisualID_1"": 270}",pulled from existing data
38703,Arcane Missiles,64,0,0,65536,0,0,0,0,0,0,0,30.0,,,"{""amplitude"": 0, ""apply_aura"": 0, ""base_points"": 279, ""chain_targets"": 0, ""die_sides"": 1, ""implicit_target_a"": 77, ""implicit_target_b"": 0, ""mechanic"": 0, ""misc_value"": 0, ""points_per_level"": 1.2999999523162842, ""radius_yards"": null, ""trigger_spell"": 0, ""type"": 2}",,,225,,,"{""AttributesEx2"": 4, ""AttributesEx3"": 512, ""AuraDescription_Lang_Mask"": 16712188, ""BaseLevel"": 70, ""CastingTimeIndex"": 1, ""DefenseType"": 1, ""Description_Lang_Mask"": 16712190, ""Description_Lang_enUS"": 1064547, ""EffectBonusMultiplier_1"": 0.28600001335144043, ""EffectChainAmplitude_1"": 1.0, ""EffectChainAmplitude_2"": 1.0, ""EffectChainAmplitude_3"": 1.0, ""EquippedItemClass"": -1, ""FacingCasterFlags"": 1, ""InterruptFlags"": 8, ""MaxLevel"": 74, ""NameSubtext_Lang_Mask"": 16712190, ""NameSubtext_Lang_enUS"": ""Rank 11"", ""Name_Lang_Mask"": 16712190, ""PreventionType"": 1, ""ProcChance"": 101, ""Speed"": 20.0, ""SpellClassMask_1"": 2097152, ""SpellClassSet"": 3, ""SpellLevel"": 70, ""SpellPriority"": 50, ""SpellVisualID_1"": 270}",pulled from existing data
38704,Arcane Missiles,64,0,0,536936704,0,0,0,0,0,0,31,30.0,,5000,"{""amplitude"": 0, ""apply_aura"": 4, ""base_points"": 0, ""chain_targets"": 0, ""die_sides"": 0, ""implicit_target_a"": 6, ""implicit_target_b"": 0, ""mechanic"": 0, ""misc_value"": 0, ""points_per_level"": 0.0, ""radius_yards"": null, ""trigger_spell"": 0, ""type"": 6}","{""amplitude"": 1000, ""apply_aura"": 23, ""base_points"": 0, ""chain_targets"": 0, ""die_sides"": 0, ""implicit_target_a"": 1, ""implicit_target_b"": 0, ""mechanic"": 0, ""misc_value"": 0, ""points_per_level"": 0.0, ""radius_yards"": null, ""trigger_spell"": 38703, ""type"": 6}",,225,,,"{""AttributesEx"": 335561860, ""AttributesEx4"": 134217728, ""AttributesEx5"": 8192, ""AuraDescription_Lang_Mask"": 16712188, ""BaseLevel"": 70, ""CastingTimeIndex"": 1, ""ChannelInterruptFlags"": 31756, ""Description_Lang_Mask"": 16712190, ""Description_Lang_enUS"": 1064649, ""EffectChainAmplitude_1"": 1.0, ""EffectChainAmplitude_2"": 1.0, ""EffectChainAmplitude_3"": 1.0, ""EquippedItemClass"": -1, ""FacingCasterFlags"": 1, ""InterruptFlags"": 15, ""MaxLevel"": 74, ""NameSubtext_Lang_Mask"": 16712190, ""NameSubtext_Lang_enUS"": ""Rank 11"", ""Name_Lang_Mask"": 16712190, ""PreventionType"": 1, ""ProcChance"": 101, ""SpellClassMask_1"": 2048, ""SpellClassSet"": 3, ""SpellLevel"": 70, ""SpellPriority"": 50, ""SpellVisualID_1"": 262, ""StartRecoveryCategory"": 133, ""StartRecoveryTime"": 1500}",pulled from existing data
42198,Blizzard,16,0,0,0,0,0,0,0,0,0,0,100.0,,,"{""amplitude"": 0, ""apply_aura"": 0, ""base_points"": 272, ""chain_targets"": 0, ""die_sides"": 1, ""implicit_target_a"": 76, ""implicit_target_b"": 16, ""mechanic"": 0, ""misc_value"": 0, ""points_per_level"": 0.4000000059604645, ""radius_yards"": 8.0, ""trigger_spell"": 0, ""type"": 2}",,,285,,,"{""AttributesEx"": 136, ""AttributesEx2"": 1073741824, ""AttributesEx3"": 1073741824, ""AuraDescription_Lang_Mask"": 16712188, ""BaseLevel"": 68, ""CastingTimeIndex"": 1, ""DefenseType"": 1, ""Description_Lang_Mask"": 16712190, ""Description_Lang_enUS"": 655116, ""EffectBonusMultiplier_1"": 0.14300000667572021, ""EffectChainAmplitude_1"": 1.0, ""EffectChainAmplitude_2"": 1.0, ""EffectChainAmplitude_3"": 1.0, ""EquippedItemClass"": -1, ""MaxLevel"": 73, ""NameSubtext_Lang_Mask"": 16712190, ""NameSubtext_Lang_enUS"": ""Rank 7"", ""Name_Lang_Mask"": 16712190, ""PreventionType"": 1, ""ProcChance"": 101, ""RangeIndex"": 135, ""SpellClassMask_1"": 524416, ""SpellClassSet"": 3, ""SpellDescriptionVariableID"": 167, ""SpellLevel"": 68, ""SpellPriority"": 50, ""SpellVisualID_1"": 9487, ""StartRecoveryCategory"": 133}",pulled from existing data
42208,Blizzard,16,0,0,0,0,0,0,0,0,0,0,100.0,,,"{""amplitude"": 0, ""apply_aura"": 0, ""base_points"": 35, ""chain_targets"": 0, ""die_sides"": 1, ""implicit_target_a"": 76, ""implicit_target_b"": 16, ""mechanic"": 0, ""misc_value"": 0, ""points_per_level"": 0.10000000149011612, ""radius_yards"": 8.0, ""trigger_spell"": 0, ""type"": 2}",,,285,,,"{""AttributesEx"": 136, ""AttributesEx2"": 1073741824, ""AttributesEx3"": 1073741824, ""AuraDescription_Lang_Mask"": 16712188, ""BaseLevel"": 20, ""CastingTimeIndex"": 1, ""DefenseType"": 1, ""Description_Lang_Mask"": 16712190, ""Description_Lang_enUS"": 235, ""EffectBonusMultiplier_1"": 0.14300000667572021, ""EffectChainAmplitude_1"": 1.0, ""EffectChainAmplitude_2"": 1.0, ""EffectChainAmplitude_3"": 1.0, ""EquippedItemClass"": -1, ""MaxLevel"": 25, ""NameSubtext_Lang_Mask"": 16712190, ""NameSubtext_Lang_enUS"": ""Rank 1"", ""Name_Lang_Mask"": 16712190, ""PreventionType"": 1, ""ProcChance"": 101, ""RangeIndex"": 135, ""SpellClassMask_1"": 524416, ""SpellClassSet"": 3, ""SpellDescriptionVariableID"": 167, ""SpellLevel"": 20, ""SpellPriority"": 50, ""SpellVisualID_1"": 9487, ""StartRecoveryCategory"": 133}",pulled from existing data
42209,Blizzard,16,0,0,0,0,0,0,0,0,0,0,100.0,,,"{""amplitude"": 0, ""apply_aura"": 0, ""base_points"": 62, ""chain_targets"": 0, ""die_sides"": 1, ""implicit_target_a"": 76, ""implicit_target_b"": 16, ""mechanic"": 0, ""misc_value"": 0, ""points_per_level"": 0.20000000298023224, ""radius_yards"": 8.0, ""trigger_spell"": 0, ""type"": 2}",,,285,,,"{""AttributesEx"": 136, ""AttributesEx2"": 1073741824, ""AttributesEx3"": 1073741824, ""AuraDescription_Lang_Mask"": 16712188, ""BaseLevel"": 28, ""CastingTimeIndex"": 1, ""DefenseType"": 1, ""Description_Lang_Mask"": 16712190, ""Description_Lang_enUS"": 111491, ""EffectBonusMultiplier_1"": 0.14300000667572021, ""EffectChainAmplitude_1"": 1.0, ""EffectChainAmplitude_2"": 1.0, ""EffectChainAmplitude_3"": 1.0, ""EquippedItemClass"": -1, ""MaxLevel"": 33, ""NameSubtext_Lang_Mask"": 16712190, ""NameSubtext_Lang_enUS"": ""Rank 2"", ""Name_Lang_Mask"": 16712190, ""PreventionType"": 1, ""ProcChance"": 101, ""RangeIndex"": 135, ""SpellClassMask_1"": 524416, ""SpellClassSet"": 3, ""SpellDescriptionVariableID"": 167, ""SpellLevel"": 28, ""SpellPriority"": 50, ""SpellVisualID_1"": 9487, ""StartRecoveryCategory"": 133}",pulled from existing data
42210,Blizzard,16,0,0,0,0,0,0,0,0,0,0,100.0,,,"{""amplitude"": 0, ""apply_aura"": 0, ""base_points"": 91, ""chain_targets"": 0, ""die_sides"": 1, ""implicit_target_a"": 76, ""implicit_target_b"": 16, ""mechanic"": 0, ""misc_value"": 0, ""points_per_level"": 0.20000000298023224, ""radius_yards"": 8.0, ""trigger_spell"": 0, ""type"": 2}",,,285,,,"{""AttributesEx"": 136, ""AttributesEx2"": 1073741824, ""AttributesEx3"": 1073741824, ""AuraDescription_Lang_Mask"": 16712188, ""BaseLevel"": 36, ""CastingTimeIndex"": 1, ""DefenseType"": 1, ""Description_Lang_Mask"": 16712190, ""Description_Lang_enUS"": 174552, ""EffectBonusMultiplier_1"": 0.14300000667572021, ""EffectChainAmplitude_1"": 1.0, ""EffectChainAmplitude_2"": 1.0, ""EffectChainAmplitude_3"": 1.0, ""EquippedItemClass"": -1, ""MaxLevel"": 41, ""NameSubtext_Lang_Mask"": 16712190, ""NameSubtext_Lang_enUS"": ""Rank 3"", ""Name_Lang_Mask"": 16712190, ""PreventionType"": 1, ""ProcChance"": 101, ""RangeIndex"": 135, ""SpellClassMask_1"": 524416, ""SpellClassSet"": 3, ""SpellDescriptionVariableID"": 167, ""SpellLevel"": 36, ""SpellPriority"": 50, ""SpellVisualID_1"": 9487, ""StartRecoveryCategory"": 133}",pulled from existing data
42211,Blizzard,16,0,0,0,0,0,0,0,0,0,0,100.0,,,"{""amplitude"": 0, ""apply_aura"": 0, ""base_points"": 127, ""chain_targets"": 0, ""die_sides"": 1, ""implicit_target_a"": 76, ""implicit_target_b"": 16, ""mechanic"": 0, ""misc_value"": 0, ""points_per_level"": 0.30000001192092896, ""radius_yards"": 8.0, ""trigger_spell"": 0, ""type"": 2}",,,285,,,"{""AttributesEx"": 136, ""AttributesEx2"": 1073741824, ""AttributesEx3"": 1073741824, ""AuraDescription_Lang_Mask"": 16712188, ""BaseLevel"": 44, ""CastingTimeIndex"": 1, ""DefenseType"": 1, ""Description_Lang_Mask"": 16712190, ""Description_Lang_enUS"": 203951, ""EffectBonusMultiplier_1"": 0.14300000667572021, ""EffectChainAmplitude_1"": 1.0, ""EffectChainAmplitude_2"": 1.0, ""EffectChainAmplitude_3"": 1.0, ""EquippedItemClass"": -1, ""MaxLevel"": 49, ""NameSubtext_Lang_Mask"": 16712190, ""NameSubtext_Lang_enUS"": ""Rank 4"", ""Name_Lang_Mask"": 16712190, ""PreventionType"": 1, ""ProcChance"": 101, ""RangeIndex"": 135, ""SpellClassMask_1"": 524416, ""SpellClassSet"": 3, ""SpellDescriptionVariableID"": 167, ""SpellLevel"": 44, ""SpellPriority"": 50, ""SpellVisualID_1"": 9487, ""StartRecoveryCategory"": 133}",pulled from existing data
42212,Blizzard,16,0,0,0,0,0,0,0,0,0,0,100.0,,,"{""amplitude"": 0, ""apply_aura"": 0, ""base_points"": 165, ""chain_targets"": 0, ""die_sides"": 1, ""implicit_target_a"": 76, ""implicit_target_b"": 16, ""mechanic"": 0, ""misc_value"": 0, ""points_per_level"": 0.30000001192092896, ""radius_yards"": 8.0, ""trigger_spell"": 0, ""type"": 2}",,,285,,,"{""AttributesEx"": 136, ""AttributesEx2"": 1073741824, ""AttributesEx3"": 1073741824, ""AuraDescription_Lang_Mask"": 16712188, ""BaseLevel"": 52, ""CastingTimeIndex"": 1, ""DefenseType"": 1, ""Description_Lang_Mask"": 16712190, ""Description_Lang_enUS"": 204094, ""EffectBonusMultiplier_1"": 0.14300000667572021, ""EffectChainAmplitude_1"": 1.0, ""EffectChainAmplitude_2"": 1.0, ""EffectChainAmplitude_3"": 1.0, ""EquippedItemClass"": -1, ""MaxLevel"": 57, ""NameSubtext_Lang_Mask"": 16712190, ""NameSubtext_Lang_enUS"": ""Rank 5"", ""Name_Lang_Mask"": 16712190, ""PreventionType"": 1, ""ProcChance"": 101, ""RangeIndex"": 135, ""SpellClassMask_1"": 524416, ""SpellClassSet"": 3, ""SpellDescriptionVariableID"": 167, ""SpellLevel"": 52, ""SpellPriority"": 50, ""SpellVisualID_1"": 9487, ""StartRecoveryCategory"": 133}",pulled from existing data
42213,Blizzard,16,0,0,0,0,0,0,0,0,0,0,100.0,,,"{""amplitude"": 0, ""apply_aura"": 0, ""base_points"": 211, ""chain_targets"": 0, ""die_sides"": 1, ""implicit_target_a"": 76, ""implicit_target_b"": 16, ""mechanic"": 0, ""misc_value"": 0, ""points_per_level"": 0.4000000059604645, ""radius_yards"": 8.0, ""trigger_spell"": 0, ""type"": 2}",,,285,,,"{""AttributesEx"": 136, ""AttributesEx2"": 1073741824, ""AttributesEx3"": 1073741824, ""AuraDescription_Lang_Mask"": 16712188, ""BaseLevel"": 60, ""CastingTimeIndex"": 1, ""DefenseType"": 1, ""Description_Lang_Mask"": 16712190, ""Description_Lang_enUS"": 204237, ""EffectBonusMultiplier_1"": 0.14300000667572021, ""EffectChainAmplitude_1"": 1.0, ""EffectChainAmplitude_2"": 1.0, ""EffectChainAmplitude_3"": 1.0, ""EquippedItemClass"": -1, ""MaxLevel"": 65, ""NameSubtext_Lang_Mask"": 16712190, ""NameSubtext_Lang_enUS"": ""Rank 6"", ""Name_Lang_Mask"": 16712190, ""PreventionType"": 1, ""ProcChance"": 101, ""RangeIndex"": 135, ""SpellClassMask_1"": 524416, ""SpellClassSet"": 3, ""SpellDescriptionVariableID"": 167, ""SpellLevel"": 60, ""SpellPriority"": 50, ""SpellVisualID_1"": 9487, ""StartRecoveryCategory"": 133}",pulled from existing data
42832,Fireball,4,0,0,65536,0,3500,0,0,0,0,19,35.0,,8000,"{""amplitude"": 0, ""apply_aura"": 0, ""base_points"": 782, ""chain_targets"": 0, ""die_sides"": 215, ""implicit_target_a"": 6, ""implicit_target_b"": 0, ""mechanic"": 0, ""misc_value"": 0, ""points_per_level"": 4.599999904632568, ""radius_yards"": null, ""trigger_spell"": 0, ""type"": 2}","{""amplitude"": 2000, ""apply_aura"": 3, ""base_points"": 24, ""chain_targets"": 0, ""die_sides"": 1, ""implicit_target_a"": 6, ""implicit_target_b"": 0, ""mechanic"": 0, ""misc_value"": 0, ""points_per_level"": 0.0, ""radius_yards"": null, ""trigger_spell"": 0, ""type"": 6}",,185,,,"{""AuraDescription_Lang_Mask"": 16712190, ""AuraDescription_Lang_enUS"": 5323, ""BaseLevel"": 74, ""CastingTimeIndex"": 22, ""DefenseType"": 1, ""Description_Lang_Mask"": 16712190, ""Description_Lang_enUS"": 5233, ""EffectBonusMultiplier_1"": 1.0, ""EffectChainAmplitude_1"": 1.0, ""EffectChainAmplitude_2"": 1.0, ""EffectChainAmplitude_3"": 1.0, ""EquippedItemClass"": -1, ""FacingCasterFlags"": 1, ""InterruptFlags"": 15, ""MaxLevel"": 78, ""NameSubtext_Lang_Mask"": 16712190, ""NameSubtext_Lang_enUS"": ""Rank 15"", ""Name_Lang_Mask"": 16712190, ""PreventionType"": 1, ""ProcChance"": 101, ""Speed"": 24.0, ""SpellClassMask_1"": 1, ""SpellClassMask_3"": 8, ""SpellClassSet"": 3, ""SpellLevel"": 74, ""SpellPriority"": 50, ""SpellVisualID_1"": 67, ""StartRecoveryCategory"": 133, ""StartRecoveryTime"": 1500}",pulled from existing data
42833,Fireball,4,0,0,65536,0,3500,0,0,0,0,19,35.0,,8000,"{""amplitude"": 0, ""apply_aura"": 0, ""base_points"": 887, ""chain_targets"": 0, ""die_sides"": 245, ""implicit_target_a"": 6, ""implicit_target_b"": 0, ""mechanic"": 0, ""misc_value"": 0, ""points_per_level"": 5.199999809265137, ""radius_yards"": null, ""trigger_spell"": 0, ""type"": 2}","{""amplitude"": 2000, ""apply_aura"": 3, ""base_points"": 28, ""chain_targets"": 0, ""die_sides"": 1, ""implicit_target_a"": 6, ""implicit_target_b"": 0, ""mechanic"": 0, ""misc_value"": 0, ""points_per_level"": 0.0, ""radius_yards"": null, ""trigger_spell"": 0, ""type"": 6}",,185,,,"{""AuraDescription_Lang_Mask"": 16712190, ""AuraDescription_Lang_enUS"": 5323, ""BaseLevel"": 78, ""CastingTimeIndex"": 22, ""DefenseType"": 1, ""Description_Lang_Mask"": 16712190, ""Description_Lang_enUS"": 5233, ""EffectBonusMultiplier_1"": 1.0, ""EffectChainAmplitude_1"": 1.0, ""EffectChainAmplitude_2"": 1.0, ""EffectChainAmplitude_3"": 1.0, ""EquippedItemClass"": -1, ""FacingCasterFlags"": 1, ""InterruptFlags"": 15, ""MaxLevel"": 82, ""NameSubtext_Lang_Mask"": 16712190, ""NameSubtext_Lang_enUS"": ""Rank 16"", ""Name_Lang_Mask"": 16712190, ""PreventionType"": 1, ""ProcChance"": 101, ""Speed"": 24.0, ""SpellClassMask_1"": 1, ""SpellClassMask_3"": 8, ""SpellClassSet"": 3, ""SpellLevel"": 78, ""SpellPriority"": 50, ""SpellVisualID_1"": 67, ""StartRecoveryCategory"": 133, ""StartRecoveryTime"": 1500}",pulled from existing data
42841,Frostbolt,16,1,0,65536,0,3000,0,0,0,0,11,30.0,,9000,"{""amplitude"": 0, ""apply_aura"": 33, ""base_points"": -41, ""chain_targets"": 0, ""die_sides"": 1, ""implicit_target_a"": 6, ""implicit_target_b"": 0, ""mechanic"": 11, ""misc_value"": 0, ""points_per_level"": 0.0, ""radius_yards"": null, ""trigger_spell"": 0, ""type"": 6}","{""amplitude"": 0, ""apply_aura"": 0, ""base_points"": 701, ""chain_targets"": 0, ""die_sides"": 57, ""implicit_target_a"": 6, ""implicit_target_b"": 0, ""mechanic"": 0, ""misc_value"": 0, ""points_per_level"": 4.199999809265137, ""radius_yards"": null, ""trigger_spell"": 0, ""type"": 2}","{""amplitude"": 0, ""apply_aura"": 118, ""base_points"": -1, ""chain_targets"": 0, ""die_sides"": 1, ""implicit_target_a"": 6, ""implicit_target_b"": 0, ""mechanic"": 0, ""misc_value"": 127, ""points_per_level"": 0.0, ""radius_yards"": null, ""trigger_spell"": 0, ""type"": 6}",188,,,"{""AttributesEx6"": 2097152, ""AuraDescription_Lang_Mask"": 16712190, ""AuraDescription_Lang_enUS"": 3906, ""BaseLevel"": 75, ""CastingTimeIndex"": 14, ""DefenseType"": 1, ""Description_Lang_Mask"": 16712190, ""Description_Lang_enUS"": 3770, ""EffectBonusMultiplier_2"": 0.8569999933242798, ""EffectChainAmplitude_1"": 1.0, ""EffectChainAmplitude_2"": 1.0, ""EffectChainAmplitude_3"": 1.0, ""EquippedItemClass"": -1, ""FacingCasterFlags"": 1, ""InterruptFlags"": 15, ""MaxLevel"": 79, ""NameSubtext_Lang_Mask"": 16712190, ""NameSubtext_Lang_enUS"": ""Rank 15"", ""Name_Lang_Mask"": 16712190, ""PreventionType"": 1, ""ProcChance"": 101, ""Speed"": 28.0, ""SpellClassMask_1"": 32, ""SpellClassSet"": 3, ""SpellDescriptionVariableID"": 167, ""SpellLevel"": 75, ""SpellPriority"": 50, ""SpellVisualID_1"": 13, ""StartRecoveryCategory"": 133, ""StartRecoveryTime"": 1500}",pulled from existing data
42842,Frostbolt,16,1,0,65536,0,3000,0,0,0,0,11,30.0,,9000,"{""amplitude"": 0, ""apply_aura"": 33, ""base_points"": -41, ""chain_targets"": 0, ""die_sides"": 1, ""implicit_target_a"": 6, ""implicit_target_b"": 0, ""mechanic"": 11, ""misc_value"": 0, ""points_per_level"": 0.0, ""radius_yards"": null, ""trigger_spell"": 0, ""type"": 6}","{""amplitude"": 0, ""apply_aura"": 0, ""base_points"": 798, ""chain_targets"": 0, ""die_sides"": 63, ""implicit_target_a"": 6, ""implicit_target_b"": 0, ""mechanic"": 0, ""misc_value"": 0, ""points_per_level"": 4.800000190734863, ""radius_yards"": null, ""trigger_spell"": 0, ""type"": 2}","{""amplitude"": 0, ""apply_aura"": 118, ""base_points"": -1, ""chain_targets"": 0, ""die_sides"": 1, ""implicit_target_a"": 6, ""implicit_target_b"": 0, ""mechanic"": 0, ""misc_value"": 127, ""points_per_level"": 0.0, ""radius_yards"": null, ""trigger_spell"": 0, ""type"": 6}",188,,,"{""AttributesEx6"": 2097152, ""AuraDescription_Lang_Mask"": 16712190, ""AuraDescription_Lang_enUS"": 3906, ""BaseLevel"": 79, ""CastingTimeIndex"": 14, ""DefenseType"": 1, ""Description_Lang_Mask"": 16712190, ""Description_Lang_enUS"": 3770, ""EffectBonusMultiplier_2"": 0.8569999933242798, ""EffectChainAmplitude_1"": 1.0, ""EffectChainAmplitude_2"": 1.0, ""EffectChainAmplitude_3"": 1.0, ""EquippedItemClass"": -1, ""FacingCasterFlags"": 1, ""InterruptFlags"": 15, ""MaxLevel"": 83, ""NameSubtext_Lang_Mask"": 16712190, ""NameSubtext_Lang_enUS"": ""Rank 16"", ""Name_Lang_Mask"": 16712190, ""PreventionType"": 1, ""ProcChance"": 101, ""Speed"": 28.0, ""SpellClassMask_1"": 32, ""SpellClassSet"": 3, ""SpellDescriptionVariableID"": 167, ""SpellLevel"": 79, ""SpellPriority"": 50, ""SpellVisualID_1"": 13, ""StartRecoveryCategory"": 133, ""StartRecoveryTime"": 1500}",pulled from existing data
42843,Arcane Missiles,64,0,0,536936704,0,0,0,0,0,0,31,30.0,,5000,"{""amplitude"": 0, ""apply_aura"": 4, ""base_points"": 0, ""chain_targets"": 0, ""die_sides"": 0, ""implicit_target_a"": 6, ""implicit_target_b"": 0, ""mechanic"": 0, ""misc_value"": 0, ""points_per_level"": 0.0, ""radius_yards"": null, ""trigger_spell"": 0, ""type"": 6}","{""amplitude"": 1000, ""apply_aura"": 23, ""base_points"": 0, ""chain_targets"": 0, ""die_sides"": 0, ""implicit_target_a"": 1, ""implicit_target_b"": 0, ""mechanic"": 0, ""misc_value"": 0, ""points_per_level"": 0.0, ""radius_yards"": null, ""trigger_spell"": 42844, ""type"": 6}",,225,,,"{""AttributesEx"": 335561860, ""AttributesEx4"": 134217728, ""AttributesEx5"": 8192, ""AuraDescription_Lang_Mask"": 16712188, ""BaseLevel"": 75, ""CastingTimeIndex"": 1, ""ChannelInterruptFlags"": 31756, ""Description_Lang_Mask"": 16712190, ""Description_Lang_enUS"": 1188859, ""EffectChainAmplitude_1"": 1.0, ""EffectChainAmplitude_2"": 1.0, ""EffectChainAmplitude_3"": 1.0, ""EquippedItemClass"": -1, ""FacingCasterFlags"": 1, ""InterruptFlags"": 15, ""MaxLevel"": 79, ""NameSubtext_Lang_Mask"": 16712190, ""NameSubtext_Lang_enUS"": ""Rank 12"", ""Name_Lang_Mask"": 16712190, ""PreventionType"": 1, ""ProcChance"": 101, ""SpellClassMask_1"": 2048, ""SpellClassSet"": 3, ""SpellLevel"": 75, ""SpellPriority"": 50, ""SpellVisualID_1"": 262, ""StartRecoveryCategory"": 133, ""StartRecoveryTime"": 1500}",pulled from existing data
42844,Arcane Missiles,64,0,0,65536,0,0,0,0,0,0,0,30.0,,,"{""amplitude"": 0, ""apply_aura"": 0, ""base_points"": 319, ""chain_targets"": 0, ""die_sides"": 1, ""implicit_target_a"": 77, ""implicit_target_b"": 0, ""mechanic"": 0, ""misc_value"": 0, ""points_per_level"": 1.5, ""radius_yards"": null, ""trigger_spell"": 0, ""type"": 2}",,,225,,,"{""AttributesEx2"": 4, ""AttributesEx3"": 512, ""AuraDescription_Lang_Mask"": 16712188, ""BaseLevel"": 75, ""CastingTimeIndex"": 1, ""DefenseType"": 1, ""Description_Lang_Mask"": 16712190, ""Description_Lang_enUS"": 1188951, ""EffectBonusMultiplier_1"": 0.28600001335144043, ""EffectChainAmplitude_1"": 1.0, ""EffectChainAmplitude_2"": 1.0, ""EffectChainAmplitude_3"": 1.0, ""EquippedItemClass"": -1, ""FacingCasterFlags"": 1, ""InterruptFlags"": 8, ""MaxLevel"": 79, ""NameSubtext_Lang_Mask"": 16712190, ""NameSubtext_Lang_enUS"": ""Rank 12"", ""Name_Lang_Mask"": 16712190, ""PreventionType"": 1, ""ProcChance"": 101, ""Speed"": 20.0, ""SpellClassMask_1"": 2097152, ""SpellClassSet"": 3, ""SpellLevel"": 75, ""SpellPriority"": 50, ""SpellVisualID_1"": 270}",pulled from existing data
42845,Arcane Missiles,64,0,0,65536,0,0,0,0,0,0,0,30.0,,,"{""amplitude"": 0, ""apply_aura"": 0, ""base_points"": 359, ""chain_targets"": 0, ""die_sides"": 1, ""implicit_target_a"": 77, ""implicit_target_b"": 0, ""mechanic"": 0, ""misc_value"": 0, ""points_per_level"": 1.7000000476837158, ""radius_yards"": null, ""trigger_spell"": 0, ""type"": 2}",,,225,,,"{""AttributesEx2"": 4, ""AttributesEx3"": 512, ""AuraDescription_Lang_Mask"": 16712188, ""BaseLevel"": 79, ""CastingTimeIndex"": 1, ""DefenseType"": 1, ""Description_Lang_Mask"": 16712190, ""Description_Lang_enUS"": 1189053, ""EffectBonusMultiplier_1"": 0.28600001335144043, ""EffectChainAmplitude_1"": 1.0, ""EffectChainAmplitude_2"": 1.0, ""EffectChainAmplitude_3"": 1.0, ""EquippedItemClass"": -1, ""FacingCasterFlags"": 1, ""InterruptFlags"": 8, ""MaxLevel"": 83, ""NameSubtext_Lang_Mask"": 16712190, ""NameSubtext_Lang_enUS"": ""Rank 13"", ""Name_Lang_Mask"": 16712190, ""PreventionType"": 1, ""ProcChance"": 101, ""Speed"": 20.0, ""SpellClassMask_1"": 2097152, ""SpellClassSet"": 3, ""SpellLevel"": 79, ""SpellPriority"": 50, ""SpellVisualID_1"": 270}",pulled from existing data
42846,Arcane Missiles,64,0,0,536936704,0,0,0,0,0,0,31,30.0,,5000,"{""amplitude"": 0, ""apply_aura"": 4, ""base_points"": 0, ""chain_targets"": 0, ""die_sides"": 0, ""implicit_target_a"": 6, ""implicit_target_b"": 0, ""mechanic"": 0, ""misc_value"": 0, ""points_per_level"": 0.0, ""radius_yards"": null, ""trigger_spell"": 0, ""type"": 6}","{""amplitude"": 1000, ""apply_aura"": 23, ""base_points"": 0, ""chain_targets"": 0, ""die_sides"": 0, ""implicit_target_a"": 1, ""implicit_target_b"": 0, ""mechanic"": 0, ""misc_value"": 0, ""points_per_level"": 0.0, ""radius_yards"": null, ""trigger_spell"": 42845, ""type"": 6}",,225,,,"{""AttributesEx"": 335561860, ""AttributesEx4"": 134217728, ""AttributesEx5"": 8192, ""AuraDescription_Lang_Mask"": 16712188, ""BaseLevel"": 79, ""CastingTimeIndex"": 1, ""ChannelInterruptFlags"": 31756, ""Description_Lang_Mask"": 16712190, ""Description_Lang_enUS"": 1189155, ""EffectChainAmplitude_1"": 1.0, ""EffectChainAmplitude_2"": 1.0, ""EffectChainAmplitude_3"": 1.0, ""EquippedItemClass"": -1, ""FacingCasterFlags"": 1, ""InterruptFlags"": 15, ""MaxLevel"": 83, ""NameSubtext_Lang_Mask"": 16712190, ""NameSubtext_Lang_enUS"": ""Rank 13"", ""Name_Lang_Mask"": 16712190, ""PreventionType"": 1, ""ProcChance"": 101, ""SpellClassMask_1"": 2048, ""SpellClassSet"": 3, ""SpellLevel"": 79, ""SpellPriority"": 50, ""SpellVisualID_1"": 262, ""StartRecoveryCategory"": 133, ""StartRecoveryTime"": 1500}",pulled from existing data
42858,Scorch,4,0,0,65536,0,1500,0,0,0,0,8,30.0,,,"{""amplitude"": 0, ""apply_aura"": 0, ""base_points"": 320, ""chain_targets"": 0, ""die_sides"": 59, ""implicit_target_a"": 6, ""implicit_target_b"": 0, ""mechanic"": 0, ""misc_value"": 0, ""points_per_level"": 2.5999999046325684, ""radius_yards"": null, ""trigger_spell"": 0, ""type"": 2}",,,816,,,"{""AuraDescription_Lang_Mask"": 16712188, ""BaseLevel"": 73, ""CastingTimeIndex"": 16, ""DefenseType"": 1, ""Description_Lang_Mask"": 16712190, ""Description_Lang_enUS"": 53680, ""EffectBonusMultiplier_1"": 0.42899999022483826, ""EffectChainAmplitude_1"": 1.0, ""EffectChainAmplitude_2"": 1.0, ""EffectChainAmplitude_3"": 1.0, ""EquippedItemClass"": -1, ""FacingCasterFlags"": 1, ""InterruptFlags"": 15, ""MaxLevel"": 77, ""NameSubtext_Lang_Mask"": 16712190, ""NameSubtext_Lang_enUS"": ""Rank 10"", ""Name_Lang_Mask"": 16712190, ""PreventionType"": 1, ""ProcChance"": 101, ""SpellClassMask_1"": 16, ""SpellClassSet"": 3, ""SpellLevel"": 73, ""SpellPriority"": 50, ""SpellVisualID_1"": 945, ""StartRecoveryCategory"": 133, ""StartRecoveryTime"": 1500}",pulled from existing data
42859,Scorch,4,0,0,65536,0,1500,0,0,0,0,8,30.0,,,"{""amplitude"": 0, ""apply_aura"": 0, ""base_points"": 375, ""chain_targets"": 0, ""die_sides"": 69, ""implicit_target_a"": 6, ""implicit_target_b"": 0, ""mechanic"": 0, ""misc_value"": 0, ""points_per_level"": 3.0999999046325684, ""radius_yards"": null, ""trigger_spell"": 0, ""type"": 2}",,,816,,,"{""AuraDescription_Lang_Mask"": 16712188, ""BaseLevel"": 78, ""CastingTimeIndex"": 16, ""DefenseType"": 1, ""Description_Lang_Mask"": 16712190, ""Description_Lang_enUS"": 53680, ""EffectBonusMultiplier_1"": 0.42899999022483826, ""EffectChainAmplitude_1"": 1.0, ""EffectChainAmplitude_2"": 1.0, ""EffectChainAmplitude_3"": 1.0, ""EquippedItemClass"": -1, ""FacingCasterFlags"": 1, ""InterruptFlags"": 15, ""MaxLevel"": 82, ""NameSubtext_Lang_Mask"": 16712190, ""NameSubtext_Lang_enUS"": ""Rank 11"", ""Name_Lang_Mask"": 16712190, ""PreventionType"": 1, ""ProcChance"": 101, ""SpellClassMask_1"": 16, ""SpellClassSet"": 3, ""SpellLevel"": 78, ""SpellPriority"": 50, ""SpellVisualID_1"": 945, ""StartRecoveryCategory"": 133, ""StartRecoveryTime"": 1500}",pulled from existing data
42872,Fire Blast,4,0,0,65536,19,0,0,8000,0,0,21,20.0,,,"{""amplitude"": 0, ""apply_aura"": 0, ""base_points"": 759, ""chain_targets"": 0, ""die_sides"": 141, ""implicit_target_a"": 6, ""implicit_target_b"": 0, ""mechanic"": 0, ""misc_value"": 0, ""points_per_level"": 4.0, ""radius_yards"": null, ""trigger_spell"": 0, ""type"": 2}",,,12,,,"{""AuraDescription_Lang_Mask"": 16712188, ""BaseLevel"": 74, ""CastingTimeIndex"": 1, ""DefenseType"": 1, ""Description_Lang_Mask"": 16712190, ""Description_Lang_enUS"": 41822, ""EffectBonusMultiplier_1"": 0.42899999022483826, ""EffectChainAmplitude_1"": 1.0, ""EffectChainAmplitude_2"": 1.0, ""EffectChainAmplitude_3"": 1.0, ""EquippedItemClass"": -1, ""FacingCasterFlags"": 1, ""InterruptFlags"": 8, ""MaxLevel"": 79, ""NameSubtext_Lang_Mask"": 16712190, ""NameSubtext_Lang_enUS"": ""Rank 10"", ""Name_Lang_Mask"": 16712190, ""PreventionType"": 1, ""ProcChance"": 101, ""SpellClassMask_1"": 2, ""SpellClassSet"": 3, ""SpellLevel"": 74, ""SpellPriority"": 50, ""SpellVisualID_1"": 143, ""StartRecoveryCategory"": 133, ""StartRecoveryTime"": 1500}",pulled from existing data
42873,Fire Blast,4,0,0,65536,19,0,0,8000,0,0,21,20.0,,,"{""amplitude"": 0, ""apply_aura"": 0, ""base_points"": 924, ""chain_targets"": 0, ""die_sides"": 171, ""implicit_target_a"": 6, ""implicit_target_b"": 0, ""mechanic"": 0, ""misc_value"": 0, ""points_per_level"": 4.900000095367432, ""radius_yards"": null, ""trigger_spell"": 0, ""type"": 2}",,,12,,,"{""AuraDescription_Lang_Mask"": 16712188, ""BaseLevel"": 80, ""CastingTimeIndex"": 1, ""DefenseType"": 1, ""Description_Lang_Mask"": 16712190, ""Description_Lang_enUS"": 41822, ""EffectBonusMultiplier_1"": 0.42899999022483826, ""EffectChainAmplitude_1"": 1.0, ""EffectChainAmplitude_2"": 1.0, ""EffectChainAmplitude_3"": 1.0, ""EquippedItemClass"": -1, ""FacingCasterFlags"": 1, ""InterruptFlags"": 8, ""MaxLevel"": 85, ""NameSubtext_Lang_Mask"": 16712190, ""NameSubtext_Lang_enUS"": ""Rank 11"", ""Name_Lang_Mask"": 16712190, ""PreventionType"": 1, ""ProcChance"": 101, ""SpellClassMask_1"": 2, ""SpellClassSet"": 3, ""SpellLevel"": 80, ""SpellPriority"": 50, ""SpellVisualID_1"": 143, ""StartRecoveryCategory"": 133, ""StartRecoveryTime"": 1500}",pulled from existing data
42890,Pyroblast,4,0,0,65536,290,5000,0,0,0,0,22,35.0,,12000,"{""amplitude"": 0, ""apply_aura"": 0, ""base_points"": 1013, ""chain_targets"": 0, ""die_sides"": 273, ""implicit_target_a"": 6, ""implicit_target_b"": 0, ""mechanic"": 0, ""misc_value"": 0, ""points_per_level"": 5.800000190734863, ""radius_yards"": null, ""trigger_spell"": 0, ""type"": 2}","{""amplitude"": 3000, ""apply_aura"": 3, ""base_points"": 95, ""chain_targets"": 0, ""die_sides"": 1, ""implicit_target_a"": 6, ""implicit_target_b"": 0, ""mechanic"": 0, ""misc_value"": 0, ""points_per_level"": 0.0, ""radius_yards"": null, ""trigger_spell"": 0, ""type"": 6}",,184,,,"{""AuraDescription_Lang_Mask"": 16712190, ""AuraDescription_Lang_enUS"": 5323, ""BaseLevel"": 73, ""CastingTimeIndex"": 6, ""DefenseType"": 1, ""Description_Lang_Mask"": 16712190, ""Description_Lang_enUS"": 232182, ""EffectBonusMultiplier_1"": 1.149999976158142, ""EffectBonusMultiplier_2"": 0.05000000074505806, ""EffectChainAmplitude_1"": 1.0, ""EffectChainAmplitude_2"": 1.0, ""EffectChainAmplitude_3"": 1.0, ""EquippedItemClass"": -1, ""FacingCasterFlags"": 1, ""InterruptFlags"": 15, ""MaxLevel"": 77, ""NameSubtext_Lang_Mask"": 16712190, ""NameSubtext_Lang_enUS"": ""Rank 11"", ""Name_Lang_Mask"": 16712190, ""PreventionType"": 1, ""ProcChance"": 101, ""Speed"": 24.0, ""SpellClassMask_1"": 4194304, ""SpellClassMask_3"": 8, ""SpellClassSet"": 3, ""SpellLevel"": 73, ""SpellPriority"": 50, ""SpellVisualID_1"": 2253, ""StartRecoveryCategory"": 133, ""StartRecoveryTime"": 1500}",pulled from existing data
42891,Pyroblast,4,0,0,65536,290,5000,0,0,0,0,22,35.0,,12000,"{""amplitude"": 0, ""apply_aura"": 0, ""base_points"": 1189, ""chain_targets"": 0, ""die_sides"": 321, ""implicit_target_a"": 6, ""implicit_target_b"": 0, ""mechanic"": 0, ""misc_value"": 0, ""points_per_level"": 6.800000190734863, ""radius_yards"": null, ""trigger_spell"": 0, ""type"": 2}","{""amplitude"": 3000, ""apply_aura"": 3, ""base_points"": 112, ""chain_targets"": 0, ""die_sides"": 1, ""implicit_target_a"": 6, ""implicit_target_b"": 0, ""mechanic"": 0, ""misc_value"": 0, ""points_per_level"": 0.0, ""radius_yards"": null, ""trigger_spell"": 0, ""type"": 6}",,184,,,"{""AuraDescription_Lang_Mask"": 16712190, ""AuraDescription_Lang_enUS"": 5323, ""BaseLevel"": 77, ""CastingTimeIndex"": 6, ""DefenseType"": 1, ""Description_Lang_Mask"": 16712190, ""Description_Lang_enUS"": 232182, ""EffectBonusMultiplier_1"": 1.149999976158142, ""EffectBonusMultiplier_2"": 0.05000000074505806, ""EffectChainAmplitude_1"": 1.0, ""EffectChainAmplitude_2"": 1.0, ""EffectChainAmplitude_3"": 1.0, ""EquippedItemClass"": -1, ""FacingCasterFlags"": 1, ""InterruptFlags"": 15, ""MaxLevel"": 81, ""NameSubtext_Lang_Mask"": 16712190, ""NameSubtext_Lang_enUS"": ""Rank 12"", ""Name_Lang_Mask"": 16712190, ""PreventionType"": 1, ""ProcChance"": 101, ""Speed"": 24.0, ""SpellClassMask_1"": 4194304, ""SpellClassMask_3"": 8, ""SpellClassSet"": 3, ""SpellLevel"": 77, ""SpellPriority"": 50, ""SpellVisualID_1"": 2253, ""StartRecoveryCategory"": 133, ""StartRecoveryTime"": 1500}",pulled from existing data
42894,Arcane Blast,64,0,0,262144,0,2500,0,0,0,0,7,30.0,,,"{""amplitude"": 0, ""apply_aura"": 0, ""base_points"": 896, ""chain_targets"": 0, ""die_sides"": 145, ""implicit_target_a"": 6, ""implicit_target_b"": 0, ""mechanic"": 0, ""misc_value"": 0, ""points_per_level"": 5.300000190734863, ""radius_yards"": null, ""trigger_spell"": 0, ""type"": 2}","{""amplitude"": 0, ""apply_aura"": 0, ""base_points"": 0, ""chain_targets"": 0, ""die_sides"": 0, ""implicit_target_a"": 1, ""implicit_target_b"": 0, ""mechanic"": 0, ""misc_value"": 0, ""points_per_level"": 0.0, ""radius_yards"": null, ""trigger_spell"": 36032, ""type"": 64}",,2294,,,"{""AuraDescription_Lang_Mask"": 16712188, ""BaseLevel"": 71, ""CastingTimeIndex"": 19, ""DefenseType"": 1, ""Description_Lang_Mask"": 16712190, ""Description_Lang_enUS"": 770064, ""EffectBonusMultiplier_1"": 0.7139999866485596, ""EffectChainAmplitude_1"": 1.0, ""EffectChainAmplitude_2"": 1.0, ""EffectChainAmplitude_3"": 1.0, ""EffectSpellClassMaskB_1"": 536870912, ""EffectSpellClassMaskC_1"": 536870912, ""EquippedItemClass"": -1, ""FacingCasterFlags"": 1, ""InterruptFlags"": 15, ""MaxLevel"": 75, ""NameSubtext_Lang_Mask"": 16712190, ""NameSubtext_Lang_enUS"": ""Rank 2"", ""Name_Lang_Mask"": 16712190, ""PreventionType"": 1, ""ProcChance"": 101, ""SpellClassMask_1"": 536870912, ""SpellClassSet"": 3, ""SpellLevel"": 71, ""SpellVisualID_1"": 7749, ""StartRecoveryCategory"": 133, ""StartRecoveryTime"": 1500}",pulled from existing data
42896,Arcane Blast,64,0,0,262144,0,2500,0,0,0,0,7,30.0,,,"{""amplitude"": 0, ""apply_aura"": 0, ""base_points"": 1046, ""chain_targets"": 0, ""die_sides"": 169, ""implicit_target_a"": 6, ""implicit_target_b"": 0, ""mechanic"": 0, ""misc_value"": 0, ""points_per_level"": 6.199999809265137, ""radius_yards"": null, ""trigger_spell"": 0, ""type"": 2}","{""amplitude"": 0, ""apply_aura"": 0, ""base_points"": -1, ""chain_targets"": 0, ""die_sides"": 1, ""implicit_target_a"": 1, ""implicit_target_b"": 0, ""mechanic"": 0, ""misc_value"": 0, ""points_per_level"": 0.0, ""radius_yards"": null, ""trigger_spell"": 36032, ""type"": 64}",,2294,,,"{""AuraDescription_Lang_Mask"": 16712188, ""BaseLevel"": 76, ""CastingTimeIndex"": 19, ""DefenseType"": 1, ""Description_Lang_Mask"": 16712190, ""Description_Lang_enUS"": 770064, ""EffectBonusMultiplier_1"": 0.7139999866485596, ""EffectChainAmplitude_1"": 1.0, ""EffectChainAmplitude_2"": 1.0, ""EffectChainAmplitude_3"": 1.0, ""EffectSpellClassMaskB_1"": 536870912, ""EffectSpellClassMaskC_1"": 536870912, ""EquippedItemClass"": -1, ""FacingCasterFlags"": 1, ""InterruptFlags"": 15, ""MaxLevel"": 80, ""NameSubtext_Lang_Mask"": 16712190, ""NameSubtext_Lang_enUS"": ""Rank 3"", ""Name_Lang_Mask"": 16712190, ""PreventionType"": 1, ""ProcChance"": 101, ""SpellClassMask_1"": 536870912, ""SpellClassSet"": 3, ""SpellLevel"": 76, ""SpellVisualID_1"": 7749, ""StartRecoveryCategory"": 133, ""StartRecoveryTime"": 1500}",pulled from existing data
42897,Arcane Blast,64,0,0,262144,0,2500,0,0,0,0,7,30.0,,,"{""amplitude"": 0, ""apply_aura"": 0, ""base_points"": 1184, ""chain_targets"": 0, ""die_sides"": 193, ""implicit_target_a"": 6, ""implicit_target_b"": 0, ""mechanic"": 0, ""misc_value"": 0, ""points_per_level"": 7.0, ""radius_yards"": null, ""trigger_spell"": 0, ""type"": 2}","{""amplitude"": 0, ""apply_aura"": 0, ""base_points"": 0, ""chain_targets"": 0, ""die_sides"": 0, ""implicit_target_a"": 1, ""implicit_target_b"": 0, ""mechanic"": 0, ""misc_value"": 0, ""points_per_level"": 0.0, ""radius_yards"": null, ""trigger_spell"": 36032, ""type"": 64}",,2294,,,"{""AuraDescription_Lang_Mask"": 16712188, ""BaseLevel"": 80, ""CastingTimeIndex"": 19, ""DefenseType"": 1, ""Description_Lang_Mask"": 16712190, ""Description_Lang_enUS"": 770064, ""EffectBonusMultiplier_1"": 0.7139999866485596, ""EffectChainAmplitude_1"": 1.0, ""EffectChainAmplitude_2"": 1.0, ""EffectChainAmplitude_3"": 1.0, ""EffectSpellClassMaskB_1"": 536870912, ""EffectSpellClassMaskC_1"": 536870912, ""EquippedItemClass"": -1, ""FacingCasterFlags"": 1, ""InterruptFlags"": 15, ""MaxLevel"": 84, ""NameSubtext_Lang_Mask"": 16712190, ""NameSubtext_Lang_enUS"": ""Rank 4"", ""Name_Lang_Mask"": 16712190, ""PreventionType"": 1, ""ProcChance"": 101, ""SpellClassMask_1"": 536870912, ""SpellClassSet"": 3, ""SpellLevel"": 80, ""SpellVisualID_1"": 7749, ""StartRecoveryCategory"": 133, ""StartRecoveryTime"": 1500}",pulled from existing data
42913,Ice Lance,16,0,0,327680,0,0,0,0,0,0,6,30.0,,,"{""amplitude"": 0, ""apply_aura"": 0, ""base_points"": 181, ""chain_targets"": 0, ""die_sides"": 29, ""implicit_target_a"": 6, ""implicit_target_b"": 0, ""mechanic"": 0, ""misc_value"": 0, ""points_per_level"": 1.2999999523162842, ""radius_yards"": null, ""trigger_spell"": 0, ""type"": 2}",,,186,,,"{""AuraDescription_Lang_Mask"": 16712188, ""BaseLevel"": 72, ""CastingTimeIndex"": 1, ""DefenseType"": 1, ""Description_Lang_Mask"": 16712190, ""Description_Lang_enUS"": 770434, ""EffectBonusMultiplier_1"": 0.14300000667572021, ""EffectChainAmplitude_1"": 1.0, ""EffectChainAmplitude_2"": 1.0, ""EffectChainAmplitude_3"": 1.0, ""EquippedItemClass"": -1, ""FacingCasterFlags"": 1, ""InterruptFlags"": 15, ""MaxLevel"": 76, ""NameSubtext_Lang_Mask"": 16712190, ""NameSubtext_Lang_enUS"": ""Rank 2"", ""Name_Lang_Mask"": 16712190, ""PreventionType"": 1, ""ProcChance"": 101, ""Speed"": 38.0, ""SpellClassMask_1"": 131072, ""SpellClassSet"": 3, ""SpellDescriptionVariableID"": 167, ""SpellLevel"": 72, ""SpellVisualID_1"": 7906, ""StartRecoveryCategory"": 133, ""StartRecoveryTime"": 1500}",pulled from existing data
42914,Ice Lance,16,0,0,327680,0,0,0,0,0,0,6,30.0,,,"{""amplitude"": 0, ""apply_aura"": 0, ""base_points"": 220, ""chain_targets"": 0, ""die_sides"": 35, ""implicit_target_a"": 6, ""implicit_target_b"": 0, ""mechanic"": 0, ""misc_value"": 0, ""points_per_level"": 1.2999999523162842, ""radius_yards"": null, ""trigger_spell"": 0, ""type"": 2}",,,186,,,"{""AuraDescription_Lang_Mask"": 16712188, ""BaseLevel"": 78, ""CastingTimeIndex"": 1, ""DefenseType"": 1, ""Description_Lang_Mask"": 16712190, ""Description_Lang_enUS"": 770434, ""EffectBonusMultiplier_1"": 0.14300000667572021, ""EffectChainAmplitude_1"": 1.0, ""EffectChainAmplitude_2"": 1.0, ""EffectChainAmplitude_3"": 1.0, ""EquippedItemClass"": -1, ""FacingCasterFlags"": 1, ""InterruptFlags"": 15, ""MaxLevel"": 82, ""NameSubtext_Lang_Mask"": 16712190, ""NameSubtext_Lang_enUS"": ""Rank 3"", ""Name_Lang_Mask"": 16712190, ""PreventionType"": 1, ""ProcChance"": 101, ""Speed"": 38.0, ""SpellClassMask_1"": 131072, ""SpellClassSet"": 3, ""SpellDescriptionVariableID"": 167, ""SpellLevel"": 78, ""SpellVisualID_1"": 7906, ""StartRecoveryCategory"": 133, ""StartRecoveryTime"": 1500}",pulled from existing data
42917,Frost Nova,16,1,0,1073807360,35,0,0,25000,0,0,7,0.0,,8000,"{""amplitude"": 0, ""apply_aura"": 0, ""base_points"": 364, ""chain_targets"": 0, ""die_sides"": 51, ""implicit_target_a"": 22, ""implicit_target_b"": 15, ""mechanic"": 0, ""misc_value"": 0, ""points_per_level"": 0.800000011920929, ""radius_yards"": 10.0, ""trigger_spell"": 0, ""type"": 2}","{""amplitude"": 0, ""apply_aura"": 26, ""base_points"": -1, ""chain_targets"": 0, ""die_sides"": 1, ""implicit_target_a"": 22, ""implicit_target_b"": 15, ""mechanic"": 7, ""misc_value"": 0, ""points_per_level"": 0.0, ""radius_yards"": 10.0, ""trigger_spell"": 0, ""type"": 6}",,193,,,"{""AttributesEx"": 128, ""AttributesEx4"": 1073741824, ""AuraDescription_Lang_Mask"": 16712190, ""AuraDescription_Lang_enUS"": 4632, ""AuraInterruptFlags"": 4718592, ""BaseLevel"": 75, ""CastingTimeIndex"": 1, ""DefenseType"": 1, ""Description_Lang_Mask"": 16712190, ""Description_Lang_enUS"": 4470, ""EffectBasePoints_3"": -1, ""EffectBonusMultiplier_1"": 0.19300000369548798, ""EffectChainAmplitude_1"": 1.0, ""EffectChainAmplitude_2"": 1.0, ""EffectChainAmplitude_3"": 1.0, ""EffectDieSides_3"": 1, ""EquippedItemClass"": -1, ""InterruptFlags"": 8, ""MaxLevel"": 79, ""NameSubtext_Lang_Mask"": 16712190, ""NameSubtext_Lang_enUS"": ""Rank 6"", ""Name_Lang_Mask"": 16712190, ""PreventionType"": 1, ""ProcChance"": 100, ""ProcTypeMask"": 664232, ""RangeIndex"": 1, ""SpellClassMask_1"": 64, ""SpellClassSet"": 3, ""SpellDescriptionVariableID"": 167, ""SpellLevel"": 75, ""SpellPriority"": 50, ""SpellVisualID_1"": 17, ""StartRecoveryCategory"": 133, ""StartRecoveryTime"": 1500}",pulled from existing data
42920,Arcane Explosion,64,0,0,65536,0,0,0,0,0,0,22,0.0,,,"{""amplitude"": 0, ""apply_aura"": 0, ""base_points"": 480, ""chain_targets"": 0, ""die_sides"": 39, ""implicit_target_a"": 22, ""implicit_target_b"": 15, ""mechanic"": 0, ""misc_value"": 0, ""points_per_level"": 2.0, ""radius_yards"": 10.0, ""trigger_spell"": 0, ""type"": 2}",,,122,,,"{""AttributesEx"": 128, ""AuraDescription_Lang_Mask"": 16712188, ""BaseLevel"": 76, ""CastingTimeIndex"": 1, ""DefenseType"": 1, ""Description_Lang_Mask"": 16712190, ""Description_Lang_enUS"": 30490, ""EffectBonusMultiplier_1"": 0.21400000154972076, ""EffectChainAmplitude_1"": 1.0, ""EffectChainAmplitude_2"": 1.0, ""EffectChainAmplitude_3"": 1.0, ""EquippedItemClass"": -1, ""InterruptFlags"": 15, ""MaxLevel"": 80, ""NameSubtext_Lang_Mask"": 16712190, ""NameSubtext_Lang_enUS"": ""Rank 9"", ""Name_Lang_Mask"": 16712190, ""PreventionType"": 1, ""ProcChance"": 101, ""RangeIndex"": 1, ""SpellClassMask_1"": 4096, ""SpellClassSet"": 3, ""SpellLevel"": 76, ""SpellVisualID_1"": 965, ""StartRecoveryCategory"": 133, ""StartRecoveryTime"": 1500}",pulled from existing data
42921,Arcane Explosion,64,0,0,65536,0,0,0,0,0,0,22,0.0,,,"{""amplitude"": 0, ""apply_aura"": 0, ""base_points"": 537, ""chain_targets"": 0, ""die_sides"": 45, ""implicit_target_a"": 22, ""implicit_target_b"": 15, ""mechanic"": 0, ""misc_value"": 0, ""points_per_level"": 2.299999952316284, ""radius_yards"": 10.0, ""trigger_spell"": 0, ""type"": 2}",,,122,,,"{""AttributesEx"": 128, ""AuraDescription_Lang_Mask"": 16712188, ""BaseLevel"": 80, ""CastingTimeIndex"": 1, ""DefenseType"": 1, ""Description_Lang_Mask"": 16712190, ""Description_Lang_enUS"": 30490, ""EffectBonusMultiplier_1"": 0.21400000154972076, ""EffectChainAmplitude_1"": 1.0, ""EffectChainAmplitude_2"": 1.0, ""EffectChainAmplitude_3"": 1.0, ""EquippedItemClass"": -1, ""InterruptFlags"": 15, ""MaxLevel"": 84, ""NameSubtext_Lang_Mask"": 16712190, ""NameSubtext_Lang_enUS"": ""Rank 10"", ""Name_Lang_Mask"": 16712190, ""PreventionType"": 1, ""ProcChance"": 101, ""RangeIndex"": 1, ""SpellClassMask_1"": 4096, ""SpellClassSet"": 3, ""SpellLevel"": 80, ""SpellVisualID_1"": 965, ""StartRecoveryCategory"": 133, ""StartRecoveryTime"": 1500}",pulled from existing data
42925,Flamestrike,4,0,0,65536,0,2000,0,0,0,0,30,30.0,,8000,"{""amplitude"": 0, ""apply_aura"": 0, ""base_points"": 687, ""chain_targets"": 0, ""die_sides"": 155, ""implicit_target_a"": 16, ""implicit_target_b"": 0, ""mechanic"": 0, ""misc_value"": 0, ""points_per_level"": 2.799999952316284, ""radius_yards"": 5.0, ""trigger_spell"": 0, ""type"": 2}","{""amplitude"": 2000, ""apply_aura"": 3, ""base_points"": 154, ""chain_targets"": 0, ""die_sides"": 1, ""implicit_target_a"": 28, ""implicit_target_b"": 0, ""mechanic"": 0, ""misc_value"": 0, ""points_per_level"": 0.0, ""radius_yards"": 5.0, ""trigger_spell"": 0, ""type"": 27}",,37,,,"{""AttributesEx"": 268435592, ""AuraDescription_Lang_Mask"": 16712190, ""AuraDescription_Lang_enUS"": 41688, ""BaseLevel"": 72, ""CastingTimeIndex"": 5, ""DefenseType"": 1, ""Description_Lang_Mask"": 16712190, ""Description_Lang_enUS"": 41560, ""EffectBonusMultiplier_1"": 0.24300000071525574, ""EffectBonusMultiplier_2"": 0.12200000137090683, ""EffectChainAmplitude_1"": 1.0, ""EffectChainAmplitude_2"": 1.0, ""EffectChainAmplitude_3"": 1.0, ""EquippedItemClass"": -1, ""InterruptFlags"": 15, ""MaxLevel"": 76, ""NameSubtext_Lang_Mask"": 16712190, ""NameSubtext_Lang_enUS"": ""Rank 8"", ""Name_Lang_Mask"": 16712190, ""PreventionType"": 1, ""ProcChance"": 101, ""SpellClassMask_1"": 4, ""SpellClassSet"": 3, ""SpellLevel"": 72, ""SpellPriority"": 50, ""SpellVisualID_1"": 10408, ""StartRecoveryCategory"": 133, ""StartRecoveryTime"": 1500, ""Targets"": 64}",pulled from existing data
42926,Flamestrike,4,0,0,65536,0,2000,0,0,0,0,30,30.0,,8000,"{""amplitude"": 0, ""apply_aura"": 0, ""base_points"": 872, ""chain_targets"": 0, ""die_sides"": 195, ""implicit_target_a"": 16, ""implicit_target_b"": 0, ""mechanic"": 0, ""misc_value"": 0, ""points_per_level"": 3.5, ""radius_yards"": 5.0, ""trigger_spell"": 0, ""type"": 2}","{""amplitude"": 2000, ""apply_aura"": 3, ""base_points"": 194, ""chain_targets"": 0, ""die_sides"": 1, ""implicit_target_a"": 28, ""implicit_target_b"": 0, ""mechanic"": 0, ""misc_value"": 0, ""points_per_level"": 0.0, ""radius_yards"": 5.0, ""trigger_spell"": 0, ""type"": 27}",,37,,,"{""AttributesEx"": 268435592, ""AuraDescription_Lang_Mask"": 16712190, ""AuraDescription_Lang_enUS"": 41688, ""BaseLevel"": 79, ""CastingTimeIndex"": 5, ""DefenseType"": 1, ""Description_Lang_Mask"": 16712190, ""Description_Lang_enUS"": 41560, ""EffectBonusMultiplier_1"": 0.24300000071525574, ""EffectBonusMultiplier_2"": 0.12200000137090683, ""EffectChainAmplitude_1"": 1.0, ""EffectChainAmplitude_2"": 1.0, ""EffectChainAmplitude_3"": 1.0, ""EquippedItemClass"": -1, ""InterruptFlags"": 15, ""MaxLevel"": 83, ""NameSubtext_Lang_Mask"": 16712190, ""NameSubtext_Lang_enUS"": ""Rank 9"", ""Name_Lang_Mask"": 16712190, ""PreventionType"": 1, ""ProcChance"": 101, ""SpellClassMask_1"": 4, ""SpellClassSet"": 3, ""SpellLevel"": 79, ""SpellPriority"": 50, ""SpellVisualID_1"": 10408, ""StartRecoveryCategory"": 133, ""StartRecoveryTime"": 1500, ""Targets"": 64}",pulled from existing data
42930,Cone of Cold,16,1,0,65536,50,0,0,10000,0,0,25,0.0,,8000,"{""amplitude"": 0, ""apply_aura"": 33, ""base_points"": -51, ""chain_targets"": 0, ""die_sides"": 1, ""implicit_target_a"": 104, ""implicit_target_b"": 0, ""mechanic"": 11, ""misc_value"": 0, ""points_per_level"": 0.0, ""radius_yards"": 10.0, ""trigger_spell"": 0, ""type"": 6}","{""amplitude"": 0, ""apply_aura"": 0, ""base_points"": 558, ""chain_targets"": 0, ""die_sides"": 53, ""implicit_target_a"": 104, ""implicit_target_b"": 0, ""mechanic"": 0, ""misc_value"": 0, ""points_per_level"": 2.299999952316284, ""radius_yards"": 10.0, ""trigger_spell"": 0, ""type"": 2}","{""amplitude"": 0, ""apply_aura"": 118, ""base_points"": -1, ""chain_targets"": 0, ""die_sides"": 1, ""implicit_target_a"": 104, ""implicit_target_b"": 0, ""mechanic"": 0, ""misc_value"": 127, ""points_per_level"": 0.0, ""radius_yards"": 10.0, ""trigger_spell"": 0, ""type"": 6}",35,,,"{""AttributesEx"": 128, ""AuraDescription_Lang_Mask"": 16712190, ""AuraDescription_Lang_enUS"": 3906, ""BaseLevel"": 72, ""CastingTimeIndex"": 1, ""DefenseType"": 1, ""Description_Lang_Mask"": 16712190, ""Description_Lang_enUS"": 4336, ""EffectBonusMultiplier_2"": 0.21400000154972076, ""EffectChainAmplitude_1"": 1.0, ""EffectChainAmplitude_2"": 1.0, ""EffectChainAmplitude_3"": 1.0, ""EquippedItemClass"": -1, ""InterruptFlags"": 8, ""MaxLevel"": 76, ""NameSubtext_Lang_Mask"": 16712190, ""NameSubtext_Lang_enUS"": ""Rank 7"", ""Name_Lang_Mask"": 16712190, ""PreventionType"": 1, ""ProcChance"": 101, ""RangeIndex"": 1, ""SpellClassMask_1"": 512, ""SpellClassSet"": 3, ""SpellDescriptionVariableID"": 167, ""SpellLevel"": 72, ""SpellPriority"": 50, ""SpellVisualID_1"": 1007, ""StartRecoveryCategory"": 133, ""StartRecoveryTime"": 1500}",pulled from existing data
42931,Cone of Cold,16,1,0,65536,50,0,0,10000,0,0,25,0.0,,8000,"{""amplitude"": 0, ""apply_aura"": 33, ""base_points"": -51, ""chain_targets"": 0, ""die_sides"": 1, ""implicit_target_a"": 104, ""implicit_target_b"": 0, ""mechanic"": 11, ""misc_value"": 0, ""points_per_level"": 0.0, ""radius_yards"": 10.0, ""trigger_spell"": 0, ""type"": 6}","{""amplitude"": 0, ""apply_aura"": 0, ""base_points"": 706, ""chain_targets"": 0, ""die_sides"": 67, ""implicit_target_a"": 104, ""implicit_target_b"": 0, ""mechanic"": 0, ""misc_value"": 0, ""points_per_level"": 2.9000000953674316, ""radius_yards"": 10.0, ""trigger_spell"": 0, ""type"": 2}","{""amplitude"": 0, ""apply_aura"": 118, ""base_points"": -1, ""chain_targets"": 0, ""die_sides"": 1, ""implicit_target_a"": 104, ""implicit_target_b"": 0, ""mechanic"": 0, ""misc_value"": 127, ""points_per_level"": 0.0, ""radius_yards"": 10.0, ""trigger_spell"": 0, ""type"": 6}",35,,,"{""AttributesEx"": 128, ""AuraDescription_Lang_Mask"": 16712190, ""AuraDescription_Lang_enUS"": 3906, ""BaseLevel"": 79, ""CastingTimeIndex"": 1, ""DefenseType"": 1, ""Description_Lang_Mask"": 16712190, ""Description_Lang_enUS"": 4336, ""EffectBonusMultiplier_2"": 0.21400000154972076, ""EffectChainAmplitude_1"": 1.0, ""EffectChainAmplitude_2"": 1.0, ""EffectChainAmplitude_3"": 1.0, ""EquippedItemClass"": -1, ""InterruptFlags"": 8, ""MaxLevel"": 83, ""NameSubtext_Lang_Mask"": 16712190, ""NameSubtext_Lang_enUS"": ""Rank 8"", ""Name_Lang_Mask"": 16712190, ""PreventionType"": 1, ""ProcChance"": 101, ""RangeIndex"": 1, ""SpellClassMask_1"": 512, ""SpellClassSet"": 3, ""SpellDescriptionVariableID"": 167, ""SpellLevel"": 79, ""SpellPriority"": 50, ""SpellVisualID_1"": 1007, ""StartRecoveryCategory"": 133, ""StartRecoveryTime"": 1500}",pulled from existing data
42937,Blizzard,16,0,0,0,0,0,0,0,0,0,0,100.0,,,"{""amplitude"": 0, ""apply_aura"": 0, ""base_points"": 349, ""chain_targets"": 0, ""die_sides"": 1, ""implicit_target_a"": 76, ""implicit_target_b"": 16, ""mechanic"": 0, ""misc_value"": 0, ""points_per_level"": 0.5, ""radius_yards"": 8.0, ""trigger_spell"": 0, ""type"": 2}",,,285,,,"{""AttributesEx"": 136, ""AttributesEx2"": 1073741824, ""AttributesEx3"": 1073741824, ""AuraDescription_Lang_Mask"": 16712188, ""BaseLevel"": 74, ""CastingTimeIndex"": 1, ""DefenseType"": 1, ""Description_Lang_Mask"": 16712190, ""Description_Lang_enUS"": 1190332, ""EffectBonusMultiplier_1"": 0.14300000667572021, ""EffectChainAmplitude_1"": 1.0, ""EffectChainAmplitude_2"": 1.0, ""EffectChainAmplitude_3"": 1.0, ""EquippedItemClass"": -1, ""MaxLevel"": 78, ""NameSubtext_Lang_Mask"": 16712190, ""NameSubtext_Lang_enUS"": ""Rank 8"", ""Name_Lang_Mask"": 16712190, ""PreventionType"": 1, ""ProcChance"": 101, ""RangeIndex"": 135, ""SpellClassMask_1"": 524416, ""SpellClassSet"": 3, ""SpellDescriptionVariableID"": 167, ""SpellLevel"": 74, ""SpellPriority"": 50, ""SpellVisualID_1"": 9487, ""StartRecoveryCategory"": 133}",pulled from existing data
42938,Blizzard,16,0,0,0,0,0,0,0,0,0,0,100.0,,,"{""amplitude"": 0, ""apply_aura"": 0, ""base_points"": 425, ""chain_targets"": 0, ""die_sides"": 1, ""implicit_target_a"": 76, ""implicit_target_b"": 16, ""mechanic"": 0, ""misc_value"": 0, ""points_per_level"": 0.6000000238418579, ""radius_yards"": 8.0, ""trigger_spell"": 0, ""type"": 2}",,,285,,,"{""AttributesEx"": 136, ""AttributesEx2"": 1073741824, ""AttributesEx3"": 1073741824, ""AuraDescription_Lang_Mask"": 16712188, ""BaseLevel"": 80, ""CastingTimeIndex"": 1, ""DefenseType"": 1, ""Description_Lang_Mask"": 16712190, ""Description_Lang_enUS"": 1190419, ""EffectBonusMultiplier_1"": 0.14300000667572021, ""EffectChainAmplitude_1"": 1.0, ""EffectChainAmplitude_2"": 1.0, ""EffectChainAmplitude_3"": 1.0, ""EquippedItemClass"": -1, ""MaxLevel"": 84, ""NameSubtext_Lang_Mask"": 16712190, ""NameSubtext_Lang_enUS"": ""Rank 9"", ""Name_Lang_Mask"": 16712190, ""PreventionType"": 1, ""ProcChance"": 101, ""RangeIndex"": 135, ""SpellClassMask_1"": 524416, ""SpellClassSet"": 3, ""SpellDescriptionVariableID"": 167, ""SpellLevel"": 80, ""SpellPriority"": 50, ""SpellVisualID_1"": 9487, ""StartRecoveryCategory"": 133}",pulled from existing data
42939,Blizzard,16,0,0,65536,0,0,0,0,0,0,74,30.0,,8000,"{""amplitude"": 0, ""apply_aura"": 4, ""base_points"": 297, ""chain_targets"": 0, ""die_sides"": 1, ""implicit_target_a"": 28, ""implicit_target_b"": 0, ""mechanic"": 0, ""misc_value"": 0, ""points_per_level"": 1.899999976158142, ""radius_yards"": 8.0, ""trigger_spell"": 0, ""type"": 27}","{""amplitude"": 1000, ""apply_aura"": 23, ""base_points"": -1, ""chain_targets"": 0, ""die_sides"": 1, ""implicit_target_a"": 1, ""implicit_target_b"": 0, ""mechanic"": 0, ""misc_value"": 0, ""points_per_level"": 0.0, ""radius_yards"": null, ""trigger_spell"": 42937, ""type"": 6}",,285,,,"{""AttributesEx"": 268435588, ""AttributesEx2"": 4194304, ""AttributesEx5"": 8192, ""AuraDescription_Lang_Mask"": 16712190, ""AuraDescription_Lang_enUS"": 1190506, ""BaseLevel"": 74, ""CastingTimeIndex"": 1, ""ChannelInterruptFlags"": 31788, ""DefenseType"": 1, ""Description_Lang_Mask"": 16712190, ""Description_Lang_enUS"": 1190332, ""EffectBonusMultiplier_1"": 0.11900000274181366, ""EffectChainAmplitude_1"": 1.0, ""EffectChainAmplitude_2"": 1.0, ""EffectChainAmplitude_3"": 1.0, ""EquippedItemClass"": -1, ""InterruptFlags"": 15, ""MaxLevel"": 78, ""NameSubtext_Lang_Mask"": 16712190, ""NameSubtext_Lang_enUS"": ""Rank 8"", ""Name_Lang_Mask"": 16712190, ""PreventionType"": 1, ""ProcChance"": 101, ""SpellClassMask_1"": 524416, ""SpellClassSet"": 3, ""SpellDescriptionVariableID"": 167, ""SpellLevel"": 74, ""SpellPriority"": 50, ""SpellVisualID_1"": 9490, ""StartRecoveryCategory"": 133, ""StartRecoveryTime"": 1500, ""Targets"": 64}",pulled from existing data
42940,Blizzard,16,0,0,65536,0,0,0,0,0,0,74,30.0,,8000,"{""amplitude"": 0, ""apply_aura"": 4, ""base_points"": 359, ""chain_targets"": 0, ""die_sides"": 1, ""implicit_target_a"": 28, ""implicit_target_b"": 0, ""mechanic"": 0, ""misc_value"": 0, ""points_per_level"": 1.899999976158142, ""radius_yards"": 8.0, ""trigger_spell"": 0, ""type"": 27}","{""amplitude"": 1000, ""apply_aura"": 23, ""base_points"": -1, ""chain_targets"": 0, ""die_sides"": 1, ""implicit_target_a"": 1, ""implicit_target_b"": 0, ""mechanic"": 0, ""misc_value"": 0, ""points_per_level"": 0.0, ""radius_yards"": null, ""trigger_spell"": 42938, ""type"": 6}",,285,,,"{""AttributesEx"": 268435588, ""AttributesEx2"": 4194304, ""AttributesEx5"": 8192, ""AuraDescription_Lang_Mask"": 16712190, ""AuraDescription_Lang_enUS"": 1190562, ""BaseLevel"": 80, ""CastingTimeIndex"": 1, ""ChannelInterruptFlags"": 31788, ""DefenseType"": 1, ""Description_Lang_Mask"": 16712190, ""Description_Lang_enUS"": 1190419, ""EffectBonusMultiplier_1"": 0.11900000274181366, ""EffectChainAmplitude_1"": 1.0, ""EffectChainAmplitude_2"": 1.0, ""EffectChainAmplitude_3"": 1.0, ""EquippedItemClass"": -1, ""InterruptFlags"": 15, ""MaxLevel"": 84, ""NameSubtext_Lang_Mask"": 16712190, ""NameSubtext_Lang_enUS"": ""Rank 9"", ""Name_Lang_Mask"": 16712190, ""PreventionType"": 1, ""ProcChance"": 101, ""SpellClassMask_1"": 524416, ""SpellClassSet"": 3, ""SpellDescriptionVariableID"": 167, ""SpellLevel"": 80, ""SpellPriority"": 50, ""SpellVisualID_1"": 9490, ""StartRecoveryCategory"": 133, ""StartRecoveryTime"": 1500, ""Targets"": 64}",pulled from existing data
42944,Blast Wave,4,0,0,65536,250,0,0,30000,0,0,7,0.0,,6000,"{""amplitude"": 0, ""apply_aura"": 0, ""base_points"": 881, ""chain_targets"": 0, ""die_sides"": 157, ""implicit_target_a"": 22, ""implicit_target_b"": 15, ""mechanic"": 0, ""misc_value"": 0, ""points_per_level"": 3.299999952316284, ""radius_yards"": 10.0, ""trigger_spell"": 0, ""type"": 2}","{""amplitude"": 0, ""apply_aura"": 33, ""base_points"": -51, ""chain_targets"": 0, ""die_sides"": 1, ""implicit_target_a"": 22, ""implicit_target_b"": 15, ""mechanic"": 11, ""misc_value"": 0, ""points_per_level"": 0.0, ""radius_yards"": 10.0, ""trigger_spell"": 0, ""type"": 6}","{""amplitude"": 0, ""apply_aura"": 0, ""base_points"": 79, ""chain_targets"": 0, ""die_sides"": 1, ""implicit_target_a"": 22, ""implicit_target_b"": 15, ""mechanic"": 0, ""misc_value"": 100, ""points_per_level"": 0.0, ""radius_yards"": 10.0, ""trigger_spell"": 0, ""type"": 98}",292,,,"{""AttributesEx"": 128, ""AuraDescription_Lang_Mask"": 16712190, ""AuraDescription_Lang_enUS"": 225286, ""BaseLevel"": 75, ""CastingTimeIndex"": 1, ""DefenseType"": 1, ""Description_Lang_Mask"": 16712190, ""Description_Lang_enUS"": 225127, ""EffectBonusMultiplier_1"": 0.19300000369548798, ""EffectChainAmplitude_1"": 1.0, ""EffectChainAmplitude_2"": 1.0, ""EffectChainAmplitude_3"": 1.0, ""EquippedItemClass"": -1, ""MaxLevel"": 79, ""NameSubtext_Lang_Mask"": 16712190, ""NameSubtext_Lang_enUS"": ""Rank 8"", ""Name_Lang_Mask"": 16712190, ""PreventionType"": 1, ""ProcChance"": 101, ""RangeIndex"": 1, ""SpellClassMask_2"": 64, ""SpellClassSet"": 3, ""SpellLevel"": 75, ""SpellPriority"": 50, ""SpellVisualID_1"": 963, ""StartRecoveryCategory"": 133, ""StartRecoveryTime"": 1500}",pulled from existing data
42945,Blast Wave,4,0,0,65536,250,0,0,30000,0,0,7,0.0,,6000,"{""amplitude"": 0, ""apply_aura"": 0, ""base_points"": 1046, ""chain_targets"": 0, ""die_sides"": 187, ""implicit_target_a"": 22, ""implicit_target_b"": 15, ""mechanic"": 0, ""misc_value"": 0, ""points_per_level"": 3.9000000953674316, ""radius_yards"": 10.0, ""trigger_spell"": 0, ""type"": 2}","{""amplitude"": 0, ""apply_aura"": 33, ""base_points"": -51, ""chain_targets"": 0, ""die_sides"": 1, ""implicit_target_a"": 22, ""implicit_target_b"": 15, ""mechanic"": 11, ""misc_value"": 0, ""points_per_level"": 0.0, ""radius_yards"": 10.0, ""trigger_spell"": 0, ""type"": 6}","{""amplitude"": 0, ""apply_aura"": 0, ""base_points"": 79, ""chain_targets"": 0, ""die_sides"": 1, ""implicit_target_a"": 22, ""implicit_target_b"": 15, ""mechanic"": 0, ""misc_value"": 100, ""points_per_level"": 0.0, ""radius_yards"": 10.0, ""trigger_spell"": 0, ""type"": 98}",292,,,"{""AttributesEx"": 128, ""AuraDescription_Lang_Mask"": 16712190, ""AuraDescription_Lang_enUS"": 225286, ""BaseLevel"": 80, ""CastingTimeIndex"": 1, ""DefenseType"": 1, ""Description_Lang_Mask"": 16712190, ""Description_Lang_enUS"": 225127, ""EffectBonusMultiplier_1"": 0.19300000369548798, ""EffectChainAmplitude_1"": 1.0, ""EffectChainAmplitude_2"": 1.0, ""EffectChainAmplitude_3"": 1.0, ""EquippedItemClass"": -1, ""MaxLevel"": 84, ""NameSubtext_Lang_Mask"": 16712190, ""NameSubtext_Lang_enUS"": ""Rank 9"", ""Name_Lang_Mask"": 16712190, ""PreventionType"": 1, ""ProcChance"": 101, ""RangeIndex"": 1, ""SpellClassMask_2"": 64, ""SpellClassSet"": 3, ""SpellLevel"": 80, ""SpellPriority"": 50, ""SpellVisualID_1"": 963, ""StartRecoveryCategory"": 133, ""StartRecoveryTime"": 1500}",pulled from existing data
42949,Dragon's Breath,4,1,0,1114112,1215,0,0,20000,0,0,7,0.0,,5000,"{""amplitude"": 0, ""apply_aura"": 0, ""base_points"": 934, ""chain_targets"": 0, ""die_sides"": 151, ""implicit_target_a"": 104, ""implicit_target_b"": 0, ""mechanic"": 0, ""misc_value"": 0, ""points_per_level"": 2.700000047683716, ""radius_yards"": 10.0, ""trigger_spell"": 0, ""type"": 2}","{""amplitude"": 0, ""apply_aura"": 5, ""base_points"": -1, ""chain_targets"": 0, ""die_sides"": 1, ""implicit_target_a"": 104, ""implicit_target_b"": 0, ""mechanic"": 2, ""misc_value"": 0, ""points_per_level"": 0.0, ""radius_yards"": 10.0, ""trigger_spell"": 0, ""type"": 6}","{""amplitude"": 0, ""apply_aura"": 33, ""base_points"": -51, ""chain_targets"": 0, ""die_sides"": 1, ""implicit_target_a"": 104, ""implicit_target_b"": 0, ""mechanic"": 11, ""misc_value"": 0, ""points_per_level"": 0.0, ""radius_yards"": 10.0, ""trigger_spell"": 0, ""type"": 6}",1548,,,"{""AttributesEx"": 136, ""AuraDescription_Lang_Mask"": 16712190, ""AuraDescription_Lang_enUS"": 40632, ""AuraInterruptFlags"": 4718592, ""BaseLevel"": 75, ""CastingTimeIndex"": 1, ""DefenseType"": 1, ""Description_Lang_Mask"": 16712190, ""Description_Lang_enUS"": 809819, ""EffectBonusMultiplier_1"": 0.19300000369548798, ""EffectChainAmplitude_1"": 1.0, ""EffectChainAmplitude_2"": 1.0, ""EffectChainAmplitude_3"": 1.0, ""EquippedItemClass"": -1, ""MaxLevel"": 79, ""NameSubtext_Lang_Mask"": 16712190, ""NameSubtext_Lang_enUS"": ""Rank 5"", ""Name_Lang_Mask"": 16712190, ""PreventionType"": 1, ""ProcChance"": 100, ""ProcCharges"": 1, ""ProcTypeMask"": 139944, ""RangeIndex"": 1, ""SpellClassMask_1"": 8388608, ""SpellClassSet"": 3, ""SpellLevel"": 75, ""SpellPriority"": 50, ""SpellVisualID_1"": 7860, ""StartRecoveryCategory"": 133, ""StartRecoveryTime"": 1500}",pulled from existing data
42950,Dragon's Breath,4,1,0,1114112,1215,0,0,20000,0,0,7,0.0,,5000,"{""amplitude"": 0, ""apply_aura"": 0, ""base_points"": 1100, ""chain_targets"": 0, ""die_sides"": 179, ""implicit_target_a"": 104, ""implicit_target_b"": 0, ""mechanic"": 0, ""misc_value"": 0, ""points_per_level"": 3.200000047683716, ""radius_yards"": 10.0, ""trigger_spell"": 0, ""type"": 2}","{""amplitude"": 0, ""apply_aura"": 5, ""base_points"": -1, ""chain_targets"": 0, ""die_sides"": 1, ""implicit_target_a"": 104, ""implicit_target_b"": 0, ""mechanic"": 2, ""misc_value"": 0, ""points_per_level"": 0.0, ""radius_yards"": 10.0, ""trigger_spell"": 0, ""type"": 6}","{""amplitude"": 0, ""apply_aura"": 33, ""base_points"": -51, ""chain_targets"": 0, ""die_sides"": 1, ""implicit_target_a"": 104, ""implicit_target_b"": 0, ""mechanic"": 11, ""misc_value"": 0, ""points_per_level"": 0.0, ""radius_yards"": 10.0, ""trigger_spell"": 0, ""type"": 6}",1548,,,"{""AttributesEx"": 136, ""AuraDescription_Lang_Mask"": 16712190, ""AuraDescription_Lang_enUS"": 40632, ""AuraInterruptFlags"": 4718592, ""BaseLevel"": 80, ""CastingTimeIndex"": 1, ""DefenseType"": 1, ""Description_Lang_Mask"": 16712190, ""Description_Lang_enUS"": 809819, ""EffectBonusMultiplier_1"": 0.19300000369548798, ""EffectChainAmplitude_1"": 1.0, ""EffectChainAmplitude_2"": 1.0, ""EffectChainAmplitude_3"": 1.0, ""EquippedItemClass"": -1, ""MaxLevel"": 84, ""NameSubtext_Lang_Mask"": 16712190, ""NameSubtext_Lang_enUS"": ""Rank 6"", ""Name_Lang_Mask"": 16712190, ""PreventionType"": 1, ""ProcChance"": 100, ""ProcCharges"": 1, ""ProcTypeMask"": 139944, ""RangeIndex"": 1, ""SpellClassMask_1"": 8388608, ""SpellClassSet"": 3, ""SpellLevel"": 80, ""SpellPriority"": 50, ""SpellVisualID_1"": 7860, ""StartRecoveryCategory"": 133, ""StartRecoveryTime"": 1500}",pulled from existing data
42955,Conjure Refreshment,64,0,0,65536,0,3000,0,0,0,0,40,0.0,,,"{""amplitude"": 0, ""apply_aura"": 0, ""base_points"": 19, ""chain_targets"": 0, ""die_sides"": 1, ""implicit_target_a"": 1, ""implicit_target_b"": 0, ""mechanic"": 0, ""misc_value"": 0, ""points_per_level"": 0.0, ""radius_yards"": null, ""trigger_spell"": 0, ""type"": 24}",,,2966,,,"{""AttributesEx"": 131072, ""AuraDescription_Lang_Mask"": 16712188, ""BaseLevel"": 75, ""CastingTimeIndex"": 14, ""DefenseType"": 1, ""Description_Lang_Mask"": 16712190, ""Description_Lang_enUS"": 1190754, ""EffectChainAmplitude_1"": 1.0, ""EffectChainAmplitude_2"": 1.0, ""EffectChainAmplitude_3"": 1.0, ""EffectItemType_1"": 43518, ""EquippedItemClass"": -1, ""InterruptFlags"": 15, ""MaxLevel"": 75, ""NameSubtext_Lang_Mask"": 16712190, ""NameSubtext_Lang_enUS"": ""Rank 1"", ""Name_Lang_Mask"": 16712190, ""PreventionType"": 1, ""ProcChance"": 101, ""RangeIndex"": 1, ""SpellClassMask_1"": 1073741824, ""SpellClassSet"": 3, ""SpellLevel"": 75, ""SpellVisualID_1"": 563, ""StartRecoveryCategory"": 133, ""StartRecoveryTime"": 1500}",pulled from existing data
42956,Conjure Refreshment,64,0,0,65536,0,3000,0,0,0,0,40,0.0,,,"{""amplitude"": 0, ""apply_aura"": 0, ""base_points"": 19, ""chain_targets"": 0, ""die_sides"": 1, ""implicit_target_a"": 1, ""implicit_target_b"": 0, ""mechanic"": 0, ""misc_value"": 0, ""points_per_level"": 0.0, ""radius_yards"": null, ""trigger_spell"": 0, ""type"": 24}",,,2967,,,"{""AttributesEx"": 131072, ""AuraDescription_Lang_Mask"": 16712188, ""BaseLevel"": 80, ""CastingTimeIndex"": 14, ""DefenseType"": 1, ""Description_Lang_Mask"": 16712190, ""Description_Lang_enUS"": 1190909, ""EffectChainAmplitude_1"": 1.0, ""EffectChainAmplitude_2"": 1.0, ""EffectChainAmplitude_3"": 1.0, ""EffectItemType_1"": 43523, ""EquippedItemClass"": -1, ""InterruptFlags"": 15, ""MaxLevel"": 80, ""NameSubtext_Lang_Mask"": 16712190, ""NameSubtext_Lang_enUS"": ""Rank 2"", ""Name_Lang_Mask"": 16712190, ""PreventionType"": 1, ""ProcChance"": 101, ""RangeIndex"": 1, ""SpellClassMask_1"": 1073741824, ""SpellClassSet"": 3, ""SpellLevel"": 80, ""SpellVisualID_1"": 563, ""StartRecoveryCategory"": 133, ""StartRecoveryTime"": 1500}",pulled from existing data
42985,Conjure Mana Gem,64,0,0,65536,87,3000,0,0,0,0,75,0.0,,,"{""amplitude"": 0, ""apply_aura"": 0, ""base_points"": 0, ""chain_targets"": 0, ""die_sides"": 1, ""implicit_target_a"": 1, ""implicit_target_b"": 0, ""mechanic"": 0, ""misc_value"": 0, ""points_per_level"": 0.0, ""radius_yards"": null, ""trigger_spell"": 0, ""type"": 24}","{""amplitude"": 0, ""apply_aura"": 0, ""base_points"": 54408, ""chain_targets"": 0, ""die_sides"": 1, ""implicit_target_a"": 1, ""implicit_target_b"": 0, ""mechanic"": 0, ""misc_value"": 0, ""points_per_level"": 0.0, ""radius_yards"": null, ""trigger_spell"": 0, ""type"": 3}",,2451,,,"{""AttributesEx"": 131072, ""AuraDescription_Lang_Mask"": 16712188, ""BaseLevel"": 77, ""CastingTimeIndex"": 14, ""DefenseType"": 1, ""Description_Lang_Mask"": 16712190, ""Description_Lang_enUS"": 1191781, ""EffectChainAmplitude_1"": 1.0, ""EffectChainAmplitude_2"": 1.0, ""EffectChainAmplitude_3"": 1.0, ""EffectItemType_1"": 33312, ""EquippedItemClass"": -1, ""InterruptFlags"": 15, ""NameSubtext_Lang_Mask"": 16712190, ""NameSubtext_Lang_enUS"": ""Rank 6"", ""Name_Lang_Mask"": 16712190, ""PreventionType"": 1, ""ProcChance"": 101, ""RangeIndex"": 1, ""SpellClassMask_1"": 1073741824, ""SpellClassSet"": 3, ""SpellLevel"": 77, ""SpellVisualID_1"": 161, ""StartRecoveryCategory"": 133, ""StartRecoveryTime"": 1500}",pulled from existing data
42987,Replenish Mana,1,0,0,0,100,0,0,60000,0,0,0,0.0,,,"{""amplitude"": 0, ""apply_aura"": 0, ""base_points"": 3329, ""chain_targets"": 0, ""die_sides"": 171, ""implicit_target_a"": 1, ""implicit_target_b"": 0, ""mechanic"": 0, ""misc_value"": 0, ""points_per_level"": 0.0, ""radius_yards"": null, ""trigger_spell"": 0, ""type"": 30}",,,283,,,"{""AuraDescription_Lang_Mask"": 16712188, ""BaseLevel"": 77, ""CastingTimeIndex"": 1, ""DefenseType"": 1, ""Description_Lang_Mask"": 16712190, ""Description_Lang_enUS"": 9533, ""EffectChainAmplitude_1"": 1.0, ""EffectChainAmplitude_2"": 1.0, ""EffectChainAmplitude_3"": 1.0, ""EquippedItemClass"": -1, ""NameSubtext_Lang_Mask"": 16712190, ""NameSubtext_Lang_enUS"": ""Rank 6"", ""Name_Lang_Mask"": 16712190, ""ProcChance"": 101, ""RangeIndex"": 1, ""SpellClassMask_2"": 256, ""SpellClassSet"": 3, ""SpellLevel"": 77, ""SpellVisualID_1"": 240}",pulled from existing data
42988,Replenish Mana,1,0,0,0,100,0,0,60000,0,0,0,0.0,,,"{""amplitude"": 0, ""apply_aura"": 0, ""base_points"": 1218, ""chain_targets"": 0, ""die_sides"": 63, ""implicit_target_a"": 1, ""implicit_target_b"": 0, ""mechanic"": 0, ""misc_value"": 0, ""points_per_level"": 0.0, ""radius_yards"": null, ""trigger_spell"": 0, ""type"": 30}",,,283,,,"{""AuraDescription_Lang_Mask"": 16712188, ""BaseLevel"": 87, ""CastingTimeIndex"": 1, ""DefenseType"": 1, ""Description_Lang_Mask"": 16712190, ""Description_Lang_enUS"": 9533, ""EffectChainAmplitude_1"": 1.0, ""EffectChainAmplitude_2"": 1.0, ""EffectChainAmplitude_3"": 1.0, ""EquippedItemClass"": -1, ""NameSubtext_Lang_Mask"": 16712190, ""NameSubtext_Lang_enUS"": ""Rank 7"", ""Name_Lang_Mask"": 16712190, ""ProcChance"": 101, ""RangeIndex"": 1, ""SpellClassMask_2"": 256, ""SpellClassSet"": 3, ""SpellLevel"": 87, ""SpellVisualID_1"": 240}",pulled from existing data
42995,Arcane Intellect,64,1,0,65536,0,0,0,0,0,0,31,30.0,,1800000,"{""amplitude"": 0, ""apply_aura"": 29, ""base_points"": 59, ""chain_targets"": 0, ""die_sides"": 1, ""implicit_target_a"": 21, ""implicit_target_b"": 0, ""mechanic"": 0, ""misc_value"": 3, ""points_per_level"": 0.0, ""radius_yards"": null, ""trigger_spell"": 0, ""type"": 6}",,,125,,,"{""AttributesEx6"": 67108864, ""AttributesEx7"": 268435456, ""AuraDescription_Lang_Mask"": 16712190, ""AuraDescription_Lang_enUS"": 30804, ""BaseLevel"": 80, ""CastingTimeIndex"": 1, ""DefenseType"": 1, ""Description_Lang_Mask"": 16712190, ""Description_Lang_enUS"": 30756, ""EffectChainAmplitude_1"": 1.0, ""EffectChainAmplitude_2"": 1.0, ""EffectChainAmplitude_3"": 1.0, ""EquippedItemClass"": -1, ""InterruptFlags"": 8, ""MaxLevel"": 90, ""NameSubtext_Lang_Mask"": 16712190, ""NameSubtext_Lang_enUS"": ""Rank 7"", ""Name_Lang_Mask"": 16712190, ""PreventionType"": 1, ""ProcChance"": 101, ""SpellClassMask_1"": 1024, ""SpellClassMask_3"": 8, ""SpellClassSet"": 3, ""SpellLevel"": 80, ""SpellVisualID_1"": 158, ""StartRecoveryCategory"": 133, ""StartRecoveryTime"": 1500}",pulled from existing data
43002,Arcane Brilliance,64,1,0,65536,0,0,0,0,0,0,81,40.0,,3600000,"{""amplitude"": 0, ""apply_aura"": 29, ""base_points"": 59, ""chain_targets"": 0, ""die_sides"": 1, ""implicit_target_a"": 56, ""implicit_target_b"": 0, ""mechanic"": 0, ""misc_value"": 3, ""points_per_level"": 0.0, ""radius_yards"": 100.0, ""trigger_spell"": 0, ""type"": 6}",,,1694,,,"{""AttributesEx6"": 67108864, ""AttributesEx7"": 268435456, ""AuraDescription_Lang_Mask"": 16712190, ""AuraDescription_Lang_enUS"": 30804, ""BaseLevel"": 80, ""CastingTimeIndex"": 1, ""DefenseType"": 1, ""Description_Lang_Mask"": 16712190, ""Description_Lang_enUS"": 533475, ""EffectChainAmplitude_1"": 1.0, ""EffectChainAmplitude_2"": 1.0, ""EffectChainAmplitude_3"": 1.0, ""EquippedItemClass"": -1, ""InterruptFlags"": 8, ""MaxLevel"": 90, ""NameSubtext_Lang_Mask"": 16712190, ""NameSubtext_Lang_enUS"": ""Rank 3"", ""Name_Lang_Mask"": 16712190, ""PreventionType"": 1, ""ProcChance"": 101, ""ReagentCount_1"": 1, ""Reagent_1"": 17020, ""SpellClassMask_1"": 1024, ""SpellClassSet"": 3, ""SpellLevel"": 80, ""SpellVisualID_1"": 158, ""StartRecoveryCategory"": 133, ""StartRecoveryTime"": 1500}",pulled from existing data
43008,Ice Armor,16,0,0,65536,0,0,0,0,0,0,24,0.0,,1800000,"{""amplitude"": 0, ""apply_aura"": 22, ""base_points"": 929, ""chain_targets"": 0, ""die_sides"": 1, ""implicit_target_a"": 1, ""implicit_target_b"": 0, ""mechanic"": 0, ""misc_value"": 1, ""points_per_level"": 0.0, ""radius_yards"": null, ""trigger_spell"": 0, ""type"": 6}","{""amplitude"": 0, ""apply_aura"": 42, ""base_points"": 0, ""chain_targets"": 0, ""die_sides"": 0, ""implicit_target_a"": 1, ""implicit_target_b"": 0, ""mechanic"": 0, ""misc_value"": 0, ""points_per_level"": 0.0, ""radius_yards"": null, ""trigger_spell"": 7321, ""type"": 6}","{""amplitude"": 0, ""apply_aura"": 22, ""base_points"": 39, ""chain_targets"": 0, ""die_sides"": 1, ""implicit_target_a"": 1, ""implicit_target_b"": 0, ""mechanic"": 0, ""misc_value"": 16, ""points_per_level"": 0.0, ""radius_yards"": null, ""trigger_spell"": 0, ""type"": 6}",181,,,"{""AttributesEx4"": 524288, ""AttributesEx7"": 268435456, ""AuraDescription_Lang_Mask"": 16712190, ""AuraDescription_Lang_enUS"": 657578, ""BaseLevel"": 79, ""CastingTimeIndex"": 1, ""DefenseType"": 1, ""Description_Lang_Mask"": 16712190, ""Description_Lang_enUS"": 140183, ""EffectChainAmplitude_1"": 1.0, ""EffectChainAmplitude_2"": 1.0, ""EffectChainAmplitude_3"": 1.0, ""EquippedItemClass"": -1, ""InterruptFlags"": 8, ""NameSubtext_Lang_Mask"": 16712190, ""NameSubtext_Lang_enUS"": ""Rank 6"", ""Name_Lang_Mask"": 16712190, ""PreventionType"": 1, ""ProcChance"": 100, ""ProcTypeMask"": 40, ""RangeIndex"": 1, ""SpellClassMask_1"": 34078720, ""SpellClassSet"": 3, ""SpellLevel"": 79, ""SpellPriority"": 50, ""SpellVisualID_1"": 706, ""StartRecoveryCategory"": 133, ""StartRecoveryTime"": 1500}",pulled from existing data
43010,Fire Ward,4,1,0,65536,56,0,0,30000,0,0,16,0.0,,30000,"{""amplitude"": 0, ""apply_aura"": 69, ""base_points"": 1949, ""chain_targets"": 0, ""die_sides"": 1, ""implicit_target_a"": 1, ""implicit_target_b"": 0, ""mechanic"": 0, ""misc_value"": 4, ""points_per_level"": 0.0, ""radius_yards"": null, ""trigger_spell"": 0, ""type"": 6}","{""amplitude"": 0, ""apply_aura"": 74, ""base_points"": -1, ""chain_targets"": 0, ""die_sides"": 1, ""implicit_target_a"": 1, ""implicit_target_b"": 0, ""mechanic"": 0, ""misc_value"": 4, ""points_per_level"": 0.0, ""radius_yards"": null, ""trigger_spell"": 0, ""type"": 6}",,16,,,"{""AuraDescription_Lang_Mask"": 16712190, ""AuraDescription_Lang_enUS"": 11896, ""BaseLevel"": 78, ""CastingTimeIndex"": 1, ""DefenseType"": 1, ""Description_Lang_Mask"": 16712190, ""Description_Lang_enUS"": 11860, ""EffectChainAmplitude_1"": 1.0, ""EffectChainAmplitude_2"": 1.0, ""EffectChainAmplitude_3"": 1.0, ""EffectMultipleValue_2"": 1.0, ""EquippedItemClass"": -1, ""InterruptFlags"": 8, ""MaxLevel"": 87, ""NameSubtext_Lang_Mask"": 16712190, ""NameSubtext_Lang_enUS"": ""Rank 7"", ""Name_Lang_Mask"": 16712190, ""PreventionType"": 1, ""ProcChance"": 101, ""RangeIndex"": 1, ""SpellClassMask_1"": 8, ""SpellClassMask_3"": 8, ""SpellClassSet"": 3, ""SpellLevel"": 78, ""SpellVisualID_1"": 290, ""StartRecoveryCategory"": 133, ""StartRecoveryTime"": 1500}",pulled from existing data
43012,Frost Ward,16,1,0,65536,56,0,0,30000,0,0,14,0.0,,30000,"{""amplitude"": 0, ""apply_aura"": 69, ""base_points"": 1949, ""chain_targets"": 0, ""die_sides"": 1, ""implicit_target_a"": 1, ""implicit_target_b"": 0, ""mechanic"": 0, ""misc_value"": 16, ""points_per_level"": 0.0, ""radius_yards"": null, ""trigger_spell"": 0, ""type"": 6}","{""amplitude"": 0, ""apply_aura"": 74, ""base_points"": -1, ""chain_targets"": 0, ""die_sides"": 1, ""implicit_target_a"": 1, ""implicit_target_b"": 0, ""mechanic"": 0, ""misc_value"": 16, ""points_per_level"": 0.0, ""radius_yards"": null, ""trigger_spell"": 0, ""type"": 6}",,501,,,"{""AuraDescription_Lang_Mask"": 16712190, ""AuraDescription_Lang_enUS"": 111644, ""BaseLevel"": 79, ""CastingTimeIndex"": 1, ""DefenseType"": 1, ""Description_Lang_Mask"": 16712190, ""Description_Lang_enUS"": 80074, ""EffectChainAmplitude_1"": 1.0, ""EffectChainAmplitude_2"": 1.0, ""EffectChainAmplitude_3"": 1.0, ""EffectMultipleValue_2"": 1.0, ""EquippedItemClass"": -1, ""InterruptFlags"": 8, ""MaxLevel"": 88, ""NameSubtext_Lang_Mask"": 16712190, ""NameSubtext_Lang_enUS"": ""Rank 7"", ""Name_Lang_Mask"": 16712190, ""PreventionType"": 1, ""ProcChance"": 101, ""RangeIndex"": 1, ""SpellClassMask_1"": 256, ""SpellClassMask_3"": 8, ""SpellClassSet"": 3, ""SpellLevel"": 79, ""SpellVisualID_1"": 291, ""StartRecoveryCategory"": 133, ""StartRecoveryTime"": 1500}",pulled from existing data
43015,Dampen Magic,64,1,0,65536,0,0,0,0,0,0,27,30.0,,600000,"{""amplitude"": 0, ""apply_aura"": 14, ""base_points"": -241, ""chain_targets"": 0, ""die_sides"": 1, ""implicit_target_a"": 57, ""implicit_target_b"": 0, ""mechanic"": 0, ""misc_value"": 126, ""points_per_level"": 0.0, ""radius_yards"": null, ""trigger_spell"": 0, ""type"": 6}","{""amplitude"": 0, ""apply_aura"": 115, ""base_points"": -256, ""chain_targets"": 0, ""die_sides"": 1, ""implicit_target_a"": 57, ""implicit_target_b"": 0, ""mechanic"": 0, ""misc_value"": 126, ""points_per_level"": 0.0, ""radius_yards"": null, ""trigger_spell"": 0, ""type"": 6}",,263,,,"{""AttributesEx"": 131072, ""AttributesEx6"": 67108864, ""AuraDescription_Lang_Mask"": 16712190, ""AuraDescription_Lang_enUS"": 14270, ""BaseLevel"": 76, ""CastingTimeIndex"": 1, ""DefenseType"": 1, ""Description_Lang_Mask"": 16712190, ""Description_Lang_enUS"": 14123, ""EffectChainAmplitude_1"": 1.0, ""EffectChainAmplitude_2"": 1.0, ""EffectChainAmplitude_3"": 1.0, ""EquippedItemClass"": -1, ""InterruptFlags"": 8, ""NameSubtext_Lang_Mask"": 16712190, ""NameSubtext_Lang_enUS"": ""Rank 7"", ""Name_Lang_Mask"": 16712190, ""PreventionType"": 1, ""ProcChance"": 101, ""SpellClassMask_1"": 8192, ""SpellClassMask_3"": 8, ""SpellClassSet"": 3, ""SpellLevel"": 76, ""SpellVisualID_1"": 970, ""StartRecoveryCategory"": 133, ""StartRecoveryTime"": 1500}",pulled from existing data
43017,Amplify Magic,64,1,0,65536,0,0,0,0,0,0,27,30.0,,600000,"{""amplitude"": 0, ""apply_aura"": 14, ""base_points"": 239, ""chain_targets"": 0, ""die_sides"": 1, ""implicit_target_a"": 57, ""implicit_target_b"": 0, ""mechanic"": 0, ""misc_value"": 126, ""points_per_level"": 0.0, ""radius_yards"": null, ""trigger_spell"": 0, ""type"": 6}","{""amplitude"": 0, ""apply_aura"": 115, ""base_points"": 254, ""chain_targets"": 0, ""die_sides"": 1, ""implicit_target_a"": 57, ""implicit_target_b"": 0, ""mechanic"": 0, ""misc_value"": 126, ""points_per_level"": 0.0, ""radius_yards"": null, ""trigger_spell"": 0, ""type"": 6}",,242,,,"{""AttributesEx"": 131072, ""AttributesEx6"": 67108864, ""AuraDescription_Lang_Mask"": 16712190, ""AuraDescription_Lang_enUS"": 25352, ""BaseLevel"": 77, ""CastingTimeIndex"": 1, ""DefenseType"": 1, ""Description_Lang_Mask"": 16712190, ""Description_Lang_enUS"": 25203, ""EffectChainAmplitude_1"": 1.0, ""EffectChainAmplitude_2"": 1.0, ""EffectChainAmplitude_3"": 1.0, ""EquippedItemClass"": -1, ""InterruptFlags"": 8, ""NameSubtext_Lang_Mask"": 16712190, ""NameSubtext_Lang_enUS"": ""Rank 7"", ""Name_Lang_Mask"": 16712190, ""PreventionType"": 1, ""ProcChance"": 101, ""SpellClassMask_1"": 8192, ""SpellClassMask_3"": 8, ""SpellClassSet"": 3, ""SpellLevel"": 77, ""SpellVisualID_1"": 969, ""StartRecoveryCategory"": 133, ""StartRecoveryTime"": 1500}",pulled from existing data
43019,Mana Shield,64,1,0,65536,0,0,0,0,0,0,7,0.0,,60000,"{""amplitude"": 0, ""apply_aura"": 97, ""base_points"": 1079, ""chain_targets"": 0, ""die_sides"": 1, ""implicit_target_a"": 1, ""implicit_target_b"": 0, ""mechanic"": 0, ""misc_value"": 127, ""points_per_level"": 0.0, ""radius_yards"": null, ""trigger_spell"": 0, ""type"": 6}",,,209,,,"{""AuraDescription_Lang_Mask"": 16712190, ""AuraDescription_Lang_enUS"": 31208, ""BaseLevel"": 73, ""CastingTimeIndex"": 1, ""DefenseType"": 1, ""Description_Lang_Mask"": 16712190, ""Description_Lang_enUS"": 31117, ""EffectChainAmplitude_1"": 1.0, ""EffectChainAmplitude_2"": 1.0, ""EffectChainAmplitude_3"": 1.0, ""EffectMultipleValue_1"": 1.5, ""EquippedItemClass"": -1, ""InterruptFlags"": 8, ""MaxLevel"": 77, ""NameSubtext_Lang_Mask"": 16712190, ""NameSubtext_Lang_enUS"": ""Rank 8"", ""Name_Lang_Mask"": 16712190, ""PreventionType"": 1, ""ProcTypeMask"": 139944, ""RangeIndex"": 1, ""SpellClassMask_1"": 32768, ""SpellClassMask_3"": 8, ""SpellClassSet"": 3, ""SpellLevel"": 73, ""SpellVisualID_1"": 968, ""StartRecoveryCategory"": 133, ""StartRecoveryTime"": 1500}",pulled from existing data
43020,Mana Shield,64,1,0,65536,0,0,0,0,0,0,7,0.0,,60000,"{""amplitude"": 0, ""apply_aura"": 97, ""base_points"": 1329, ""chain_targets"": 0, ""die_sides"": 1, ""implicit_target_a"": 1, ""implicit_target_b"": 0, ""mechanic"": 0, ""misc_value"": 127, ""points_per_level"": 0.0, ""radius_yards"": null, ""trigger_spell"": 0, ""type"": 6}",,,209,,,"{""AuraDescription_Lang_Mask"": 16712190, ""AuraDescription_Lang_enUS"": 31208, ""BaseLevel"": 79, ""CastingTimeIndex"": 1, ""DefenseType"": 1, ""Description_Lang_Mask"": 16712190, ""Description_Lang_enUS"": 31117, ""EffectChainAmplitude_1"": 1.0, ""EffectChainAmplitude_2"": 1.0, ""EffectChainAmplitude_3"": 1.0, ""EffectMultipleValue_1"": 1.5, ""EquippedItemClass"": -1, ""InterruptFlags"": 8, ""MaxLevel"": 83, ""NameSubtext_Lang_Mask"": 16712190, ""NameSubtext_Lang_enUS"": ""Rank 9"", ""Name_Lang_Mask"": 16712190, ""PreventionType"": 1, ""ProcTypeMask"": 139944, ""RangeIndex"": 1, ""SpellClassMask_1"": 32768, ""SpellClassMask_3"": 8, ""SpellClassSet"": 3, ""SpellLevel"": 79, ""SpellVisualID_1"": 968, ""StartRecoveryCategory"": 133, ""StartRecoveryTime"": 1500}",pulled from existing data
43023,Mage Armor,64,0,0,65536,0,0,0,0,0,0,26,0.0,,1800000,"{""amplitude"": 0, ""apply_aura"": 22, ""base_points"": 20, ""chain_targets"": 0, ""die_sides"": 1, ""implicit_target_a"": 1, ""implicit_target_b"": 0, ""mechanic"": 0, ""misc_value"": 126, ""points_per_level"": 0.0, ""radius_yards"": null, ""trigger_spell"": 0, ""type"": 6}","{""amplitude"": 0, ""apply_aura"": 134, ""base_points"": 49, ""chain_targets"": 0, ""die_sides"": 1, ""implicit_target_a"": 1, ""implicit_target_b"": 0, ""mechanic"": 0, ""misc_value"": 0, ""points_per_level"": 0.0, ""radius_yards"": null, ""trigger_spell"": 0, ""type"": 6}","{""amplitude"": 0, ""apply_aura"": 245, ""base_points"": -51, ""chain_targets"": 0, ""die_sides"": 1, ""implicit_target_a"": 1, ""implicit_target_b"": 0, ""mechanic"": 0, ""misc_value"": 1, ""points_per_level"": 0.0, ""radius_yards"": null, ""trigger_spell"": 0, ""type"": 6}",1711,,,"{""AttributesEx7"": 268435456, ""AuraDescription_Lang_Mask"": 16712190, ""AuraDescription_Lang_enUS"": 1192763, ""BaseLevel"": 71, ""CastingTimeIndex"": 1, ""DefenseType"": 1, ""Description_Lang_Mask"": 16712190, ""Description_Lang_enUS"": 1192475, ""EffectChainAmplitude_1"": 1.0, ""EffectChainAmplitude_2"": 1.0, ""EffectChainAmplitude_3"": 1.0, ""EquippedItemClass"": -1, ""InterruptFlags"": 8, ""NameSubtext_Lang_Mask"": 16712190, ""NameSubtext_Lang_enUS"": ""Rank 5"", ""Name_Lang_Mask"": 16712190, ""PreventionType"": 1, ""ProcChance"": 101, ""RangeIndex"": 1, ""SpellClassMask_1"": 268435456, ""SpellClassSet"": 3, ""SpellLevel"": 71, ""SpellPriority"": 50, ""SpellVisualID_1"": 284, ""StartRecoveryCategory"": 133, ""StartRecoveryTime"": 1500}",pulled from existing data
43024,Mage Armor,64,0,0,65536,0,0,0,0,0,0,26,0.0,,1800000,"{""amplitude"": 0, ""apply_aura"": 22, ""base_points"": 39, ""chain_targets"": 0, ""die_sides"": 1, ""implicit_target_a"": 1, ""implicit_target_b"": 0, ""mechanic"": 0, ""misc_value"": 126, ""points_per_level"": 0.0, ""radius_yards"": null, ""trigger_spell"": 0, ""type"": 6}","{""amplitude"": 0, ""apply_aura"": 134, ""base_points"": 49, ""chain_targets"": 0, ""die_sides"": 1, ""implicit_target_a"": 1, ""implicit_target_b"": 0, ""mechanic"": 0, ""misc_value"": 0, ""points_per_level"": 0.0, ""radius_yards"": null, ""trigger_spell"": 0, ""type"": 6}","{""amplitude"": 0, ""apply_aura"": 245, ""base_points"": -51, ""chain_targets"": 0, ""die_sides"": 1, ""implicit_target_a"": 1, ""implicit_target_b"": 0, ""mechanic"": 0, ""misc_value"": 1, ""points_per_level"": 0.0, ""radius_yards"": null, ""trigger_spell"": 0, ""type"": 6}",1711,,,"{""AttributesEx7"": 268435456, ""AuraDescription_Lang_Mask"": 16712190, ""AuraDescription_Lang_enUS"": 1192763, ""BaseLevel"": 79, ""CastingTimeIndex"": 1, ""DefenseType"": 1, ""Description_Lang_Mask"": 16712190, ""Description_Lang_enUS"": 1192475, ""EffectChainAmplitude_1"": 1.0, ""EffectChainAmplitude_2"": 1.0, ""EffectChainAmplitude_3"": 1.0, ""EquippedItemClass"": -1, ""InterruptFlags"": 8, ""NameSubtext_Lang_Mask"": 16712190, ""NameSubtext_Lang_enUS"": ""Rank 6"", ""Name_Lang_Mask"": 16712190, ""PreventionType"": 1, ""ProcChance"": 101, ""RangeIndex"": 1, ""SpellClassMask_1"": 268435456, ""SpellClassSet"": 3, ""SpellLevel"": 79, ""SpellPriority"": 50, ""SpellVisualID_1"": 284, ""StartRecoveryCategory"": 133, ""StartRecoveryTime"": 1500}",pulled from existing data
43038,Ice Barrier,16,1,0,327680,471,0,0,30000,0,0,21,0.0,,60000,"{""amplitude"": 0, ""apply_aura"": 69, ""base_points"": 2799, ""chain_targets"": 0, ""die_sides"": 1, ""implicit_target_a"": 1, ""implicit_target_b"": 0, ""mechanic"": 0, ""misc_value"": 127, ""points_per_level"": 15.0, ""radius_yards"": null, ""trigger_spell"": 0, ""type"": 6}",,,32,,,"{""AuraDescription_Lang_Mask"": 16712190, ""AuraDescription_Lang_enUS"": 735, ""BaseLevel"": 75, ""CastingTimeIndex"": 1, ""DefenseType"": 1, ""Description_Lang_Mask"": 16712190, ""Description_Lang_enUS"": 234421, ""EffectChainAmplitude_1"": 1.0, ""EffectChainAmplitude_2"": 1.0, ""EffectChainAmplitude_3"": 1.0, ""EquippedItemClass"": -1, ""InterruptFlags"": 8, ""MaxLevel"": 79, ""NameSubtext_Lang_Mask"": 16712190, ""NameSubtext_Lang_enUS"": ""Rank 7"", ""Name_Lang_Mask"": 16712190, ""PreventionType"": 1, ""ProcChance"": 101, ""RangeIndex"": 1, ""SpellClassMask_2"": 1, ""SpellClassMask_3"": 8, ""SpellClassSet"": 3, ""SpellLevel"": 75, ""SpellPriority"": 50, ""SpellVisualID_1"": 4302, ""StartRecoveryCategory"": 133, ""StartRecoveryTime"": 1500}",pulled from existing data
43039,Ice Barrier,16,1,0,327680,471,0,0,30000,0,0,21,0.0,,60000,"{""amplitude"": 0, ""apply_aura"": 69, ""base_points"": 3299, ""chain_targets"": 0, ""die_sides"": 1, ""implicit_target_a"": 1, ""implicit_target_b"": 0, ""mechanic"": 0, ""misc_value"": 127, ""points_per_level"": 15.0, ""radius_yards"": null, ""trigger_spell"": 0, ""type"": 6}",,,32,,,"{""AuraDescription_Lang_Mask"": 16712190, ""AuraDescription_Lang_enUS"": 735, ""BaseLevel"": 80, ""CastingTimeIndex"": 1, ""DefenseType"": 1, ""Description_Lang_Mask"": 16712190, ""Description_Lang_enUS"": 234421, ""EffectChainAmplitude_1"": 1.0, ""EffectChainAmplitude_2"": 1.0, ""EffectChainAmplitude_3"": 1.0, ""EquippedItemClass"": -1, ""InterruptFlags"": 8, ""MaxLevel"": 84, ""NameSubtext_Lang_Mask"": 16712190, ""NameSubtext_Lang_enUS"": ""Rank 8"", ""Name_Lang_Mask"": 16712190, ""PreventionType"": 1, ""ProcChance"": 101, ""RangeIndex"": 1, ""SpellClassMask_2"": 1, ""SpellClassMask_3"": 8, ""SpellClassSet"": 3, ""SpellLevel"": 80, ""SpellPriority"": 50, ""SpellVisualID_1"": 4302, ""StartRecoveryCategory"": 133, ""StartRecoveryTime"": 1500}",pulled from existing data
43043,Molten Armor,4,0,0,150994944,0,0,0,0,0,0,0,100.0,,,"{""amplitude"": 0, ""apply_aura"": 0, ""base_points"": 129, ""chain_targets"": 0, ""die_sides"": 1, ""implicit_target_a"": 6, ""implicit_target_b"": 0, ""mechanic"": 0, ""misc_value"": 0, ""points_per_level"": 0.0, ""radius_yards"": null, ""trigger_spell"": 0, ""type"": 2}",,,2307,,,"{""AttributesEx"": 168, ""AttributesEx2"": 16388, ""AttributesEx4"": 16512, ""AuraDescription_Lang_Mask"": 16712188, ""BaseLevel"": 71, ""CastingTimeIndex"": 1, ""DefenseType"": 1, ""Description_Lang_Mask"": 16712190, ""Description_Lang_enUS"": 1193356, ""EffectChainAmplitude_1"": 1.0, ""EffectChainAmplitude_2"": 1.0, ""EffectChainAmplitude_3"": 1.0, ""EquippedItemClass"": -1, ""NameSubtext_Lang_Mask"": 16712190, ""NameSubtext_Lang_enUS"": ""Rank 2"", ""Name_Lang_Mask"": 16712190, ""ProcChance"": 101, ""SpellClassMask_2"": 8, ""SpellClassSet"": 3, ""SpellLevel"": 71}",pulled from existing data
43044,Molten Armor,4,0,0,150994944,0,0,0,0,0,0,0,100.0,,,"{""amplitude"": 0, ""apply_aura"": 0, ""base_points"": 169, ""chain_targets"": 0, ""die_sides"": 1, ""implicit_target_a"": 6, ""implicit_target_b"": 0, ""mechanic"": 0, ""misc_value"": 0, ""points_per_level"": 0.0, ""radius_yards"": null, ""trigger_spell"": 0, ""type"": 2}",,,2307,,,"{""AttributesEx"": 168, ""AttributesEx2"": 16388, ""AttributesEx4"": 16512, ""AuraDescription_Lang_Mask"": 16712188, ""BaseLevel"": 79, ""CastingTimeIndex"": 1, ""DefenseType"": 1, ""Description_Lang_Mask"": 16712190, ""Description_Lang_enUS"": 1193619, ""EffectChainAmplitude_1"": 1.0, ""EffectChainAmplitude_2"": 1.0, ""EffectChainAmplitude_3"": 1.0, ""EquippedItemClass"": -1, ""NameSubtext_Lang_Mask"": 16712190, ""NameSubtext_Lang_enUS"": ""Rank 3"", ""Name_Lang_Mask"": 16712190, ""ProcChance"": 101, ""SpellClassMask_2"": 8, ""SpellClassSet"": 3, ""SpellLevel"": 79}",pulled from existing data
43045,Molten Armor,4,0,0,65536,0,0,0,0,0,0,28,0.0,,1800000,"{""amplitude"": 0, ""apply_aura"": 42, ""base_points"": -1, ""chain_targets"": 0, ""die_sides"": 1, ""implicit_target_a"": 1, ""implicit_target_b"": 0, ""mechanic"": 0, ""misc_value"": 0, ""points_per_level"": 0.0, ""radius_yards"": null, ""trigger_spell"": 43043, ""type"": 6}","{""amplitude"": 0, ""apply_aura"": 197, ""base_points"": -6, ""chain_targets"": 0, ""die_sides"": 1, ""implicit_target_a"": 1, ""implicit_target_b"": 0, ""mechanic"": 0, ""misc_value"": 0, ""points_per_level"": 0.0, ""radius_yards"": null, ""trigger_spell"": 0, ""type"": 6}","{""amplitude"": 0, ""apply_aura"": 220, ""base_points"": 34, ""chain_targets"": 0, ""die_sides"": 1, ""implicit_target_a"": 1, ""implicit_target_b"": 0, ""mechanic"": 0, ""misc_value"": 1792, ""points_per_level"": 0.0, ""radius_yards"": null, ""trigger_spell"": 0, ""type"": 6}",2307,,,"{""AttributesEx4"": 524288, ""AttributesEx7"": 268435456, ""AuraDescription_Lang_Mask"": 16712190, ""AuraDescription_Lang_enUS"": 1194132, ""BaseLevel"": 71, ""CastingTimeIndex"": 1, ""DefenseType"": 1, ""Description_Lang_Mask"": 16712190, ""Description_Lang_enUS"": 1193882, ""EffectChainAmplitude_1"": 1.0, ""EffectChainAmplitude_2"": 1.0, ""EffectChainAmplitude_3"": 1.0, ""EffectMiscValueB_3"": 4, ""EquippedItemClass"": -1, ""InterruptFlags"": 8, ""NameSubtext_Lang_Mask"": 16712190, ""NameSubtext_Lang_enUS"": ""Rank 2"", ""Name_Lang_Mask"": 16712190, ""PreventionType"": 1, ""ProcChance"": 100, ""ProcTypeMask"": 139944, ""RangeIndex"": 1, ""SpellClassMask_1"": 262144, ""SpellClassSet"": 3, ""SpellLevel"": 71, ""SpellPriority"": 50, ""SpellVisualID_1"": 7757, ""StartRecoveryCategory"": 133, ""StartRecoveryTime"": 1500}",pulled from existing data
43046,Molten Armor,4,0,0,65536,0,0,0,0,0,0,28,0.0,,1800000,"{""amplitude"": 0, ""apply_aura"": 42, ""base_points"": -1, ""chain_targets"": 0, ""die_sides"": 1, ""implicit_target_a"": 1, ""implicit_target_b"": 0, ""mechanic"": 0, ""misc_value"": 0, ""points_per_level"": 0.0, ""radius_yards"": null, ""trigger_spell"": 43044, ""type"": 6}","{""amplitude"": 0, ""apply_aura"": 197, ""base_points"": -6, ""chain_targets"": 0, ""die_sides"": 1, ""implicit_target_a"": 1, ""implicit_target_b"": 0, ""mechanic"": 0, ""misc_value"": 0, ""points_per_level"": 0.0, ""radius_yards"": null, ""trigger_spell"": 0, ""type"": 6}","{""amplitude"": 0, ""apply_aura"": 220, ""base_points"": 34, ""chain_targets"": 0, ""die_sides"": 1, ""implicit_target_a"": 1, ""implicit_target_b"": 0, ""mechanic"": 0, ""misc_value"": 1792, ""points_per_level"": 0.0, ""radius_yards"": null, ""trigger_spell"": 0, ""type"": 6}",2307,,,"{""AttributesEx4"": 524288, ""AttributesEx7"": 268435456, ""AuraDescription_Lang_Mask"": 16712190, ""AuraDescription_Lang_enUS"": 1194523, ""BaseLevel"": 79, ""CastingTimeIndex"": 1, ""DefenseType"": 1, ""Description_Lang_Mask"": 16712190, ""Description_Lang_enUS"": 1194278, ""EffectChainAmplitude_1"": 1.0, ""EffectChainAmplitude_2"": 1.0, ""EffectChainAmplitude_3"": 1.0, ""EffectMiscValueB_3"": 4, ""EquippedItemClass"": -1, ""InterruptFlags"": 8, ""NameSubtext_Lang_Mask"": 16712190, ""NameSubtext_Lang_enUS"": ""Rank 3"", ""Name_Lang_Mask"": 16712190, ""PreventionType"": 1, ""ProcChance"": 100, ""ProcTypeMask"": 139944, ""RangeIndex"": 1, ""SpellClassMask_1"": 262144, ""SpellClassSet"": 3, ""SpellDescriptionVariableID"": 30, ""SpellLevel"": 79, ""SpellPriority"": 50, ""SpellVisualID_1"": 7757, ""StartRecoveryCategory"": 133, ""StartRecoveryTime"": 1500}",pulled from existing data
43987,Ritual of Refreshment,64,0,0,33619968,1177,0,0,300000,0,0,80,30.0,,60000,"{""amplitude"": 0, ""apply_aura"": 0, ""base_points"": 0, ""chain_targets"": 0, ""die_sides"": 1, ""implicit_target_a"": 47, ""implicit_target_b"": 0, ""mechanic"": 0, ""misc_value"": 186811, ""points_per_level"": 0.0, ""radius_yards"": 5.0, ""trigger_spell"": 0, ""type"": 50}",,,2267,,,"{""AttributesEx"": 131076, ""AttributesEx3"": 1073741824, ""AttributesEx5"": 8194, ""AuraDescription_Lang_Mask"": 16712188, ""BaseLevel"": 70, ""CastingTimeIndex"": 1, ""ChannelInterruptFlags"": 48142, ""DefenseType"": 1, ""Description_Lang_Mask"": 16712190, ""Description_Lang_enUS"": 1228862, ""EffectBonusMultiplier_2"": 1.0, ""EffectChainAmplitude_1"": 1.0, ""EffectChainAmplitude_2"": 1.0, ""EffectChainAmplitude_3"": 1.0, ""EquippedItemClass"": -1, ""InterruptFlags"": 31, ""NameSubtext_Lang_Mask"": 16712190, ""NameSubtext_Lang_enUS"": ""Rank 1"", ""Name_Lang_Mask"": 16712190, ""PreventionType"": 1, ""ProcChance"": 101, ""ReagentCount_1"": 2, ""Reagent_1"": 17020, ""SpellClassSet"": 3, ""SpellLevel"": 70, ""SpellPriority"": 50, ""SpellVisualID_1"": 9860, ""StartRecoveryCategory"": 133, ""StartRecoveryTime"": 1500}",pulled from existing data
44425,Arcane Barrage,64,0,0,65536,1189,0,0,3000,0,0,18,30.0,,,"{""amplitude"": 0, ""apply_aura"": 0, ""base_points"": 385, ""chain_targets"": 0, ""die_sides"": 85, ""implicit_target_a"": 6, ""implicit_target_b"": 0, ""mechanic"": 0, ""misc_value"": 0, ""points_per_level"": 2.5, ""radius_yards"": null, ""trigger_spell"": 0, ""type"": 2}",,,3376,,,"{""AuraDescription_Lang_Mask"": 16712188, ""BaseLevel"": 60, ""CastingTimeIndex"": 1, ""DefenseType"": 1, ""Description_Lang_Mask"": 16712190, ""Description_Lang_enUS"": 1243637, ""EffectBonusMultiplier_1"": 0.7139999866485596, ""EffectChainAmplitude_1"": 1.0, ""EffectChainAmplitude_2"": 1.0, ""EffectChainAmplitude_3"": 1.0, ""EquippedItemClass"": -1, ""FacingCasterFlags"": 1, ""InterruptFlags"": 8, ""MaxLevel"": 66, ""NameSubtext_Lang_Mask"": 16712190, ""NameSubtext_Lang_enUS"": ""Rank 1"", ""Name_Lang_Mask"": 16712190, ""PreventionType"": 1, ""ProcChance"": 101, ""Speed"": 24.0, ""SpellClassMask_2"": 32768, ""SpellClassSet"": 3, ""SpellLevel"": 60, ""SpellPriority"": 50, ""SpellVisualID_1"": 9947, ""StartRecoveryCategory"": 133, ""StartRecoveryTime"": 1500}",pulled from existing data
44440,Fiery Payback,4,0,0,262352,0,0,0,0,0,0,0,0.0,,,"{""amplitude"": 0, ""apply_aura"": 87, ""base_points"": -11, ""chain_targets"": 0, ""die_sides"": 1, ""implicit_target_a"": 1, ""implicit_target_b"": 0, ""mechanic"": 0, ""misc_value"": 127, ""points_per_level"": 0.0, ""radius_yards"": null, ""trigger_spell"": 0, ""type"": 6}","{""amplitude"": 0, ""apply_aura"": 107, ""base_points"": -1751, ""chain_targets"": 0, ""die_sides"": 1, ""implicit_target_a"": 1, ""implicit_target_b"": 0, ""mechanic"": 0, ""misc_value"": 10, ""points_per_level"": 0.0, ""radius_yards"": null, ""trigger_spell"": 0, ""type"": 6}","{""amplitude"": 0, ""apply_aura"": 107, ""base_points"": 2499, ""chain_targets"": 0, ""die_sides"": 1, ""implicit_target_a"": 1, ""implicit_target_b"": 0, ""mechanic"": 0, ""misc_value"": 11, ""points_per_level"": 0.0, ""radius_yards"": null, ""trigger_spell"": 0, ""type"": 6}",3189,,,"{""AuraDescription_Lang_Mask"": 16712188, ""CasterAuraState"": 13, ""CastingTimeIndex"": 1, ""Description_Lang_Mask"": 16712190, ""Description_Lang_enUS"": 1244070, ""EffectChainAmplitude_1"": 1.0, ""EffectChainAmplitude_2"": 1.0, ""EffectChainAmplitude_3"": 1.0, ""EffectSpellClassMaskA_2"": 8, ""EffectSpellClassMaskB_1"": 4194304, ""EffectSpellClassMaskC_1"": 4194304, ""EquippedItemClass"": -1, ""NameSubtext_Lang_Mask"": 16712190, ""NameSubtext_Lang_enUS"": ""Rank 1"", ""Name_Lang_Mask"": 16712190, ""ProcChance"": 101, ""RangeIndex"": 1, ""SpellClassSet"": 3, ""SpellLevel"": 1, ""SpellPriority"": 50}",pulled from existing data
44441,Fiery Payback,4,0,0,262352,0,0,0,0,0,0,0,0.0,,,"{""amplitude"": 0, ""apply_aura"": 87, ""base_points"": -21, ""chain_targets"": 0, ""die_sides"": 1, ""implicit_target_a"": 1, ""implicit_target_b"": 0, ""mechanic"": 0, ""misc_value"": 127, ""points_per_level"": 0.0, ""radius_yards"": null, ""trigger_spell"": 0, ""type"": 6}","{""amplitude"": 0, ""apply_aura"": 107, ""base_points"": -3501, ""chain_targets"": 0, ""die_sides"": 1, ""implicit_target_a"": 1, ""implicit_target_b"": 0, ""mechanic"": 0, ""misc_value"": 10, ""points_per_level"": 0.0, ""radius_yards"": null, ""trigger_spell"": 0, ""type"": 6}","{""amplitude"": 0, ""apply_aura"": 107, ""base_points"": 4999, ""chain_targets"": 0, ""die_sides"": 1, ""implicit_target_a"": 1, ""implicit_target_b"": 0, ""mechanic"": 0, ""misc_value"": 11, ""points_per_level"": 0.0, ""radius_yards"": null, ""trigger_spell"": 0, ""type"": 6}",3189,,,"{""AttributesEx3"": 524288, ""AuraDescription_Lang_Mask"": 16712188, ""CasterAuraState"": 13, ""CastingTimeIndex"": 1, ""Description_Lang_Mask"": 16712190, ""Description_Lang_enUS"": 1244265, ""EffectChainAmplitude_1"": 1.0, ""EffectChainAmplitude_2"": 1.0, ""EffectChainAmplitude_3"": 1.0, ""EffectSpellClassMaskA_2"": 8, ""EffectSpellClassMaskB_1"": 4194304, ""EffectSpellClassMaskC_1"": 4194304, ""EquippedItemClass"": -1, ""NameSubtext_Lang_Mask"": 16712190, ""NameSubtext_Lang_enUS"": ""Rank 2"", ""Name_Lang_Mask"": 16712190, ""ProcChance"": 101, ""RangeIndex"": 1, ""SpellClassSet"": 3, ""SpellLevel"": 1, ""SpellPriority"": 50}",pulled from existing data
44457,Living Bomb,4,1,0,67174400,0,0,0,0,0,0,22,35.0,,12000,"{""amplitude"": 3000, ""apply_aura"": 3, ""base_points"": 152, ""chain_targets"": 0, ""die_sides"": 1, ""implicit_target_a"": 6, ""implicit_target_b"": 0, ""mechanic"": 0, ""misc_value"": 0, ""points_per_level"": 0.0, ""radius_yards"": null, ""trigger_spell"": 0, ""type"": 6}","{""amplitude"": 0, ""apply_aura"": 4, ""base_points"": 44460, ""chain_targets"": 0, ""die_sides"": 1, ""implicit_target_a"": 6, ""implicit_target_b"": 0, ""mechanic"": 0, ""misc_value"": 0, ""points_per_level"": 0.0, ""radius_yards"": null, ""trigger_spell"": 0, ""type"": 6}",,3000,,,"{""AttributesEx6"": 8388608, ""AuraDescription_Lang_Mask"": 16712190, ""AuraDescription_Lang_enUS"": 1245527, ""BaseLevel"": 60, ""CastingTimeIndex"": 1, ""DefenseType"": 1, ""Description_Lang_Mask"": 16712190, ""Description_Lang_enUS"": 1245332, ""EffectBonusMultiplier_1"": 0.20000000298023224, ""EffectChainAmplitude_1"": 1.0, ""EffectChainAmplitude_2"": 1.0, ""EffectChainAmplitude_3"": 1.0, ""EffectSpellClassMaskA_1"": 12582935, ""EquippedItemClass"": -1, ""InterruptFlags"": 8, ""MaxLevel"": 66, ""NameSubtext_Lang_Mask"": 16712190, ""NameSubtext_Lang_enUS"": ""Rank 1"", ""Name_Lang_Mask"": 16712190, ""PreventionType"": 1, ""ProcChance"": 101, ""SpellClassMask_2"": 131072, ""SpellClassMask_3"": 8, ""SpellClassSet"": 3, ""SpellLevel"": 60, ""SpellPriority"": 50, ""SpellVisualID_1"": 10692, ""StartRecoveryCategory"": 133, ""StartRecoveryTime"": 1500}",pulled from existing data
44461,Living Bomb,4,0,0,159711232,0,0,0,0,0,0,0,100.0,,,"{""amplitude"": 0, ""apply_aura"": 0, ""base_points"": 305, ""chain_targets"": 0, ""die_sides"": 1, ""implicit_target_a"": 53, ""implicit_target_b"": 16, ""mechanic"": 0, ""misc_value"": 0, ""points_per_level"": 0.0, ""radius_yards"": 10.0, ""trigger_spell"": 0, ""type"": 2}",,,3000,,,"{""AttributesEx2"": 1073741824, ""AttributesEx5"": 67108864, ""AuraDescription_Lang_Mask"": 16712188, ""BaseLevel"": 60, ""CastingTimeIndex"": 1, ""DefenseType"": 1, ""Description_Lang_Mask"": 16712190, ""Description_Lang_enUS"": 1245745, ""EffectBasePoints_2"": -1, ""EffectBonusMultiplier_1"": 0.4000000059604645, ""EffectChainAmplitude_1"": 1.0, ""EffectChainAmplitude_2"": 1.0, ""EffectChainAmplitude_3"": 1.0, ""EffectDieSides_2"": 1, ""EffectSpellClassMaskA_1"": 12582935, ""EquippedItemClass"": -1, ""MaxLevel"": 66, ""NameSubtext_Lang_Mask"": 16712190, ""NameSubtext_Lang_enUS"": ""Rank 1"", ""Name_Lang_Mask"": 16712190, ""ProcChance"": 101, ""SpellClassMask_2"": 65536, ""SpellClassSet"": 3, ""SpellLevel"": 60, ""SpellPriority"": 50, ""SpellVisualID_1"": 10693}",pulled from existing data
44614,Frostfire Bolt,20,1,0,65536,0,3000,0,0,0,0,14,40.0,,9000,"{""amplitude"": 0, ""apply_aura"": 33, ""base_points"": -41, ""chain_targets"": 0, ""die_sides"": 1, ""implicit_target_a"": 6, ""implicit_target_b"": 0, ""mechanic"": 11, ""misc_value"": 0, ""points_per_level"": 0.0, ""radius_yards"": null, ""trigger_spell"": 0, ""type"": 6}","{""amplitude"": 0, ""apply_aura"": 0, ""base_points"": 628, ""chain_targets"": 0, ""die_sides"": 103, ""implicit_target_a"": 6, ""implicit_target_b"": 0, ""mechanic"": 0, ""misc_value"": 0, ""points_per_level"": 3.9000000953674316, ""radius_yards"": null, ""trigger_spell"": 0, ""type"": 2}","{""amplitude"": 3000, ""apply_aura"": 3, ""base_points"": 19, ""chain_targets"": 0, ""die_sides"": 1, ""implicit_target_a"": 6, ""implicit_target_b"": 0, ""mechanic"": 0, ""misc_value"": 0, ""points_per_level"": 0.0, ""radius_yards"": null, ""trigger_spell"": 0, ""type"": 6}",2946,,,"{""AuraDescription_Lang_Mask"": 16712190, ""AuraDescription_Lang_enUS"": 1255183, ""BaseLevel"": 75, ""CastingTimeIndex"": 14, ""DefenseType"": 1, ""Description_Lang_Mask"": 16712190, ""Description_Lang_enUS"": 1254909, ""EffectBonusMultiplier_2"": 0.8569999933242798, ""EffectChainAmplitude_1"": 1.0, ""EffectChainAmplitude_2"": 1.0, ""EffectChainAmplitude_3"": 1.0, ""EquippedItemClass"": -1, ""FacingCasterFlags"": 1, ""InterruptFlags"": 15, ""MaxLevel"": 79, ""NameSubtext_Lang_Mask"": 16712190, ""NameSubtext_Lang_enUS"": ""Rank 1"", ""Name_Lang_Mask"": 16712190, ""PreventionType"": 1, ""ProcChance"": 101, ""Speed"": 28.0, ""SpellClassMask_2"": 4096, ""SpellClassMask_3"": 8, ""SpellClassSet"": 3, ""SpellDescriptionVariableID"": 167, ""SpellLevel"": 75, ""SpellPriority"": 50, ""SpellVisualID_1"": 12253, ""StartRecoveryCategory"": 133, ""StartRecoveryTime"": 1500}",pulled from existing data
44780,Arcane Barrage,64,0,0,65536,1189,0,0,3000,0,0,18,30.0,,,"{""amplitude"": 0, ""apply_aura"": 0, ""base_points"": 708, ""chain_targets"": 0, ""die_sides"": 157, ""implicit_target_a"": 6, ""implicit_target_b"": 0, ""mechanic"": 0, ""misc_value"": 0, ""points_per_level"": 15.5, ""radius_yards"": null, ""trigger_spell"": 0, ""type"": 2}",,,3376,,,"{""AuraDescription_Lang_Mask"": 16712188, ""BaseLevel"": 70, ""CastingTimeIndex"": 1, ""DefenseType"": 1, ""Description_Lang_Mask"": 16712190, ""Description_Lang_enUS"": 1243637, ""EffectBonusMultiplier_1"": 0.7139999866485596, ""EffectChainAmplitude_1"": 1.0, ""EffectChainAmplitude_2"": 1.0, ""EffectChainAmplitude_3"": 1.0, ""EquippedItemClass"": -1, ""FacingCasterFlags"": 1, ""InterruptFlags"": 8, ""MaxLevel"": 76, ""NameSubtext_Lang_Mask"": 16712190, ""NameSubtext_Lang_enUS"": ""Rank 2"", ""Name_Lang_Mask"": 16712190, ""PreventionType"": 1, ""ProcChance"": 101, ""Speed"": 24.0, ""SpellClassMask_2"": 32768, ""SpellClassSet"": 3, ""SpellLevel"": 70, ""SpellPriority"": 50, ""SpellVisualID_1"": 9947, ""StartRecoveryCategory"": 133, ""StartRecoveryTime"": 1500}",pulled from existing data
44781,Arcane Barrage,64,0,0,65536,1189,0,0,3000,0,0,18,30.0,,,"{""amplitude"": 0, ""apply_aura"": 0, ""base_points"": 935, ""chain_targets"": 0, ""die_sides"": 209, ""implicit_target_a"": 6, ""implicit_target_b"": 0, ""mechanic"": 0, ""misc_value"": 0, ""points_per_level"": 6.099999904632568, ""radius_yards"": null, ""trigger_spell"": 0, ""type"": 2}",,,3376,,,"{""AuraDescription_Lang_Mask"": 16712188, ""BaseLevel"": 80, ""CastingTimeIndex"": 1, ""DefenseType"": 1, ""Description_Lang_Mask"": 16712190, ""Description_Lang_enUS"": 1243637, ""EffectBonusMultiplier_1"": 0.7139999866485596, ""EffectChainAmplitude_1"": 1.0, ""EffectChainAmplitude_2"": 1.0, ""EffectChainAmplitude_3"": 1.0, ""EquippedItemClass"": -1, ""FacingCasterFlags"": 1, ""InterruptFlags"": 8, ""MaxLevel"": 86, ""NameSubtext_Lang_Mask"": 16712190, ""NameSubtext_Lang_enUS"": ""Rank 3"", ""Name_Lang_Mask"": 16712190, ""PreventionType"": 1, ""ProcChance"": 101, ""Speed"": 24.0, ""SpellClassMask_2"": 32768, ""SpellClassSet"": 3, ""SpellLevel"": 80, ""SpellPriority"": 50, ""SpellVisualID_1"": 9947, ""StartRecoveryCategory"": 133, ""StartRecoveryTime"": 1500}",pulled from existing data
45438,Ice Block,16,1,29,327680,37,0,0,300000,0,15,0,0.0,,10000,"{""amplitude"": 0, ""apply_aura"": 12, ""base_points"": -1, ""chain_targets"": 0, ""die_sides"": 1, ""implicit_target_a"": 1, ""implicit_target_b"": 0, ""mechanic"": 0, ""misc_value"": 0, ""points_per_level"": 0.0, ""radius_yards"": null, ""trigger_spell"": 0, ""type"": 6}","{""amplitude"": 0, ""apply_aura"": 39, ""base_points"": -1, ""chain_targets"": 0, ""die_sides"": 1, ""implicit_target_a"": 1, ""implicit_target_b"": 0, ""mechanic"": 0, ""misc_value"": 1, ""points_per_level"": 0.0, ""radius_yards"": null, ""trigger_spell"": 0, ""type"": 6}","{""amplitude"": 0, ""apply_aura"": 39, ""base_points"": 0, ""chain_targets"": 0, ""die_sides"": 0, ""implicit_target_a"": 1, ""implicit_target_b"": 0, ""mechanic"": 0, ""misc_value"": 126, ""points_per_level"": 0.0, ""radius_yards"": null, ""trigger_spell"": 0, ""type"": 6}",14,,,"{""ActiveIconID"": 122, ""AttributesEx"": 32768, ""AttributesEx2"": 2097152, ""AttributesEx7"": 1048576, ""AuraDescription_Lang_Mask"": 16712190, ""AuraDescription_Lang_enUS"": 668431, ""BaseLevel"": 30, ""CastingTimeIndex"": 1, ""DefenseType"": 1, ""Description_Lang_Mask"": 16712190, ""Description_Lang_enUS"": 1279357, ""EffectChainAmplitude_1"": 1.0, ""EffectChainAmplitude_2"": 1.0, ""EffectChainAmplitude_3"": 1.0, ""EquippedItemClass"": -1, ""ExcludeCasterAuraSpell"": 41425, ""NameSubtext_Lang_Mask"": 16712188, ""Name_Lang_Mask"": 16712190, ""PreventionType"": 1, ""ProcChance"": 101, ""RangeIndex"": 1, ""SpellClassMask_2"": 128, ""SpellClassMask_3"": 8, ""SpellClassSet"": 3, ""SpellLevel"": 30, ""SpellVisualID_1"": 4325, ""StartRecoveryCategory"": 133, ""StartRecoveryTime"": 1500}",pulled from existing data
47610,Frostfire Bolt,20,1,0,65536,0,3000,0,0,0,0,14,40.0,,9000,"{""amplitude"": 0, ""apply_aura"": 33, ""base_points"": -41, ""chain_targets"": 0, ""die_sides"": 1, ""implicit_target_a"": 6, ""implicit_target_b"": 0, ""mechanic"": 11, ""misc_value"": 0, ""points_per_level"": 0.0, ""radius_yards"": null, ""trigger_spell"": 0, ""type"": 6}","{""amplitude"": 0, ""apply_aura"": 0, ""base_points"": 721, ""chain_targets"": 0, ""die_sides"": 117, ""implicit_target_a"": 6, ""implicit_target_b"": 0, ""mechanic"": 0, ""misc_value"": 0, ""points_per_level"": 4.5, ""radius_yards"": null, ""trigger_spell"": 0, ""type"": 2}","{""amplitude"": 3000, ""apply_aura"": 3, ""base_points"": 29, ""chain_targets"": 0, ""die_sides"": 1, ""implicit_target_a"": 6, ""implicit_target_b"": 0, ""mechanic"": 0, ""misc_value"": 0, ""points_per_level"": 0.0, ""radius_yards"": null, ""trigger_spell"": 0, ""type"": 6}",2946,,,"{""AuraDescription_Lang_Mask"": 16712190, ""AuraDescription_Lang_enUS"": 1357887, ""BaseLevel"": 80, ""CastingTimeIndex"": 14, ""DefenseType"": 1, ""Description_Lang_Mask"": 16712190, ""Description_Lang_enUS"": 1254909, ""EffectBonusMultiplier_2"": 0.8569999933242798, ""EffectChainAmplitude_1"": 1.0, ""EffectChainAmplitude_2"": 1.0, ""EffectChainAmplitude_3"": 1.0, ""EquippedItemClass"": -1, ""FacingCasterFlags"": 1, ""InterruptFlags"": 15, ""MaxLevel"": 84, ""NameSubtext_Lang_Mask"": 16712190, ""NameSubtext_Lang_enUS"": ""Rank 2"", ""Name_Lang_Mask"": 16712190, ""PreventionType"": 1, ""ProcChance"": 101, ""Speed"": 28.0, ""SpellClassMask_2"": 4096, ""SpellClassMask_3"": 8, ""SpellClassSet"": 3, ""SpellDescriptionVariableID"": 167, ""SpellLevel"": 80, ""SpellPriority"": 50, ""SpellVisualID_1"": 12253, ""StartRecoveryCategory"": 133, ""StartRecoveryTime"": 1500}",pulled from existing data
49358,Teleport: Stonard,64,0,0,268500992,0,10000,0,0,0,0,8,0.0,,,"{""amplitude"": 0, ""apply_aura"": 0, ""base_points"": -1, ""chain_targets"": 0, ""die_sides"": 1, ""implicit_target_a"": 1, ""implicit_target_b"": 17, ""mechanic"": 0, ""misc_value"": 0, ""points_per_level"": 0.0, ""radius_yards"": null, ""trigger_spell"": 0, ""type"": 5}","{""amplitude"": 0, ""apply_aura"": 0, ""base_points"": 0, ""chain_targets"": 0, ""die_sides"": 0, ""implicit_target_a"": 1, ""implicit_target_b"": 0, ""mechanic"": 0, ""misc_value"": 0, ""points_per_level"": 0.0, ""radius_yards"": null, ""trigger_spell"": 0, ""type"": 77}",,2660,,,"{""AttributesEx"": 131072, ""AttributesEx3"": 1073741824, ""AttributesEx7"": 256, ""AuraDescription_Lang_Mask"": 16712188, ""BaseLevel"": 35, ""CastingTimeIndex"": 7, ""DefenseType"": 1, ""Description_Lang_Mask"": 16712190, ""Description_Lang_enUS"": 1434011, ""EffectBonusMultiplier_2"": 1.0, ""EffectChainAmplitude_1"": 1.0, ""EffectChainAmplitude_2"": 1.0, ""EffectChainAmplitude_3"": 1.0, ""EffectMultipleValue_1"": 1.0, ""EquippedItemClass"": -1, ""InterruptFlags"": 15, ""NameSubtext_Lang_Mask"": 16712188, ""Name_Lang_Mask"": 16712190, ""PreventionType"": 1, ""ProcChance"": 101, ""RangeIndex"": 1, ""ReagentCount_1"": 1, ""Reagent_1"": 17031, ""SpellClassMask_1"": 2147483648, ""SpellClassSet"": 3, ""SpellLevel"": 35, ""SpellPriority"": 50, ""SpellVisualID_1"": 263, ""StartRecoveryCategory"": 133, ""StartRecoveryTime"": 1500}",pulled from existing data
49359,Teleport: Theramore,64,0,0,268500992,0,10000,0,0,0,0,8,0.0,,,"{""amplitude"": 0, ""apply_aura"": 0, ""base_points"": -1, ""chain_targets"": 0, ""die_sides"": 1, ""implicit_target_a"": 1, ""implicit_target_b"": 17, ""mechanic"": 0, ""misc_value"": 0, ""points_per_level"": 0.0, ""radius_yards"": null, ""trigger_spell"": 0, ""type"": 5}","{""amplitude"": 0, ""apply_aura"": 0, ""base_points"": 0, ""chain_targets"": 0, ""die_sides"": 0, ""implicit_target_a"": 1, ""implicit_target_b"": 0, ""mechanic"": 0, ""misc_value"": 0, ""points_per_level"": 0.0, ""radius_yards"": null, ""trigger_spell"": 0, ""type"": 77}",,2661,,,"{""AttributesEx"": 131072, ""AttributesEx3"": 1073741824, ""AttributesEx7"": 512, ""AuraDescription_Lang_Mask"": 16712188, ""BaseLevel"": 35, ""CastingTimeIndex"": 7, ""DefenseType"": 1, ""Description_Lang_Mask"": 16712190, ""Description_Lang_enUS"": 1434064, ""EffectBonusMultiplier_2"": 1.0, ""EffectChainAmplitude_1"": 1.0, ""EffectChainAmplitude_2"": 1.0, ""EffectChainAmplitude_3"": 1.0, ""EffectMultipleValue_1"": 1.0, ""EquippedItemClass"": -1, ""InterruptFlags"": 15, ""NameSubtext_Lang_Mask"": 16712188, ""Name_Lang_Mask"": 16712190, ""PreventionType"": 1, ""ProcChance"": 101, ""RangeIndex"": 1, ""ReagentCount_1"": 1, ""Reagent_1"": 17031, ""SpellClassMask_1"": 2147483648, ""SpellClassSet"": 3, ""SpellLevel"": 35, ""SpellPriority"": 50, ""SpellVisualID_1"": 263, ""StartRecoveryCategory"": 133, ""StartRecoveryTime"": 1500}",pulled from existing data
49360,Portal: Theramore,64,0,0,268500992,0,10000,60000,0,0,850,0,10.0,,60000,"{""amplitude"": 0, ""apply_aura"": 0, ""base_points"": -1, ""chain_targets"": 0, ""die_sides"": 1, ""implicit_target_a"": 47, ""implicit_target_b"": 0, ""mechanic"": 0, ""misc_value"": 189993, ""points_per_level"": 0.0, ""radius_yards"": 3.0, ""trigger_spell"": 0, ""type"": 50}",,,2662,,,"{""AttributesEx"": 268566528, ""AttributesEx3"": 1073741824, ""AttributesEx4"": 134217728, ""AttributesEx7"": 512, ""AuraDescription_Lang_Mask"": 16712188, ""BaseLevel"": 35, ""CastingTimeIndex"": 7, ""DefenseType"": 1, ""Description_Lang_Mask"": 16712190, ""Description_Lang_enUS"": 1434117, ""EffectChainAmplitude_1"": 1.0, ""EffectChainAmplitude_2"": 1.0, ""EffectChainAmplitude_3"": 1.0, ""EquippedItemClass"": -1, ""InterruptFlags"": 31, ""NameSubtext_Lang_Mask"": 16712188, ""Name_Lang_Mask"": 16712190, ""PreventionType"": 1, ""ProcChance"": 101, ""ReagentCount_1"": 1, ""Reagent_1"": 17032, ""SpellClassMask_1"": 2147483648, ""SpellClassSet"": 3, ""SpellLevel"": 35, ""SpellPriority"": 50, ""SpellVisualID_1"": 11460, ""StartRecoveryCategory"": 133, ""StartRecoveryTime"": 1500}",pulled from existing data
49361,Portal: Stonard,64,0,0,268500992,0,10000,60000,0,0,0,18,10.0,,60000,"{""amplitude"": 0, ""apply_aura"": 0, ""base_points"": -1, ""chain_targets"": 0, ""die_sides"": 1, ""implicit_target_a"": 47, ""implicit_target_b"": 0, ""mechanic"": 0, ""misc_value"": 189994, ""points_per_level"": 0.0, ""radius_yards"": 3.0, ""trigger_spell"": 0, ""type"": 50}",,,2659,,,"{""AttributesEx"": 268566528, ""AttributesEx4"": 134217728, ""AttributesEx7"": 256, ""AuraDescription_Lang_Mask"": 16712188, ""BaseLevel"": 35, ""CastingTimeIndex"": 7, ""DefenseType"": 1, ""Description_Lang_Mask"": 16712190, ""Description_Lang_enUS"": 1434203, ""EffectChainAmplitude_1"": 1.0, ""EffectChainAmplitude_2"": 1.0, ""EffectChainAmplitude_3"": 1.0, ""EquippedItemClass"": -1, ""InterruptFlags"": 31, ""NameSubtext_Lang_Mask"": 16712188, ""Name_Lang_Mask"": 16712190, ""PreventionType"": 1, ""ProcChance"": 101, ""ReagentCount_1"": 1, ""Reagent_1"": 17032, ""SpellClassMask_1"": 2147483648, ""SpellClassSet"": 3, ""SpellLevel"": 35, ""SpellPriority"": 50, ""SpellVisualID_1"": 2739, ""StartRecoveryCategory"": 133, ""StartRecoveryTime"": 1500}",pulled from existing data
53140,Teleport: Dalaran,64,0,0,268500992,0,10000,0,0,0,0,8,0.0,,,"{""amplitude"": 0, ""apply_aura"": 0, ""base_points"": -1, ""chain_targets"": 0, ""die_sides"": 1, ""implicit_target_a"": 1, ""implicit_target_b"": 17, ""mechanic"": 0, ""misc_value"": 0, ""points_per_level"": 0.0, ""radius_yards"": null, ""trigger_spell"": 0, ""type"": 5}","{""amplitude"": 0, ""apply_aura"": 0, ""base_points"": 0, ""chain_targets"": 0, ""die_sides"": 0, ""implicit_target_a"": 1, ""implicit_target_b"": 0, ""mechanic"": 0, ""misc_value"": 0, ""points_per_level"": 0.0, ""radius_yards"": null, ""trigger_spell"": 0, ""type"": 77}",,3167,,,"{""AttributesEx"": 131072, ""AttributesEx3"": 1073741824, ""AuraDescription_Lang_Mask"": 16712188, ""BaseLevel"": 71, ""CastingTimeIndex"": 7, ""DefenseType"": 1, ""Description_Lang_Mask"": 16712190, ""Description_Lang_enUS"": 1609110, ""EffectBonusMultiplier_2"": 1.0, ""EffectChainAmplitude_1"": 1.0, ""EffectChainAmplitude_2"": 1.0, ""EffectChainAmplitude_3"": 1.0, ""EffectMultipleValue_1"": 1.0, ""EquippedItemClass"": -1, ""InterruptFlags"": 15, ""NameSubtext_Lang_Mask"": 16712188, ""Name_Lang_Mask"": 16712190, ""PreventionType"": 1, ""ProcChance"": 101, ""RangeIndex"": 1, ""ReagentCount_1"": 1, ""Reagent_1"": 17031, ""SpellClassMask_1"": 2147483648, ""SpellClassSet"": 3, ""SpellLevel"": 71, ""SpellPriority"": 50, ""SpellVisualID_1"": 263, ""StartRecoveryCategory"": 133, ""StartRecoveryTime"": 1500}",pulled from existing data
53142,Portal: Dalaran,64,0,0,268500992,0,10000,60000,0,0,0,18,10.0,,60000,"{""amplitude"": 0, ""apply_aura"": 0, ""base_points"": -1, ""chain_targets"": 0, ""die_sides"": 1, ""implicit_target_a"": 47, ""implicit_target_b"": 0, ""mechanic"": 0, ""misc_value"": 191164, ""points_per_level"": 0.0, ""radius_yards"": 3.0, ""trigger_spell"": 0, ""type"": 50}",,,3051,,,"{""AttributesEx"": 268566528, ""AttributesEx3"": 1073741824, ""AttributesEx4"": 134217728, ""AuraDescription_Lang_Mask"": 16712188, ""BaseLevel"": 74, ""CastingTimeIndex"": 7, ""DefenseType"": 1, ""Description_Lang_Mask"": 16712190, ""Description_Lang_enUS"": 1609182, ""EffectChainAmplitude_1"": 1.0, ""EffectChainAmplitude_2"": 1.0, ""EffectChainAmplitude_3"": 1.0, ""EquippedItemClass"": -1, ""InterruptFlags"": 31, ""NameSubtext_Lang_Mask"": 16712188, ""Name_Lang_Mask"": 16712190, ""PreventionType"": 1, ""ProcChance"": 101, ""ReagentCount_1"": 1, ""Reagent_1"": 17032, ""SpellClassMask_1"": 2147483648, ""SpellClassSet"": 3, ""SpellLevel"": 74, ""SpellPriority"": 50, ""SpellVisualID_1"": 2738, ""StartRecoveryCategory"": 133, ""StartRecoveryTime"": 1500}",pulled from existing data
55021,Silenced - Improved Counterspell,64,1,9,0,0,0,0,0,3,0,0,50000.0,,4000,"{""amplitude"": 0, ""apply_aura"": 27, ""base_points"": 0, ""chain_targets"": 0, ""die_sides"": 1, ""implicit_target_a"": 6, ""implicit_target_b"": 0, ""mechanic"": 0, ""misc_value"": 0, ""points_per_level"": 0.0, ""radius_yards"": null, ""trigger_spell"": 0, ""type"": 6}",,,17,,,"{""AttributesEx"": 136, ""AttributesEx2"": 4, ""AttributesEx3"": 1073872896, ""AuraDescription_Lang_Mask"": 16712190, ""AuraDescription_Lang_enUS"": 30338, ""CastingTimeIndex"": 1, ""Description_Lang_Mask"": 16712190, ""Description_Lang_enUS"": 421288, ""EffectBonusMultiplier_2"": 1.0, ""EffectBonusMultiplier_3"": 1.0, ""EffectChainAmplitude_1"": 1.0, ""EffectChainAmplitude_2"": 1.0, ""EffectChainAmplitude_3"": 1.0, ""EquippedItemClass"": -1, ""NameSubtext_Lang_Mask"": 16712190, ""NameSubtext_Lang_enUS"": ""Rank 2"", ""Name_Lang_Mask"": 16712190, ""PreventionType"": 1, ""ProcChance"": 101, ""SpellClassMask_2"": 1073741824, ""SpellClassSet"": 3}",pulled from existing data
55342,Mirror Image,64,0,0,2147549184,0,0,180000,0,0,0,10,0.0,,30000,"{""amplitude"": 0, ""apply_aura"": 103, ""base_points"": -90000001, ""chain_targets"": 0, ""die_sides"": 1, ""implicit_target_a"": 1, ""implicit_target_b"": 0, ""mechanic"": 0, ""misc_value"": 0, ""points_per_level"": 0.0, ""radius_yards"": null, ""trigger_spell"": 0, ""type"": 6}","{""amplitude"": 0, ""apply_aura"": 0, ""base_points"": 2, ""chain_targets"": 0, ""die_sides"": 1, ""implicit_target_a"": 1, ""implicit_target_b"": 0, ""mechanic"": 0, ""misc_value"": 0, ""points_per_level"": 0.0, ""radius_yards"": null, ""trigger_spell"": 58832, ""type"": 64}","{""amplitude"": 1000, ""apply_aura"": 226, ""base_points"": -1, ""chain_targets"": 0, ""die_sides"": 1, ""implicit_target_a"": 1, ""implicit_target_b"": 0, ""mechanic"": 0, ""misc_value"": 0, ""points_per_level"": 0.0, ""radius_yards"": null, ""trigger_spell"": 58836, ""type"": 6}",331,,,"{""AttributesEx"": 131072, ""AttributesEx5"": 402653184, ""AuraDescription_Lang_Mask"": 16712190, ""AuraDescription_Lang_enUS"": 1714634, ""AuraInterruptFlags"": 4718592, ""BaseLevel"": 80, ""CastingTimeIndex"": 1, ""Description_Lang_Mask"": 16712190, ""Description_Lang_enUS"": 1714522, ""EffectChainAmplitude_1"": 1.0, ""EffectChainAmplitude_2"": 1.0, ""EffectChainAmplitude_3"": 1.0, ""EquippedItemClass"": -1, ""InterruptFlags"": 32, ""MaxLevel"": 80, ""NameSubtext_Lang_Mask"": 16712188, ""Name_Lang_Mask"": 16712190, ""PreventionType"": 1, ""ProcChance"": 101, ""RangeIndex"": 1, ""SpellClassMask_2"": 2097152, ""SpellClassSet"": 3, ""SpellDescriptionVariableID"": 86, ""SpellLevel"": 80, ""StartRecoveryCategory"": 133, ""StartRecoveryTime"": 1500}",pulled from existing data
55359,Living Bomb,4,1,0,67174400,0,0,0,0,0,0,22,35.0,,12000,"{""amplitude"": 3000, ""apply_aura"": 3, ""base_points"": 255, ""chain_targets"": 0, ""die_sides"": 1, ""implicit_target_a"": 6, ""implicit_target_b"": 0, ""mechanic"": 0, ""misc_value"": 0, ""points_per_level"": 0.0, ""radius_yards"": null, ""trigger_spell"": 0, ""type"": 6}","{""amplitude"": 0, ""apply_aura"": 4, ""base_points"": 55360, ""chain_targets"": 0, ""die_sides"": 1, ""implicit_target_a"": 6, ""implicit_target_b"": 0, ""mechanic"": 0, ""misc_value"": 0, ""points_per_level"": 0.0, ""radius_yards"": null, ""trigger_spell"": 0, ""type"": 6}",,3000,,,"{""AttributesEx6"": 8388608, ""AuraDescription_Lang_Mask"": 16712190, ""AuraDescription_Lang_enUS"": 1715711, ""BaseLevel"": 70, ""CastingTimeIndex"": 1, ""DefenseType"": 1, ""Description_Lang_Mask"": 16712190, ""Description_Lang_enUS"": 1715516, ""EffectBonusMultiplier_1"": 0.20000000298023224, ""EffectChainAmplitude_1"": 1.0, ""EffectChainAmplitude_2"": 1.0, ""EffectChainAmplitude_3"": 1.0, ""EffectSpellClassMaskA_1"": 12582935, ""EquippedItemClass"": -1, ""InterruptFlags"": 8, ""MaxLevel"": 76, ""NameSubtext_Lang_Mask"": 16712190, ""NameSubtext_Lang_enUS"": ""Rank 2"", ""Name_Lang_Mask"": 16712190, ""PreventionType"": 1, ""ProcChance"": 101, ""SpellClassMask_2"": 131072, ""SpellClassMask_3"": 8, ""SpellClassSet"": 3, ""SpellLevel"": 70, ""SpellPriority"": 50, ""SpellVisualID_1"": 10692, ""StartRecoveryCategory"": 133, ""StartRecoveryTime"": 1500}",pulled from existing data
55360,Living Bomb,4,1,0,67174400,0,0,0,0,0,0,22,35.0,,12000,"{""amplitude"": 3000, ""apply_aura"": 3, ""base_points"": 344, ""chain_targets"": 0, ""die_sides"": 1, ""implicit_target_a"": 6, ""implicit_target_b"": 0, ""mechanic"": 0, ""misc_value"": 0, ""points_per_level"": 0.0, ""radius_yards"": null, ""trigger_spell"": 0, ""type"": 6}","{""amplitude"": 0, ""apply_aura"": 4, ""base_points"": 55361, ""chain_targets"": 0, ""die_sides"": 1, ""implicit_target_a"": 6, ""implicit_target_b"": 0, ""mechanic"": 0, ""misc_value"": 0, ""points_per_level"": 0.0, ""radius_yards"": null, ""trigger_spell"": 0, ""type"": 6}",,3000,,,"{""AttributesEx6"": 8388608, ""AuraDescription_Lang_Mask"": 16712190, ""AuraDescription_Lang_enUS"": 1716073, ""BaseLevel"": 80, ""CastingTimeIndex"": 1, ""DefenseType"": 1, ""Description_Lang_Mask"": 16712190, ""Description_Lang_enUS"": 1715878, ""EffectBonusMultiplier_1"": 0.20000000298023224, ""EffectChainAmplitude_1"": 1.0, ""EffectChainAmplitude_2"": 1.0, ""EffectChainAmplitude_3"": 1.0, ""EffectSpellClassMaskA_1"": 12582935, ""EquippedItemClass"": -1, ""InterruptFlags"": 8, ""MaxLevel"": 86, ""NameSubtext_Lang_Mask"": 16712190, ""NameSubtext_Lang_enUS"": ""Rank 3"", ""Name_Lang_Mask"": 16712190, ""PreventionType"": 1, ""ProcChance"": 101, ""SpellClassMask_2"": 131072, ""SpellClassMask_3"": 8, ""SpellClassSet"": 3, ""SpellLevel"": 80, ""SpellPriority"": 50, ""SpellVisualID_1"": 10692, ""StartRecoveryCategory"": 133, ""StartRecoveryTime"": 1500}",pulled from existing data
55361,Living Bomb,4,0,0,159711232,0,0,0,0,0,0,0,100.0,,,"{""amplitude"": 0, ""apply_aura"": 0, ""base_points"": 511, ""chain_targets"": 0, ""die_sides"": 1, ""implicit_target_a"": 53, ""implicit_target_b"": 16, ""mechanic"": 0, ""misc_value"": 0, ""points_per_level"": 0.0, ""radius_yards"": 10.0, ""trigger_spell"": 0, ""type"": 2}",,,3000,,,"{""AttributesEx2"": 1073741824, ""AttributesEx5"": 67108864, ""AuraDescription_Lang_Mask"": 16712188, ""BaseLevel"": 70, ""CastingTimeIndex"": 1, ""DefenseType"": 1, ""Description_Lang_Mask"": 16712190, ""Description_Lang_enUS"": 1716240, ""EffectBasePoints_2"": -1, ""EffectBonusMultiplier_1"": 0.4000000059604645, ""EffectChainAmplitude_1"": 1.0, ""EffectChainAmplitude_2"": 1.0, ""EffectChainAmplitude_3"": 1.0, ""EffectDieSides_2"": 1, ""EffectSpellClassMaskA_1"": 12582935, ""EquippedItemClass"": -1, ""MaxLevel"": 76, ""NameSubtext_Lang_Mask"": 16712190, ""NameSubtext_Lang_enUS"": ""Rank 2"", ""Name_Lang_Mask"": 16712190, ""ProcChance"": 101, ""SpellClassMask_2"": 65536, ""SpellClassSet"": 3, ""SpellLevel"": 70, ""SpellPriority"": 50, ""SpellVisualID_1"": 10693}",pulled from existing data
55362,Living Bomb,4,0,0,159711232,0,0,0,0,0,0,0,100.0,,,"{""amplitude"": 0, ""apply_aura"": 0, ""base_points"": 689, ""chain_targets"": 0, ""die_sides"": 1, ""implicit_target_a"": 53, ""implicit_target_b"": 16, ""mechanic"": 0, ""misc_value"": 0, ""points_per_level"": 0.0, ""radius_yards"": 10.0, ""trigger_spell"": 0, ""type"": 2}",,,3000,,,"{""AttributesEx2"": 1073741824, ""AttributesEx5"": 67108864, ""AuraDescription_Lang_Mask"": 16712188, ""BaseLevel"": 80, ""CastingTimeIndex"": 1, ""DefenseType"": 1, ""Description_Lang_Mask"": 16712190, ""Description_Lang_enUS"": 1716450, ""EffectBasePoints_2"": -1, ""EffectBonusMultiplier_1"": 0.4000000059604645, ""EffectChainAmplitude_1"": 1.0, ""EffectChainAmplitude_2"": 1.0, ""EffectChainAmplitude_3"": 1.0, ""EffectDieSides_2"": 1, ""EffectSpellClassMaskA_1"": 12582935, ""EquippedItemClass"": -1, ""MaxLevel"": 86, ""NameSubtext_Lang_Mask"": 16712190, ""NameSubtext_Lang_enUS"": ""Rank 3"", ""Name_Lang_Mask"": 16712190, ""ProcChance"": 101, ""SpellClassMask_2"": 65536, ""SpellClassSet"": 3, ""SpellLevel"": 80, ""SpellPriority"": 50, ""SpellVisualID_1"": 10693}",pulled from existing data
58659,Ritual of Refreshment,64,0,0,33619968,1177,0,0,300000,0,0,80,30.0,,60000,"{""amplitude"": 0, ""apply_aura"": 0, ""base_points"": 0, ""chain_targets"": 0, ""die_sides"": 1, ""implicit_target_a"": 47, ""implicit_target_b"": 0, ""mechanic"": 0, ""misc_value"": 193062, ""points_per_level"": 0.0, ""radius_yards"": 5.0, ""trigger_spell"": 0, ""type"": 50}",,,2267,,,"{""AttributesEx"": 131076, ""AttributesEx3"": 1073741824, ""AttributesEx5"": 8194, ""AuraDescription_Lang_Mask"": 16712188, ""BaseLevel"": 80, ""CastingTimeIndex"": 1, ""ChannelInterruptFlags"": 48142, ""DefenseType"": 1, ""Description_Lang_Mask"": 16712190, ""Description_Lang_enUS"": 1853849, ""EffectBonusMultiplier_2"": 1.0, ""EffectChainAmplitude_1"": 1.0, ""EffectChainAmplitude_2"": 1.0, ""EffectChainAmplitude_3"": 1.0, ""EquippedItemClass"": -1, ""InterruptFlags"": 31, ""NameSubtext_Lang_Mask"": 16712190, ""NameSubtext_Lang_enUS"": ""Rank 2"", ""Name_Lang_Mask"": 16712190, ""PreventionType"": 1, ""ProcChance"": 101, ""ReagentCount_1"": 5, ""Reagent_1"": 17020, ""SpellClassSet"": 3, ""SpellLevel"": 80, ""SpellPriority"": 50, ""SpellVisualID_1"": 9860, ""StartRecoveryCategory"": 133, ""StartRecoveryTime"": 1500}",pulled from existing data
