id,name,school,dispel,mechanic,attributes,category,cast_time_ms,cooldown_ms,category_cooldown_ms,power_type,mana_cost,mana_cost_pct,range_yards,radius_yards,duration_ms,effect1,effect2,effect3,spell_icon_id,spell_weight,coeff_weight,raw_overrides,notes
11113,Blast Wave,4,0,0,65536,250,0,0,30000,0,0,7,0.0,,6000,"{""amplitude"": 0, ""apply_aura"": 0, ""base_points"": 153, ""chain_targets"": 0, ""die_sides"": 33, ""implicit_target_a"": 22, ""implicit_target_b"": 15, ""mechanic"": 0, ""misc_value"": 0, ""points_per_level"": 10.2667, ""radius_yards"": 10.0, ""trigger_spell"": 0, ""type"": 2}","{""amplitude"": 0, ""apply_aura"": 33, ""base_points"": -51, ""chain_targets"": 0, ""die_sides"": 1, ""implicit_target_a"": 22, ""implicit_target_b"": 15, ""mechanic"": 11, ""misc_value"": 0, ""points_per_level"": 0.0, ""radius_yards"": 10.0, ""trigger_spell"": 0, ""type"": 6}","{""amplitude"": 0, ""apply_aura"": 0, ""base_points"": 79, ""chain_targets"": 0, ""die_sides"": 1, ""implicit_target_a"": 22, ""implicit_target_b"": 15, ""mechanic"": 0, ""misc_value"": 100, ""points_per_level"": 0.0, ""radius_yards"": 10.0, ""trigger_spell"": 0, ""type"": 98}",292,,,"{""AttributesEx"": 136, ""AuraDescription_Lang_Mask"": 16712190, ""AuraDescription_Lang_enUS"": ""Dazed."", ""BaseLevel"": 30, ""CastingTimeIndex"": 1, ""DefenseType"": 1, ""Description_Lang_Mask"": 16712190, ""Description_Lang_enUS"": ""A wave of flame radiates outward from the caster, damaging all enemies caught within the blast for $s1 Fire damage, knocking them back and dazing them for $d."", ""EffectBonusMultiplier_1"": 0.19300000369548798, ""EffectChainAmplitude_1"": 1.0, ""EffectChainAmplitude_2"": 1.0, ""EffectChainAmplitude_3"": 1.0, ""EquippedItemClass"": -1, ""MaxLevel"": 80, ""NameSubtext_Lang_Mask"": 16712190, ""NameSubtext_Lang_enUS"": """", ""Name_Lang_Mask"": 16712190, ""PreventionType"": 1, ""ProcChance"": 101, ""RangeIndex"": 1, ""SpellClassMask_2"": 64, ""SpellClassSet"": 3, ""SpellLevel"": 30, ""SpellPriority"": 50, ""SpellVisualID_1"": 963, ""StartRecoveryCategory"": 133, ""StartRecoveryTime"": 1500}",single-rank bootstrap: BasePoints/BaseLevel/SpellLevel kept from rank 1 (learn level 30); RealPointsPerLevel from rank1→level-60 slope; coefficient/cast_time_ms/mana_cost_pct from max rank; MaxLevel set to 80
11366,Pyroblast,4,0,0,65536,290,5000,0,0,0,0,22,35.0,,12000,"{""amplitude"": 0, ""apply_aura"": 0, ""base_points"": 140, ""chain_targets"": 0, ""die_sides"": 47, ""implicit_target_a"": 6, ""implicit_target_b"": 0, ""mechanic"": 0, ""misc_value"": 0, ""points_per_level"": 12.105, ""radius_yards"": null, ""trigger_spell"": 0, ""type"": 2}","{""amplitude"": 3000, ""apply_aura"": 3, ""base_points"": 13, ""chain_targets"": 0, ""die_sides"": 1, ""implicit_target_a"": 6, ""implicit_target_b"": 0, ""mechanic"": 0, ""misc_value"": 0, ""points_per_level"": 1.075, ""radius_yards"": null, ""trigger_spell"": 0, ""type"": 6}",,184,,,"{""AuraDescription_Lang_Mask"": 16712190, ""AuraDescription_Lang_enUS"": ""$s2 Fire damage every $t2 seconds."", ""BaseLevel"": 20, ""CastingTimeIndex"": 6, ""DefenseType"": 1, ""Description_Lang_Mask"": 16712190, ""Description_Lang_enUS"": ""Hurls an immense fiery boulder that causes $s1 Fire damage and an additional $o2 Fire damage over $d."", ""EffectBonusMultiplier_1"": 1.149999976158142, ""EffectBonusMultiplier_2"": 0.05000000074505806, ""EffectChainAmplitude_1"": 1.0, ""EffectChainAmplitude_2"": 1.0, ""EffectChainAmplitude_3"": 1.0, ""EquippedItemClass"": -1, ""FacingCasterFlags"": 1, ""InterruptFlags"": 15, ""MaxLevel"": 80, ""NameSubtext_Lang_Mask"": 16712190, ""NameSubtext_Lang_enUS"": """", ""Name_Lang_Mask"": 16712190, ""PreventionType"": 1, ""ProcChance"": 101, ""Speed"": 24.0, ""SpellClassMask_1"": 4194304, ""SpellClassMask_3"": 8, ""SpellClassSet"": 3, ""SpellLevel"": 20, ""SpellPriority"": 50, ""SpellVisualID_1"": 2253, ""StartRecoveryCategory"": 133, ""StartRecoveryTime"": 1500}",single-rank bootstrap: BasePoints/BaseLevel/SpellLevel kept from rank 1 (learn level 20); RealPointsPerLevel from rank1→level-60 slope; coefficient/cast_time_ms/mana_cost_pct from max rank; MaxLevel set to 80
11426,Ice Barrier,16,1,0,327680,471,0,0,30000,0,0,21,0.0,,60000,"{""amplitude"": 0, ""apply_aura"": 69, ""base_points"": 1999, ""chain_targets"": 0, ""die_sides"": 1, ""implicit_target_a"": 1, ""implicit_target_b"": 0, ""mechanic"": 0, ""misc_value"": 127, ""points_per_level"": 0.0, ""radius_yards"": null, ""trigger_spell"": 0, ""type"": 6}",,,32,,1.0,"{""AuraDescription_Lang_Mask"": 16712190, ""AuraDescription_Lang_enUS"": ""Absorbs damage."", ""BaseLevel"": 40, ""CastingTimeIndex"": 1, ""DefenseType"": 1, ""Description_Lang_Mask"": 16712190, ""Description_Lang_enUS"": ""Instantly shields you, absorbing $s1 damage.  Lasts $d.  While the shield holds, spellcasting will not be delayed by damage."", ""EffectChainAmplitude_1"": 1.0, ""EffectChainAmplitude_2"": 1.0, ""EffectChainAmplitude_3"": 1.0, ""EquippedItemClass"": -1, ""InterruptFlags"": 8, ""MaxLevel"": 80, ""NameSubtext_Lang_Mask"": 16712190, ""NameSubtext_Lang_enUS"": """", ""Name_Lang_Mask"": 16712190, ""PreventionType"": 1, ""ProcChance"": 101, ""RangeIndex"": 1, ""SpellClassMask_2"": 1, ""SpellClassMask_3"": 8, ""SpellClassSet"": 3, ""SpellLevel"": 40, ""SpellPriority"": 50, ""SpellVisualID_1"": 4302, ""StartRecoveryCategory"": 133, ""StartRecoveryTime"": 1500}","EDITED for docs/frost-mage-redesign.md sec 2 (Ice Barrier): ""Flat absorb value replaced with a scaling formula: 2000 base plus 1.0 spell power coefficient, modified by Versatility."" base_points -> 1999 (2000, -1 convention), old per-level-only growth (points_per_level 19.4) zeroed out now that spell power coefficient carries scaling instead. Coefficient applied via spell_bonus_data (direct_bonus=1.0) in the accompanying pending SQL, same mechanism as Glacial Spike/Flurry. ""Modified by Versatility"" is not verified here - per project memory Versatility is already wired as a general stat, but confirm it actually touches SPELL_AURA_SCHOOL_ABSORB during playtest; if not, that's a small follow-up, not a data change. single-rank bootstrap: BasePoints/BaseLevel/SpellLevel kept from rank 1 (learn level 40); RealPointsPerLevel from rank1→level-60 slope; coefficient/cast_time_ms/mana_cost_pct from max rank; MaxLevel set to 80"
31661,Dragon's Breath,4,1,0,1114112,1215,0,0,20000,0,0,7,0.0,,5000,"{""amplitude"": 0, ""apply_aura"": 0, ""base_points"": 369, ""chain_targets"": 0, ""die_sides"": 61, ""implicit_target_a"": 104, ""implicit_target_b"": 0, ""mechanic"": 0, ""misc_value"": 0, ""points_per_level"": 9.04, ""radius_yards"": 10.0, ""trigger_spell"": 0, ""type"": 2}","{""amplitude"": 0, ""apply_aura"": 5, ""base_points"": -1, ""chain_targets"": 0, ""die_sides"": 1, ""implicit_target_a"": 104, ""implicit_target_b"": 0, ""mechanic"": 2, ""misc_value"": 0, ""points_per_level"": 0.0, ""radius_yards"": 10.0, ""trigger_spell"": 0, ""type"": 6}","{""amplitude"": 0, ""apply_aura"": 33, ""base_points"": -51, ""chain_targets"": 0, ""die_sides"": 1, ""implicit_target_a"": 104, ""implicit_target_b"": 0, ""mechanic"": 11, ""misc_value"": 0, ""points_per_level"": 0.0, ""radius_yards"": 10.0, ""trigger_spell"": 0, ""type"": 6}",1548,,,"{""AttributesEx"": 136, ""AuraDescription_Lang_Mask"": 16712190, ""AuraDescription_Lang_enUS"": ""Disoriented."", ""AuraInterruptFlags"": 4718592, ""BaseLevel"": 50, ""CastingTimeIndex"": 1, ""DefenseType"": 1, ""Description_Lang_Mask"": 16712190, ""Description_Lang_enUS"": ""Targets in a cone in front of the caster take $s1 Fire damage and are Disoriented for $d.  Any direct damaging attack will revive targets.  Turns off your attack when used."", ""EffectBonusMultiplier_1"": 0.19300000369548798, ""EffectChainAmplitude_1"": 1.0, ""EffectChainAmplitude_2"": 1.0, ""EffectChainAmplitude_3"": 1.0, ""EquippedItemClass"": -1, ""MaxLevel"": 80, ""NameSubtext_Lang_Mask"": 16712190, ""NameSubtext_Lang_enUS"": """", ""Name_Lang_Mask"": 16712190, ""PreventionType"": 1, ""ProcChance"": 100, ""ProcCharges"": 1, ""ProcTypeMask"": 139944, ""RangeIndex"": 1, ""SpellClassMask_1"": 8388608, ""SpellClassSet"": 3, ""SpellLevel"": 50, ""SpellPriority"": 50, ""SpellVisualID_1"": 7860, ""StartRecoveryCategory"": 133, ""StartRecoveryTime"": 1500}",single-rank bootstrap: BasePoints/BaseLevel/SpellLevel kept from rank 1 (learn level 50); RealPointsPerLevel from rank1→level-60 slope; coefficient/cast_time_ms/mana_cost_pct from max rank; MaxLevel set to 80
44425,Arcane Barrage,64,0,0,65536,1189,0,0,3000,0,0,18,30.0,,,"{""amplitude"": 0, ""apply_aura"": 0, ""base_points"": 385, ""chain_targets"": 0, ""die_sides"": 85, ""implicit_target_a"": 6, ""implicit_target_b"": 0, ""mechanic"": 0, ""misc_value"": 0, ""points_per_level"": 22.5385, ""radius_yards"": null, ""trigger_spell"": 0, ""type"": 2}",,,3376,,,"{""AuraDescription_Lang_Mask"": 16712188, ""BaseLevel"": 60, ""CastingTimeIndex"": 1, ""DefenseType"": 1, ""Description_Lang_Mask"": 16712190, ""Description_Lang_enUS"": ""Launches several missiles at the enemy target, causing $s1 Arcane damage."", ""EffectBonusMultiplier_1"": 0.7139999866485596, ""EffectChainAmplitude_1"": 1.0, ""EffectChainAmplitude_2"": 1.0, ""EffectChainAmplitude_3"": 1.0, ""EquippedItemClass"": -1, ""FacingCasterFlags"": 1, ""InterruptFlags"": 8, ""MaxLevel"": 80, ""NameSubtext_Lang_Mask"": 16712190, ""NameSubtext_Lang_enUS"": """", ""Name_Lang_Mask"": 16712190, ""PreventionType"": 1, ""ProcChance"": 101, ""Speed"": 24.0, ""SpellClassMask_2"": 32768, ""SpellClassSet"": 3, ""SpellLevel"": 60, ""SpellPriority"": 50, ""SpellVisualID_1"": 9947, ""StartRecoveryCategory"": 133, ""StartRecoveryTime"": 1500}","single-rank bootstrap: BasePoints/BaseLevel/SpellLevel kept from rank 1 (learn level 60); RealPointsPerLevel from rank1→top rank's own top level (86, chain has a gap at 60) slope (anchor rank 44781, rank 3); coefficient/cast_time_ms/mana_cost_pct from max rank (44781, rank 3); MaxLevel set to 80"
44457,Living Bomb,4,1,0,67174400,0,0,0,0,0,0,22,35.0,,12000,"{""amplitude"": 3000, ""apply_aura"": 3, ""base_points"": 152, ""chain_targets"": 0, ""die_sides"": 1, ""implicit_target_a"": 6, ""implicit_target_b"": 0, ""mechanic"": 0, ""misc_value"": 0, ""points_per_level"": 7.3846, ""radius_yards"": null, ""trigger_spell"": 0, ""type"": 6}","{""amplitude"": 0, ""apply_aura"": 4, ""base_points"": 44460, ""chain_targets"": 0, ""die_sides"": 1, ""implicit_target_a"": 6, ""implicit_target_b"": 0, ""mechanic"": 0, ""misc_value"": 0, ""points_per_level"": 0.0, ""radius_yards"": null, ""trigger_spell"": 0, ""type"": 6}",,3000,,,"{""AttributesEx6"": 8388608, ""AuraDescription_Lang_Mask"": 16712190, ""AuraDescription_Lang_enUS"": ""Causes $s1 Fire damage every $t1 sec.  After $d or when the spell is dispelled, the target explodes causing $44461s1 Fire damage to all enemies within $44461a1 yards."", ""BaseLevel"": 60, ""CastingTimeIndex"": 1, ""DefenseType"": 1, ""Description_Lang_Mask"": 16712190, ""Description_Lang_enUS"": ""The target becomes a Living Bomb, taking $o1 Fire damage over $d.  After $d or when the spell is dispelled, the target explodes dealing $44461s1 Fire damage to all enemies within $44461a1 yards."", ""EffectBonusMultiplier_1"": 0.20000000298023224, ""EffectChainAmplitude_1"": 1.0, ""EffectChainAmplitude_2"": 1.0, ""EffectChainAmplitude_3"": 1.0, ""EffectSpellClassMaskA_1"": 12582935, ""EquippedItemClass"": -1, ""InterruptFlags"": 8, ""MaxLevel"": 80, ""NameSubtext_Lang_Mask"": 16712190, ""NameSubtext_Lang_enUS"": """", ""Name_Lang_Mask"": 16712190, ""PreventionType"": 1, ""ProcChance"": 101, ""SpellClassMask_2"": 131072, ""SpellClassMask_3"": 8, ""SpellClassSet"": 3, ""SpellLevel"": 60, ""SpellPriority"": 50, ""SpellVisualID_1"": 10692, ""StartRecoveryCategory"": 133, ""StartRecoveryTime"": 1500}","single-rank bootstrap: BasePoints/BaseLevel/SpellLevel kept from rank 1 (learn level 60); RealPointsPerLevel from rank1→top rank's own top level (86, chain has a gap at 60) slope (anchor rank 55360, rank 3); coefficient/cast_time_ms/mana_cost_pct from max rank (55360, rank 3); MaxLevel set to 80 | effect2 (explosion spell-ID reference) excluded from the formula -- see Gotchas: embedded spell-ID base_points"
44572,Deep Freeze,16,1,0,327680,1221,0,0,30000,0,0,9,30.0,,5000,"{""amplitude"": 0, ""apply_aura"": 12, ""base_points"": -1, ""chain_targets"": 0, ""die_sides"": 1, ""implicit_target_a"": 6, ""implicit_target_b"": 0, ""mechanic"": 12, ""misc_value"": 0, ""points_per_level"": 0.0, ""radius_yards"": null, ""trigger_spell"": 0, ""type"": 6}",,,2939,,,"{""AttributesEx4"": 512, ""AttributesEx6"": 8388608, ""AuraDescription_Lang_Mask"": 16712190, ""AuraDescription_Lang_enUS"": ""Stunned and Frozen."", ""BaseLevel"": 60, ""CastingTimeIndex"": 1, ""DefenseType"": 1, ""Description_Lang_Mask"": 16712190, ""Description_Lang_enUS"": ""Stuns the target for $d.  Only usable on Frozen targets.  Deals ${$71757m1*$<mult>} to ${$71757M1*$<mult>} damage to targets permanently immune to stuns."", ""EffectBasePoints_2"": -1, ""EffectChainAmplitude_1"": 1.0, ""EffectChainAmplitude_2"": 1.0, ""EffectChainAmplitude_3"": 1.0, ""EffectDieSides_2"": 1, ""EquippedItemClass"": -1, ""InterruptFlags"": 15, ""NameSubtext_Lang_Mask"": 16712190, ""Name_Lang_Mask"": 16712190, ""PreventionType"": 1, ""ProcChance"": 101, ""SpellClassMask_2"": 1048576, ""SpellClassSet"": 3, ""SpellDescriptionVariableID"": 167, ""SpellLevel"": 60, ""SpellPriority"": 50, ""SpellVisualID_1"": 9963, ""StartRecoveryCategory"": 133, ""StartRecoveryTime"": 1500, ""TargetAuraState"": 4}","MOVED from npc.csv to mage.csv for docs/frost-mage-redesign.md sec 2 (Deep Freeze: ""Converted from a talent to a learnable spell. Damage component removed.""). No data change needed - cooldown (30000ms), stun duration (5000ms), and the frozen-only usability gate (TargetAuraState=4, i.e. AURA_STATE_FROZEN - native engine check in SpellInfo.cpp, CheckCasterAuraStates) already match the spec exactly as pulled from live data. Two real gaps remain, both C++/wiring, not spell-row data: (1) reachability - nothing teaches this spell any more once it leaves the old Talent.dbc row, fixed via the trainer_spell row (level 42) in the accompanying pending SQL; (2) the native TargetAuraState check only recognizes the *global* AURA_STATE_FROZEN flag (a real freeze), not FrostMageRework::IsFrozenFor's Fingers-of-Frost/Shattering-Cold cases (spell_mage.cpp) - needs a CheckCast override to accept those too, same as the spec's Interaction Rules intend. ""No longer deals damage to stun-immune targets"": the existing spell_mage_deep_freeze_immunity_state script (71761 -> 71757, already registered in spell_mage.cpp) is what currently provides that damage fallback for the *old* talent - not verified whether/how 71761 actually attaches to a Deep Freeze cast (no field on 44572 itself points at it), so left unresolved rather than guessed; needs checking before assuming the new instance is damage-free. pulled from existing data"
11069,Improved Fireball,4,0,0,262608,0,0,0,0,0,0,0,0.0,,,"{""amplitude"": 0, ""apply_aura"": 107, ""base_points"": -101, ""chain_targets"": 0, ""die_sides"": 1, ""implicit_target_a"": 1, ""implicit_target_b"": 0, ""mechanic"": 0, ""misc_value"": 10, ""points_per_level"": 0.0, ""radius_yards"": null, ""trigger_spell"": 0, ""type"": 6}",,,185,,,"{""AuraDescription_Lang_Mask"": 16712188, ""CastingTimeIndex"": 1, ""Description_Lang_Mask"": 16712190, ""Description_Lang_enUS"": ""Reduces the casting time of your Fireball spell by $/1000;S1 sec."", ""EffectChainAmplitude_1"": 1.0, ""EffectChainAmplitude_2"": 1.0, ""EffectChainAmplitude_3"": 1.0, ""EffectSpellClassMaskA_1"": 1, ""EffectSpellClassMaskB_1"": 1, ""EquippedItemClass"": -1, ""ImplicitTargetA_2"": 1, ""NameSubtext_Lang_Mask"": 16712190, ""NameSubtext_Lang_enUS"": ""Rank 1"", ""Name_Lang_Mask"": 16712190, ""ProcChance"": 101, ""RangeIndex"": 1, ""SpellClassSet"": 3, ""SpellLevel"": 1, ""SpellPriority"": 50}",pulled from existing data
11070,Improved Frostbolt,1,0,0,464,0,0,0,0,0,0,0,0.0,,,"{""amplitude"": 0, ""apply_aura"": 108, ""base_points"": 2, ""chain_targets"": 0, ""die_sides"": 1, ""implicit_target_a"": 1, ""implicit_target_b"": 0, ""mechanic"": 0, ""misc_value"": 0, ""points_per_level"": 0.0, ""radius_yards"": null, ""trigger_spell"": 0, ""type"": 6}",,,188,,,"{""AuraDescription_Lang_Mask"": 16712188, ""CastingTimeIndex"": 1, ""Description_Lang_Mask"": 16712190, ""Description_Lang_enUS"": ""Increases the damage of your Frostbolt and Ice Lance spells by $s1%."", ""EffectChainAmplitude_1"": 1.0, ""EffectChainAmplitude_2"": 1.0, ""EffectChainAmplitude_3"": 1.0, ""EffectSpellClassMaskA_1"": 131104, ""EquippedItemClass"": -1, ""NameSubtext_Lang_Mask"": 16712190, ""NameSubtext_Lang_enUS"": ""Rank 1"", ""Name_Lang_Mask"": 16712190, ""ProcChance"": 101, ""RangeIndex"": 1, ""SpellClassSet"": 3, ""SpellLevel"": 1, ""SpellPriority"": 50}",pulled from existing data
11071,Frostbite,16,0,0,464,0,0,0,0,0,0,0,0.0,,,"{""amplitude"": 0, ""apply_aura"": 42, ""base_points"": -1, ""chain_targets"": 0, ""die_sides"": 1, ""implicit_target_a"": 1, ""implicit_target_b"": 0, ""mechanic"": 0, ""misc_value"": 0, ""points_per_level"": 0.0, ""radius_yards"": null, ""trigger_spell"": 12494, ""type"": 6}",,,119,,,"{""AttributesEx3"": 67633152, ""AuraDescription_Lang_Mask"": 16712188, ""CastingTimeIndex"": 1, ""Description_Lang_Mask"": 16712190, ""Description_Lang_enUS"": ""Dealing direct Frost damage has a $s1% chance to freeze the target for $12494d.  The freeze breaks on damage. |cFF9D9D9D\n\nCapstone Bonus: Increases the damage of your Frost spells against frozen targets based on your Mastery.|r"", ""EffectBasePoints_2"": -1, ""EffectChainAmplitude_1"": 1.0, ""EffectChainAmplitude_2"": 1.0, ""EffectChainAmplitude_3"": 1.0, ""EffectDieSides_2"": 1, ""EffectSpellClassMaskA_2"": 4096, ""EffectSpellClassMaskB_2"": 4096, ""EquippedItemClass"": -1, ""NameSubtext_Lang_Mask"": 16712190, ""NameSubtext_Lang_enUS"": ""Rank 1"", ""Name_Lang_Mask"": 16712190, ""ProcChance"": 5, ""ProcTypeMask"": 65536, ""RangeIndex"": 1, ""SpellClassMask_2"": 512, ""SpellClassSet"": 3, ""SpellLevel"": 1, ""SpellPriority"": 50}",pulled from existing data
11078,Improved Fire Blast,1,0,0,464,0,0,0,0,0,0,0,0.0,,,"{""amplitude"": 0, ""apply_aura"": 107, ""base_points"": -1001, ""chain_targets"": 0, ""die_sides"": 1, ""implicit_target_a"": 1, ""implicit_target_b"": 0, ""mechanic"": 0, ""misc_value"": 11, ""points_per_level"": 0.0, ""radius_yards"": null, ""trigger_spell"": 0, ""type"": 6}",,,12,,,"{""AuraDescription_Lang_Mask"": 16712188, ""CastingTimeIndex"": 1, ""Description_Lang_Mask"": 16712190, ""Description_Lang_enUS"": ""Reduces the cooldown of your Fire Blast spell by $/1000;S1 sec."", ""EffectChainAmplitude_1"": 1.0, ""EffectChainAmplitude_2"": 1.0, ""EffectChainAmplitude_3"": 1.0, ""EffectSpellClassMaskA_1"": 2, ""EquippedItemClass"": -1, ""NameSubtext_Lang_Mask"": 16712190, ""NameSubtext_Lang_enUS"": ""Rank 1"", ""Name_Lang_Mask"": 16712190, ""ProcChance"": 101, ""RangeIndex"": 1, ""SpellClassSet"": 3, ""SpellLevel"": 1, ""SpellPriority"": 50}",pulled from existing data
11080,Improved Fire Blast,1,0,0,464,0,0,0,0,0,0,0,0.0,,,"{""amplitude"": 0, ""apply_aura"": 107, ""base_points"": -2001, ""chain_targets"": 0, ""die_sides"": 1, ""implicit_target_a"": 1, ""implicit_target_b"": 0, ""mechanic"": 0, ""misc_value"": 11, ""points_per_level"": 0.0, ""radius_yards"": null, ""trigger_spell"": 0, ""type"": 6}",,,12,,,"{""AuraDescription_Lang_Mask"": 16712188, ""CastingTimeIndex"": 1, ""Description_Lang_Mask"": 16712190, ""Description_Lang_enUS"": ""Reduces the cooldown of your Fire Blast spell by $/1000;S1 sec."", ""EffectChainAmplitude_1"": 1.0, ""EffectChainAmplitude_2"": 1.0, ""EffectChainAmplitude_3"": 1.0, ""EffectSpellClassMaskA_1"": 2, ""EquippedItemClass"": -1, ""NameSubtext_Lang_Mask"": 16712190, ""NameSubtext_Lang_enUS"": ""Rank 2"", ""Name_Lang_Mask"": 16712190, ""ProcChance"": 101, ""RangeIndex"": 1, ""SpellClassSet"": 3, ""SpellLevel"": 1, ""SpellPriority"": 50}",pulled from existing data
11083,Burning Soul,4,0,0,262352,0,0,0,0,0,0,0,0.0,,,"{""amplitude"": 0, ""apply_aura"": 108, ""base_points"": 34, ""chain_targets"": 0, ""die_sides"": 1, ""implicit_target_a"": 1, ""implicit_target_b"": 0, ""mechanic"": 0, ""misc_value"": 9, ""points_per_level"": 0.0, ""radius_yards"": null, ""trigger_spell"": 0, ""type"": 6}","{""amplitude"": 0, ""apply_aura"": 10, ""base_points"": -11, ""chain_targets"": 0, ""die_sides"": 1, ""implicit_target_a"": 1, ""implicit_target_b"": 0, ""mechanic"": 0, ""misc_value"": 4, ""points_per_level"": 0.0, ""radius_yards"": null, ""trigger_spell"": 0, ""type"": 6}",,11,,,"{""AuraDescription_Lang_Mask"": 16712188, ""CastingTimeIndex"": 1, ""Description_Lang_Mask"": 16712190, ""Description_Lang_enUS"": ""Reduces the pushback suffered from damaging attacks while casting Fire spells by $s1% and reduces the threat caused by your Fire spells by $s2%."", ""EffectChainAmplitude_1"": 1.0, ""EffectChainAmplitude_2"": 1.0, ""EffectChainAmplitude_3"": 1.0, ""EffectSpellClassMaskA_1"": 4194325, ""EffectSpellClassMaskA_2"": 4096, ""EquippedItemClass"": -1, ""NameSubtext_Lang_Mask"": 16712190, ""NameSubtext_Lang_enUS"": ""Rank 1"", ""Name_Lang_Mask"": 16712190, ""ProcChance"": 101, ""RangeIndex"": 1, ""SpellClassSet"": 3, ""SpellLevel"": 1, ""SpellPriority"": 50}",pulled from existing data
11094,Molten Shields,1,0,0,262352,0,0,0,0,0,0,0,0.0,,,"{""amplitude"": 0, ""apply_aura"": 107, ""base_points"": 14, ""chain_targets"": 0, ""die_sides"": 1, ""implicit_target_a"": 1, ""implicit_target_b"": 0, ""mechanic"": 0, ""misc_value"": 12, ""points_per_level"": 0.0, ""radius_yards"": null, ""trigger_spell"": 0, ""type"": 6}",,,16,,,"{""AuraDescription_Lang_Mask"": 16712188, ""CastingTimeIndex"": 1, ""Description_Lang_Mask"": 16712190, ""Description_Lang_enUS"": ""Causes your Fire Ward and Frost Ward spells to have a $s1% chance to reflect the warded spell while active. In addition, your Molten Armor has a 50% chance to affect ranged and spell attacks."", ""EffectChainAmplitude_1"": 1.0, ""EffectChainAmplitude_2"": 1.0, ""EffectChainAmplitude_3"": 1.0, ""EffectSpellClassMaskA_1"": 264, ""EquippedItemClass"": -1, ""NameSubtext_Lang_Mask"": 16712190, ""NameSubtext_Lang_enUS"": ""Rank 1"", ""Name_Lang_Mask"": 16712190, ""ProcChance"": 101, ""RangeIndex"": 1, ""SpellClassSet"": 3, ""SpellLevel"": 1, ""SpellPriority"": 50}",pulled from existing data
11095,Improved Scorch,1,0,0,448,0,0,0,0,0,0,0,0.0,,,"{""amplitude"": 0, ""apply_aura"": 42, ""base_points"": -1, ""chain_targets"": 0, ""die_sides"": 1, ""implicit_target_a"": 1, ""implicit_target_b"": 0, ""mechanic"": 0, ""misc_value"": 0, ""points_per_level"": 0.0, ""radius_yards"": null, ""trigger_spell"": 22959, ""type"": 6}","{""amplitude"": 0, ""apply_aura"": 107, ""base_points"": 0, ""chain_targets"": 0, ""die_sides"": 1, ""implicit_target_a"": 1, ""implicit_target_b"": 0, ""mechanic"": 0, ""misc_value"": 7, ""points_per_level"": 0.0, ""radius_yards"": null, ""trigger_spell"": 0, ""type"": 6}",,816,,,"{""AuraDescription_Lang_Mask"": 16712188, ""CastingTimeIndex"": 1, ""Description_Lang_Mask"": 16712190, ""Description_Lang_enUS"": ""Increases your chance to critically hit with Scorch, Fireball and Frostfire Bolt by an additional $s2% and your damaging Scorch spells have a $h% chance to cause your target to be vulnerable to spell damage, increasing spell critical strike chance against that target by $22959s1% and lasts $22959d."", ""EffectChainAmplitude_1"": 1.0, ""EffectChainAmplitude_2"": 1.0, ""EffectChainAmplitude_3"": 1.0, ""EffectSpellClassMaskA_1"": 16, ""EffectSpellClassMaskB_1"": 17, ""EffectSpellClassMaskB_2"": 4096, ""EquippedItemClass"": -1, ""NameSubtext_Lang_Mask"": 16712190, ""NameSubtext_Lang_enUS"": ""Rank 1"", ""Name_Lang_Mask"": 16712190, ""ProcChance"": 33, ""ProcTypeMask"": 65536, ""RangeIndex"": 1, ""SpellClassSet"": 3, ""SpellPriority"": 50}",pulled from existing data
11100,Flame Throwing,4,0,0,464,0,0,0,0,0,0,0,0.0,,,"{""amplitude"": 0, ""apply_aura"": 107, ""base_points"": 2, ""chain_targets"": 0, ""die_sides"": 1, ""implicit_target_a"": 1, ""implicit_target_b"": 0, ""mechanic"": 0, ""misc_value"": 5, ""points_per_level"": 0.0, ""radius_yards"": null, ""trigger_spell"": 0, ""type"": 6}",,,136,,,"{""AuraDescription_Lang_Mask"": 16712188, ""CastingTimeIndex"": 1, ""Description_Lang_Mask"": 16712190, ""Description_Lang_enUS"": ""Increases the range of all Fire spells except Frostfire Bolt by $s1 yards."", ""EffectChainAmplitude_1"": 1.0, ""EffectChainAmplitude_2"": 1.0, ""EffectChainAmplitude_3"": 1.0, ""EffectSpellClassMaskA_1"": 4194327, ""EffectSpellClassMaskA_2"": 131072, ""EquippedItemClass"": -1, ""NameSubtext_Lang_Mask"": 16712190, ""NameSubtext_Lang_enUS"": ""Rank 1"", ""Name_Lang_Mask"": 16712190, ""ProcChance"": 101, ""RangeIndex"": 1, ""SpellClassSet"": 3, ""SpellLevel"": 1, ""SpellPriority"": 50}",pulled from existing data
11103,Impact,4,0,0,464,0,0,0,0,0,0,0,0.0,,,"{""amplitude"": 0, ""apply_aura"": 42, ""base_points"": -1, ""chain_targets"": 0, ""die_sides"": 1, ""implicit_target_a"": 1, ""implicit_target_b"": 0, ""mechanic"": 0, ""misc_value"": 0, ""points_per_level"": 0.0, ""radius_yards"": null, ""trigger_spell"": 64343, ""type"": 6}",,,45,,,"{""AttributesEx"": 136, ""AttributesEx3"": 67108864, ""AuraDescription_Lang_Mask"": 16712188, ""CastingTimeIndex"": 1, ""Description_Lang_Mask"": 16712190, ""Description_Lang_enUS"": ""Gives your damaging spells a $h% chance to cause the next Fire Blast you cast to stun the target for $12355d."", ""EffectChainAmplitude_1"": 1.0, ""EffectChainAmplitude_2"": 1.0, ""EffectChainAmplitude_3"": 1.0, ""EquippedItemClass"": -1, ""NameSubtext_Lang_Mask"": 16712190, ""NameSubtext_Lang_enUS"": ""Rank 1"", ""Name_Lang_Mask"": 16712190, ""ProcChance"": 4, ""ProcTypeMask"": 65536, ""RangeIndex"": 1, ""SpellClassSet"": 3, ""SpellLevel"": 1, ""SpellPriority"": 50}",pulled from existing data
11108,World in Flames,1,0,0,262352,0,0,0,0,0,0,0,0.0,,,"{""amplitude"": 0, ""apply_aura"": 107, ""base_points"": 1, ""chain_targets"": 0, ""die_sides"": 1, ""implicit_target_a"": 1, ""implicit_target_b"": 0, ""mechanic"": 0, ""misc_value"": 7, ""points_per_level"": 0.0, ""radius_yards"": null, ""trigger_spell"": 0, ""type"": 6}",,,2948,,,"{""AuraDescription_Lang_Mask"": 16712188, ""CastingTimeIndex"": 1, ""Description_Lang_Mask"": 16712190, ""Description_Lang_enUS"": ""Increases the critical strike chance of your Flamestrike, Pyroblast, Blast Wave, Dragon's Breath, Living Bomb, Blizzard and Arcane Explosion spells by $s1%."", ""EffectChainAmplitude_1"": 1.0, ""EffectChainAmplitude_2"": 1.0, ""EffectChainAmplitude_3"": 1.0, ""EffectSpellClassMaskA_1"": 12587140, ""EffectSpellClassMaskA_2"": 65600, ""EffectSpellClassMaskB_1"": 4, ""EquippedItemClass"": -1, ""NameSubtext_Lang_Mask"": 16712190, ""NameSubtext_Lang_enUS"": ""Rank 1"", ""Name_Lang_Mask"": 16712190, ""ProcChance"": 101, ""RangeIndex"": 1, ""SpellClassSet"": 3, ""SpellLevel"": 1, ""SpellPriority"": 50}",pulled from existing data
11115,Critical Mass,4,0,0,464,0,0,0,0,0,0,0,0.0,,-1,"{""amplitude"": 0, ""apply_aura"": 71, ""base_points"": 1, ""chain_targets"": 0, ""die_sides"": 1, ""implicit_target_a"": 1, ""implicit_target_b"": 0, ""mechanic"": 0, ""misc_value"": 4, ""points_per_level"": 0.0, ""radius_yards"": null, ""trigger_spell"": 0, ""type"": 6}",,,117,,,"{""AuraDescription_Lang_Mask"": 16712188, ""CastingTimeIndex"": 1, ""Description_Lang_Mask"": 16712190, ""Description_Lang_enUS"": ""Increases the critical strike chance of your Fire spells by $s1%."", ""EffectChainAmplitude_1"": 1.0, ""EffectChainAmplitude_2"": 1.0, ""EffectChainAmplitude_3"": 1.0, ""EffectSpellClassMaskA_1"": 12582935, ""EffectSpellClassMaskA_2"": 8, ""EquippedItemClass"": -1, ""NameSubtext_Lang_Mask"": 16712190, ""NameSubtext_Lang_enUS"": ""Rank 1"", ""Name_Lang_Mask"": 16712190, ""ProcChance"": 101, ""RangeIndex"": 1, ""SpellClassSet"": 3, ""SpellLevel"": 1, ""SpellPriority"": 50}",pulled from existing data
11119,Ignite,1,0,0,464,0,0,0,0,0,0,0,0.0,,,"{""amplitude"": 0, ""apply_aura"": 4, ""base_points"": 0, ""chain_targets"": 0, ""die_sides"": 1, ""implicit_target_a"": 1, ""implicit_target_b"": 0, ""mechanic"": 0, ""misc_value"": 0, ""points_per_level"": 0.0, ""radius_yards"": null, ""trigger_spell"": 0, ""type"": 6}",,,937,,,"{""AttributesEx3"": 67108864, ""AuraDescription_Lang_Mask"": 16712188, ""CastingTimeIndex"": 1, ""Description_Lang_Mask"": 16712190, ""Description_Lang_enUS"": ""Your critical strikes from Fire damage spells cause the target to burn for an additional 8% of your spell's damage over $12654d."", ""EffectChainAmplitude_1"": 1.0, ""EffectChainAmplitude_2"": 1.0, ""EffectChainAmplitude_3"": 1.0, ""EquippedItemClass"": -1, ""NameSubtext_Lang_Mask"": 16712190, ""NameSubtext_Lang_enUS"": ""Rank 1"", ""Name_Lang_Mask"": 16712190, ""ProcChance"": 100, ""ProcTypeMask"": 327680, ""RangeIndex"": 1, ""SpellClassSet"": 3, ""SpellLevel"": 1, ""SpellPriority"": 50}",pulled from existing data
11120,Ignite,1,0,0,464,0,0,0,0,0,0,0,0.0,,,"{""amplitude"": 0, ""apply_aura"": 4, ""base_points"": 0, ""chain_targets"": 0, ""die_sides"": 0, ""implicit_target_a"": 1, ""implicit_target_b"": 0, ""mechanic"": 0, ""misc_value"": 0, ""points_per_level"": 0.0, ""radius_yards"": null, ""trigger_spell"": 0, ""type"": 6}",,,937,,,"{""AttributesEx3"": 67108864, ""AuraDescription_Lang_Mask"": 16712188, ""CastingTimeIndex"": 1, ""Description_Lang_Mask"": 16712190, ""Description_Lang_enUS"": ""Your critical strikes from Fire damage spells cause the target to burn for an additional 16% of your spell's damage over $12654d."", ""EffectChainAmplitude_1"": 1.0, ""EffectChainAmplitude_2"": 1.0, ""EffectChainAmplitude_3"": 1.0, ""EquippedItemClass"": -1, ""NameSubtext_Lang_Mask"": 16712190, ""NameSubtext_Lang_enUS"": ""Rank 2"", ""Name_Lang_Mask"": 16712190, ""ProcChance"": 100, ""ProcTypeMask"": 327680, ""RangeIndex"": 1, ""SpellClassSet"": 3, ""SpellLevel"": 1, ""SpellPriority"": 50}",pulled from existing data
11124,Fire Power,4,0,0,464,0,0,0,0,0,0,0,0.0,,,"{""amplitude"": 0, ""apply_aura"": 108, ""base_points"": 1, ""chain_targets"": 0, ""die_sides"": 1, ""implicit_target_a"": 1, ""implicit_target_b"": 0, ""mechanic"": 0, ""misc_value"": 0, ""points_per_level"": 0.0, ""radius_yards"": null, ""trigger_spell"": 0, ""type"": 6}","{""amplitude"": 0, ""apply_aura"": 108, ""base_points"": 1, ""chain_targets"": 0, ""die_sides"": 1, ""implicit_target_a"": 1, ""implicit_target_b"": 0, ""mechanic"": 0, ""misc_value"": 22, ""points_per_level"": 0.0, ""radius_yards"": null, ""trigger_spell"": 0, ""type"": 6}",,31,,,"{""AuraDescription_Lang_Mask"": 16712188, ""CastingTimeIndex"": 1, ""Description_Lang_Mask"": 16712190, ""Description_Lang_enUS"": ""Increases the damage done by your Fire spells by $s1%."", ""EffectBonusMultiplier_2"": 1.0, ""EffectChainAmplitude_1"": 1.0, ""EffectChainAmplitude_2"": 1.0, ""EffectChainAmplitude_3"": 1.0, ""EffectSpellClassMaskA_1"": 12845079, ""EffectSpellClassMaskA_2"": 69704, ""EffectSpellClassMaskB_1"": 4194309, ""EffectSpellClassMaskB_2"": 135168, ""EquippedItemClass"": -1, ""NameSubtext_Lang_Mask"": 16712190, ""NameSubtext_Lang_enUS"": ""Rank 1"", ""Name_Lang_Mask"": 16712190, ""ProcChance"": 101, ""RangeIndex"": 1, ""SpellClassSet"": 3, ""SpellLevel"": 1, ""SpellPriority"": 50}",pulled from existing data
11129,Combustion,4,1,0,33816832,0,0,120000,0,0,0,0,0.0,,-1,"{""amplitude"": 0, ""apply_aura"": 108, ""base_points"": 49, ""chain_targets"": 0, ""die_sides"": 1, ""implicit_target_a"": 1, ""implicit_target_b"": 0, ""mechanic"": 0, ""misc_value"": 15, ""points_per_level"": 0.0, ""radius_yards"": null, ""trigger_spell"": 0, ""type"": 6}","{""amplitude"": 0, ""apply_aura"": 0, ""base_points"": 0, ""chain_targets"": 0, ""die_sides"": 0, ""implicit_target_a"": 1, ""implicit_target_b"": 0, ""mechanic"": 0, ""misc_value"": 0, ""points_per_level"": 0.0, ""radius_yards"": null, ""trigger_spell"": 28682, ""type"": 64}",,33,,,"{""AttributesEx"": 268435456, ""AttributesEx3"": 67108864, ""AttributesEx4"": 524352, ""AuraDescription_Lang_Mask"": 16712190, ""BaseLevel"": 40, ""CastingTimeIndex"": 1, ""DefenseType"": 1, ""Description_Lang_Mask"": 16712190, ""Description_Lang_enUS"": ""When activated, this spell increases your critical strike damage bonus with Fire damage spells by $s1%, and causes each of your Fire damage spell hits to increase your critical strike chance with Fire damage spells by $28682s1%.  This effect lasts until you have caused $11129n non-periodic critical strikes with Fire spells."", ""EffectChainAmplitude_1"": 1.0, ""EffectChainAmplitude_2"": 1.0, ""EffectChainAmplitude_3"": 1.0, ""EffectSpellClassMaskA_1"": 146800663, ""EffectSpellClassMaskA_2"": 200776, ""EquippedItemClass"": -1, ""InterruptFlags"": 8, ""NameSubtext_Lang_Mask"": 16712188, ""Name_Lang_Mask"": 16712190, ""PreventionType"": 1, ""ProcChance"": 100, ""ProcCharges"": 3, ""ProcTypeMask"": 65536, ""RangeIndex"": 1, ""SpellClassMask_2"": 67108864, ""SpellClassMask_3"": 8, ""SpellClassSet"": 3, ""SpellLevel"": 40, ""SpellPriority"": 50, ""SpellVisualID_1"": 7634, ""StanceBarOrder"": 4294967295}",pulled from existing data
11151,Piercing Ice,16,0,0,464,0,0,0,0,0,0,0,0.0,,,"{""amplitude"": 0, ""apply_aura"": 79, ""base_points"": 1, ""chain_targets"": 0, ""die_sides"": 1, ""implicit_target_a"": 1, ""implicit_target_b"": 0, ""mechanic"": 0, ""misc_value"": 16, ""points_per_level"": 0.0, ""radius_yards"": null, ""trigger_spell"": 0, ""type"": 6}",,,176,,,"{""AuraDescription_Lang_Mask"": 16712188, ""CastingTimeIndex"": 1, ""Description_Lang_Mask"": 16712190, ""Description_Lang_enUS"": ""Increases the damage done by your Frost spells by $s1%."", ""EffectBasePoints_2"": -1, ""EffectChainAmplitude_1"": 1.0, ""EffectChainAmplitude_2"": 1.0, ""EffectChainAmplitude_3"": 1.0, ""EffectDieSides_2"": 1, ""EffectSpellClassMaskA_1"": 131808, ""EffectSpellClassMaskB_1"": 128, ""EquippedItemClass"": -1, ""NameSubtext_Lang_Mask"": 16712190, ""NameSubtext_Lang_enUS"": ""Rank 1"", ""Name_Lang_Mask"": 16712190, ""ProcChance"": 101, ""RangeIndex"": 1, ""SpellClassSet"": 3, ""SpellLevel"": 1, ""SpellPriority"": 50}",pulled from existing data
11160,Frost Channeling,16,0,0,448,0,0,0,0,0,0,0,0.0,,,"{""amplitude"": 0, ""apply_aura"": 72, ""base_points"": -5, ""chain_targets"": 0, ""die_sides"": 1, ""implicit_target_a"": 1, ""implicit_target_b"": 0, ""mechanic"": 0, ""misc_value"": 16, ""points_per_level"": 0.0, ""radius_yards"": null, ""trigger_spell"": 0, ""type"": 6}","{""amplitude"": 0, ""apply_aura"": 10, ""base_points"": -6, ""chain_targets"": 0, ""die_sides"": 1, ""implicit_target_a"": 1, ""implicit_target_b"": 0, ""mechanic"": 0, ""misc_value"": 16, ""points_per_level"": 0.0, ""radius_yards"": null, ""trigger_spell"": 0, ""type"": 6}",,15,,,"{""AuraDescription_Lang_Mask"": 16712188, ""CastingTimeIndex"": 1, ""Description_Lang_Mask"": 16712190, ""Description_Lang_enUS"": ""Reduces the mana cost of your Frost spells and abilities by $s1% and reduces the threat caused by $s2%. |cFF9D9D9DAt max rank, killing an enemy that yields experience or honor with Frost damage restores 12% of your mana.|r"", ""EffectChainAmplitude_1"": 1.0, ""EffectChainAmplitude_2"": 1.0, ""EffectChainAmplitude_3"": 1.0, ""EffectMiscValueB_1"": 1, ""EffectSpellClassMaskA_1"": 655360, ""EffectSpellClassMaskA_2"": 2049, ""EquippedItemClass"": -1, ""NameSubtext_Lang_Mask"": 16712190, ""NameSubtext_Lang_enUS"": ""Rank 1"", ""Name_Lang_Mask"": 16712190, ""ProcChance"": 101, ""RangeIndex"": 1, ""SpellClassSet"": 3, ""SpellLevel"": 1, ""SpellPriority"": 50}",pulled from existing data
11170,Shatter,1,0,0,464,0,0,0,0,0,0,0,0.0,,,"{""amplitude"": 0, ""apply_aura"": 112, ""base_points"": 0, ""chain_targets"": 0, ""die_sides"": 1, ""implicit_target_a"": 1, ""implicit_target_b"": 0, ""mechanic"": 0, ""misc_value"": 849, ""points_per_level"": 0.0, ""radius_yards"": null, ""trigger_spell"": 0, ""type"": 6}",,,976,,,"{""AuraDescription_Lang_Mask"": 16712188, ""CastingTimeIndex"": 1, ""Description_Lang_Mask"": 16712190, ""Description_Lang_enUS"": ""Increases the critical strike chance of all your spells against frozen targets by 17%."", ""EffectChainAmplitude_1"": 1.0, ""EffectChainAmplitude_2"": 1.0, ""EffectChainAmplitude_3"": 1.0, ""EffectSpellClassMaskA_1"": 552211063, ""EffectSpellClassMaskA_2"": 1151048, ""EffectSpellClassMaskA_3"": 32, ""EquippedItemClass"": -1, ""NameSubtext_Lang_Mask"": 16712190, ""NameSubtext_Lang_enUS"": ""Rank 1"", ""Name_Lang_Mask"": 16712190, ""ProcChance"": 101, ""RangeIndex"": 1, ""SpellClassSet"": 3, ""SpellLevel"": 1, ""SpellPriority"": 50}",pulled from existing data
11175,Permafrost,1,0,0,262352,0,0,0,0,0,0,0,0.0,,,"{""amplitude"": 0, ""apply_aura"": 107, ""base_points"": 999, ""chain_targets"": 0, ""die_sides"": 1, ""implicit_target_a"": 1, ""implicit_target_b"": 0, ""mechanic"": 0, ""misc_value"": 1, ""points_per_level"": 0.0, ""radius_yards"": null, ""trigger_spell"": 0, ""type"": 6}","{""amplitude"": 0, ""apply_aura"": 107, ""base_points"": -5, ""chain_targets"": 0, ""die_sides"": 1, ""implicit_target_a"": 1, ""implicit_target_b"": 0, ""mechanic"": 0, ""misc_value"": 3, ""points_per_level"": 0.0, ""radius_yards"": null, ""trigger_spell"": 0, ""type"": 6}",,143,,,"{""CastingTimeIndex"": 1, ""Description_Lang_Mask"": 16712190, ""Description_Lang_enUS"": ""Increases the duration of your Cone of Cold and Frostbolt slow effects by ${{$m1/1000}}.1 sec, and reduces the target's speed by an additional $s2%. Also affects Ice Armor's chilling effect. |cFF9D9D9DAt max rank: each 1 sec you spend moving grants Permafrost, increasing the damage of your next Ice Lance by 20%. Stacks up to 5 times.|r"", ""EffectChainAmplitude_1"": 1.0, ""EffectChainAmplitude_2"": 1.0, ""EffectChainAmplitude_3"": 1.0, ""EffectSpellClassMaskA_1"": 544, ""EffectSpellClassMaskB_1"": 544, ""EquippedItemClass"": -1, ""NameSubtext_Lang_Mask"": 16712190, ""NameSubtext_Lang_enUS"": ""Rank 1"", ""Name_Lang_Mask"": 16712190, ""ProcChance"": 101, ""RangeIndex"": 1, ""SpellClassSet"": 3, ""SpellLevel"": 1, ""SpellPriority"": 50}","Frost Mage rework (docs/frost-mage-redesign.md sec 4 Row 2, Permafrost). Base effect kept the pulled data's own numbers (already matched spec's 1/2/3 sec duration + 4/7/10% additional slow via the stored+1 convention) but rescoped from the old talent's actual shape -- a target-side debuff (duration/slow/heal-received-reduction applied to whoever the mage's Frostbolt/Cone of Cold/Frost Nova hit) -- to a caster-side SpellMod pair (SPELLMOD_DURATION + SPELLMOD_EFFECT1, classmask 544 = Frostbolt|Cone of Cold in word A) boosting the caster's own cast of those spells, matching every other 'duration+value modifier' talent this project has built (Arctic Reach, Chilled to the Bone). The old effect3 (SPELLMOD_EFFECT3, -8/-14/-21, confirmed via the Chilled npc-caster spells 6136/7321's own effect3 = SPELL_AURA_MOD_HEALING_PCT to be the dropped tooltip's 'reduces healing received' clause) is not in the new spec and was removed outright, not carried forward. 'Frost Shock' in the redesign's talent text was dropped per user decision (2026-08-24) -- not a real Mage spell (Shaman-only in this game), most likely a stray copy-paste word; scoped to Cone of Cold/Frostbolt/Ice Armor only. Ice Armor's own melee-reactive slow (6136 Frost Armor / 7321 Ice Armor's 'Chilled' trigger spells, npc.csv) has no SpellFamilyFlags of its own -- same classmask-unreachable shape as Frozen Orb hit this project before -- so it's boosted live in spell_mage_chilled (spell_mage.cpp) instead, same 'read the mage's own SpellMod amount and fold it in' idiom as spell_mage_frozen_orb_pulse's Chilled to the Bone fix. Capstone (rank 3 only): see effect3. Playtest bugfix (2026-08-27, user report - ""Permafrost reduces the effects of everything by 10%, not just move speed""): the SPELLMOD_EFFECT1 modifier's classmask (544, Frostbolt|Cone of Cold) was stored under EffectSpellClassMaskA_2, which the naming convention suggests is ""effect index 2's word A"" but which spell_dbc/DBCStructure.h actually reads as ""effect index 0(=A)'s word 2"" - dword-major, not effect-major, unlike every other _1/_2/_3-suffixed field in this schema. That left the real target, effect index 1's own classmask, all-zero, and SpellInfo::IsAffected treats an all-zero classmask as matching every spell in the family - so the -4/-7/-10% modifier applied unconditionally to EFFECT_0 of every mage spell (including Evocation's mana-restore %) instead of just Frostbolt/Cone of Cold. Fixed by moving the value to EffectSpellClassMaskB_1 (effect index 1(=B)'s word 1), which is what the engine actually reads for effect 1's classmask. See data/sql/updates/pending_db_world/rev_1787820084006262155.sql for the original diagnosis (that migration was a live DB-only patch of the affected rows; this is the matching source-of-truth fix so future full regenerations don't reintroduce it)."
11180,Winter's Chill,1,0,0,262352,0,0,0,0,0,0,0,0.0,,,"{""amplitude"": 0, ""apply_aura"": 42, ""base_points"": -1, ""chain_targets"": 0, ""die_sides"": 1, ""implicit_target_a"": 1, ""implicit_target_b"": 0, ""mechanic"": 0, ""misc_value"": 0, ""points_per_level"": 0.0, ""radius_yards"": null, ""trigger_spell"": 12579, ""type"": 6}","{""amplitude"": 0, ""apply_aura"": 107, ""base_points"": 0, ""chain_targets"": 0, ""die_sides"": 1, ""implicit_target_a"": 1, ""implicit_target_b"": 0, ""mechanic"": 0, ""misc_value"": 7, ""points_per_level"": 0.0, ""radius_yards"": null, ""trigger_spell"": 0, ""type"": 6}",,187,,,"{""AttributesEx3"": 67108864, ""AuraDescription_Lang_Mask"": 16712188, ""CastingTimeIndex"": 1, ""Description_Lang_Mask"": 16712190, ""Description_Lang_enUS"": ""Increases your chance to critically hit with Frostbolt by an additional $s2% and gives your Frost damage spells a $h% chance to apply the Winter's Chill effect, which increases the chance spells will critically hit the target by $12579s1% for $12579d.  Stacks up to $12579u times."", ""EffectChainAmplitude_1"": 1.0, ""EffectChainAmplitude_2"": 1.0, ""EffectChainAmplitude_3"": 1.0, ""EffectSpellClassMaskB_1"": 32, ""EquippedItemClass"": -1, ""NameSubtext_Lang_Mask"": 16712190, ""NameSubtext_Lang_enUS"": ""Rank 1"", ""Name_Lang_Mask"": 16712190, ""ProcChance"": 33, ""ProcTypeMask"": 65536, ""RangeIndex"": 1, ""SpellClassSet"": 3, ""SpellLevel"": 1, ""SpellPriority"": 50}",pulled from existing data
11185,Improved Blizzard,1,0,0,464,0,0,0,0,0,0,0,0.0,,-1,"{""amplitude"": 0, ""apply_aura"": 112, ""base_points"": 0, ""chain_targets"": 0, ""die_sides"": 1, ""implicit_target_a"": 1, ""implicit_target_b"": 0, ""mechanic"": 0, ""misc_value"": 836, ""points_per_level"": 0.0, ""radius_yards"": null, ""trigger_spell"": 0, ""type"": 6}","{""amplitude"": 0, ""apply_aura"": 108, ""base_points"": -11, ""chain_targets"": 0, ""die_sides"": 1, ""implicit_target_a"": 1, ""implicit_target_b"": 0, ""mechanic"": 0, ""misc_value"": 14, ""points_per_level"": 0.0, ""radius_yards"": null, ""trigger_spell"": 0, ""type"": 6}","{""amplitude"": 0, ""apply_aura"": 108, ""base_points"": -13, ""chain_targets"": 0, ""die_sides"": 1, ""implicit_target_a"": 1, ""implicit_target_b"": 0, ""mechanic"": 0, ""misc_value"": 19, ""points_per_level"": 0.0, ""radius_yards"": null, ""trigger_spell"": 0, ""type"": 6}",285,,,"{""AuraDescription_Lang_Mask"": 16712188, ""CastingTimeIndex"": 1, ""Description_Lang_Mask"": 16712190, ""Description_Lang_enUS"": ""Adds a chill effect to your Blizzard spell.  This effect lowers the target's movement speed by $12484s1%.  Lasts $12484d.  Also reduces the mana cost of Blizzard by $s2% and its periodic interval by $s3%."", ""EffectChainAmplitude_1"": 1.0, ""EffectChainAmplitude_2"": 1.0, ""EffectChainAmplitude_3"": 1.0, ""EffectItemType_1"": 128, ""EffectSpellClassMaskA_1"": 128, ""EffectSpellClassMaskA_2"": 524416, ""EffectSpellClassMaskA_3"": 524416, ""EquippedItemClass"": -1, ""NameSubtext_Lang_Mask"": 16712190, ""NameSubtext_Lang_enUS"": ""Rank 1"", ""Name_Lang_Mask"": 16712190, ""ProcChance"": 101, ""RangeIndex"": 1, ""SpellClassSet"": 3, ""SpellLevel"": 1, ""SpellPriority"": 50}",pulled from existing data
11189,Frost Warding,1,0,0,208,0,0,0,0,0,0,0,0.0,,,"{""amplitude"": 0, ""apply_aura"": 108, ""base_points"": 24, ""chain_targets"": 0, ""die_sides"": 1, ""implicit_target_a"": 1, ""implicit_target_b"": 0, ""mechanic"": 0, ""misc_value"": 8, ""points_per_level"": 0.0, ""radius_yards"": null, ""trigger_spell"": 0, ""type"": 6}","{""amplitude"": 0, ""apply_aura"": 0, ""base_points"": 14, ""chain_targets"": 0, ""die_sides"": 1, ""implicit_target_a"": 0, ""implicit_target_b"": 0, ""mechanic"": 0, ""misc_value"": 0, ""points_per_level"": 0.0, ""radius_yards"": null, ""trigger_spell"": 0, ""type"": 3}",,501,,,"{""AuraDescription_Lang_Mask"": 16712188, ""CastingTimeIndex"": 1, ""Description_Lang_Mask"": 16712190, ""Description_Lang_enUS"": ""Increases the armor and resistances given by your Frost Armor and Ice Armor spells by $s1%.  In addition, gives your Frost Ward and Fire Ward a $s2% chance to negate the warded damage spell and restore mana equal to the damage caused. |cFF9D9D9DAt max rank, while Frost Armor or Ice Armor is active, physical damage taken is reduced by an additional 20%.|r"", ""EffectChainAmplitude_1"": 1.0, ""EffectChainAmplitude_2"": 1.0, ""EffectChainAmplitude_3"": 1.0, ""EffectSpellClassMaskA_1"": 33554432, ""EquippedItemClass"": -1, ""NameSubtext_Lang_Mask"": 16712190, ""NameSubtext_Lang_enUS"": ""Rank 1"", ""Name_Lang_Mask"": 16712190, ""ProcChance"": 101, ""RangeIndex"": 1, ""SpellClassSet"": 3, ""SpellLevel"": 1, ""SpellPriority"": 50}",pulled from existing data
11190,Improved Cone of Cold,1,0,0,262352,0,0,0,0,0,0,0,0.0,,,"{""amplitude"": 0, ""apply_aura"": 108, ""base_points"": 19, ""chain_targets"": 0, ""die_sides"": 1, ""implicit_target_a"": 1, ""implicit_target_b"": 0, ""mechanic"": 0, ""misc_value"": 0, ""points_per_level"": 0.0, ""radius_yards"": null, ""trigger_spell"": 0, ""type"": 6}","{""amplitude"": 0, ""apply_aura"": 42, ""base_points"": 0, ""chain_targets"": 0, ""die_sides"": 1, ""implicit_target_a"": 1, ""implicit_target_b"": 0, ""mechanic"": 0, ""misc_value"": 0, ""points_per_level"": 0.0, ""radius_yards"": null, ""trigger_spell"": 74396, ""type"": 6}",,35,,,"{""AuraDescription_Lang_Mask"": 16712188, ""CastingTimeIndex"": 1, ""Description_Lang_Mask"": 16712190, ""Description_Lang_enUS"": ""Increases the damage dealt by your Cone of Cold spell by $s1%, and gives it a $h% chance to grant Fingers of Frost. |cFF9D9D9DAt max rank, after casting Cone of Cold, your Blizzard channels twice as fast.|r"", ""EffectChainAmplitude_1"": 1.0, ""EffectChainAmplitude_2"": 1.0, ""EffectChainAmplitude_3"": 1.0, ""EffectItemType_1"": 512, ""EffectSpellClassMaskA_1"": 512, ""EquippedItemClass"": -1, ""NameSubtext_Lang_Mask"": 16712190, ""NameSubtext_Lang_enUS"": ""Rank 1"", ""Name_Lang_Mask"": 16712190, ""ProcChance"": 33, ""RangeIndex"": 1, ""SpellClassSet"": 3, ""SpellLevel"": 1, ""SpellPriority"": 50, ""ProcTypeMask"": 65536, ""EffectSpellClassMaskA_2"": 512}","Frost Mage rework (docs/frost-mage-redesign.md sec 4 Row 6, Improved Cone of Cold). effect1 (dmg%) kept the pulled data's mechanic/scope (ADD_PCT_MODIFIER, SPELLMOD_DAMAGE, classmask already Cone-of-Cold-only) but retuned 14/24/34 -> 19/39/59 (stored+1 = 20/40/60%, spec's value; old data was a stale/different tuning). effect2 (new, all 3 ranks): FoF-chance-on-hit, same shape as Improved Blizzard's own FoF grant -- native PROC_TRIGGER_SPELL straight to the Fingers of Frost charge spell (74396), 33/66/100% (literal, not stored+1 -- ProcChance convention). "
11207,Ice Shards,16,0,0,464,0,0,0,0,0,0,0,0.0,,,"{""amplitude"": 0, ""apply_aura"": 108, ""base_points"": 39, ""chain_targets"": 0, ""die_sides"": 1, ""implicit_target_a"": 1, ""implicit_target_b"": 0, ""mechanic"": 0, ""misc_value"": 15, ""points_per_level"": 0.0, ""radius_yards"": null, ""trigger_spell"": 0, ""type"": 6}",,,1236,,,"{""AuraDescription_Lang_Mask"": 16712188, ""CastingTimeIndex"": 1, ""Description_Lang_Mask"": 16712190, ""Description_Lang_enUS"": ""Increases the critical strike damage bonus of your Frost spells by $s1%. |cFF9D9D9DAt max rank, increases damage against frozen targets by 6%.|r"", ""EffectChainAmplitude_1"": 1.0, ""EffectChainAmplitude_2"": 1.0, ""EffectChainAmplitude_3"": 1.0, ""EffectSpellClassMaskA_1"": 131808, ""EffectSpellClassMaskA_2"": 1052672, ""EffectSpellClassMaskA_3"": 32, ""EquippedItemClass"": -1, ""NameSubtext_Lang_Mask"": 16712190, ""NameSubtext_Lang_enUS"": ""Rank 1"", ""Name_Lang_Mask"": 16712190, ""ProcChance"": 101, ""RangeIndex"": 1, ""SpellClassSet"": 3, ""SpellLevel"": 1, ""SpellPriority"": 50}",pulled from existing data
11210,Arcane Subtlety,64,0,0,464,0,0,0,0,0,0,0,0.0,,,"{""amplitude"": 0, ""apply_aura"": 10, ""base_points"": -21, ""chain_targets"": 0, ""die_sides"": 1, ""implicit_target_a"": 1, ""implicit_target_b"": 0, ""mechanic"": 0, ""misc_value"": 64, ""points_per_level"": 0.0, ""radius_yards"": null, ""trigger_spell"": 0, ""type"": 6}","{""amplitude"": 0, ""apply_aura"": 107, ""base_points"": 14, ""chain_targets"": 0, ""die_sides"": 1, ""implicit_target_a"": 1, ""implicit_target_b"": 0, ""mechanic"": 0, ""misc_value"": 28, ""points_per_level"": 0.0, ""radius_yards"": null, ""trigger_spell"": 0, ""type"": 6}",,74,,,"{""AuraDescription_Lang_Mask"": 16712188, ""CastingTimeIndex"": 1, ""Description_Lang_Mask"": 16712190, ""Description_Lang_enUS"": ""Reduces the chance your helpful spells and damage over time effects will be dispelled by $s2% and reduces the threat caused by your Arcane spells by $s1%."", ""EffectChainAmplitude_1"": 1.0, ""EffectChainAmplitude_2"": 1.0, ""EffectChainAmplitude_3"": 1.0, ""EffectSpellClassMaskB_3"": 8, ""EquippedItemClass"": -1, ""NameSubtext_Lang_Mask"": 16712190, ""NameSubtext_Lang_enUS"": ""Rank 1"", ""Name_Lang_Mask"": 16712190, ""ProcChance"": 101, ""RangeIndex"": 1, ""SpellClassSet"": 3, ""SpellLevel"": 1, ""SpellPriority"": 50}",pulled from existing data
11213,Arcane Concentration,64,0,0,464,0,0,0,0,0,0,0,0.0,,,"{""amplitude"": 0, ""apply_aura"": 42, ""base_points"": -1, ""chain_targets"": 0, ""die_sides"": 1, ""implicit_target_a"": 1, ""implicit_target_b"": 0, ""mechanic"": 0, ""misc_value"": 0, ""points_per_level"": 0.0, ""radius_yards"": null, ""trigger_spell"": 12536, ""type"": 6}",,,212,,,"{""AttributesEx2"": 8388608, ""AttributesEx3"": 67108864, ""AuraDescription_Lang_Mask"": 16712188, ""CastingTimeIndex"": 1, ""Description_Lang_Mask"": 16712190, ""Description_Lang_enUS"": ""Gives you a $h% chance of entering a Clearcasting state after any damage spell hits a target.  The Clearcasting state reduces the mana cost of your next damage spell by $/10;12536s1%."", ""EffectChainAmplitude_1"": 1.0, ""EffectChainAmplitude_2"": 1.0, ""EffectChainAmplitude_3"": 1.0, ""EffectSpellClassMaskB_1"": 128, ""EquippedItemClass"": -1, ""ImplicitTargetA_2"": 1, ""NameSubtext_Lang_Mask"": 16712190, ""NameSubtext_Lang_enUS"": ""Rank 1"", ""Name_Lang_Mask"": 16712190, ""ProcChance"": 2, ""ProcTypeMask"": 87376, ""RangeIndex"": 1, ""SpellClassSet"": 3, ""SpellLevel"": 1, ""SpellPriority"": 50}",pulled from existing data
11222,Arcane Focus,64,0,0,464,0,0,0,0,0,0,0,0.0,,,"{""amplitude"": 0, ""apply_aura"": 107, ""base_points"": 0, ""chain_targets"": 0, ""die_sides"": 1, ""implicit_target_a"": 1, ""implicit_target_b"": 0, ""mechanic"": 0, ""misc_value"": 16, ""points_per_level"": 0.0, ""radius_yards"": null, ""trigger_spell"": 0, ""type"": 6}","{""amplitude"": 0, ""apply_aura"": 72, ""base_points"": -2, ""chain_targets"": 0, ""die_sides"": 1, ""implicit_target_a"": 1, ""implicit_target_b"": 0, ""mechanic"": 0, ""misc_value"": 64, ""points_per_level"": 0.0, ""radius_yards"": null, ""trigger_spell"": 0, ""type"": 6}",,52,,,"{""AuraDescription_Lang_Mask"": 16712188, ""CastingTimeIndex"": 1, ""Description_Lang_Mask"": 16712190, ""Description_Lang_enUS"": ""Increases your chance to hit and reduces the mana cost of your Arcane spells by $s1%."", ""EffectChainAmplitude_1"": 1.0, ""EffectChainAmplitude_2"": 1.0, ""EffectChainAmplitude_3"": 1.0, ""EffectMiscValueB_2"": 1, ""EffectSpellClassMaskA_1"": 2703249408, ""EffectSpellClassMaskA_2"": 32784, ""EquippedItemClass"": -1, ""NameSubtext_Lang_Mask"": 16712190, ""NameSubtext_Lang_enUS"": ""Rank 1"", ""Name_Lang_Mask"": 16712190, ""ProcChance"": 101, ""RangeIndex"": 1, ""SpellClassSet"": 3, ""SpellLevel"": 1, ""SpellPriority"": 50}",pulled from existing data
11237,Arcane Stability,1,0,0,464,0,0,0,0,0,0,0,0.0,,,"{""amplitude"": 0, ""apply_aura"": 108, ""base_points"": 19, ""chain_targets"": 0, ""die_sides"": 1, ""implicit_target_a"": 1, ""implicit_target_b"": 0, ""mechanic"": 0, ""misc_value"": 9, ""points_per_level"": 0.0, ""radius_yards"": null, ""trigger_spell"": 0, ""type"": 6}",,,225,,,"{""AuraDescription_Lang_Mask"": 16712188, ""CastingTimeIndex"": 1, ""Description_Lang_Mask"": 16712190, ""Description_Lang_enUS"": ""Reduces the pushback suffered from damaging attacks while casting Arcane Missiles and Arcane Blast by $s1%."", ""EffectChainAmplitude_1"": 1.0, ""EffectChainAmplitude_2"": 1.0, ""EffectChainAmplitude_3"": 1.0, ""EffectSpellClassMaskA_1"": 536872960, ""EquippedItemClass"": -1, ""NameSubtext_Lang_Mask"": 16712190, ""NameSubtext_Lang_enUS"": ""Rank 1"", ""Name_Lang_Mask"": 16712190, ""ProcChance"": 101, ""RangeIndex"": 1, ""SpellClassSet"": 3, ""SpellLevel"": 1, ""SpellPriority"": 50}",pulled from existing data
11242,Spell Impact,1,0,0,464,0,0,0,0,0,0,0,0.0,,,"{""amplitude"": 0, ""apply_aura"": 108, ""base_points"": 1, ""chain_targets"": 0, ""die_sides"": 1, ""implicit_target_a"": 1, ""implicit_target_b"": 0, ""mechanic"": 0, ""misc_value"": 0, ""points_per_level"": 0.0, ""radius_yards"": null, ""trigger_spell"": 0, ""type"": 6}",,,122,,,"{""AuraDescription_Lang_Mask"": 16712188, ""CastingTimeIndex"": 1, ""Description_Lang_Mask"": 16712190, ""Description_Lang_enUS"": ""Increases the damage of your Arcane Explosion, Arcane Blast, Blast Wave, Fire Blast, Scorch, Fireball, Ice Lance and Cone of Cold spells by an additional $s1%."", ""EffectChainAmplitude_1"": 1.0, ""EffectChainAmplitude_2"": 1.0, ""EffectChainAmplitude_3"": 1.0, ""EffectSpellClassMaskA_1"": 537006611, ""EffectSpellClassMaskA_2"": 64, ""EquippedItemClass"": -1, ""NameSubtext_Lang_Mask"": 16712190, ""NameSubtext_Lang_enUS"": ""Rank 1"", ""Name_Lang_Mask"": 16712190, ""ProcChance"": 101, ""RangeIndex"": 1, ""SpellClassSet"": 3, ""SpellLevel"": 1, ""SpellPriority"": 50}",pulled from existing data
11247,Magic Attunement,1,0,0,262352,0,0,0,0,0,0,0,0.0,,,"{""amplitude"": 0, ""apply_aura"": 108, ""base_points"": 24, ""chain_targets"": 0, ""die_sides"": 1, ""implicit_target_a"": 1, ""implicit_target_b"": 0, ""mechanic"": 0, ""misc_value"": 8, ""points_per_level"": 0.0, ""radius_yards"": null, ""trigger_spell"": 0, ""type"": 6}","{""amplitude"": 0, ""apply_aura"": 107, ""base_points"": 2, ""chain_targets"": 0, ""die_sides"": 1, ""implicit_target_a"": 1, ""implicit_target_b"": 0, ""mechanic"": 0, ""misc_value"": 5, ""points_per_level"": 0.0, ""radius_yards"": null, ""trigger_spell"": 0, ""type"": 6}",,263,,,"{""AuraDescription_Lang_Mask"": 16712188, ""CastingTimeIndex"": 1, ""Description_Lang_Mask"": 16712190, ""Description_Lang_enUS"": ""Increases the range of your Arcane spells by $s2 yards and the effect of your Amplify Magic and Dampen Magic spells by $s1%."", ""EffectChainAmplitude_1"": 1.0, ""EffectChainAmplitude_2"": 1.0, ""EffectChainAmplitude_3"": 1.0, ""EffectSpellClassMaskA_1"": 8192, ""EffectSpellClassMaskB_1"": 2701159424, ""EffectSpellClassMaskB_2"": 32784, ""EquippedItemClass"": -1, ""NameSubtext_Lang_Mask"": 16712190, ""NameSubtext_Lang_enUS"": ""Rank 1"", ""Name_Lang_Mask"": 16712190, ""ProcChance"": 101, ""RangeIndex"": 1, ""SpellClassSet"": 3, ""SpellLevel"": 1, ""SpellPriority"": 50}",pulled from existing data
11252,Arcane Shielding,1,0,0,262352,0,0,0,0,0,0,0,0.0,,,"{""amplitude"": 0, ""apply_aura"": 108, ""base_points"": -18, ""chain_targets"": 0, ""die_sides"": 1, ""implicit_target_a"": 1, ""implicit_target_b"": 0, ""mechanic"": 0, ""misc_value"": 27, ""points_per_level"": 0.0, ""radius_yards"": null, ""trigger_spell"": 0, ""type"": 6}","{""amplitude"": 0, ""apply_aura"": 108, ""base_points"": 24, ""chain_targets"": 0, ""die_sides"": 1, ""implicit_target_a"": 1, ""implicit_target_b"": 0, ""mechanic"": 0, ""misc_value"": 3, ""points_per_level"": 0.0, ""radius_yards"": null, ""trigger_spell"": 0, ""type"": 6}",,209,,,"{""AuraDescription_Lang_Mask"": 16712188, ""CastingTimeIndex"": 1, ""Description_Lang_Mask"": 16712190, ""Description_Lang_enUS"": ""Decreases the mana lost per point of damage taken when Mana Shield is active by $s1% and increases the resistances granted by Mage Armor by $s2%."", ""EffectChainAmplitude_1"": 1.0, ""EffectChainAmplitude_2"": 1.0, ""EffectChainAmplitude_3"": 1.0, ""EffectSpellClassMaskA_1"": 32768, ""EffectSpellClassMaskB_1"": 268435456, ""EquippedItemClass"": -1, ""NameSubtext_Lang_Mask"": 16712190, ""NameSubtext_Lang_enUS"": ""Rank 1"", ""Name_Lang_Mask"": 16712190, ""ProcChance"": 101, ""RangeIndex"": 1, ""SpellClassSet"": 3, ""SpellLevel"": 1, ""SpellPriority"": 50}",pulled from existing data
11255,Improved Counterspell,1,0,0,464,0,0,0,0,0,0,0,0.0,,,"{""amplitude"": 0, ""apply_aura"": 42, ""base_points"": -1, ""chain_targets"": 0, ""die_sides"": 1, ""implicit_target_a"": 1, ""implicit_target_b"": 0, ""mechanic"": 0, ""misc_value"": 0, ""points_per_level"": 0.0, ""radius_yards"": null, ""trigger_spell"": 18469, ""type"": 6}",,,17,,,"{""AttributesEx3"": 524288, ""AuraDescription_Lang_Mask"": 16712188, ""CastingTimeIndex"": 1, ""Description_Lang_Mask"": 16712190, ""Description_Lang_enUS"": ""Your Counterspell also silences the target for $18469d."", ""EffectChainAmplitude_1"": 1.0, ""EffectChainAmplitude_2"": 1.0, ""EffectChainAmplitude_3"": 1.0, ""EquippedItemClass"": -1, ""NameSubtext_Lang_Mask"": 16712190, ""NameSubtext_Lang_enUS"": ""Rank 1"", ""Name_Lang_Mask"": 16712190, ""ProcChance"": 100, ""ProcTypeMask"": 87376, ""RangeIndex"": 1, ""SpellClassSet"": 3, ""SpellLevel"": 1, ""SpellPriority"": 50}",pulled from existing data
11367,Critical Mass,4,0,0,464,0,0,0,0,0,0,0,0.0,,-1,"{""amplitude"": 0, ""apply_aura"": 71, ""base_points"": 3, ""chain_targets"": 0, ""die_sides"": 1, ""implicit_target_a"": 1, ""implicit_target_b"": 0, ""mechanic"": 0, ""misc_value"": 4, ""points_per_level"": 0.0, ""radius_yards"": null, ""trigger_spell"": 0, ""type"": 6}",,,117,,,"{""AuraDescription_Lang_Mask"": 16712188, ""CastingTimeIndex"": 1, ""Description_Lang_Mask"": 16712190, ""Description_Lang_enUS"": ""Increases the critical strike chance of your Fire spells by $s1%."", ""EffectChainAmplitude_1"": 1.0, ""EffectChainAmplitude_2"": 1.0, ""EffectChainAmplitude_3"": 1.0, ""EffectSpellClassMaskA_1"": 12582935, ""EffectSpellClassMaskA_2"": 8, ""EquippedItemClass"": -1, ""NameSubtext_Lang_Mask"": 16712190, ""NameSubtext_Lang_enUS"": ""Rank 2"", ""Name_Lang_Mask"": 16712190, ""ProcChance"": 101, ""RangeIndex"": 1, ""SpellClassSet"": 3, ""SpellLevel"": 2, ""SpellPriority"": 50}",pulled from existing data
11368,Critical Mass,4,0,0,464,0,0,0,0,0,0,0,0.0,,-1,"{""amplitude"": 0, ""apply_aura"": 71, ""base_points"": 5, ""chain_targets"": 0, ""die_sides"": 1, ""implicit_target_a"": 1, ""implicit_target_b"": 0, ""mechanic"": 0, ""misc_value"": 4, ""points_per_level"": 0.0, ""radius_yards"": null, ""trigger_spell"": 0, ""type"": 6}",,,117,,,"{""AuraDescription_Lang_Mask"": 16712188, ""CastingTimeIndex"": 1, ""Description_Lang_Mask"": 16712190, ""Description_Lang_enUS"": ""Increases the critical strike chance of your Fire spells by $s1%."", ""EffectChainAmplitude_1"": 1.0, ""EffectChainAmplitude_2"": 1.0, ""EffectChainAmplitude_3"": 1.0, ""EffectSpellClassMaskA_1"": 12582935, ""EffectSpellClassMaskA_2"": 8, ""EquippedItemClass"": -1, ""NameSubtext_Lang_Mask"": 16712190, ""NameSubtext_Lang_enUS"": ""Rank 3"", ""Name_Lang_Mask"": 16712190, ""ProcChance"": 101, ""RangeIndex"": 1, ""SpellClassSet"": 3, ""SpellLevel"": 2, ""SpellPriority"": 50}",pulled from existing data
11958,Cold Snap,16,0,0,327680,0,0,480000,0,0,0,0,0.0,,,"{""amplitude"": 0, ""apply_aura"": 0, ""base_points"": 0, ""chain_targets"": 0, ""die_sides"": 0, ""implicit_target_a"": 1, ""implicit_target_b"": 0, ""mechanic"": 0, ""misc_value"": 0, ""points_per_level"": 0.0, ""radius_yards"": null, ""trigger_spell"": 0, ""type"": 3}",,,133,,,"{""AuraDescription_Lang_Mask"": 16712190, ""BaseLevel"": 30, ""CastingTimeIndex"": 1, ""DefenseType"": 1, ""Description_Lang_Mask"": 16712190, ""Description_Lang_enUS"": ""When activated, this spell finishes the cooldown on all Frost spells you recently cast."", ""EffectChainAmplitude_1"": 1.0, ""EffectChainAmplitude_2"": 1.0, ""EffectChainAmplitude_3"": 1.0, ""EquippedItemClass"": -1, ""InterruptFlags"": 12, ""NameSubtext_Lang_Mask"": 16712188, ""Name_Lang_Mask"": 16712190, ""PreventionType"": 1, ""ProcChance"": 101, ""RangeIndex"": 1, ""SpellClassMask_2"": 4, ""SpellClassSet"": 3, ""SpellLevel"": 30, ""SpellPriority"": 50, ""SpellVisualID_1"": 2760}",pulled from existing data
12042,Arcane Power,64,1,0,327680,1151,0,120000,15000,0,0,0,0.0,,15000,"{""amplitude"": 0, ""apply_aura"": 108, ""base_points"": 19, ""chain_targets"": 0, ""die_sides"": 1, ""implicit_target_a"": 1, ""implicit_target_b"": 0, ""mechanic"": 0, ""misc_value"": 0, ""points_per_level"": 0.0, ""radius_yards"": null, ""trigger_spell"": 0, ""type"": 6}","{""amplitude"": 0, ""apply_aura"": 108, ""base_points"": 19, ""chain_targets"": 0, ""die_sides"": 1, ""implicit_target_a"": 1, ""implicit_target_b"": 0, ""mechanic"": 0, ""misc_value"": 14, ""points_per_level"": 0.0, ""radius_yards"": null, ""trigger_spell"": 0, ""type"": 6}","{""amplitude"": 0, ""apply_aura"": 108, ""base_points"": 19, ""chain_targets"": 0, ""die_sides"": 1, ""implicit_target_a"": 1, ""implicit_target_b"": 0, ""mechanic"": 0, ""misc_value"": 22, ""points_per_level"": 0.0, ""radius_yards"": null, ""trigger_spell"": 0, ""type"": 6}",62,,,"{""AuraDescription_Lang_Mask"": 16712190, ""AuraDescription_Lang_enUS"": ""Increased damage and mana cost for your spells."", ""CastingTimeIndex"": 1, ""DefenseType"": 1, ""Description_Lang_Mask"": 16712190, ""Description_Lang_enUS"": ""When activated, your spells deal $s1% more damage while costing $s2% more mana to cast.  This effect lasts $D."", ""EffectBonusMultiplier_3"": 1.0, ""EffectChainAmplitude_1"": 1.0, ""EffectChainAmplitude_2"": 1.0, ""EffectChainAmplitude_3"": 1.0, ""EffectSpellClassMaskA_1"": 685904631, ""EffectSpellClassMaskA_2"": 102472, ""EffectSpellClassMaskB_1"": 549591799, ""EffectSpellClassMaskB_2"": 168000, ""EffectSpellClassMaskC_1"": 4194437, ""EffectSpellClassMaskC_2"": 4096, ""EquippedItemClass"": -1, ""ExcludeCasterAuraSpell"": 12043, ""NameSubtext_Lang_Mask"": 16712188, ""Name_Lang_Mask"": 16712190, ""PreventionType"": 1, ""ProcChance"": 101, ""RangeIndex"": 1, ""SpellClassMask_2"": 524288, ""SpellClassMask_3"": 8, ""SpellClassSet"": 3, ""SpellLevel"": 1, ""SpellPriority"": 50, ""SpellVisualID_1"": 4370}",pulled from existing data
12043,Presence of Mind,1,1,0,33882112,1151,0,120000,1500,0,0,0,0.0,,-1,"{""amplitude"": 0, ""apply_aura"": 108, ""base_points"": -101, ""chain_targets"": 0, ""die_sides"": 1, ""implicit_target_a"": 1, ""implicit_target_b"": 0, ""mechanic"": 0, ""misc_value"": 10, ""points_per_level"": 0.0, ""radius_yards"": null, ""trigger_spell"": 0, ""type"": 6}",,,139,,,"{""AuraDescription_Lang_Mask"": 16712190, ""AuraDescription_Lang_enUS"": ""Your next Mage spell with a casting time less than 10 sec will be an instant cast spell."", ""CastingTimeIndex"": 1, ""DefenseType"": 1, ""Description_Lang_Mask"": 16712190, ""Description_Lang_enUS"": ""When activated, your next Mage spell with a casting time less than 10 sec becomes an instant cast spell."", ""EffectChainAmplitude_1"": 1.0, ""EffectChainAmplitude_2"": 1.0, ""EffectChainAmplitude_3"": 1.0, ""EffectSpellClassMaskA_1"": 1631584309, ""EffectSpellClassMaskA_2"": 4096, ""EquippedItemClass"": -1, ""ExcludeCasterAuraSpell"": 12042, ""InterruptFlags"": 12, ""NameSubtext_Lang_Mask"": 16712188, ""Name_Lang_Mask"": 16712190, ""PreventionType"": 1, ""ProcChance"": 100, ""ProcCharges"": 1, ""ProcTypeMask"": 87376, ""RangeIndex"": 1, ""SpellClassMask_2"": 32, ""SpellClassMask_3"": 8, ""SpellClassSet"": 3, ""SpellLevel"": 1, ""SpellPriority"": 50, ""SpellVisualID_1"": 4600}",pulled from existing data
12338,Improved Fireball,4,0,0,262608,0,0,0,0,0,0,0,0.0,,-1,"{""amplitude"": 0, ""apply_aura"": 107, ""base_points"": -201, ""chain_targets"": 0, ""die_sides"": 1, ""implicit_target_a"": 1, ""implicit_target_b"": 0, ""mechanic"": 0, ""misc_value"": 10, ""points_per_level"": 0.0, ""radius_yards"": null, ""trigger_spell"": 0, ""type"": 6}",,,185,,,"{""AuraDescription_Lang_Mask"": 16712188, ""CastingTimeIndex"": 1, ""Description_Lang_Mask"": 16712190, ""Description_Lang_enUS"": ""Reduces the casting time of your Fireball spell by $/1000;S1 sec."", ""EffectChainAmplitude_1"": 1.0, ""EffectChainAmplitude_2"": 1.0, ""EffectChainAmplitude_3"": 1.0, ""EffectSpellClassMaskA_1"": 1, ""EffectSpellClassMaskB_1"": 1, ""EquippedItemClass"": -1, ""ImplicitTargetA_2"": 1, ""NameSubtext_Lang_Mask"": 16712190, ""NameSubtext_Lang_enUS"": ""Rank 2"", ""Name_Lang_Mask"": 16712190, ""ProcChance"": 101, ""RangeIndex"": 1, ""SpellClassSet"": 3, ""SpellLevel"": 1, ""SpellPriority"": 50}",pulled from existing data
12339,Improved Fireball,4,0,0,262608,0,0,0,0,0,0,0,0.0,,-1,"{""amplitude"": 0, ""apply_aura"": 107, ""base_points"": -301, ""chain_targets"": 0, ""die_sides"": 1, ""implicit_target_a"": 1, ""implicit_target_b"": 0, ""mechanic"": 0, ""misc_value"": 10, ""points_per_level"": 0.0, ""radius_yards"": null, ""trigger_spell"": 0, ""type"": 6}",,,185,,,"{""AuraDescription_Lang_Mask"": 16712188, ""CastingTimeIndex"": 1, ""Description_Lang_Mask"": 16712190, ""Description_Lang_enUS"": ""Reduces the casting time of your Fireball spell by $/1000;S1 sec."", ""EffectChainAmplitude_1"": 1.0, ""EffectChainAmplitude_2"": 1.0, ""EffectChainAmplitude_3"": 1.0, ""EffectSpellClassMaskA_1"": 1, ""EffectSpellClassMaskB_1"": 1, ""EquippedItemClass"": -1, ""ImplicitTargetA_2"": 1, ""NameSubtext_Lang_Mask"": 16712190, ""NameSubtext_Lang_enUS"": ""Rank 3"", ""Name_Lang_Mask"": 16712190, ""ProcChance"": 101, ""RangeIndex"": 1, ""SpellClassSet"": 3, ""SpellLevel"": 1, ""SpellPriority"": 50}",pulled from existing data
12340,Improved Fireball,4,0,0,262608,0,0,0,0,0,0,0,0.0,,-1,"{""amplitude"": 0, ""apply_aura"": 107, ""base_points"": -401, ""chain_targets"": 0, ""die_sides"": 1, ""implicit_target_a"": 1, ""implicit_target_b"": 0, ""mechanic"": 0, ""misc_value"": 10, ""points_per_level"": 0.0, ""radius_yards"": null, ""trigger_spell"": 0, ""type"": 6}",,,185,,,"{""AuraDescription_Lang_Mask"": 16712188, ""CastingTimeIndex"": 1, ""Description_Lang_Mask"": 16712190, ""Description_Lang_enUS"": ""Reduces the casting time of your Fireball spell by $/1000;S1 sec."", ""EffectChainAmplitude_1"": 1.0, ""EffectChainAmplitude_2"": 1.0, ""EffectChainAmplitude_3"": 1.0, ""EffectSpellClassMaskA_1"": 1, ""EffectSpellClassMaskB_1"": 1, ""EquippedItemClass"": -1, ""ImplicitTargetA_2"": 1, ""NameSubtext_Lang_Mask"": 16712190, ""NameSubtext_Lang_enUS"": ""Rank 4"", ""Name_Lang_Mask"": 16712190, ""ProcChance"": 101, ""RangeIndex"": 1, ""SpellClassSet"": 3, ""SpellLevel"": 1, ""SpellPriority"": 50}",pulled from existing data
12341,Improved Fireball,4,0,0,262608,0,0,0,0,0,0,0,0.0,,-1,"{""amplitude"": 0, ""apply_aura"": 107, ""base_points"": -501, ""chain_targets"": 0, ""die_sides"": 1, ""implicit_target_a"": 1, ""implicit_target_b"": 0, ""mechanic"": 0, ""misc_value"": 10, ""points_per_level"": 0.0, ""radius_yards"": null, ""trigger_spell"": 0, ""type"": 6}",,,185,,,"{""AuraDescription_Lang_Mask"": 16712188, ""CastingTimeIndex"": 1, ""Description_Lang_Mask"": 16712190, ""Description_Lang_enUS"": ""Reduces the casting time of your Fireball spell by $/1000;S1 sec."", ""EffectChainAmplitude_1"": 1.0, ""EffectChainAmplitude_2"": 1.0, ""EffectChainAmplitude_3"": 1.0, ""EffectSpellClassMaskA_1"": 1, ""EffectSpellClassMaskB_1"": 1, ""EquippedItemClass"": -1, ""ImplicitTargetA_2"": 1, ""NameSubtext_Lang_Mask"": 16712190, ""NameSubtext_Lang_enUS"": ""Rank 5"", ""Name_Lang_Mask"": 16712190, ""ProcChance"": 101, ""RangeIndex"": 1, ""SpellClassSet"": 3, ""SpellLevel"": 1, ""SpellPriority"": 50}",pulled from existing data
12349,World in Flames,1,0,0,262352,0,0,0,0,0,0,0,0.0,,,"{""amplitude"": 0, ""apply_aura"": 107, ""base_points"": 3, ""chain_targets"": 0, ""die_sides"": 1, ""implicit_target_a"": 1, ""implicit_target_b"": 0, ""mechanic"": 0, ""misc_value"": 7, ""points_per_level"": 0.0, ""radius_yards"": null, ""trigger_spell"": 0, ""type"": 6}",,,2948,,,"{""AuraDescription_Lang_Mask"": 16712188, ""CastingTimeIndex"": 1, ""Description_Lang_Mask"": 16712190, ""Description_Lang_enUS"": ""Increases the critical strike chance of your Flamestrike, Pyroblast, Blast Wave, Dragon's Breath, Living Bomb, Blizzard and Arcane Explosion spells by $s1%."", ""EffectChainAmplitude_1"": 1.0, ""EffectChainAmplitude_2"": 1.0, ""EffectChainAmplitude_3"": 1.0, ""EffectSpellClassMaskA_1"": 12587140, ""EffectSpellClassMaskA_2"": 65600, ""EffectSpellClassMaskB_1"": 4, ""EquippedItemClass"": -1, ""NameSubtext_Lang_Mask"": 16712190, ""NameSubtext_Lang_enUS"": ""Rank 2"", ""Name_Lang_Mask"": 16712190, ""ProcChance"": 101, ""RangeIndex"": 1, ""SpellClassSet"": 3, ""SpellLevel"": 1, ""SpellPriority"": 50}",pulled from existing data
12350,World in Flames,1,0,0,262352,0,0,0,0,0,0,0,0.0,,,"{""amplitude"": 0, ""apply_aura"": 107, ""base_points"": 5, ""chain_targets"": 0, ""die_sides"": 1, ""implicit_target_a"": 1, ""implicit_target_b"": 0, ""mechanic"": 0, ""misc_value"": 7, ""points_per_level"": 0.0, ""radius_yards"": null, ""trigger_spell"": 0, ""type"": 6}",,,2948,,,"{""AuraDescription_Lang_Mask"": 16712188, ""CastingTimeIndex"": 1, ""Description_Lang_Mask"": 16712190, ""Description_Lang_enUS"": ""Increases the critical strike chance of your Flamestrike, Pyroblast, Blast Wave, Dragon's Breath, Living Bomb, Blizzard and Arcane Explosion spells by $s1%."", ""EffectChainAmplitude_1"": 1.0, ""EffectChainAmplitude_2"": 1.0, ""EffectChainAmplitude_3"": 1.0, ""EffectSpellClassMaskA_1"": 12587140, ""EffectSpellClassMaskA_2"": 65600, ""EffectSpellClassMaskB_1"": 4, ""EquippedItemClass"": -1, ""NameSubtext_Lang_Mask"": 16712190, ""NameSubtext_Lang_enUS"": ""Rank 3"", ""Name_Lang_Mask"": 16712190, ""ProcChance"": 101, ""RangeIndex"": 1, ""SpellClassSet"": 3, ""SpellLevel"": 1, ""SpellPriority"": 50}",pulled from existing data
12351,Burning Soul,4,0,0,262352,0,0,0,0,0,0,0,0.0,,,"{""amplitude"": 0, ""apply_aura"": 108, ""base_points"": 69, ""chain_targets"": 0, ""die_sides"": 1, ""implicit_target_a"": 1, ""implicit_target_b"": 0, ""mechanic"": 0, ""misc_value"": 9, ""points_per_level"": 0.0, ""radius_yards"": null, ""trigger_spell"": 0, ""type"": 6}","{""amplitude"": 0, ""apply_aura"": 10, ""base_points"": -21, ""chain_targets"": 0, ""die_sides"": 1, ""implicit_target_a"": 1, ""implicit_target_b"": 0, ""mechanic"": 0, ""misc_value"": 4, ""points_per_level"": 0.0, ""radius_yards"": null, ""trigger_spell"": 0, ""type"": 6}",,11,,,"{""AuraDescription_Lang_Mask"": 16712188, ""CastingTimeIndex"": 1, ""Description_Lang_Mask"": 16712190, ""Description_Lang_enUS"": ""Reduces the pushback suffered from damaging attacks while casting Fire spells by $s1% and reduces the threat caused by your Fire spells by $s2%."", ""EffectChainAmplitude_1"": 1.0, ""EffectChainAmplitude_2"": 1.0, ""EffectChainAmplitude_3"": 1.0, ""EffectSpellClassMaskA_1"": 4194325, ""EffectSpellClassMaskA_2"": 4096, ""EquippedItemClass"": -1, ""NameSubtext_Lang_Mask"": 16712190, ""NameSubtext_Lang_enUS"": ""Rank 2"", ""Name_Lang_Mask"": 16712190, ""ProcChance"": 101, ""RangeIndex"": 1, ""SpellClassSet"": 3, ""SpellLevel"": 1, ""SpellPriority"": 50}",pulled from existing data
12353,Flame Throwing,4,0,0,464,0,0,0,0,0,0,0,0.0,,,"{""amplitude"": 0, ""apply_aura"": 107, ""base_points"": 5, ""chain_targets"": 0, ""die_sides"": 1, ""implicit_target_a"": 1, ""implicit_target_b"": 0, ""mechanic"": 0, ""misc_value"": 5, ""points_per_level"": 0.0, ""radius_yards"": null, ""trigger_spell"": 0, ""type"": 6}",,,136,,,"{""AuraDescription_Lang_Mask"": 16712188, ""CastingTimeIndex"": 1, ""Description_Lang_Mask"": 16712190, ""Description_Lang_enUS"": ""Increases the range of all Fire spells except Frostfire Bolt by $s1 yards."", ""EffectChainAmplitude_1"": 1.0, ""EffectChainAmplitude_2"": 1.0, ""EffectChainAmplitude_3"": 1.0, ""EffectSpellClassMaskA_1"": 4194327, ""EffectSpellClassMaskA_2"": 131072, ""EquippedItemClass"": -1, ""NameSubtext_Lang_Mask"": 16712190, ""NameSubtext_Lang_enUS"": ""Rank 2"", ""Name_Lang_Mask"": 16712190, ""ProcChance"": 101, ""RangeIndex"": 1, ""SpellClassSet"": 3, ""SpellLevel"": 1, ""SpellPriority"": 50}",pulled from existing data
12357,Impact,4,0,0,464,0,0,0,0,0,0,0,0.0,,,"{""amplitude"": 0, ""apply_aura"": 42, ""base_points"": -1, ""chain_targets"": 0, ""die_sides"": 1, ""implicit_target_a"": 1, ""implicit_target_b"": 0, ""mechanic"": 0, ""misc_value"": 0, ""points_per_level"": 0.0, ""radius_yards"": null, ""trigger_spell"": 64343, ""type"": 6}",,,45,,,"{""AttributesEx"": 136, ""AttributesEx3"": 67108864, ""AuraDescription_Lang_Mask"": 16712188, ""CastingTimeIndex"": 1, ""Description_Lang_Mask"": 16712190, ""Description_Lang_enUS"": ""Gives your damaging spells a $h% chance to cause the next Fire Blast you cast to stun the target for $12355d."", ""EffectChainAmplitude_1"": 1.0, ""EffectChainAmplitude_2"": 1.0, ""EffectChainAmplitude_3"": 1.0, ""EquippedItemClass"": -1, ""NameSubtext_Lang_Mask"": 16712190, ""NameSubtext_Lang_enUS"": ""Rank 2"", ""Name_Lang_Mask"": 16712190, ""ProcChance"": 7, ""ProcTypeMask"": 65536, ""RangeIndex"": 1, ""SpellClassSet"": 3, ""SpellLevel"": 1, ""SpellPriority"": 50}",pulled from existing data
12358,Impact,4,0,0,464,0,0,0,0,0,0,0,0.0,,,"{""amplitude"": 0, ""apply_aura"": 42, ""base_points"": -1, ""chain_targets"": 0, ""die_sides"": 1, ""implicit_target_a"": 1, ""implicit_target_b"": 0, ""mechanic"": 0, ""misc_value"": 0, ""points_per_level"": 0.0, ""radius_yards"": null, ""trigger_spell"": 64343, ""type"": 6}",,,45,,,"{""AttributesEx"": 136, ""AttributesEx3"": 67108864, ""AuraDescription_Lang_Mask"": 16712188, ""CastingTimeIndex"": 1, ""Description_Lang_Mask"": 16712190, ""Description_Lang_enUS"": ""Gives your damaging spells a $h% chance to cause the next Fire Blast you cast to stun the target for $12355d."", ""EffectChainAmplitude_1"": 1.0, ""EffectChainAmplitude_2"": 1.0, ""EffectChainAmplitude_3"": 1.0, ""EquippedItemClass"": -1, ""NameSubtext_Lang_Mask"": 16712190, ""NameSubtext_Lang_enUS"": ""Rank 3"", ""Name_Lang_Mask"": 16712190, ""ProcChance"": 10, ""ProcTypeMask"": 65536, ""RangeIndex"": 1, ""SpellClassSet"": 3, ""SpellLevel"": 1, ""SpellPriority"": 50}",pulled from existing data
12378,Fire Power,4,0,0,464,0,0,0,0,0,0,0,0.0,,,"{""amplitude"": 0, ""apply_aura"": 108, ""base_points"": 3, ""chain_targets"": 0, ""die_sides"": 1, ""implicit_target_a"": 1, ""implicit_target_b"": 0, ""mechanic"": 0, ""misc_value"": 0, ""points_per_level"": 0.0, ""radius_yards"": null, ""trigger_spell"": 0, ""type"": 6}","{""amplitude"": 0, ""apply_aura"": 108, ""base_points"": 3, ""chain_targets"": 0, ""die_sides"": 1, ""implicit_target_a"": 1, ""implicit_target_b"": 0, ""mechanic"": 0, ""misc_value"": 22, ""points_per_level"": 0.0, ""radius_yards"": null, ""trigger_spell"": 0, ""type"": 6}",,31,,,"{""AuraDescription_Lang_Mask"": 16712188, ""CastingTimeIndex"": 1, ""Description_Lang_Mask"": 16712190, ""Description_Lang_enUS"": ""Increases the damage done by your Fire spells by $s1%."", ""EffectBonusMultiplier_2"": 1.0, ""EffectChainAmplitude_1"": 1.0, ""EffectChainAmplitude_2"": 1.0, ""EffectChainAmplitude_3"": 1.0, ""EffectSpellClassMaskA_1"": 12845079, ""EffectSpellClassMaskA_2"": 69704, ""EffectSpellClassMaskB_1"": 4194309, ""EffectSpellClassMaskB_2"": 135168, ""EquippedItemClass"": -1, ""NameSubtext_Lang_Mask"": 16712190, ""NameSubtext_Lang_enUS"": ""Rank 2"", ""Name_Lang_Mask"": 16712190, ""ProcChance"": 101, ""RangeIndex"": 1, ""SpellClassSet"": 3, ""SpellLevel"": 1, ""SpellPriority"": 50}",pulled from existing data
12398,Fire Power,4,0,0,464,0,0,0,0,0,0,0,0.0,,,"{""amplitude"": 0, ""apply_aura"": 108, ""base_points"": 5, ""chain_targets"": 0, ""die_sides"": 1, ""implicit_target_a"": 1, ""implicit_target_b"": 0, ""mechanic"": 0, ""misc_value"": 0, ""points_per_level"": 0.0, ""radius_yards"": null, ""trigger_spell"": 0, ""type"": 6}","{""amplitude"": 0, ""apply_aura"": 108, ""base_points"": 5, ""chain_targets"": 0, ""die_sides"": 1, ""implicit_target_a"": 1, ""implicit_target_b"": 0, ""mechanic"": 0, ""misc_value"": 22, ""points_per_level"": 0.0, ""radius_yards"": null, ""trigger_spell"": 0, ""type"": 6}",,31,,,"{""AuraDescription_Lang_Mask"": 16712188, ""CastingTimeIndex"": 1, ""Description_Lang_Mask"": 16712190, ""Description_Lang_enUS"": ""Increases the damage done by your Fire spells by $s1%."", ""EffectBonusMultiplier_2"": 1.0, ""EffectChainAmplitude_1"": 1.0, ""EffectChainAmplitude_2"": 1.0, ""EffectChainAmplitude_3"": 1.0, ""EffectSpellClassMaskA_1"": 12845079, ""EffectSpellClassMaskA_2"": 69704, ""EffectSpellClassMaskB_1"": 4194309, ""EffectSpellClassMaskB_2"": 135168, ""EquippedItemClass"": -1, ""NameSubtext_Lang_Mask"": 16712190, ""NameSubtext_Lang_enUS"": ""Rank 3"", ""Name_Lang_Mask"": 16712190, ""ProcChance"": 101, ""RangeIndex"": 1, ""SpellClassSet"": 3, ""SpellLevel"": 1, ""SpellPriority"": 50}",pulled from existing data
12399,Fire Power,4,0,0,464,0,0,0,0,0,0,0,0.0,,,"{""amplitude"": 0, ""apply_aura"": 108, ""base_points"": 7, ""chain_targets"": 0, ""die_sides"": 1, ""implicit_target_a"": 1, ""implicit_target_b"": 0, ""mechanic"": 0, ""misc_value"": 0, ""points_per_level"": 0.0, ""radius_yards"": null, ""trigger_spell"": 0, ""type"": 6}","{""amplitude"": 0, ""apply_aura"": 108, ""base_points"": 7, ""chain_targets"": 0, ""die_sides"": 1, ""implicit_target_a"": 1, ""implicit_target_b"": 0, ""mechanic"": 0, ""misc_value"": 22, ""points_per_level"": 0.0, ""radius_yards"": null, ""trigger_spell"": 0, ""type"": 6}",,31,,,"{""AuraDescription_Lang_Mask"": 16712188, ""CastingTimeIndex"": 1, ""Description_Lang_Mask"": 16712190, ""Description_Lang_enUS"": ""Increases the damage done by your Fire spells by $s1%."", ""EffectBonusMultiplier_2"": 1.0, ""EffectChainAmplitude_1"": 1.0, ""EffectChainAmplitude_2"": 1.0, ""EffectChainAmplitude_3"": 1.0, ""EffectSpellClassMaskA_1"": 12845079, ""EffectSpellClassMaskA_2"": 69704, ""EffectSpellClassMaskB_1"": 4194309, ""EffectSpellClassMaskB_2"": 135168, ""EquippedItemClass"": -1, ""NameSubtext_Lang_Mask"": 16712190, ""NameSubtext_Lang_enUS"": ""Rank 4"", ""Name_Lang_Mask"": 16712190, ""ProcChance"": 101, ""RangeIndex"": 1, ""SpellClassSet"": 3, ""SpellLevel"": 1, ""SpellPriority"": 50}",pulled from existing data
12400,Fire Power,4,0,0,464,0,0,0,0,0,0,0,0.0,,,"{""amplitude"": 0, ""apply_aura"": 108, ""base_points"": 9, ""chain_targets"": 0, ""die_sides"": 1, ""implicit_target_a"": 1, ""implicit_target_b"": 0, ""mechanic"": 0, ""misc_value"": 0, ""points_per_level"": 0.0, ""radius_yards"": null, ""trigger_spell"": 0, ""type"": 6}","{""amplitude"": 0, ""apply_aura"": 108, ""base_points"": 9, ""chain_targets"": 0, ""die_sides"": 1, ""implicit_target_a"": 1, ""implicit_target_b"": 0, ""mechanic"": 0, ""misc_value"": 22, ""points_per_level"": 0.0, ""radius_yards"": null, ""trigger_spell"": 0, ""type"": 6}",,31,,,"{""AuraDescription_Lang_Mask"": 16712188, ""CastingTimeIndex"": 1, ""Description_Lang_Mask"": 16712190, ""Description_Lang_enUS"": ""Increases the damage done by your Fire spells by $s1%."", ""EffectBonusMultiplier_2"": 1.0, ""EffectChainAmplitude_1"": 1.0, ""EffectChainAmplitude_2"": 1.0, ""EffectChainAmplitude_3"": 1.0, ""EffectSpellClassMaskA_1"": 12845079, ""EffectSpellClassMaskA_2"": 69704, ""EffectSpellClassMaskB_1"": 4194309, ""EffectSpellClassMaskB_2"": 135168, ""EquippedItemClass"": -1, ""NameSubtext_Lang_Mask"": 16712190, ""NameSubtext_Lang_enUS"": ""Rank 5"", ""Name_Lang_Mask"": 16712190, ""ProcChance"": 101, ""RangeIndex"": 1, ""SpellClassSet"": 3, ""SpellLevel"": 1, ""SpellPriority"": 50}",pulled from existing data
12463,Arcane Stability,1,0,0,464,0,0,0,0,0,0,0,0.0,,,"{""amplitude"": 0, ""apply_aura"": 108, ""base_points"": 39, ""chain_targets"": 0, ""die_sides"": 1, ""implicit_target_a"": 1, ""implicit_target_b"": 0, ""mechanic"": 0, ""misc_value"": 9, ""points_per_level"": 0.0, ""radius_yards"": null, ""trigger_spell"": 0, ""type"": 6}",,,225,,,"{""AuraDescription_Lang_Mask"": 16712188, ""CastingTimeIndex"": 1, ""Description_Lang_Mask"": 16712190, ""Description_Lang_enUS"": ""Reduces the pushback suffered from damaging attacks while casting Arcane Missiles and Arcane Blast by $s1%."", ""EffectChainAmplitude_1"": 1.0, ""EffectChainAmplitude_2"": 1.0, ""EffectChainAmplitude_3"": 1.0, ""EffectSpellClassMaskA_1"": 536872960, ""EquippedItemClass"": -1, ""NameSubtext_Lang_Mask"": 16712190, ""NameSubtext_Lang_enUS"": ""Rank 2"", ""Name_Lang_Mask"": 16712190, ""ProcChance"": 101, ""RangeIndex"": 1, ""SpellClassSet"": 3, ""SpellLevel"": 1, ""SpellPriority"": 50}",pulled from existing data
12464,Arcane Stability,1,0,0,464,0,0,0,0,0,0,0,0.0,,,"{""amplitude"": 0, ""apply_aura"": 108, ""base_points"": 59, ""chain_targets"": 0, ""die_sides"": 1, ""implicit_target_a"": 1, ""implicit_target_b"": 0, ""mechanic"": 0, ""misc_value"": 9, ""points_per_level"": 0.0, ""radius_yards"": null, ""trigger_spell"": 0, ""type"": 6}",,,225,,,"{""AuraDescription_Lang_Mask"": 16712188, ""CastingTimeIndex"": 1, ""Description_Lang_Mask"": 16712190, ""Description_Lang_enUS"": ""Reduces the pushback suffered from damaging attacks while casting Arcane Missiles and Arcane Blast by $s1%."", ""EffectChainAmplitude_1"": 1.0, ""EffectChainAmplitude_2"": 1.0, ""EffectChainAmplitude_3"": 1.0, ""EffectSpellClassMaskA_1"": 536872960, ""EquippedItemClass"": -1, ""NameSubtext_Lang_Mask"": 16712190, ""NameSubtext_Lang_enUS"": ""Rank 3"", ""Name_Lang_Mask"": 16712190, ""ProcChance"": 101, ""RangeIndex"": 1, ""SpellClassSet"": 3, ""SpellLevel"": 1, ""SpellPriority"": 50}",pulled from existing data
12467,Spell Impact,1,0,0,464,0,0,0,0,0,0,0,0.0,,,"{""amplitude"": 0, ""apply_aura"": 108, ""base_points"": 3, ""chain_targets"": 0, ""die_sides"": 1, ""implicit_target_a"": 1, ""implicit_target_b"": 0, ""mechanic"": 0, ""misc_value"": 0, ""points_per_level"": 0.0, ""radius_yards"": null, ""trigger_spell"": 0, ""type"": 6}",,,122,,,"{""AuraDescription_Lang_Mask"": 16712188, ""CastingTimeIndex"": 1, ""Description_Lang_Mask"": 16712190, ""Description_Lang_enUS"": ""Increases the damage of your Arcane Explosion, Arcane Blast, Blast Wave, Fire Blast, Scorch, Fireball, Ice Lance and Cone of Cold spells by an additional $s1%."", ""EffectChainAmplitude_1"": 1.0, ""EffectChainAmplitude_2"": 1.0, ""EffectChainAmplitude_3"": 1.0, ""EffectSpellClassMaskA_1"": 537006611, ""EffectSpellClassMaskA_2"": 64, ""EquippedItemClass"": -1, ""NameSubtext_Lang_Mask"": 16712190, ""NameSubtext_Lang_enUS"": ""Rank 2"", ""Name_Lang_Mask"": 16712190, ""ProcChance"": 101, ""RangeIndex"": 1, ""SpellClassSet"": 3, ""SpellLevel"": 1, ""SpellPriority"": 50}",pulled from existing data
12469,Spell Impact,1,0,0,464,0,0,0,0,0,0,0,0.0,,,"{""amplitude"": 0, ""apply_aura"": 108, ""base_points"": 5, ""chain_targets"": 0, ""die_sides"": 1, ""implicit_target_a"": 1, ""implicit_target_b"": 0, ""mechanic"": 0, ""misc_value"": 0, ""points_per_level"": 0.0, ""radius_yards"": null, ""trigger_spell"": 0, ""type"": 6}",,,122,,,"{""AuraDescription_Lang_Mask"": 16712188, ""CastingTimeIndex"": 1, ""Description_Lang_Mask"": 16712190, ""Description_Lang_enUS"": ""Increases the damage of your Arcane Explosion, Arcane Blast, Blast Wave, Fire Blast, Scorch, Fireball, Ice Lance and Cone of Cold spells by an additional $s1%."", ""EffectChainAmplitude_1"": 1.0, ""EffectChainAmplitude_2"": 1.0, ""EffectChainAmplitude_3"": 1.0, ""EffectSpellClassMaskA_1"": 537006611, ""EffectSpellClassMaskA_2"": 64, ""EquippedItemClass"": -1, ""NameSubtext_Lang_Mask"": 16712190, ""NameSubtext_Lang_enUS"": ""Rank 3"", ""Name_Lang_Mask"": 16712190, ""ProcChance"": 101, ""RangeIndex"": 1, ""SpellClassSet"": 3, ""SpellLevel"": 1, ""SpellPriority"": 50}",pulled from existing data
12472,Icy Veins,16,1,0,327680,0,0,180000,0,0,0,3,0.0,,20000,"{""amplitude"": 0, ""apply_aura"": 65, ""base_points"": 19, ""chain_targets"": 0, ""die_sides"": 1, ""implicit_target_a"": 1, ""implicit_target_b"": 0, ""mechanic"": 0, ""misc_value"": 127, ""points_per_level"": 0.0, ""radius_yards"": null, ""trigger_spell"": 0, ""type"": 6}","{""amplitude"": 0, ""apply_aura"": 108, ""base_points"": 99, ""chain_targets"": 0, ""die_sides"": 1, ""implicit_target_a"": 1, ""implicit_target_b"": 0, ""mechanic"": 0, ""misc_value"": 9, ""points_per_level"": 0.0, ""radius_yards"": null, ""trigger_spell"": 0, ""type"": 6}",,2162,,,"{""AuraDescription_Lang_Mask"": 16712190, ""AuraDescription_Lang_enUS"": ""Casting speed of all spells increased by $s1% and reduces pushback suffered by damaging attacks while casting by $s2%."", ""BaseLevel"": 20, ""CastingTimeIndex"": 1, ""DefenseType"": 1, ""Description_Lang_Mask"": 16712190, ""Description_Lang_enUS"": ""Hastens your spellcasting, increasing spell casting speed by $s1% and reduces the pushback suffered from damaging attacks while casting by $s2%.  Lasts $d."", ""EffectChainAmplitude_1"": 1.0, ""EffectChainAmplitude_2"": 1.0, ""EffectChainAmplitude_3"": 1.0, ""EffectSpellClassMaskB_1"": 1698695349, ""EffectSpellClassMaskB_2"": 528640, ""EquippedItemClass"": -1, ""InterruptFlags"": 8, ""NameSubtext_Lang_Mask"": 16712188, ""Name_Lang_Mask"": 16712190, ""PreventionType"": 1, ""ProcChance"": 101, ""RangeIndex"": 1, ""SpellClassMask_2"": 16384, ""SpellClassMask_3"": 8, ""SpellClassSet"": 3, ""SpellLevel"": 20, ""SpellPriority"": 50, ""SpellVisualID_1"": 10148}",pulled from existing data
12473,Improved Frostbolt,1,0,0,464,0,0,0,0,0,0,0,0.0,,-1,"{""amplitude"": 0, ""apply_aura"": 108, ""base_points"": 5, ""chain_targets"": 0, ""die_sides"": 1, ""implicit_target_a"": 1, ""implicit_target_b"": 0, ""mechanic"": 0, ""misc_value"": 0, ""points_per_level"": 0.0, ""radius_yards"": null, ""trigger_spell"": 0, ""type"": 6}",,,188,,,"{""AuraDescription_Lang_Mask"": 16712188, ""CastingTimeIndex"": 1, ""Description_Lang_Mask"": 16712190, ""Description_Lang_enUS"": ""Increases the damage of your Frostbolt and Ice Lance spells by $s1%."", ""EffectChainAmplitude_1"": 1.0, ""EffectChainAmplitude_2"": 1.0, ""EffectChainAmplitude_3"": 1.0, ""EffectSpellClassMaskA_1"": 131104, ""EquippedItemClass"": -1, ""NameSubtext_Lang_Mask"": 16712190, ""NameSubtext_Lang_enUS"": ""Rank 2"", ""Name_Lang_Mask"": 16712190, ""ProcChance"": 101, ""RangeIndex"": 1, ""SpellClassSet"": 3, ""SpellLevel"": 1, ""SpellPriority"": 50}",pulled from existing data
12487,Improved Blizzard,1,0,0,464,0,0,0,0,0,0,0,0.0,,-1,"{""amplitude"": 0, ""apply_aura"": 112, ""base_points"": 0, ""chain_targets"": 0, ""die_sides"": 1, ""implicit_target_a"": 1, ""implicit_target_b"": 0, ""mechanic"": 0, ""misc_value"": 988, ""points_per_level"": 0.0, ""radius_yards"": null, ""trigger_spell"": 0, ""type"": 6}","{""amplitude"": 0, ""apply_aura"": 108, ""base_points"": -21, ""chain_targets"": 0, ""die_sides"": 1, ""implicit_target_a"": 1, ""implicit_target_b"": 0, ""mechanic"": 0, ""misc_value"": 14, ""points_per_level"": 0.0, ""radius_yards"": null, ""trigger_spell"": 0, ""type"": 6}","{""amplitude"": 0, ""apply_aura"": 108, ""base_points"": -21, ""chain_targets"": 0, ""die_sides"": 1, ""implicit_target_a"": 1, ""implicit_target_b"": 0, ""mechanic"": 0, ""misc_value"": 19, ""points_per_level"": 0.0, ""radius_yards"": null, ""trigger_spell"": 0, ""type"": 6}",285,,,"{""AuraDescription_Lang_Mask"": 16712188, ""CastingTimeIndex"": 1, ""Description_Lang_Mask"": 16712190, ""Description_Lang_enUS"": ""Adds a chill effect to your Blizzard spell.  This effect lowers the target's movement speed by $12484s1%.  Lasts $12484d.  Also reduces the mana cost of Blizzard by $s2% and its periodic interval by $s3%."", ""EffectChainAmplitude_1"": 1.0, ""EffectChainAmplitude_2"": 1.0, ""EffectChainAmplitude_3"": 1.0, ""EffectItemType_1"": 128, ""EffectSpellClassMaskA_1"": 128, ""EffectSpellClassMaskA_2"": 524416, ""EffectSpellClassMaskA_3"": 524416, ""EquippedItemClass"": -1, ""NameSubtext_Lang_Mask"": 16712190, ""NameSubtext_Lang_enUS"": ""Rank 2"", ""Name_Lang_Mask"": 16712190, ""ProcChance"": 101, ""RangeIndex"": 1, ""SpellClassSet"": 3, ""SpellLevel"": 1, ""SpellPriority"": 50}",pulled from existing data
12488,Improved Blizzard,1,0,0,464,0,0,0,0,0,0,0,0.0,,-1,"{""amplitude"": 0, ""apply_aura"": 112, ""base_points"": 0, ""chain_targets"": 0, ""die_sides"": 1, ""implicit_target_a"": 1, ""implicit_target_b"": 0, ""mechanic"": 0, ""misc_value"": 989, ""points_per_level"": 0.0, ""radius_yards"": null, ""trigger_spell"": 0, ""type"": 6}","{""amplitude"": 0, ""apply_aura"": 108, ""base_points"": -31, ""chain_targets"": 0, ""die_sides"": 1, ""implicit_target_a"": 1, ""implicit_target_b"": 0, ""mechanic"": 0, ""misc_value"": 14, ""points_per_level"": 0.0, ""radius_yards"": null, ""trigger_spell"": 0, ""type"": 6}","{""amplitude"": 0, ""apply_aura"": 108, ""base_points"": -29, ""chain_targets"": 0, ""die_sides"": 1, ""implicit_target_a"": 1, ""implicit_target_b"": 0, ""mechanic"": 0, ""misc_value"": 19, ""points_per_level"": 0.0, ""radius_yards"": null, ""trigger_spell"": 0, ""type"": 6}",285,,,"{""AuraDescription_Lang_Mask"": 16712188, ""CastingTimeIndex"": 1, ""Description_Lang_Mask"": 16712190, ""Description_Lang_enUS"": ""Adds a chill effect to your Blizzard spell.  This effect lowers the target's movement speed by $12484s1%.  Lasts $12484d.  Also reduces the mana cost of Blizzard by $s2% and its periodic interval by $s3%."", ""EffectChainAmplitude_1"": 1.0, ""EffectChainAmplitude_2"": 1.0, ""EffectChainAmplitude_3"": 1.0, ""EffectItemType_1"": 128, ""EffectSpellClassMaskA_1"": 128, ""EffectSpellClassMaskA_2"": 524416, ""EffectSpellClassMaskA_3"": 524416, ""EquippedItemClass"": -1, ""NameSubtext_Lang_Mask"": 16712190, ""NameSubtext_Lang_enUS"": ""Rank 3"", ""Name_Lang_Mask"": 16712190, ""ProcChance"": 101, ""RangeIndex"": 1, ""SpellClassSet"": 3, ""SpellLevel"": 1, ""SpellPriority"": 50}",pulled from existing data
12489,Improved Cone of Cold,1,0,0,262352,0,0,0,0,0,0,0,0.0,,,"{""amplitude"": 0, ""apply_aura"": 108, ""base_points"": 39, ""chain_targets"": 0, ""die_sides"": 1, ""implicit_target_a"": 1, ""implicit_target_b"": 0, ""mechanic"": 0, ""misc_value"": 0, ""points_per_level"": 0.0, ""radius_yards"": null, ""trigger_spell"": 0, ""type"": 6}","{""amplitude"": 0, ""apply_aura"": 42, ""base_points"": 0, ""chain_targets"": 0, ""die_sides"": 1, ""implicit_target_a"": 1, ""implicit_target_b"": 0, ""mechanic"": 0, ""misc_value"": 0, ""points_per_level"": 0.0, ""radius_yards"": null, ""trigger_spell"": 74396, ""type"": 6}",,35,,,"{""AuraDescription_Lang_Mask"": 16712188, ""CastingTimeIndex"": 1, ""Description_Lang_Mask"": 16712190, ""Description_Lang_enUS"": ""Increases the damage dealt by your Cone of Cold spell by $s1%, and gives it a $h% chance to grant Fingers of Frost. |cFF9D9D9DAt max rank, after casting Cone of Cold, your Blizzard channels twice as fast.|r"", ""EffectChainAmplitude_1"": 1.0, ""EffectChainAmplitude_2"": 1.0, ""EffectChainAmplitude_3"": 1.0, ""EffectItemType_1"": 512, ""EffectSpellClassMaskA_1"": 512, ""EquippedItemClass"": -1, ""NameSubtext_Lang_Mask"": 16712190, ""NameSubtext_Lang_enUS"": ""Rank 2"", ""Name_Lang_Mask"": 16712190, ""ProcChance"": 66, ""RangeIndex"": 1, ""SpellClassSet"": 3, ""SpellLevel"": 1, ""SpellPriority"": 50, ""ProcTypeMask"": 65536, ""EffectSpellClassMaskA_2"": 512}","Frost Mage rework (docs/frost-mage-redesign.md sec 4 Row 6, Improved Cone of Cold). effect1 (dmg%) kept the pulled data's mechanic/scope (ADD_PCT_MODIFIER, SPELLMOD_DAMAGE, classmask already Cone-of-Cold-only) but retuned 14/24/34 -> 19/39/59 (stored+1 = 20/40/60%, spec's value; old data was a stale/different tuning). effect2 (new, all 3 ranks): FoF-chance-on-hit, same shape as Improved Blizzard's own FoF grant -- native PROC_TRIGGER_SPELL straight to the Fingers of Frost charge spell (74396), 33/66/100% (literal, not stored+1 -- ProcChance convention). "
12490,Improved Cone of Cold,1,0,0,262352,0,0,0,0,0,0,0,0.0,,,"{""amplitude"": 0, ""apply_aura"": 108, ""base_points"": 59, ""chain_targets"": 0, ""die_sides"": 1, ""implicit_target_a"": 1, ""implicit_target_b"": 0, ""mechanic"": 0, ""misc_value"": 0, ""points_per_level"": 0.0, ""radius_yards"": null, ""trigger_spell"": 0, ""type"": 6}","{""amplitude"": 0, ""apply_aura"": 42, ""base_points"": 0, ""chain_targets"": 0, ""die_sides"": 1, ""implicit_target_a"": 1, ""implicit_target_b"": 0, ""mechanic"": 0, ""misc_value"": 0, ""points_per_level"": 0.0, ""radius_yards"": null, ""trigger_spell"": 74396, ""type"": 6}","{""amplitude"": 0, ""apply_aura"": 42, ""base_points"": 0, ""chain_targets"": 0, ""die_sides"": 1, ""implicit_target_a"": 1, ""implicit_target_b"": 0, ""mechanic"": 0, ""misc_value"": 0, ""points_per_level"": 0.0, ""radius_yards"": null, ""trigger_spell"": 200020, ""type"": 6}",35,,,"{""AuraDescription_Lang_Mask"": 16712188, ""CastingTimeIndex"": 1, ""Description_Lang_Mask"": 16712190, ""Description_Lang_enUS"": ""Increases the damage dealt by your Cone of Cold spell by $s1%, and gives it a $h% chance to grant Fingers of Frost. After casting Cone of Cold, your Blizzard channels twice as fast."", ""EffectChainAmplitude_1"": 1.0, ""EffectChainAmplitude_2"": 1.0, ""EffectChainAmplitude_3"": 1.0, ""EffectItemType_1"": 512, ""EffectSpellClassMaskA_1"": 512, ""EquippedItemClass"": -1, ""NameSubtext_Lang_Mask"": 16712190, ""NameSubtext_Lang_enUS"": ""Rank 3"", ""Name_Lang_Mask"": 16712190, ""ProcChance"": 100, ""RangeIndex"": 1, ""SpellClassSet"": 3, ""SpellLevel"": 1, ""SpellPriority"": 50, ""ProcTypeMask"": 65536, ""EffectSpellClassMaskA_2"": 512, ""EffectSpellClassMaskA_3"": 512}","Frost Mage rework (docs/frost-mage-redesign.md sec 4 Row 6, Improved Cone of Cold). effect1 (dmg%) kept the pulled data's mechanic/scope (ADD_PCT_MODIFIER, SPELLMOD_DAMAGE, classmask already Cone-of-Cold-only) but retuned 14/24/34 -> 19/39/59 (stored+1 = 20/40/60%, spec's value; old data was a stale/different tuning). effect2 (new, all 3 ranks): FoF-chance-on-hit, same shape as Improved Blizzard's own FoF grant -- native PROC_TRIGGER_SPELL straight to the Fingers of Frost charge spell (74396), 33/66/100% (literal, not stored+1 -- ProcChance convention). effect3 (rank 3 only, capstone): 'your Blizzard channels twice as fast' after casting Cone of Cold -- a new buff (200020, ADD_PCT_MODIFIER/SPELLMOD_ACTIVATION_TIME -50%, classmask Blizzard-only, ProcCharges=1) auto-consumed by the native SpellMod charge system on the next Blizzard cast (Player::ApplySpellMod's charge-consumption path, no script needed) -- duration window (15 sec) is a first-pass assumption since the redesign text doesn't give one, flagged for playtest."
12496,Frostbite,16,0,0,464,0,0,0,0,0,0,0,0.0,,,"{""amplitude"": 0, ""apply_aura"": 42, ""base_points"": -1, ""chain_targets"": 0, ""die_sides"": 1, ""implicit_target_a"": 1, ""implicit_target_b"": 0, ""mechanic"": 0, ""misc_value"": 0, ""points_per_level"": 0.0, ""radius_yards"": null, ""trigger_spell"": 12494, ""type"": 6}",,,119,,,"{""AttributesEx3"": 67633152, ""AuraDescription_Lang_Mask"": 16712188, ""CastingTimeIndex"": 1, ""Description_Lang_Mask"": 16712190, ""Description_Lang_enUS"": ""Dealing direct Frost damage has a $s1% chance to freeze the target for $12494d.  The freeze breaks on damage. |cFF9D9D9D\n\nCapstone Bonus: Increases the damage of your Frost spells against frozen targets based on your Mastery.|r"", ""EffectBasePoints_2"": -1, ""EffectChainAmplitude_1"": 1.0, ""EffectChainAmplitude_2"": 1.0, ""EffectChainAmplitude_3"": 1.0, ""EffectDieSides_2"": 1, ""EffectSpellClassMaskA_2"": 4096, ""EffectSpellClassMaskB_2"": 4096, ""EquippedItemClass"": -1, ""NameSubtext_Lang_Mask"": 16712190, ""NameSubtext_Lang_enUS"": ""Rank 2"", ""Name_Lang_Mask"": 16712190, ""ProcChance"": 10, ""ProcTypeMask"": 65536, ""RangeIndex"": 1, ""SpellClassMask_2"": 512, ""SpellClassSet"": 3, ""SpellLevel"": 1, ""SpellPriority"": 50}",pulled from existing data
12497,Frostbite,16,0,0,464,0,0,0,0,0,0,0,0.0,,,"{""amplitude"": 0, ""apply_aura"": 42, ""base_points"": -1, ""chain_targets"": 0, ""die_sides"": 1, ""implicit_target_a"": 1, ""implicit_target_b"": 0, ""mechanic"": 0, ""misc_value"": 0, ""points_per_level"": 0.0, ""radius_yards"": null, ""trigger_spell"": 12494, ""type"": 6}","{""amplitude"": 0, ""apply_aura"": 4, ""base_points"": -1, ""chain_targets"": 0, ""die_sides"": 1, ""implicit_target_a"": 1, ""implicit_target_b"": 0, ""mechanic"": 0, ""misc_value"": 0, ""points_per_level"": 0.0, ""radius_yards"": null, ""trigger_spell"": 0, ""type"": 6}",,119,,,"{""AttributesEx3"": 67633152, ""AuraDescription_Lang_Mask"": 16712188, ""CastingTimeIndex"": 1, ""Description_Lang_Mask"": 16712190, ""Description_Lang_enUS"": ""Dealing direct Frost damage has a $s1% chance to freeze the target for $12494d.  The freeze breaks on damage. \n\nCapstone Bonus: Increases the damage of your Frost spells against frozen targets based on your Mastery."", ""EffectBasePoints_2"": -1, ""EffectChainAmplitude_1"": 1.0, ""EffectChainAmplitude_2"": 1.0, ""EffectChainAmplitude_3"": 1.0, ""EffectDieSides_2"": 1, ""EffectSpellClassMaskA_2"": 4096, ""EffectSpellClassMaskB_2"": 4096, ""EquippedItemClass"": -1, ""NameSubtext_Lang_Mask"": 16712190, ""NameSubtext_Lang_enUS"": ""Rank 3"", ""Name_Lang_Mask"": 16712190, ""ProcChance"": 15, ""ProcTypeMask"": 65536, ""RangeIndex"": 1, ""SpellClassMask_2"": 512, ""SpellClassSet"": 3, ""SpellLevel"": 1, ""SpellPriority"": 50}",pulled from existing data
12518,Frost Channeling,16,0,0,448,0,0,0,0,0,0,0,0.0,,,"{""amplitude"": 0, ""apply_aura"": 72, ""base_points"": -9, ""chain_targets"": 0, ""die_sides"": 1, ""implicit_target_a"": 1, ""implicit_target_b"": 0, ""mechanic"": 0, ""misc_value"": 16, ""points_per_level"": 0.0, ""radius_yards"": null, ""trigger_spell"": 0, ""type"": 6}","{""amplitude"": 0, ""apply_aura"": 10, ""base_points"": -11, ""chain_targets"": 0, ""die_sides"": 1, ""implicit_target_a"": 1, ""implicit_target_b"": 0, ""mechanic"": 0, ""misc_value"": 16, ""points_per_level"": 0.0, ""radius_yards"": null, ""trigger_spell"": 0, ""type"": 6}",,15,,,"{""AuraDescription_Lang_Mask"": 16712188, ""CastingTimeIndex"": 1, ""Description_Lang_Mask"": 16712190, ""Description_Lang_enUS"": ""Reduces the mana cost of your Frost spells and abilities by $s1% and reduces the threat caused by $s2%. |cFF9D9D9DAt max rank, killing an enemy that yields experience or honor with Frost damage restores 12% of your mana.|r"", ""EffectChainAmplitude_1"": 1.0, ""EffectChainAmplitude_2"": 1.0, ""EffectChainAmplitude_3"": 1.0, ""EffectMiscValueB_1"": 1, ""EffectSpellClassMaskA_1"": 655360, ""EffectSpellClassMaskA_2"": 2049, ""EquippedItemClass"": -1, ""NameSubtext_Lang_Mask"": 16712190, ""NameSubtext_Lang_enUS"": ""Rank 2"", ""Name_Lang_Mask"": 16712190, ""ProcChance"": 101, ""RangeIndex"": 1, ""SpellClassSet"": 3, ""SpellLevel"": 1, ""SpellPriority"": 50}",pulled from existing data
12519,Frost Channeling,16,0,0,448,0,0,0,0,0,0,0,0.0,,,"{""amplitude"": 0, ""apply_aura"": 72, ""base_points"": -13, ""chain_targets"": 0, ""die_sides"": 1, ""implicit_target_a"": 1, ""implicit_target_b"": 0, ""mechanic"": 0, ""misc_value"": 16, ""points_per_level"": 0.0, ""radius_yards"": null, ""trigger_spell"": 0, ""type"": 6}","{""amplitude"": 0, ""apply_aura"": 10, ""base_points"": -16, ""chain_targets"": 0, ""die_sides"": 1, ""implicit_target_a"": 1, ""implicit_target_b"": 0, ""mechanic"": 0, ""misc_value"": 16, ""points_per_level"": 0.0, ""radius_yards"": null, ""trigger_spell"": 0, ""type"": 6}","{""amplitude"": 0, ""apply_aura"": 4, ""base_points"": -1, ""chain_targets"": 0, ""die_sides"": 1, ""implicit_target_a"": 1, ""implicit_target_b"": 0, ""mechanic"": 0, ""misc_value"": 0, ""points_per_level"": 0.0, ""radius_yards"": null, ""trigger_spell"": 0, ""type"": 6}",15,,,"{""AuraDescription_Lang_Mask"": 16712188, ""CastingTimeIndex"": 1, ""Description_Lang_Mask"": 16712190, ""Description_Lang_enUS"": ""Reduces the mana cost of your Frost spells and abilities by $s1% and reduces the threat caused by $s2%.  Killing an enemy that yields experience or honor with Frost damage restores 12% of your mana."", ""EffectChainAmplitude_1"": 1.0, ""EffectChainAmplitude_2"": 1.0, ""EffectChainAmplitude_3"": 1.0, ""EffectMiscValueB_1"": 1, ""EffectSpellClassMaskA_1"": 655360, ""EffectSpellClassMaskA_2"": 2049, ""EquippedItemClass"": -1, ""NameSubtext_Lang_Mask"": 16712190, ""NameSubtext_Lang_enUS"": ""Rank 3"", ""Name_Lang_Mask"": 16712190, ""ProcChance"": 101, ""RangeIndex"": 1, ""SpellClassSet"": 3, ""SpellLevel"": 1, ""SpellPriority"": 50}",pulled from existing data
12569,Permafrost,1,0,0,262352,0,0,0,0,0,0,0,0.0,,,"{""amplitude"": 0, ""apply_aura"": 107, ""base_points"": 1999, ""chain_targets"": 0, ""die_sides"": 1, ""implicit_target_a"": 1, ""implicit_target_b"": 0, ""mechanic"": 0, ""misc_value"": 1, ""points_per_level"": 0.0, ""radius_yards"": null, ""trigger_spell"": 0, ""type"": 6}","{""amplitude"": 0, ""apply_aura"": 107, ""base_points"": -8, ""chain_targets"": 0, ""die_sides"": 1, ""implicit_target_a"": 1, ""implicit_target_b"": 0, ""mechanic"": 0, ""misc_value"": 3, ""points_per_level"": 0.0, ""radius_yards"": null, ""trigger_spell"": 0, ""type"": 6}",,143,,,"{""CastingTimeIndex"": 1, ""Description_Lang_Mask"": 16712190, ""Description_Lang_enUS"": ""Increases the duration of your Cone of Cold and Frostbolt slow effects by ${{$m1/1000}}.1 sec, and reduces the target's speed by an additional $s2%. Also affects Ice Armor's chilling effect. |cFF9D9D9DAt max rank: each 1 sec you spend moving grants Permafrost, increasing the damage of your next Ice Lance by 20%. Stacks up to 5 times.|r"", ""EffectChainAmplitude_1"": 1.0, ""EffectChainAmplitude_2"": 1.0, ""EffectChainAmplitude_3"": 1.0, ""EffectSpellClassMaskA_1"": 544, ""EffectSpellClassMaskB_1"": 544, ""EquippedItemClass"": -1, ""NameSubtext_Lang_Mask"": 16712190, ""NameSubtext_Lang_enUS"": ""Rank 2"", ""Name_Lang_Mask"": 16712190, ""ProcChance"": 101, ""RangeIndex"": 1, ""SpellClassSet"": 3, ""SpellLevel"": 1, ""SpellPriority"": 50}","Frost Mage rework (docs/frost-mage-redesign.md sec 4 Row 2, Permafrost). Base effect kept the pulled data's own numbers (already matched spec's 1/2/3 sec duration + 4/7/10% additional slow via the stored+1 convention) but rescoped from the old talent's actual shape -- a target-side debuff (duration/slow/heal-received-reduction applied to whoever the mage's Frostbolt/Cone of Cold/Frost Nova hit) -- to a caster-side SpellMod pair (SPELLMOD_DURATION + SPELLMOD_EFFECT1, classmask 544 = Frostbolt|Cone of Cold in word A) boosting the caster's own cast of those spells, matching every other 'duration+value modifier' talent this project has built (Arctic Reach, Chilled to the Bone). The old effect3 (SPELLMOD_EFFECT3, -8/-14/-21, confirmed via the Chilled npc-caster spells 6136/7321's own effect3 = SPELL_AURA_MOD_HEALING_PCT to be the dropped tooltip's 'reduces healing received' clause) is not in the new spec and was removed outright, not carried forward. 'Frost Shock' in the redesign's talent text was dropped per user decision (2026-08-24) -- not a real Mage spell (Shaman-only in this game), most likely a stray copy-paste word; scoped to Cone of Cold/Frostbolt/Ice Armor only. Ice Armor's own melee-reactive slow (6136 Frost Armor / 7321 Ice Armor's 'Chilled' trigger spells, npc.csv) has no SpellFamilyFlags of its own -- same classmask-unreachable shape as Frozen Orb hit this project before -- so it's boosted live in spell_mage_chilled (spell_mage.cpp) instead, same 'read the mage's own SpellMod amount and fold it in' idiom as spell_mage_frozen_orb_pulse's Chilled to the Bone fix. Capstone (rank 3 only): see effect3. Playtest bugfix (2026-08-27, user report - ""Permafrost reduces the effects of everything by 10%, not just move speed""): the SPELLMOD_EFFECT1 modifier's classmask (544, Frostbolt|Cone of Cold) was stored under EffectSpellClassMaskA_2, which the naming convention suggests is ""effect index 2's word A"" but which spell_dbc/DBCStructure.h actually reads as ""effect index 0(=A)'s word 2"" - dword-major, not effect-major, unlike every other _1/_2/_3-suffixed field in this schema. That left the real target, effect index 1's own classmask, all-zero, and SpellInfo::IsAffected treats an all-zero classmask as matching every spell in the family - so the -4/-7/-10% modifier applied unconditionally to EFFECT_0 of every mage spell (including Evocation's mana-restore %) instead of just Frostbolt/Cone of Cold. Fixed by moving the value to EffectSpellClassMaskB_1 (effect index 1(=B)'s word 1), which is what the engine actually reads for effect 1's classmask. See data/sql/updates/pending_db_world/rev_1787820084006262155.sql for the original diagnosis (that migration was a live DB-only patch of the affected rows; this is the matching source-of-truth fix so future full regenerations don't reintroduce it)."
12571,Permafrost,1,0,0,262352,0,0,0,0,0,0,0,0.0,,,"{""amplitude"": 0, ""apply_aura"": 107, ""base_points"": 2999, ""chain_targets"": 0, ""die_sides"": 1, ""implicit_target_a"": 1, ""implicit_target_b"": 0, ""mechanic"": 0, ""misc_value"": 1, ""points_per_level"": 0.0, ""radius_yards"": null, ""trigger_spell"": 0, ""type"": 6}","{""amplitude"": 0, ""apply_aura"": 107, ""base_points"": -11, ""chain_targets"": 0, ""die_sides"": 1, ""implicit_target_a"": 1, ""implicit_target_b"": 0, ""mechanic"": 0, ""misc_value"": 3, ""points_per_level"": 0.0, ""radius_yards"": null, ""trigger_spell"": 0, ""type"": 6}","{""amplitude"": 1000, ""apply_aura"": 226, ""base_points"": 0, ""chain_targets"": 0, ""die_sides"": 1, ""implicit_target_a"": 1, ""implicit_target_b"": 0, ""mechanic"": 0, ""misc_value"": 0, ""points_per_level"": 0.0, ""radius_yards"": null, ""trigger_spell"": 0, ""type"": 6}",143,,,"{""CastingTimeIndex"": 1, ""Description_Lang_Mask"": 16712190, ""Description_Lang_enUS"": ""Increases the duration of your Cone of Cold and Frostbolt slow effects by ${{$m1/1000}}.1 sec, and reduces the target's speed by an additional $s2%. Also affects Ice Armor's chilling effect. Each 1 sec you spend moving grants Permafrost, increasing the damage of your next Ice Lance by 20%. Stacks up to 5 times."", ""EffectChainAmplitude_1"": 1.0, ""EffectChainAmplitude_2"": 1.0, ""EffectChainAmplitude_3"": 1.0, ""EffectSpellClassMaskA_1"": 544, ""EffectSpellClassMaskB_1"": 544, ""EquippedItemClass"": -1, ""NameSubtext_Lang_Mask"": 16712190, ""NameSubtext_Lang_enUS"": ""Rank 3"", ""Name_Lang_Mask"": 16712190, ""ProcChance"": 101, ""RangeIndex"": 1, ""SpellClassSet"": 3, ""SpellLevel"": 1, ""SpellPriority"": 50}","Frost Mage rework (docs/frost-mage-redesign.md sec 4 Row 2, Permafrost). Base effect kept the pulled data's own numbers (already matched spec's 1/2/3 sec duration + 4/7/10% additional slow via the stored+1 convention) but rescoped from the old talent's actual shape -- a target-side debuff (duration/slow/heal-received-reduction applied to whoever the mage's Frostbolt/Cone of Cold/Frost Nova hit) -- to a caster-side SpellMod pair (SPELLMOD_DURATION + SPELLMOD_EFFECT1, classmask 544 = Frostbolt|Cone of Cold in word A) boosting the caster's own cast of those spells, matching every other 'duration+value modifier' talent this project has built (Arctic Reach, Chilled to the Bone). The old effect3 (SPELLMOD_EFFECT3, -8/-14/-21, confirmed via the Chilled npc-caster spells 6136/7321's own effect3 = SPELL_AURA_MOD_HEALING_PCT to be the dropped tooltip's 'reduces healing received' clause) is not in the new spec and was removed outright, not carried forward. 'Frost Shock' in the redesign's talent text was dropped per user decision (2026-08-24) -- not a real Mage spell (Shaman-only in this game), most likely a stray copy-paste word; scoped to Cone of Cold/Frostbolt/Ice Armor only. Ice Armor's own melee-reactive slow (6136 Frost Armor / 7321 Ice Armor's 'Chilled' trigger spells, npc.csv) has no SpellFamilyFlags of its own -- same classmask-unreachable shape as Frozen Orb hit this project before -- so it's boosted live in spell_mage_chilled (spell_mage.cpp) instead, same 'read the mage's own SpellMod amount and fold it in' idiom as spell_mage_frozen_orb_pulse's Chilled to the Bone fix. Capstone (rank 3 only): see effect3. Playtest bugfix (2026-08-27, user report - ""Permafrost reduces the effects of everything by 10%, not just move speed""): the SPELLMOD_EFFECT1 modifier's classmask (544, Frostbolt|Cone of Cold) was stored under EffectSpellClassMaskA_2, which the naming convention suggests is ""effect index 2's word A"" but which spell_dbc/DBCStructure.h actually reads as ""effect index 0(=A)'s word 2"" - dword-major, not effect-major, unlike every other _1/_2/_3-suffixed field in this schema. That left the real target, effect index 1's own classmask, all-zero, and SpellInfo::IsAffected treats an all-zero classmask as matching every spell in the family - so the -4/-7/-10% modifier applied unconditionally to EFFECT_0 of every mage spell (including Evocation's mana-restore %) instead of just Frostbolt/Cone of Cold. Fixed by moving the value to EffectSpellClassMaskB_1 (effect index 1(=B)'s word 1), which is what the engine actually reads for effect 1's classmask. See data/sql/updates/pending_db_world/rev_1787820084006262155.sql for the original diagnosis (that migration was a live DB-only patch of the affected rows; this is the matching source-of-truth fix so future full regenerations don't reintroduce it)."
12574,Arcane Concentration,64,0,0,464,0,0,0,0,0,0,0,0.0,,,"{""amplitude"": 0, ""apply_aura"": 42, ""base_points"": -1, ""chain_targets"": 0, ""die_sides"": 1, ""implicit_target_a"": 1, ""implicit_target_b"": 0, ""mechanic"": 0, ""misc_value"": 0, ""points_per_level"": 0.0, ""radius_yards"": null, ""trigger_spell"": 12536, ""type"": 6}",,,212,,,"{""AttributesEx2"": 8388608, ""AttributesEx3"": 67108864, ""AuraDescription_Lang_Mask"": 16712188, ""CastingTimeIndex"": 1, ""Description_Lang_Mask"": 16712190, ""Description_Lang_enUS"": ""Gives you a $h% chance of entering a Clearcasting state after any damage spell hits a target.  The Clearcasting state reduces the mana cost of your next damage spell by $/10;12536s1%."", ""EffectChainAmplitude_1"": 1.0, ""EffectChainAmplitude_2"": 1.0, ""EffectChainAmplitude_3"": 1.0, ""EffectSpellClassMaskB_1"": 128, ""EquippedItemClass"": -1, ""ImplicitTargetA_2"": 1, ""NameSubtext_Lang_Mask"": 16712190, ""NameSubtext_Lang_enUS"": ""Rank 2"", ""Name_Lang_Mask"": 16712190, ""ProcChance"": 4, ""ProcTypeMask"": 87376, ""RangeIndex"": 1, ""SpellClassSet"": 3, ""SpellLevel"": 1, ""SpellPriority"": 50}",pulled from existing data
12575,Arcane Concentration,64,0,0,464,0,0,0,0,0,0,0,0.0,,,"{""amplitude"": 0, ""apply_aura"": 42, ""base_points"": -1, ""chain_targets"": 0, ""die_sides"": 1, ""implicit_target_a"": 1, ""implicit_target_b"": 0, ""mechanic"": 0, ""misc_value"": 0, ""points_per_level"": 0.0, ""radius_yards"": null, ""trigger_spell"": 12536, ""type"": 6}",,,212,,,"{""AttributesEx2"": 8388608, ""AttributesEx3"": 67108864, ""AuraDescription_Lang_Mask"": 16712188, ""CastingTimeIndex"": 1, ""Description_Lang_Mask"": 16712190, ""Description_Lang_enUS"": ""Gives you a $h% chance of entering a Clearcasting state after any damage spell hits a target.  The Clearcasting state reduces the mana cost of your next damage spell by $/10;12536s1%."", ""EffectChainAmplitude_1"": 1.0, ""EffectChainAmplitude_2"": 1.0, ""EffectChainAmplitude_3"": 1.0, ""EffectSpellClassMaskB_1"": 128, ""EquippedItemClass"": -1, ""ImplicitTargetA_2"": 1, ""NameSubtext_Lang_Mask"": 16712190, ""NameSubtext_Lang_enUS"": ""Rank 3"", ""Name_Lang_Mask"": 16712190, ""ProcChance"": 6, ""ProcTypeMask"": 87376, ""RangeIndex"": 1, ""SpellClassSet"": 3, ""SpellLevel"": 1, ""SpellPriority"": 50}",pulled from existing data
12576,Arcane Concentration,64,0,0,464,0,0,0,0,0,0,0,0.0,,,"{""amplitude"": 0, ""apply_aura"": 42, ""base_points"": -1, ""chain_targets"": 0, ""die_sides"": 1, ""implicit_target_a"": 1, ""implicit_target_b"": 0, ""mechanic"": 0, ""misc_value"": 0, ""points_per_level"": 0.0, ""radius_yards"": null, ""trigger_spell"": 12536, ""type"": 6}",,,212,,,"{""AttributesEx2"": 8388608, ""AttributesEx3"": 67108864, ""AuraDescription_Lang_Mask"": 16712188, ""CastingTimeIndex"": 1, ""Description_Lang_Mask"": 16712190, ""Description_Lang_enUS"": ""Gives you a $h% chance of entering a Clearcasting state after any damage spell hits a target.  The Clearcasting state reduces the mana cost of your next damage spell by $/10;12536s1%."", ""EffectChainAmplitude_1"": 1.0, ""EffectChainAmplitude_2"": 1.0, ""EffectChainAmplitude_3"": 1.0, ""EffectSpellClassMaskB_1"": 128, ""EquippedItemClass"": -1, ""ImplicitTargetA_2"": 1, ""NameSubtext_Lang_Mask"": 16712190, ""NameSubtext_Lang_enUS"": ""Rank 4"", ""Name_Lang_Mask"": 16712190, ""ProcChance"": 8, ""ProcTypeMask"": 87376, ""RangeIndex"": 1, ""SpellClassSet"": 3, ""SpellLevel"": 1, ""SpellPriority"": 50}",pulled from existing data
12577,Arcane Concentration,64,0,0,464,0,0,0,0,0,0,0,0.0,,,"{""amplitude"": 0, ""apply_aura"": 42, ""base_points"": -1, ""chain_targets"": 0, ""die_sides"": 1, ""implicit_target_a"": 1, ""implicit_target_b"": 0, ""mechanic"": 0, ""misc_value"": 0, ""points_per_level"": 0.0, ""radius_yards"": null, ""trigger_spell"": 12536, ""type"": 6}",,,212,,,"{""AttributesEx2"": 8388608, ""AttributesEx3"": 67108864, ""AuraDescription_Lang_Mask"": 16712188, ""CastingTimeIndex"": 1, ""Description_Lang_Mask"": 16712190, ""Description_Lang_enUS"": ""Gives you a $h% chance of entering a Clearcasting state after any damage spell hits a target.  The Clearcasting state reduces the mana cost of your next damage spell by $/10;12536s1%."", ""EffectChainAmplitude_1"": 1.0, ""EffectChainAmplitude_2"": 1.0, ""EffectChainAmplitude_3"": 1.0, ""EffectSpellClassMaskB_1"": 128, ""EquippedItemClass"": -1, ""ImplicitTargetA_2"": 1, ""NameSubtext_Lang_Mask"": 16712190, ""NameSubtext_Lang_enUS"": ""Rank 5"", ""Name_Lang_Mask"": 16712190, ""ProcChance"": 10, ""ProcTypeMask"": 87376, ""RangeIndex"": 1, ""SpellClassSet"": 3, ""SpellLevel"": 1, ""SpellPriority"": 50}",pulled from existing data
12592,Arcane Subtlety,64,0,0,464,0,0,0,0,0,0,0,0.0,,,"{""amplitude"": 0, ""apply_aura"": 10, ""base_points"": -41, ""chain_targets"": 0, ""die_sides"": 1, ""implicit_target_a"": 1, ""implicit_target_b"": 0, ""mechanic"": 0, ""misc_value"": 64, ""points_per_level"": 0.0, ""radius_yards"": null, ""trigger_spell"": 0, ""type"": 6}","{""amplitude"": 0, ""apply_aura"": 107, ""base_points"": 29, ""chain_targets"": 0, ""die_sides"": 1, ""implicit_target_a"": 1, ""implicit_target_b"": 0, ""mechanic"": 0, ""misc_value"": 28, ""points_per_level"": 0.0, ""radius_yards"": null, ""trigger_spell"": 0, ""type"": 6}",,74,,,"{""AuraDescription_Lang_Mask"": 16712188, ""CastingTimeIndex"": 1, ""Description_Lang_Mask"": 16712190, ""Description_Lang_enUS"": ""Reduces the chance your helpful spells and damage over time effects will be dispelled by $s2% and reduces the threat caused by your Arcane spells by $s1%."", ""EffectChainAmplitude_1"": 1.0, ""EffectChainAmplitude_2"": 1.0, ""EffectChainAmplitude_3"": 1.0, ""EffectSpellClassMaskB_3"": 8, ""EquippedItemClass"": -1, ""NameSubtext_Lang_Mask"": 16712190, ""NameSubtext_Lang_enUS"": ""Rank 2"", ""Name_Lang_Mask"": 16712190, ""ProcChance"": 101, ""RangeIndex"": 1, ""SpellClassSet"": 3, ""SpellLevel"": 1, ""SpellPriority"": 50}",pulled from existing data
12598,Improved Counterspell,1,0,0,464,0,0,0,0,0,0,0,0.0,,,"{""amplitude"": 0, ""apply_aura"": 42, ""base_points"": -1, ""chain_targets"": 0, ""die_sides"": 1, ""implicit_target_a"": 1, ""implicit_target_b"": 0, ""mechanic"": 0, ""misc_value"": 0, ""points_per_level"": 0.0, ""radius_yards"": null, ""trigger_spell"": 55021, ""type"": 6}",,,17,,,"{""AttributesEx3"": 524288, ""AuraDescription_Lang_Mask"": 16712188, ""CastingTimeIndex"": 1, ""Description_Lang_Mask"": 16712190, ""Description_Lang_enUS"": ""Your Counterspell also silences the target for $55021d."", ""EffectChainAmplitude_1"": 1.0, ""EffectChainAmplitude_2"": 1.0, ""EffectChainAmplitude_3"": 1.0, ""EquippedItemClass"": -1, ""NameSubtext_Lang_Mask"": 16712190, ""NameSubtext_Lang_enUS"": ""Rank 2"", ""Name_Lang_Mask"": 16712190, ""ProcChance"": 100, ""ProcTypeMask"": 87376, ""RangeIndex"": 1, ""SpellClassSet"": 3, ""SpellLevel"": 1, ""SpellPriority"": 50}",pulled from existing data
12605,Arcane Shielding,1,0,0,262352,0,0,0,0,0,0,0,0.0,,,"{""amplitude"": 0, ""apply_aura"": 108, ""base_points"": -34, ""chain_targets"": 0, ""die_sides"": 1, ""implicit_target_a"": 1, ""implicit_target_b"": 0, ""mechanic"": 0, ""misc_value"": 27, ""points_per_level"": 0.0, ""radius_yards"": null, ""trigger_spell"": 0, ""type"": 6}","{""amplitude"": 0, ""apply_aura"": 108, ""base_points"": 49, ""chain_targets"": 0, ""die_sides"": 1, ""implicit_target_a"": 1, ""implicit_target_b"": 0, ""mechanic"": 0, ""misc_value"": 3, ""points_per_level"": 0.0, ""radius_yards"": null, ""trigger_spell"": 0, ""type"": 6}",,209,,,"{""AuraDescription_Lang_Mask"": 16712188, ""CastingTimeIndex"": 1, ""Description_Lang_Mask"": 16712190, ""Description_Lang_enUS"": ""Decreases the mana lost per point of damage taken when Mana Shield is active by $s1% and increases the resistances granted by Mage Armor by $s2%."", ""EffectChainAmplitude_1"": 1.0, ""EffectChainAmplitude_2"": 1.0, ""EffectChainAmplitude_3"": 1.0, ""EffectSpellClassMaskA_1"": 32768, ""EffectSpellClassMaskB_1"": 268435456, ""EquippedItemClass"": -1, ""NameSubtext_Lang_Mask"": 16712190, ""NameSubtext_Lang_enUS"": ""Rank 2"", ""Name_Lang_Mask"": 16712190, ""ProcChance"": 101, ""RangeIndex"": 1, ""SpellClassSet"": 3, ""SpellLevel"": 1, ""SpellPriority"": 50}",pulled from existing data
12606,Magic Attunement,1,0,0,262352,0,0,0,0,0,0,0,0.0,,,"{""amplitude"": 0, ""apply_aura"": 108, ""base_points"": 49, ""chain_targets"": 0, ""die_sides"": 1, ""implicit_target_a"": 1, ""implicit_target_b"": 0, ""mechanic"": 0, ""misc_value"": 8, ""points_per_level"": 0.0, ""radius_yards"": null, ""trigger_spell"": 0, ""type"": 6}","{""amplitude"": 0, ""apply_aura"": 107, ""base_points"": 5, ""chain_targets"": 0, ""die_sides"": 1, ""implicit_target_a"": 1, ""implicit_target_b"": 0, ""mechanic"": 0, ""misc_value"": 5, ""points_per_level"": 0.0, ""radius_yards"": null, ""trigger_spell"": 0, ""type"": 6}",,263,,,"{""AuraDescription_Lang_Mask"": 16712188, ""CastingTimeIndex"": 1, ""Description_Lang_Mask"": 16712190, ""Description_Lang_enUS"": ""Increases the range of your Arcane spells by $s2 yards and the effect of your Amplify Magic and Dampen Magic spells by $s1%."", ""EffectChainAmplitude_1"": 1.0, ""EffectChainAmplitude_2"": 1.0, ""EffectChainAmplitude_3"": 1.0, ""EffectSpellClassMaskA_1"": 8192, ""EffectSpellClassMaskB_1"": 2701159424, ""EffectSpellClassMaskB_2"": 32784, ""EquippedItemClass"": -1, ""NameSubtext_Lang_Mask"": 16712190, ""NameSubtext_Lang_enUS"": ""Rank 2"", ""Name_Lang_Mask"": 16712190, ""ProcChance"": 101, ""RangeIndex"": 1, ""SpellClassSet"": 3, ""SpellLevel"": 1, ""SpellPriority"": 50}",pulled from existing data
12672,Ice Shards,16,0,0,464,0,0,0,0,0,0,0,0.0,,,"{""amplitude"": 0, ""apply_aura"": 108, ""base_points"": 69, ""chain_targets"": 0, ""die_sides"": 1, ""implicit_target_a"": 1, ""implicit_target_b"": 0, ""mechanic"": 0, ""misc_value"": 15, ""points_per_level"": 0.0, ""radius_yards"": null, ""trigger_spell"": 0, ""type"": 6}",,,1236,,,"{""AuraDescription_Lang_Mask"": 16712188, ""CastingTimeIndex"": 1, ""Description_Lang_Mask"": 16712190, ""Description_Lang_enUS"": ""Increases the critical strike damage bonus of your Frost spells by $s1%. |cFF9D9D9DAt max rank, increases damage against frozen targets by 6%.|r"", ""EffectChainAmplitude_1"": 1.0, ""EffectChainAmplitude_2"": 1.0, ""EffectChainAmplitude_3"": 1.0, ""EffectSpellClassMaskA_1"": 131808, ""EffectSpellClassMaskA_2"": 1052672, ""EffectSpellClassMaskA_3"": 32, ""EquippedItemClass"": -1, ""NameSubtext_Lang_Mask"": 16712190, ""NameSubtext_Lang_enUS"": ""Rank 2"", ""Name_Lang_Mask"": 16712190, ""ProcChance"": 101, ""RangeIndex"": 1, ""SpellClassSet"": 3, ""SpellLevel"": 1, ""SpellPriority"": 50}",pulled from existing data
12839,Arcane Focus,64,0,0,464,0,0,0,0,0,0,0,0.0,,,"{""amplitude"": 0, ""apply_aura"": 107, ""base_points"": 1, ""chain_targets"": 0, ""die_sides"": 1, ""implicit_target_a"": 1, ""implicit_target_b"": 0, ""mechanic"": 0, ""misc_value"": 16, ""points_per_level"": 0.0, ""radius_yards"": null, ""trigger_spell"": 0, ""type"": 6}","{""amplitude"": 0, ""apply_aura"": 72, ""base_points"": -3, ""chain_targets"": 0, ""die_sides"": 1, ""implicit_target_a"": 1, ""implicit_target_b"": 0, ""mechanic"": 0, ""misc_value"": 64, ""points_per_level"": 0.0, ""radius_yards"": null, ""trigger_spell"": 0, ""type"": 6}",,52,,,"{""AuraDescription_Lang_Mask"": 16712188, ""CastingTimeIndex"": 1, ""Description_Lang_Mask"": 16712190, ""Description_Lang_enUS"": ""Increases your chance to hit and reduces the mana cost of your Arcane spells by $s1%."", ""EffectChainAmplitude_1"": 1.0, ""EffectChainAmplitude_2"": 1.0, ""EffectChainAmplitude_3"": 1.0, ""EffectMiscValueB_2"": 1, ""EffectSpellClassMaskA_1"": 2703249408, ""EffectSpellClassMaskA_2"": 32784, ""EquippedItemClass"": -1, ""NameSubtext_Lang_Mask"": 16712190, ""NameSubtext_Lang_enUS"": ""Rank 2"", ""Name_Lang_Mask"": 16712190, ""ProcChance"": 101, ""RangeIndex"": 1, ""SpellClassSet"": 3, ""SpellLevel"": 1, ""SpellPriority"": 50}",pulled from existing data
12840,Arcane Focus,64,0,0,464,0,0,0,0,0,0,0,0.0,,,"{""amplitude"": 0, ""apply_aura"": 107, ""base_points"": 2, ""chain_targets"": 0, ""die_sides"": 1, ""implicit_target_a"": 1, ""implicit_target_b"": 0, ""mechanic"": 0, ""misc_value"": 16, ""points_per_level"": 0.0, ""radius_yards"": null, ""trigger_spell"": 0, ""type"": 6}","{""amplitude"": 0, ""apply_aura"": 72, ""base_points"": -4, ""chain_targets"": 0, ""die_sides"": 1, ""implicit_target_a"": 1, ""implicit_target_b"": 0, ""mechanic"": 0, ""misc_value"": 64, ""points_per_level"": 0.0, ""radius_yards"": null, ""trigger_spell"": 0, ""type"": 6}",,52,,,"{""AuraDescription_Lang_Mask"": 16712188, ""CastingTimeIndex"": 1, ""Description_Lang_Mask"": 16712190, ""Description_Lang_enUS"": ""Increases your chance to hit and reduces the mana cost of your Arcane spells by $s1%."", ""EffectChainAmplitude_1"": 1.0, ""EffectChainAmplitude_2"": 1.0, ""EffectChainAmplitude_3"": 1.0, ""EffectMiscValueB_2"": 1, ""EffectSpellClassMaskA_1"": 2703249408, ""EffectSpellClassMaskA_2"": 32784, ""EquippedItemClass"": -1, ""NameSubtext_Lang_Mask"": 16712190, ""NameSubtext_Lang_enUS"": ""Rank 3"", ""Name_Lang_Mask"": 16712190, ""ProcChance"": 101, ""RangeIndex"": 1, ""SpellClassSet"": 3, ""SpellLevel"": 1, ""SpellPriority"": 50}",pulled from existing data
12846,Ignite,1,0,0,464,0,0,0,0,0,0,0,0.0,,,"{""amplitude"": 0, ""apply_aura"": 4, ""base_points"": 0, ""chain_targets"": 0, ""die_sides"": 0, ""implicit_target_a"": 1, ""implicit_target_b"": 0, ""mechanic"": 0, ""misc_value"": 0, ""points_per_level"": 0.0, ""radius_yards"": null, ""trigger_spell"": 0, ""type"": 6}",,,937,,,"{""AttributesEx3"": 67108864, ""AuraDescription_Lang_Mask"": 16712188, ""CastingTimeIndex"": 1, ""Description_Lang_Mask"": 16712190, ""Description_Lang_enUS"": ""Your critical strikes from Fire damage spells cause the target to burn for an additional 24% of your spell's damage over $12654d."", ""EffectChainAmplitude_1"": 1.0, ""EffectChainAmplitude_2"": 1.0, ""EffectChainAmplitude_3"": 1.0, ""EquippedItemClass"": -1, ""NameSubtext_Lang_Mask"": 16712190, ""NameSubtext_Lang_enUS"": ""Rank 3"", ""Name_Lang_Mask"": 16712190, ""ProcChance"": 100, ""ProcTypeMask"": 327680, ""RangeIndex"": 1, ""SpellClassSet"": 3, ""SpellLevel"": 1, ""SpellPriority"": 50}",pulled from existing data
12847,Ignite,1,0,0,464,0,0,0,0,0,0,0,0.0,,,"{""amplitude"": 0, ""apply_aura"": 4, ""base_points"": 0, ""chain_targets"": 0, ""die_sides"": 0, ""implicit_target_a"": 1, ""implicit_target_b"": 0, ""mechanic"": 0, ""misc_value"": 0, ""points_per_level"": 0.0, ""radius_yards"": null, ""trigger_spell"": 0, ""type"": 6}",,,937,,,"{""AttributesEx3"": 67108864, ""AuraDescription_Lang_Mask"": 16712188, ""CastingTimeIndex"": 1, ""Description_Lang_Mask"": 16712190, ""Description_Lang_enUS"": ""Your critical strikes from Fire damage spells cause the target to burn for an additional 32% of your spell's damage over $12654d."", ""EffectChainAmplitude_1"": 1.0, ""EffectChainAmplitude_2"": 1.0, ""EffectChainAmplitude_3"": 1.0, ""EquippedItemClass"": -1, ""NameSubtext_Lang_Mask"": 16712190, ""NameSubtext_Lang_enUS"": ""Rank 4"", ""Name_Lang_Mask"": 16712190, ""ProcChance"": 100, ""ProcTypeMask"": 327680, ""RangeIndex"": 1, ""SpellClassSet"": 3, ""SpellLevel"": 1, ""SpellPriority"": 50}",pulled from existing data
12848,Ignite,1,0,0,464,0,0,0,0,0,0,0,0.0,,,"{""amplitude"": 0, ""apply_aura"": 4, ""base_points"": 0, ""chain_targets"": 0, ""die_sides"": 1, ""implicit_target_a"": 1, ""implicit_target_b"": 0, ""mechanic"": 0, ""misc_value"": 0, ""points_per_level"": 0.0, ""radius_yards"": null, ""trigger_spell"": 0, ""type"": 6}",,,937,,,"{""AttributesEx3"": 67108864, ""AuraDescription_Lang_Mask"": 16712188, ""CastingTimeIndex"": 1, ""Description_Lang_Mask"": 16712190, ""Description_Lang_enUS"": ""Your critical strikes from Fire damage spells cause the target to burn for an additional 40% of your spell's damage over $12654d."", ""EffectChainAmplitude_1"": 1.0, ""EffectChainAmplitude_2"": 1.0, ""EffectChainAmplitude_3"": 1.0, ""EffectSpellClassMaskA_1"": 134217728, ""EquippedItemClass"": -1, ""NameSubtext_Lang_Mask"": 16712190, ""NameSubtext_Lang_enUS"": ""Rank 5"", ""Name_Lang_Mask"": 16712190, ""ProcChance"": 100, ""ProcTypeMask"": 327680, ""RangeIndex"": 1, ""SpellClassSet"": 3, ""SpellLevel"": 1, ""SpellPriority"": 50}",pulled from existing data
12872,Improved Scorch,1,0,0,448,0,0,0,0,0,0,0,0.0,,,"{""amplitude"": 0, ""apply_aura"": 42, ""base_points"": -1, ""chain_targets"": 0, ""die_sides"": 1, ""implicit_target_a"": 1, ""implicit_target_b"": 0, ""mechanic"": 0, ""misc_value"": 0, ""points_per_level"": 0.0, ""radius_yards"": null, ""trigger_spell"": 22959, ""type"": 6}","{""amplitude"": 0, ""apply_aura"": 107, ""base_points"": 1, ""chain_targets"": 0, ""die_sides"": 1, ""implicit_target_a"": 1, ""implicit_target_b"": 0, ""mechanic"": 0, ""misc_value"": 7, ""points_per_level"": 0.0, ""radius_yards"": null, ""trigger_spell"": 0, ""type"": 6}",,816,,,"{""AuraDescription_Lang_Mask"": 16712188, ""CastingTimeIndex"": 1, ""Description_Lang_Mask"": 16712190, ""Description_Lang_enUS"": ""Increases your chance to critically hit with Scorch, Fireball and Frostfire Bolt by an additional $s2% and your damaging Scorch spells have a $h% chance to cause your target to be vulnerable to spell damage, increasing spell critical strike chance against that target by $22959s1% and lasts $22959d."", ""EffectChainAmplitude_1"": 1.0, ""EffectChainAmplitude_2"": 1.0, ""EffectChainAmplitude_3"": 1.0, ""EffectSpellClassMaskA_1"": 16, ""EffectSpellClassMaskB_1"": 17, ""EffectSpellClassMaskB_2"": 4096, ""EquippedItemClass"": -1, ""NameSubtext_Lang_Mask"": 16712190, ""NameSubtext_Lang_enUS"": ""Rank 2"", ""Name_Lang_Mask"": 16712190, ""ProcChance"": 66, ""ProcTypeMask"": 65536, ""RangeIndex"": 1, ""SpellClassSet"": 3, ""SpellPriority"": 50}",pulled from existing data
12873,Improved Scorch,1,0,0,448,0,0,0,0,0,0,0,0.0,,,"{""amplitude"": 0, ""apply_aura"": 42, ""base_points"": -1, ""chain_targets"": 0, ""die_sides"": 1, ""implicit_target_a"": 1, ""implicit_target_b"": 0, ""mechanic"": 0, ""misc_value"": 0, ""points_per_level"": 0.0, ""radius_yards"": null, ""trigger_spell"": 22959, ""type"": 6}","{""amplitude"": 0, ""apply_aura"": 107, ""base_points"": 2, ""chain_targets"": 0, ""die_sides"": 1, ""implicit_target_a"": 1, ""implicit_target_b"": 0, ""mechanic"": 0, ""misc_value"": 7, ""points_per_level"": 0.0, ""radius_yards"": null, ""trigger_spell"": 0, ""type"": 6}",,816,,,"{""AuraDescription_Lang_Mask"": 16712188, ""CastingTimeIndex"": 1, ""Description_Lang_Mask"": 16712190, ""Description_Lang_enUS"": ""Increases your chance to critically hit with Scorch, Fireball and Frostfire Bolt by an additional $s2% and your damaging Scorch spells have a $h% chance to cause your target to be vulnerable to spell damage, increasing spell critical strike chance against that target by $22959s1% and lasts $22959d."", ""EffectChainAmplitude_1"": 1.0, ""EffectChainAmplitude_2"": 1.0, ""EffectChainAmplitude_3"": 1.0, ""EffectSpellClassMaskA_1"": 16, ""EffectSpellClassMaskB_1"": 17, ""EffectSpellClassMaskB_2"": 4096, ""EquippedItemClass"": -1, ""NameSubtext_Lang_Mask"": 16712190, ""NameSubtext_Lang_enUS"": ""Rank 3"", ""Name_Lang_Mask"": 16712190, ""ProcChance"": 100, ""ProcTypeMask"": 65536, ""RangeIndex"": 1, ""SpellClassSet"": 3, ""SpellPriority"": 50}",pulled from existing data
12952,Piercing Ice,16,0,0,464,0,0,0,0,0,0,0,0.0,,,"{""amplitude"": 0, ""apply_aura"": 79, ""base_points"": 3, ""chain_targets"": 0, ""die_sides"": 1, ""implicit_target_a"": 1, ""implicit_target_b"": 0, ""mechanic"": 0, ""misc_value"": 16, ""points_per_level"": 0.0, ""radius_yards"": null, ""trigger_spell"": 0, ""type"": 6}",,,176,,,"{""AuraDescription_Lang_Mask"": 16712188, ""CastingTimeIndex"": 1, ""Description_Lang_Mask"": 16712190, ""Description_Lang_enUS"": ""Increases the damage done by your Frost spells by $s1%."", ""EffectBasePoints_2"": -1, ""EffectChainAmplitude_1"": 1.0, ""EffectChainAmplitude_2"": 1.0, ""EffectChainAmplitude_3"": 1.0, ""EffectDieSides_2"": 1, ""EffectSpellClassMaskA_1"": 131808, ""EffectSpellClassMaskB_1"": 128, ""EquippedItemClass"": -1, ""NameSubtext_Lang_Mask"": 16712190, ""NameSubtext_Lang_enUS"": ""Rank 2"", ""Name_Lang_Mask"": 16712190, ""ProcChance"": 101, ""RangeIndex"": 1, ""SpellClassSet"": 3, ""SpellLevel"": 1, ""SpellPriority"": 50}",pulled from existing data
12953,Piercing Ice,16,0,0,464,0,0,0,0,0,0,0,0.0,,,"{""amplitude"": 0, ""apply_aura"": 79, ""base_points"": 5, ""chain_targets"": 0, ""die_sides"": 1, ""implicit_target_a"": 1, ""implicit_target_b"": 0, ""mechanic"": 0, ""misc_value"": 16, ""points_per_level"": 0.0, ""radius_yards"": null, ""trigger_spell"": 0, ""type"": 6}",,,176,,,"{""AuraDescription_Lang_Mask"": 16712188, ""CastingTimeIndex"": 1, ""Description_Lang_Mask"": 16712190, ""Description_Lang_enUS"": ""Increases the damage done by your Frost spells by $s1%."", ""EffectBasePoints_2"": -1, ""EffectChainAmplitude_1"": 1.0, ""EffectChainAmplitude_2"": 1.0, ""EffectChainAmplitude_3"": 1.0, ""EffectDieSides_2"": 1, ""EffectSpellClassMaskA_1"": 131808, ""EffectSpellClassMaskB_1"": 128, ""EquippedItemClass"": -1, ""NameSubtext_Lang_Mask"": 16712190, ""NameSubtext_Lang_enUS"": ""Rank 3"", ""Name_Lang_Mask"": 16712190, ""ProcChance"": 101, ""RangeIndex"": 1, ""SpellClassSet"": 3, ""SpellLevel"": 1, ""SpellPriority"": 50}",pulled from existing data
12982,Shatter,1,0,0,464,0,0,0,0,0,0,0,0.0,,,"{""amplitude"": 0, ""apply_aura"": 112, ""base_points"": 0, ""chain_targets"": 0, ""die_sides"": 1, ""implicit_target_a"": 1, ""implicit_target_b"": 0, ""mechanic"": 0, ""misc_value"": 910, ""points_per_level"": 0.0, ""radius_yards"": null, ""trigger_spell"": 0, ""type"": 6}",,,976,,,"{""AuraDescription_Lang_Mask"": 16712188, ""CastingTimeIndex"": 1, ""Description_Lang_Mask"": 16712190, ""Description_Lang_enUS"": ""Increases the critical strike chance of all your spells against frozen targets by 34%."", ""EffectChainAmplitude_1"": 1.0, ""EffectChainAmplitude_2"": 1.0, ""EffectChainAmplitude_3"": 1.0, ""EffectSpellClassMaskA_1"": 552211063, ""EffectSpellClassMaskA_2"": 1151048, ""EffectSpellClassMaskA_3"": 32, ""EquippedItemClass"": -1, ""NameSubtext_Lang_Mask"": 16712190, ""NameSubtext_Lang_enUS"": ""Rank 2"", ""Name_Lang_Mask"": 16712190, ""ProcChance"": 101, ""RangeIndex"": 1, ""SpellClassSet"": 3, ""SpellLevel"": 1, ""SpellPriority"": 50}",pulled from existing data
12983,Shatter,1,0,0,464,0,0,0,0,0,0,0,0.0,,,"{""amplitude"": 0, ""apply_aura"": 112, ""base_points"": 0, ""chain_targets"": 0, ""die_sides"": 1, ""implicit_target_a"": 1, ""implicit_target_b"": 0, ""mechanic"": 0, ""misc_value"": 911, ""points_per_level"": 0.0, ""radius_yards"": null, ""trigger_spell"": 0, ""type"": 6}",,,976,,,"{""AuraDescription_Lang_Mask"": 16712188, ""CastingTimeIndex"": 1, ""Description_Lang_Mask"": 16712190, ""Description_Lang_enUS"": ""Increases the critical strike chance of all your spells against frozen targets by 50%."", ""EffectChainAmplitude_1"": 1.0, ""EffectChainAmplitude_2"": 1.0, ""EffectChainAmplitude_3"": 1.0, ""EffectSpellClassMaskA_1"": 552211063, ""EffectSpellClassMaskA_2"": 1151048, ""EffectSpellClassMaskA_3"": 32, ""EquippedItemClass"": -1, ""NameSubtext_Lang_Mask"": 16712190, ""NameSubtext_Lang_enUS"": ""Rank 3"", ""Name_Lang_Mask"": 16712190, ""ProcChance"": 101, ""RangeIndex"": 1, ""SpellClassSet"": 3, ""SpellLevel"": 1, ""SpellPriority"": 50}",pulled from existing data
13043,Molten Shields,1,0,0,262352,0,0,0,0,0,0,0,0.0,,,"{""amplitude"": 0, ""apply_aura"": 107, ""base_points"": 29, ""chain_targets"": 0, ""die_sides"": 1, ""implicit_target_a"": 1, ""implicit_target_b"": 0, ""mechanic"": 0, ""misc_value"": 12, ""points_per_level"": 0.0, ""radius_yards"": null, ""trigger_spell"": 0, ""type"": 6}",,,16,,,"{""AuraDescription_Lang_Mask"": 16712188, ""CastingTimeIndex"": 1, ""Description_Lang_Mask"": 16712190, ""Description_Lang_enUS"": ""Causes your Fire Ward and Frost Ward spells to have a $s1% chance to reflect the warded spell while active. In addition, your Molten Armor has a 100% chance to affect ranged and spell attacks."", ""EffectChainAmplitude_1"": 1.0, ""EffectChainAmplitude_2"": 1.0, ""EffectChainAmplitude_3"": 1.0, ""EffectSpellClassMaskA_1"": 264, ""EquippedItemClass"": -1, ""NameSubtext_Lang_Mask"": 16712190, ""NameSubtext_Lang_enUS"": ""Rank 2"", ""Name_Lang_Mask"": 16712190, ""ProcChance"": 101, ""RangeIndex"": 1, ""SpellClassSet"": 3, ""SpellLevel"": 1, ""SpellPriority"": 50}",pulled from existing data
15047,Ice Shards,16,0,0,262352,0,0,0,0,0,0,0,0.0,,,"{""amplitude"": 0, ""apply_aura"": 108, ""base_points"": 99, ""chain_targets"": 0, ""die_sides"": 1, ""implicit_target_a"": 1, ""implicit_target_b"": 0, ""mechanic"": 0, ""misc_value"": 15, ""points_per_level"": 0.0, ""radius_yards"": null, ""trigger_spell"": 0, ""type"": 6}","{""amplitude"": 0, ""apply_aura"": 4, ""base_points"": 5, ""chain_targets"": 0, ""die_sides"": 1, ""implicit_target_a"": 1, ""implicit_target_b"": 0, ""mechanic"": 0, ""misc_value"": 0, ""points_per_level"": 0.0, ""radius_yards"": null, ""trigger_spell"": 0, ""type"": 6}",,1236,,,"{""AuraDescription_Lang_Mask"": 16712188, ""CastingTimeIndex"": 1, ""Description_Lang_Mask"": 16712190, ""Description_Lang_enUS"": ""Increases the critical strike damage bonus of your Frost spells by $s1%.  Increases damage against frozen targets by 6%."", ""EffectChainAmplitude_1"": 1.0, ""EffectChainAmplitude_2"": 1.0, ""EffectChainAmplitude_3"": 1.0, ""EffectSpellClassMaskA_1"": 131808, ""EffectSpellClassMaskA_2"": 1052672, ""EffectSpellClassMaskA_3"": 32, ""EquippedItemClass"": -1, ""NameSubtext_Lang_Mask"": 16712190, ""NameSubtext_Lang_enUS"": ""Rank 3"", ""Name_Lang_Mask"": 16712190, ""ProcChance"": 101, ""RangeIndex"": 1, ""SpellClassSet"": 3, ""SpellLevel"": 1, ""SpellPriority"": 50}",pulled from existing data
15058,Arcane Instability,1,0,0,464,0,0,0,0,0,0,0,0.0,,,"{""amplitude"": 0, ""apply_aura"": 79, ""base_points"": 0, ""chain_targets"": 0, ""die_sides"": 1, ""implicit_target_a"": 1, ""implicit_target_b"": 0, ""mechanic"": 0, ""misc_value"": 126, ""points_per_level"": 0.0, ""radius_yards"": null, ""trigger_spell"": 0, ""type"": 6}","{""amplitude"": 0, ""apply_aura"": 71, ""base_points"": 0, ""chain_targets"": 0, ""die_sides"": 1, ""implicit_target_a"": 1, ""implicit_target_b"": 0, ""mechanic"": 0, ""misc_value"": 126, ""points_per_level"": 0.0, ""radius_yards"": null, ""trigger_spell"": 0, ""type"": 6}",,87,,,"{""AuraDescription_Lang_Mask"": 16712188, ""CastingTimeIndex"": 1, ""Description_Lang_Mask"": 16712190, ""Description_Lang_enUS"": ""Increases the damage done by your spells and your critical strike chance by $s1%."", ""EffectBonusMultiplier_2"": 1.0, ""EffectChainAmplitude_1"": 1.0, ""EffectChainAmplitude_2"": 1.0, ""EffectChainAmplitude_3"": 1.0, ""EffectSpellClassMaskA_1"": 14947063, ""EffectSpellClassMaskB_1"": 4194437, ""EffectSpellClassMaskC_1"": 14684919, ""EquippedItemClass"": -1, ""NameSubtext_Lang_Mask"": 16712190, ""NameSubtext_Lang_enUS"": ""Rank 1"", ""Name_Lang_Mask"": 16712190, ""ProcChance"": 101, ""RangeIndex"": 1, ""SpellClassSet"": 3}",pulled from existing data
15059,Arcane Instability,1,0,0,464,0,0,0,0,0,0,0,0.0,,,"{""amplitude"": 0, ""apply_aura"": 79, ""base_points"": 1, ""chain_targets"": 0, ""die_sides"": 1, ""implicit_target_a"": 1, ""implicit_target_b"": 0, ""mechanic"": 0, ""misc_value"": 126, ""points_per_level"": 0.0, ""radius_yards"": null, ""trigger_spell"": 0, ""type"": 6}","{""amplitude"": 0, ""apply_aura"": 71, ""base_points"": 1, ""chain_targets"": 0, ""die_sides"": 1, ""implicit_target_a"": 1, ""implicit_target_b"": 0, ""mechanic"": 0, ""misc_value"": 126, ""points_per_level"": 0.0, ""radius_yards"": null, ""trigger_spell"": 0, ""type"": 6}",,87,,,"{""AuraDescription_Lang_Mask"": 16712188, ""CastingTimeIndex"": 1, ""Description_Lang_Mask"": 16712190, ""Description_Lang_enUS"": ""Increases the damage done by your spells and your critical strike chance by $s1%."", ""EffectBonusMultiplier_2"": 1.0, ""EffectChainAmplitude_1"": 1.0, ""EffectChainAmplitude_2"": 1.0, ""EffectChainAmplitude_3"": 1.0, ""EffectSpellClassMaskA_1"": 14947063, ""EffectSpellClassMaskB_1"": 4194437, ""EffectSpellClassMaskC_1"": 14684919, ""EquippedItemClass"": -1, ""NameSubtext_Lang_Mask"": 16712190, ""NameSubtext_Lang_enUS"": ""Rank 2"", ""Name_Lang_Mask"": 16712190, ""ProcChance"": 101, ""RangeIndex"": 1, ""SpellClassSet"": 3}",pulled from existing data
15060,Arcane Instability,1,0,0,464,0,0,0,0,0,0,0,0.0,,,"{""amplitude"": 0, ""apply_aura"": 79, ""base_points"": 2, ""chain_targets"": 0, ""die_sides"": 1, ""implicit_target_a"": 1, ""implicit_target_b"": 0, ""mechanic"": 0, ""misc_value"": 126, ""points_per_level"": 0.0, ""radius_yards"": null, ""trigger_spell"": 0, ""type"": 6}","{""amplitude"": 0, ""apply_aura"": 71, ""base_points"": 2, ""chain_targets"": 0, ""die_sides"": 1, ""implicit_target_a"": 1, ""implicit_target_b"": 0, ""mechanic"": 0, ""misc_value"": 126, ""points_per_level"": 0.0, ""radius_yards"": null, ""trigger_spell"": 0, ""type"": 6}",,87,,,"{""AuraDescription_Lang_Mask"": 16712188, ""CastingTimeIndex"": 1, ""Description_Lang_Mask"": 16712190, ""Description_Lang_enUS"": ""Increases the damage done by your spells and your critical strike chance by $s1%."", ""EffectBonusMultiplier_2"": 1.0, ""EffectChainAmplitude_1"": 1.0, ""EffectChainAmplitude_2"": 1.0, ""EffectChainAmplitude_3"": 1.0, ""EffectSpellClassMaskA_1"": 14947063, ""EffectSpellClassMaskB_1"": 4194437, ""EffectSpellClassMaskC_1"": 14684919, ""EquippedItemClass"": -1, ""NameSubtext_Lang_Mask"": 16712190, ""NameSubtext_Lang_enUS"": ""Rank 3"", ""Name_Lang_Mask"": 16712190, ""ProcChance"": 101, ""RangeIndex"": 1, ""SpellClassSet"": 3}",pulled from existing data
16757,Arctic Reach,1,0,0,464,0,0,0,0,0,0,0,0.0,,,"{""amplitude"": 0, ""apply_aura"": 107, ""base_points"": 2, ""chain_targets"": 0, ""die_sides"": 1, ""implicit_target_a"": 1, ""implicit_target_b"": 0, ""mechanic"": 0, ""misc_value"": 5, ""points_per_level"": 0.0, ""radius_yards"": null, ""trigger_spell"": 0, ""type"": 6}","{""amplitude"": 0, ""apply_aura"": 108, ""base_points"": 9, ""chain_targets"": 0, ""die_sides"": 1, ""implicit_target_a"": 1, ""implicit_target_b"": 0, ""mechanic"": 0, ""misc_value"": 6, ""points_per_level"": 0.0, ""radius_yards"": null, ""trigger_spell"": 0, ""type"": 6}",,154,,,"{""AuraDescription_Lang_Mask"": 16712188, ""CastingTimeIndex"": 1, ""Description_Lang_Mask"": 16712190, ""Description_Lang_enUS"": ""Increases the range of your Frostbolt, Ice Lance, Deep Freeze and Blizzard spells by $s1 yards and the radius of your Frost Nova and Cone of Cold spells by $s2%. |cFF9D9D9DAt max rank, your Frost damage is increased by up to 10% based on the target's distance, reaching full effect at 30 yards or more.|r"", ""EffectBonusMultiplier_1"": 1.0, ""EffectBonusMultiplier_2"": 1.0, ""EffectBonusMultiplier_3"": 1.0, ""EffectChainAmplitude_1"": 1.0, ""EffectChainAmplitude_2"": 1.0, ""EffectChainAmplitude_3"": 1.0, ""EffectSpellClassMaskA_1"": 131232, ""EffectSpellClassMaskA_2"": 1048576, ""EffectSpellClassMaskB_1"": 576, ""EquippedItemClass"": -1, ""NameSubtext_Lang_Mask"": 16712190, ""NameSubtext_Lang_enUS"": ""Rank 1"", ""Name_Lang_Mask"": 16712190, ""ProcChance"": 101, ""RangeIndex"": 1, ""SpellClassSet"": 3}",pulled from existing data
16758,Arctic Reach,1,0,0,464,0,0,0,0,0,0,0,0.0,,,"{""amplitude"": 0, ""apply_aura"": 107, ""base_points"": 5, ""chain_targets"": 0, ""die_sides"": 1, ""implicit_target_a"": 1, ""implicit_target_b"": 0, ""mechanic"": 0, ""misc_value"": 5, ""points_per_level"": 0.0, ""radius_yards"": null, ""trigger_spell"": 0, ""type"": 6}","{""amplitude"": 0, ""apply_aura"": 108, ""base_points"": 19, ""chain_targets"": 0, ""die_sides"": 1, ""implicit_target_a"": 1, ""implicit_target_b"": 0, ""mechanic"": 0, ""misc_value"": 6, ""points_per_level"": 0.0, ""radius_yards"": null, ""trigger_spell"": 0, ""type"": 6}","{""amplitude"": 0, ""apply_aura"": 4, ""base_points"": -1, ""chain_targets"": 0, ""die_sides"": 1, ""implicit_target_a"": 1, ""implicit_target_b"": 0, ""mechanic"": 0, ""misc_value"": 0, ""points_per_level"": 0.0, ""radius_yards"": null, ""trigger_spell"": 0, ""type"": 6}",154,,,"{""AuraDescription_Lang_Mask"": 16712188, ""CastingTimeIndex"": 1, ""Description_Lang_Mask"": 16712190, ""Description_Lang_enUS"": ""Increases the range of your Frostbolt, Ice Lance, Deep Freeze and Blizzard spells by $s1 yards and the radius of your Frost Nova and Cone of Cold spells by $s2%.  Your Frost damage is increased by up to 10% based on the target's distance, reaching full effect at 30 yards or more."", ""EffectBonusMultiplier_1"": 1.0, ""EffectBonusMultiplier_2"": 1.0, ""EffectBonusMultiplier_3"": 1.0, ""EffectChainAmplitude_1"": 1.0, ""EffectChainAmplitude_2"": 1.0, ""EffectChainAmplitude_3"": 1.0, ""EffectSpellClassMaskA_1"": 131232, ""EffectSpellClassMaskA_2"": 1048576, ""EffectSpellClassMaskB_1"": 576, ""EquippedItemClass"": -1, ""NameSubtext_Lang_Mask"": 16712190, ""NameSubtext_Lang_enUS"": ""Rank 2"", ""Name_Lang_Mask"": 16712190, ""ProcChance"": 101, ""RangeIndex"": 1, ""SpellClassSet"": 3}",pulled from existing data
16769,Arcane Stability,1,0,0,464,0,0,0,0,0,0,0,0.0,,,"{""amplitude"": 0, ""apply_aura"": 108, ""base_points"": 79, ""chain_targets"": 0, ""die_sides"": 1, ""implicit_target_a"": 1, ""implicit_target_b"": 0, ""mechanic"": 0, ""misc_value"": 9, ""points_per_level"": 0.0, ""radius_yards"": null, ""trigger_spell"": 0, ""type"": 6}",,,225,,,"{""AuraDescription_Lang_Mask"": 16712188, ""CastingTimeIndex"": 1, ""Description_Lang_Mask"": 16712190, ""Description_Lang_enUS"": ""Reduces the pushback suffered from damaging attacks while casting Arcane Missiles and Arcane Blast by $s1%."", ""EffectChainAmplitude_1"": 1.0, ""EffectChainAmplitude_2"": 1.0, ""EffectChainAmplitude_3"": 1.0, ""EffectSpellClassMaskA_1"": 536872960, ""EquippedItemClass"": -1, ""NameSubtext_Lang_Mask"": 16712190, ""NameSubtext_Lang_enUS"": ""Rank 4"", ""Name_Lang_Mask"": 16712190, ""ProcChance"": 101, ""RangeIndex"": 1, ""SpellClassSet"": 3, ""SpellLevel"": 1, ""SpellPriority"": 50}",pulled from existing data
16770,Arcane Stability,1,0,0,464,0,0,0,0,0,0,0,0.0,,,"{""amplitude"": 0, ""apply_aura"": 108, ""base_points"": 99, ""chain_targets"": 0, ""die_sides"": 1, ""implicit_target_a"": 1, ""implicit_target_b"": 0, ""mechanic"": 0, ""misc_value"": 9, ""points_per_level"": 0.0, ""radius_yards"": null, ""trigger_spell"": 0, ""type"": 6}",,,225,,,"{""AuraDescription_Lang_Mask"": 16712188, ""CastingTimeIndex"": 1, ""Description_Lang_Mask"": 16712190, ""Description_Lang_enUS"": ""Reduces the pushback suffered from damaging attacks while casting Arcane Missiles and Arcane Blast by $s1%."", ""EffectChainAmplitude_1"": 1.0, ""EffectChainAmplitude_2"": 1.0, ""EffectChainAmplitude_3"": 1.0, ""EffectSpellClassMaskA_1"": 536872960, ""EquippedItemClass"": -1, ""NameSubtext_Lang_Mask"": 16712190, ""NameSubtext_Lang_enUS"": ""Rank 5"", ""Name_Lang_Mask"": 16712190, ""ProcChance"": 101, ""RangeIndex"": 1, ""SpellClassSet"": 3, ""SpellLevel"": 1, ""SpellPriority"": 50}",pulled from existing data
18459,Incineration,1,0,0,464,0,0,0,0,0,0,0,0.0,,,"{""amplitude"": 0, ""apply_aura"": 107, ""base_points"": 1, ""chain_targets"": 0, ""die_sides"": 1, ""implicit_target_a"": 1, ""implicit_target_b"": 0, ""mechanic"": 0, ""misc_value"": 7, ""points_per_level"": 0.0, ""radius_yards"": null, ""trigger_spell"": 0, ""type"": 6}",,,678,,,"{""AuraDescription_Lang_Mask"": 16712188, ""CastingTimeIndex"": 1, ""Description_Lang_Mask"": 16712190, ""Description_Lang_enUS"": ""Increases the critical strike chance of your Fire Blast, Scorch, Arcane Blast and Cone of Cold spells by $s1%."", ""EffectBonusMultiplier_1"": 1.0, ""EffectBonusMultiplier_2"": 1.0, ""EffectBonusMultiplier_3"": 1.0, ""EffectChainAmplitude_1"": 1.0, ""EffectChainAmplitude_2"": 1.0, ""EffectChainAmplitude_3"": 1.0, ""EffectSpellClassMaskA_1"": 536871442, ""EquippedItemClass"": -1, ""NameSubtext_Lang_Mask"": 16712190, ""NameSubtext_Lang_enUS"": ""Rank 1"", ""Name_Lang_Mask"": 16712190, ""ProcChance"": 101, ""RangeIndex"": 1, ""SpellClassSet"": 3}",pulled from existing data
18460,Incineration,1,0,0,464,0,0,0,0,0,0,0,0.0,,,"{""amplitude"": 0, ""apply_aura"": 107, ""base_points"": 3, ""chain_targets"": 0, ""die_sides"": 1, ""implicit_target_a"": 1, ""implicit_target_b"": 0, ""mechanic"": 0, ""misc_value"": 7, ""points_per_level"": 0.0, ""radius_yards"": null, ""trigger_spell"": 0, ""type"": 6}",,,678,,,"{""AuraDescription_Lang_Mask"": 16712188, ""CastingTimeIndex"": 1, ""Description_Lang_Mask"": 16712190, ""Description_Lang_enUS"": ""Increases the critical strike chance of your Fire Blast, Scorch, Arcane Blast and Cone of Cold spells by $s1%."", ""EffectBonusMultiplier_1"": 1.0, ""EffectBonusMultiplier_2"": 1.0, ""EffectBonusMultiplier_3"": 1.0, ""EffectChainAmplitude_1"": 1.0, ""EffectChainAmplitude_2"": 1.0, ""EffectChainAmplitude_3"": 1.0, ""EffectSpellClassMaskA_1"": 536871442, ""EquippedItemClass"": -1, ""NameSubtext_Lang_Mask"": 16712190, ""NameSubtext_Lang_enUS"": ""Rank 2"", ""Name_Lang_Mask"": 16712190, ""ProcChance"": 101, ""RangeIndex"": 1, ""SpellClassSet"": 3}",pulled from existing data
28332,Frost Warding,1,0,0,208,0,0,0,0,0,0,0,0.0,,,"{""amplitude"": 0, ""apply_aura"": 108, ""base_points"": 49, ""chain_targets"": 0, ""die_sides"": 1, ""implicit_target_a"": 1, ""implicit_target_b"": 0, ""mechanic"": 0, ""misc_value"": 8, ""points_per_level"": 0.0, ""radius_yards"": null, ""trigger_spell"": 0, ""type"": 6}","{""amplitude"": 0, ""apply_aura"": 0, ""base_points"": 29, ""chain_targets"": 0, ""die_sides"": 1, ""implicit_target_a"": 0, ""implicit_target_b"": 0, ""mechanic"": 0, ""misc_value"": 0, ""points_per_level"": 0.0, ""radius_yards"": null, ""trigger_spell"": 0, ""type"": 3}","{""amplitude"": 0, ""apply_aura"": 4, ""base_points"": -21, ""chain_targets"": 0, ""die_sides"": 1, ""implicit_target_a"": 1, ""implicit_target_b"": 0, ""mechanic"": 0, ""misc_value"": 0, ""points_per_level"": 0.0, ""radius_yards"": null, ""trigger_spell"": 0, ""type"": 6}",501,,,"{""AuraDescription_Lang_Mask"": 16712188, ""CastingTimeIndex"": 1, ""Description_Lang_Mask"": 16712190, ""Description_Lang_enUS"": ""Increases the armor and resistances given by your Frost Armor and Ice Armor spells by $s1%.  In addition, gives your Frost Ward and Fire Ward a $s2% chance to negate the warded damage spell and restore mana equal to the damage caused.  While Frost Armor or Ice Armor is active, physical damage taken is reduced by an additional 20%."", ""EffectChainAmplitude_1"": 1.0, ""EffectChainAmplitude_2"": 1.0, ""EffectChainAmplitude_3"": 1.0, ""EffectSpellClassMaskA_1"": 33554432, ""EquippedItemClass"": -1, ""NameSubtext_Lang_Mask"": 16712190, ""NameSubtext_Lang_enUS"": ""Rank 2"", ""Name_Lang_Mask"": 16712190, ""ProcChance"": 101, ""RangeIndex"": 1, ""SpellClassSet"": 3, ""SpellLevel"": 1, ""SpellPriority"": 50}",pulled from existing data
28592,Winter's Chill,1,0,0,262352,0,0,0,0,0,0,0,0.0,,,"{""amplitude"": 0, ""apply_aura"": 42, ""base_points"": -1, ""chain_targets"": 0, ""die_sides"": 1, ""implicit_target_a"": 1, ""implicit_target_b"": 0, ""mechanic"": 0, ""misc_value"": 0, ""points_per_level"": 0.0, ""radius_yards"": null, ""trigger_spell"": 12579, ""type"": 6}","{""amplitude"": 0, ""apply_aura"": 107, ""base_points"": 1, ""chain_targets"": 0, ""die_sides"": 1, ""implicit_target_a"": 1, ""implicit_target_b"": 0, ""mechanic"": 0, ""misc_value"": 7, ""points_per_level"": 0.0, ""radius_yards"": null, ""trigger_spell"": 0, ""type"": 6}",,187,,,"{""AttributesEx3"": 67108864, ""AuraDescription_Lang_Mask"": 16712188, ""CastingTimeIndex"": 1, ""Description_Lang_Mask"": 16712190, ""Description_Lang_enUS"": ""Increases your chance to critically hit with Frostbolt by an additional $s2% and gives your Frost damage spells a $h% chance to apply the Winter's Chill effect, which increases the chance spells will critically hit the target by $12579s1% for $12579d.  Stacks up to $12579u times."", ""EffectChainAmplitude_1"": 1.0, ""EffectChainAmplitude_2"": 1.0, ""EffectChainAmplitude_3"": 1.0, ""EffectSpellClassMaskB_1"": 32, ""EquippedItemClass"": -1, ""NameSubtext_Lang_Mask"": 16712190, ""NameSubtext_Lang_enUS"": ""Rank 2"", ""Name_Lang_Mask"": 16712190, ""ProcChance"": 66, ""ProcTypeMask"": 65536, ""RangeIndex"": 1, ""SpellClassSet"": 3, ""SpellLevel"": 1, ""SpellPriority"": 50}",pulled from existing data
28593,Winter's Chill,1,0,0,262352,0,0,0,0,0,0,0,0.0,,,"{""amplitude"": 0, ""apply_aura"": 42, ""base_points"": -1, ""chain_targets"": 0, ""die_sides"": 1, ""implicit_target_a"": 1, ""implicit_target_b"": 0, ""mechanic"": 0, ""misc_value"": 0, ""points_per_level"": 0.0, ""radius_yards"": null, ""trigger_spell"": 12579, ""type"": 6}","{""amplitude"": 0, ""apply_aura"": 107, ""base_points"": 2, ""chain_targets"": 0, ""die_sides"": 1, ""implicit_target_a"": 1, ""implicit_target_b"": 0, ""mechanic"": 0, ""misc_value"": 7, ""points_per_level"": 0.0, ""radius_yards"": null, ""trigger_spell"": 0, ""type"": 6}",,187,,,"{""AttributesEx3"": 67108864, ""AuraDescription_Lang_Mask"": 16712188, ""CastingTimeIndex"": 1, ""Description_Lang_Mask"": 16712190, ""Description_Lang_enUS"": ""Increases your chance to critically hit with Frostbolt by an additional $s2% and gives your Frost damage spells a $h% chance to apply the Winter's Chill effect, which increases the chance spells will critically hit the target by $12579s1% for $12579d.  Stacks up to $12579u times."", ""EffectChainAmplitude_1"": 1.0, ""EffectChainAmplitude_2"": 1.0, ""EffectChainAmplitude_3"": 1.0, ""EffectSpellClassMaskB_1"": 32, ""EquippedItemClass"": -1, ""NameSubtext_Lang_Mask"": 16712190, ""NameSubtext_Lang_enUS"": ""Rank 3"", ""Name_Lang_Mask"": 16712190, ""ProcChance"": 100, ""ProcTypeMask"": 65536, ""RangeIndex"": 1, ""SpellClassSet"": 3, ""SpellLevel"": 1, ""SpellPriority"": 50}",pulled from existing data
29074,Master of Elements,4,0,0,262352,0,0,0,0,0,0,0,0.0,,,"{""amplitude"": 0, ""apply_aura"": 4, ""base_points"": 9, ""chain_targets"": 0, ""die_sides"": 1, ""implicit_target_a"": 1, ""implicit_target_b"": 0, ""mechanic"": 0, ""misc_value"": 0, ""points_per_level"": 0.0, ""radius_yards"": null, ""trigger_spell"": 0, ""type"": 6}",,,1920,,,"{""AttributesEx3"": 67108864, ""AuraDescription_Lang_Mask"": 16712188, ""CastingTimeIndex"": 1, ""Description_Lang_Mask"": 16712190, ""Description_Lang_enUS"": ""Your spell criticals will refund $s1% of their base mana cost."", ""EffectChainAmplitude_1"": 1.0, ""EffectChainAmplitude_2"": 1.0, ""EffectChainAmplitude_3"": 1.0, ""EquippedItemClass"": -1, ""NameSubtext_Lang_Mask"": 16712190, ""NameSubtext_Lang_enUS"": ""Rank 1"", ""Name_Lang_Mask"": 16712190, ""ProcChance"": 100, ""ProcTypeMask"": 65536, ""RangeIndex"": 1, ""SpellClassSet"": 3, ""SpellLevel"": 1, ""SpellPriority"": 50}",pulled from existing data
29075,Master of Elements,4,0,0,262352,0,0,0,0,0,0,0,0.0,,,"{""amplitude"": 0, ""apply_aura"": 4, ""base_points"": 19, ""chain_targets"": 0, ""die_sides"": 1, ""implicit_target_a"": 1, ""implicit_target_b"": 0, ""mechanic"": 0, ""misc_value"": 0, ""points_per_level"": 0.0, ""radius_yards"": null, ""trigger_spell"": 0, ""type"": 6}",,,1920,,,"{""AttributesEx3"": 67108864, ""AuraDescription_Lang_Mask"": 16712188, ""CastingTimeIndex"": 1, ""Description_Lang_Mask"": 16712190, ""Description_Lang_enUS"": ""Your spell criticals will refund $s1% of their base mana cost."", ""EffectChainAmplitude_1"": 1.0, ""EffectChainAmplitude_2"": 1.0, ""EffectChainAmplitude_3"": 1.0, ""EquippedItemClass"": -1, ""NameSubtext_Lang_Mask"": 16712190, ""NameSubtext_Lang_enUS"": ""Rank 2"", ""Name_Lang_Mask"": 16712190, ""ProcChance"": 100, ""ProcTypeMask"": 65536, ""RangeIndex"": 1, ""SpellClassSet"": 3, ""SpellLevel"": 1, ""SpellPriority"": 50}",pulled from existing data
29076,Master of Elements,4,0,0,262352,0,0,0,0,0,0,0,0.0,,,"{""amplitude"": 0, ""apply_aura"": 4, ""base_points"": 29, ""chain_targets"": 0, ""die_sides"": 1, ""implicit_target_a"": 1, ""implicit_target_b"": 0, ""mechanic"": 0, ""misc_value"": 0, ""points_per_level"": 0.0, ""radius_yards"": null, ""trigger_spell"": 0, ""type"": 6}",,,1920,,,"{""AttributesEx3"": 67108864, ""AuraDescription_Lang_Mask"": 16712188, ""CastingTimeIndex"": 1, ""Description_Lang_Mask"": 16712190, ""Description_Lang_enUS"": ""Your spell criticals will refund $s1% of their base mana cost."", ""EffectChainAmplitude_1"": 1.0, ""EffectChainAmplitude_2"": 1.0, ""EffectChainAmplitude_3"": 1.0, ""EquippedItemClass"": -1, ""NameSubtext_Lang_Mask"": 16712190, ""NameSubtext_Lang_enUS"": ""Rank 3"", ""Name_Lang_Mask"": 16712190, ""ProcChance"": 100, ""ProcTypeMask"": 65536, ""RangeIndex"": 1, ""SpellClassSet"": 3, ""SpellLevel"": 1, ""SpellPriority"": 50}",pulled from existing data
29438,Precision,64,0,0,464,0,0,0,0,0,0,0,0.0,,,"{""amplitude"": 0, ""apply_aura"": 71, ""base_points"": 0, ""chain_targets"": 0, ""die_sides"": 1, ""implicit_target_a"": 1, ""implicit_target_b"": 0, ""mechanic"": 0, ""misc_value"": 16, ""points_per_level"": 0.0, ""radius_yards"": null, ""trigger_spell"": 0, ""type"": 6}","{""amplitude"": 0, ""apply_aura"": 72, ""base_points"": -2, ""chain_targets"": 0, ""die_sides"": 1, ""implicit_target_a"": 1, ""implicit_target_b"": 0, ""mechanic"": 0, ""misc_value"": 126, ""points_per_level"": 0.0, ""radius_yards"": null, ""trigger_spell"": 0, ""type"": 6}",,172,,,"{""AuraDescription_Lang_Mask"": 16712188, ""CastingTimeIndex"": 1, ""Description_Lang_Mask"": 16712190, ""Description_Lang_enUS"": ""Increases your critical strike chance with Frost spells by $s1% and reduces the mana cost of your spells by $s2%."", ""EffectChainAmplitude_1"": 1.0, ""EffectChainAmplitude_2"": 1.0, ""EffectChainAmplitude_3"": 1.0, ""EffectMiscValueB_2"": 1, ""EffectSpellClassMaskA_2"": 69640, ""EffectSpellClassMaskB_2"": 1, ""EffectSpellClassMaskC_2"": 4096, ""EquippedItemClass"": -1, ""NameSubtext_Lang_Mask"": 16712190, ""NameSubtext_Lang_enUS"": ""Rank 1"", ""Name_Lang_Mask"": 16712190, ""ProcChance"": 101, ""RangeIndex"": 1, ""SpellClassSet"": 3, ""SpellLevel"": 1, ""SpellPriority"": 50}",pulled from existing data
29439,Precision,64,0,0,464,0,0,0,0,0,0,0,0.0,,,"{""amplitude"": 0, ""apply_aura"": 71, ""base_points"": 1, ""chain_targets"": 0, ""die_sides"": 1, ""implicit_target_a"": 1, ""implicit_target_b"": 0, ""mechanic"": 0, ""misc_value"": 16, ""points_per_level"": 0.0, ""radius_yards"": null, ""trigger_spell"": 0, ""type"": 6}","{""amplitude"": 0, ""apply_aura"": 72, ""base_points"": -3, ""chain_targets"": 0, ""die_sides"": 1, ""implicit_target_a"": 1, ""implicit_target_b"": 0, ""mechanic"": 0, ""misc_value"": 126, ""points_per_level"": 0.0, ""radius_yards"": null, ""trigger_spell"": 0, ""type"": 6}",,172,,,"{""AuraDescription_Lang_Mask"": 16712188, ""CastingTimeIndex"": 1, ""Description_Lang_Mask"": 16712190, ""Description_Lang_enUS"": ""Increases your critical strike chance with Frost spells by $s1% and reduces the mana cost of your spells by $s2%."", ""EffectChainAmplitude_1"": 1.0, ""EffectChainAmplitude_2"": 1.0, ""EffectChainAmplitude_3"": 1.0, ""EffectMiscValueB_2"": 1, ""EffectSpellClassMaskA_2"": 69640, ""EffectSpellClassMaskC_2"": 4096, ""EquippedItemClass"": -1, ""NameSubtext_Lang_Mask"": 16712190, ""NameSubtext_Lang_enUS"": ""Rank 2"", ""Name_Lang_Mask"": 16712190, ""ProcChance"": 101, ""RangeIndex"": 1, ""SpellClassSet"": 3, ""SpellLevel"": 1, ""SpellPriority"": 50}",pulled from existing data
29440,Precision,64,0,0,464,0,0,0,0,0,0,0,0.0,,,"{""amplitude"": 0, ""apply_aura"": 71, ""base_points"": 2, ""chain_targets"": 0, ""die_sides"": 1, ""implicit_target_a"": 1, ""implicit_target_b"": 0, ""mechanic"": 0, ""misc_value"": 16, ""points_per_level"": 0.0, ""radius_yards"": null, ""trigger_spell"": 0, ""type"": 6}","{""amplitude"": 0, ""apply_aura"": 72, ""base_points"": -4, ""chain_targets"": 0, ""die_sides"": 1, ""implicit_target_a"": 1, ""implicit_target_b"": 0, ""mechanic"": 0, ""misc_value"": 126, ""points_per_level"": 0.0, ""radius_yards"": null, ""trigger_spell"": 0, ""type"": 6}",,172,,,"{""AuraDescription_Lang_Mask"": 16712188, ""CastingTimeIndex"": 1, ""Description_Lang_Mask"": 16712190, ""Description_Lang_enUS"": ""Increases your critical strike chance with Frost spells by $s1% and reduces the mana cost of your spells by $s2%."", ""EffectChainAmplitude_1"": 1.0, ""EffectChainAmplitude_2"": 1.0, ""EffectChainAmplitude_3"": 1.0, ""EffectMiscValueB_2"": 1, ""EffectSpellClassMaskA_2"": 69640, ""EffectSpellClassMaskC_2"": 4096, ""EquippedItemClass"": -1, ""NameSubtext_Lang_Mask"": 16712190, ""NameSubtext_Lang_enUS"": ""Rank 3"", ""Name_Lang_Mask"": 16712190, ""ProcChance"": 101, ""RangeIndex"": 1, ""SpellClassSet"": 3, ""SpellLevel"": 1, ""SpellPriority"": 50}",pulled from existing data
29441,Magic Absorption,64,0,0,464,0,0,0,0,0,0,0,0.0,,,"{""amplitude"": 0, ""apply_aura"": 4, ""base_points"": 0, ""chain_targets"": 0, ""die_sides"": 1, ""implicit_target_a"": 1, ""implicit_target_b"": 0, ""mechanic"": 0, ""misc_value"": 0, ""points_per_level"": 0.0, ""radius_yards"": null, ""trigger_spell"": 0, ""type"": 6}","{""amplitude"": 0, ""apply_aura"": 22, ""base_points"": -1, ""chain_targets"": 0, ""die_sides"": 1, ""implicit_target_a"": 1, ""implicit_target_b"": 0, ""mechanic"": 0, ""misc_value"": 124, ""points_per_level"": 0.5, ""radius_yards"": null, ""trigger_spell"": 0, ""type"": 6}",,459,,,"{""AttributesEx3"": 67108864, ""AttributesEx4"": 524288, ""AuraDescription_Lang_Mask"": 16712188, ""CastingTimeIndex"": 1, ""Description_Lang_Mask"": 16712190, ""Description_Lang_enUS"": ""Increases all resistances by .5 per level and causes all spells you fully resist to restore $s1% of your total mana.  1 sec cooldown."", ""EffectChainAmplitude_1"": 1.0, ""EffectChainAmplitude_2"": 1.0, ""EffectChainAmplitude_3"": 1.0, ""EffectSpellClassMaskA_1"": 2359296, ""EffectSpellClassMaskB_1"": 268435456, ""EquippedItemClass"": -1, ""NameSubtext_Lang_Mask"": 16712190, ""NameSubtext_Lang_enUS"": ""Rank 1"", ""Name_Lang_Mask"": 16712190, ""ProcChance"": 100, ""ProcTypeMask"": 131072, ""RangeIndex"": 1, ""SpellClassSet"": 3, ""SpellLevel"": 1, ""SpellPriority"": 50}",pulled from existing data
29444,Magic Absorption,64,0,0,464,0,0,0,0,0,0,0,0.0,,,"{""amplitude"": 0, ""apply_aura"": 4, ""base_points"": 1, ""chain_targets"": 0, ""die_sides"": 1, ""implicit_target_a"": 1, ""implicit_target_b"": 0, ""mechanic"": 0, ""misc_value"": 0, ""points_per_level"": 0.0, ""radius_yards"": null, ""trigger_spell"": 0, ""type"": 6}","{""amplitude"": 0, ""apply_aura"": 22, ""base_points"": -1, ""chain_targets"": 0, ""die_sides"": 1, ""implicit_target_a"": 1, ""implicit_target_b"": 0, ""mechanic"": 0, ""misc_value"": 124, ""points_per_level"": 1.0, ""radius_yards"": null, ""trigger_spell"": 0, ""type"": 6}",,459,,,"{""AttributesEx3"": 67108864, ""AttributesEx4"": 524288, ""AuraDescription_Lang_Mask"": 16712188, ""CastingTimeIndex"": 1, ""Description_Lang_Mask"": 16712190, ""Description_Lang_enUS"": ""Increases all resistances by 1 per level and causes all spells you fully resist to restore $s1% of your total mana.  1 sec cooldown."", ""EffectChainAmplitude_1"": 1.0, ""EffectChainAmplitude_2"": 1.0, ""EffectChainAmplitude_3"": 1.0, ""EffectSpellClassMaskA_1"": 2359296, ""EffectSpellClassMaskB_1"": 268435456, ""EquippedItemClass"": -1, ""NameSubtext_Lang_Mask"": 16712190, ""NameSubtext_Lang_enUS"": ""Rank 2"", ""Name_Lang_Mask"": 16712190, ""ProcChance"": 100, ""ProcTypeMask"": 131072, ""RangeIndex"": 1, ""SpellClassSet"": 3, ""SpellLevel"": 1, ""SpellPriority"": 50}",pulled from existing data
31569,Improved Blink,1,0,0,464,0,0,0,0,0,0,0,0.0,,,"{""amplitude"": 0, ""apply_aura"": 108, ""base_points"": -26, ""chain_targets"": 0, ""die_sides"": 1, ""implicit_target_a"": 1, ""implicit_target_b"": 0, ""mechanic"": 0, ""misc_value"": 14, ""points_per_level"": 0.0, ""radius_yards"": null, ""trigger_spell"": 0, ""type"": 6}","{""amplitude"": 0, ""apply_aura"": 42, ""base_points"": 0, ""chain_targets"": 0, ""die_sides"": 0, ""implicit_target_a"": 1, ""implicit_target_b"": 0, ""mechanic"": 0, ""misc_value"": 0, ""points_per_level"": 0.0, ""radius_yards"": null, ""trigger_spell"": 47000, ""type"": 6}",,1499,,,"{""AuraDescription_Lang_Mask"": 16712188, ""CastingTimeIndex"": 1, ""Description_Lang_Mask"": 16712190, ""Description_Lang_enUS"": ""Reduces the mana cost of Blink by $s1% and for $47000d after casting your chance to be hit by all attacks and spells is reduced by $47000s1%."", ""EffectChainAmplitude_1"": 1.0, ""EffectChainAmplitude_2"": 1.0, ""EffectChainAmplitude_3"": 1.0, ""EffectSpellClassMaskA_1"": 65536, ""EquippedItemClass"": -1, ""NameSubtext_Lang_Mask"": 16712190, ""NameSubtext_Lang_enUS"": ""Rank 1"", ""Name_Lang_Mask"": 16712190, ""ProcChance"": 100, ""ProcTypeMask"": 16384, ""RangeIndex"": 1, ""SpellClassSet"": 3, ""SpellLevel"": 1, ""SpellPriority"": 50}",pulled from existing data
31570,Improved Blink,1,0,0,464,0,0,0,0,0,0,0,0.0,,,"{""amplitude"": 0, ""apply_aura"": 108, ""base_points"": -51, ""chain_targets"": 0, ""die_sides"": 1, ""implicit_target_a"": 1, ""implicit_target_b"": 0, ""mechanic"": 0, ""misc_value"": 14, ""points_per_level"": 0.0, ""radius_yards"": null, ""trigger_spell"": 0, ""type"": 6}","{""amplitude"": 0, ""apply_aura"": 42, ""base_points"": 0, ""chain_targets"": 0, ""die_sides"": 0, ""implicit_target_a"": 1, ""implicit_target_b"": 0, ""mechanic"": 0, ""misc_value"": 0, ""points_per_level"": 0.0, ""radius_yards"": null, ""trigger_spell"": 46989, ""type"": 6}",,1499,,,"{""AuraDescription_Lang_Mask"": 16712188, ""CastingTimeIndex"": 1, ""Description_Lang_Mask"": 16712190, ""Description_Lang_enUS"": ""Reduces the mana cost of Blink by $s1% and for $47000d after casting your chance to be hit by all attacks and spells is reduced by $46989s1%."", ""EffectChainAmplitude_1"": 1.0, ""EffectChainAmplitude_2"": 1.0, ""EffectChainAmplitude_3"": 1.0, ""EffectSpellClassMaskA_1"": 65536, ""EquippedItemClass"": -1, ""NameSubtext_Lang_Mask"": 16712190, ""NameSubtext_Lang_enUS"": ""Rank 2"", ""Name_Lang_Mask"": 16712190, ""ProcChance"": 100, ""ProcTypeMask"": 16384, ""RangeIndex"": 1, ""SpellClassSet"": 3, ""SpellLevel"": 1, ""SpellPriority"": 50}",pulled from existing data
31571,Arcane Potency,1,0,0,464,0,0,0,0,0,0,0,0.0,,,"{""amplitude"": 0, ""apply_aura"": 4, ""base_points"": 14, ""chain_targets"": 0, ""die_sides"": 1, ""implicit_target_a"": 1, ""implicit_target_b"": 0, ""mechanic"": 0, ""misc_value"": 12, ""points_per_level"": 0.0, ""radius_yards"": null, ""trigger_spell"": 0, ""type"": 6}",,,2120,,,"{""AuraDescription_Lang_Mask"": 16712188, ""CastingTimeIndex"": 1, ""Description_Lang_Mask"": 16712190, ""Description_Lang_enUS"": ""Increases the critical strike chance of your next damaging spell by $s1% after gaining Clearcasting or Presence of Mind."", ""EffectChainAmplitude_1"": 1.0, ""EffectChainAmplitude_2"": 1.0, ""EffectChainAmplitude_3"": 1.0, ""EffectSpellClassMaskA_2"": 34, ""EffectSpellClassMaskB_1"": 2099200, ""EquippedItemClass"": -1, ""NameSubtext_Lang_Mask"": 16712190, ""NameSubtext_Lang_enUS"": ""Rank 1"", ""Name_Lang_Mask"": 16712190, ""ProcChance"": 101, ""RangeIndex"": 1, ""SpellClassSet"": 3, ""SpellLevel"": 1, ""SpellPriority"": 50}",pulled from existing data
31572,Arcane Potency,1,0,0,464,0,0,0,0,0,0,0,0.0,,,"{""amplitude"": 0, ""apply_aura"": 4, ""base_points"": 29, ""chain_targets"": 0, ""die_sides"": 1, ""implicit_target_a"": 1, ""implicit_target_b"": 0, ""mechanic"": 0, ""misc_value"": 12, ""points_per_level"": 0.0, ""radius_yards"": null, ""trigger_spell"": 0, ""type"": 6}",,,2120,,,"{""AuraDescription_Lang_Mask"": 16712188, ""CastingTimeIndex"": 1, ""Description_Lang_Mask"": 16712190, ""Description_Lang_enUS"": ""Increases the critical strike chance of your next damaging spell by $s1% after gaining Clearcasting or Presence of Mind."", ""EffectChainAmplitude_1"": 1.0, ""EffectChainAmplitude_2"": 1.0, ""EffectChainAmplitude_3"": 1.0, ""EffectSpellClassMaskA_2"": 34, ""EffectSpellClassMaskB_1"": 2099200, ""EquippedItemClass"": -1, ""NameSubtext_Lang_Mask"": 16712190, ""NameSubtext_Lang_enUS"": ""Rank 2"", ""Name_Lang_Mask"": 16712190, ""ProcChance"": 101, ""RangeIndex"": 1, ""SpellClassSet"": 3, ""SpellLevel"": 1, ""SpellPriority"": 50}",pulled from existing data
31574,Prismatic Cloak,1,0,0,464,0,0,0,0,0,0,0,0.0,,,"{""amplitude"": 0, ""apply_aura"": 87, ""base_points"": -3, ""chain_targets"": 0, ""die_sides"": 1, ""implicit_target_a"": 1, ""implicit_target_b"": 0, ""mechanic"": 0, ""misc_value"": 127, ""points_per_level"": 0.0, ""radius_yards"": null, ""trigger_spell"": 0, ""type"": 6}","{""amplitude"": 0, ""apply_aura"": 107, ""base_points"": -1001, ""chain_targets"": 0, ""die_sides"": 1, ""implicit_target_a"": 1, ""implicit_target_b"": 0, ""mechanic"": 0, ""misc_value"": 1, ""points_per_level"": 0.0, ""radius_yards"": null, ""trigger_spell"": 0, ""type"": 6}",,2126,,,"{""AuraDescription_Lang_Mask"": 16712188, ""CastingTimeIndex"": 1, ""Description_Lang_Mask"": 16712190, ""Description_Lang_enUS"": ""Reduces all damage taken by $s1% and reduces the fade time of your Invisibility spell by ${$m2/-1000} sec."", ""EffectChainAmplitude_1"": 1.0, ""EffectChainAmplitude_2"": 1.0, ""EffectChainAmplitude_3"": 1.0, ""EffectSpellClassMaskA_1"": 538972160, ""EffectSpellClassMaskB_2"": 262144, ""EquippedItemClass"": -1, ""NameSubtext_Lang_Mask"": 16712190, ""NameSubtext_Lang_enUS"": ""Rank 1"", ""Name_Lang_Mask"": 16712190, ""ProcChance"": 101, ""RangeIndex"": 1, ""SpellClassSet"": 3, ""SpellLevel"": 1, ""SpellPriority"": 50}",pulled from existing data
31575,Prismatic Cloak,1,0,0,464,0,0,0,0,0,0,0,0.0,,,"{""amplitude"": 0, ""apply_aura"": 87, ""base_points"": -5, ""chain_targets"": 0, ""die_sides"": 1, ""implicit_target_a"": 1, ""implicit_target_b"": 0, ""mechanic"": 0, ""misc_value"": 127, ""points_per_level"": 0.0, ""radius_yards"": null, ""trigger_spell"": 0, ""type"": 6}","{""amplitude"": 0, ""apply_aura"": 107, ""base_points"": -2001, ""chain_targets"": 0, ""die_sides"": 1, ""implicit_target_a"": 1, ""implicit_target_b"": 0, ""mechanic"": 0, ""misc_value"": 1, ""points_per_level"": 0.0, ""radius_yards"": null, ""trigger_spell"": 0, ""type"": 6}",,2126,,,"{""AuraDescription_Lang_Mask"": 16712188, ""CastingTimeIndex"": 1, ""Description_Lang_Mask"": 16712190, ""Description_Lang_enUS"": ""Reduces all damage taken by $s1% and reduces the fade time of your Invisibility spell by ${$m2/-1000} sec."", ""EffectChainAmplitude_1"": 1.0, ""EffectChainAmplitude_2"": 1.0, ""EffectChainAmplitude_3"": 1.0, ""EffectSpellClassMaskA_1"": 538972160, ""EffectSpellClassMaskB_2"": 262144, ""EquippedItemClass"": -1, ""NameSubtext_Lang_Mask"": 16712190, ""NameSubtext_Lang_enUS"": ""Rank 2"", ""Name_Lang_Mask"": 16712190, ""ProcChance"": 101, ""RangeIndex"": 1, ""SpellClassSet"": 3, ""SpellLevel"": 1, ""SpellPriority"": 50}",pulled from existing data
31579,Arcane Empowerment,1,0,0,80,0,0,0,0,0,0,0,0.0,,,"{""amplitude"": 0, ""apply_aura"": 107, ""base_points"": 2, ""chain_targets"": 0, ""die_sides"": 1, ""implicit_target_a"": 1, ""implicit_target_b"": 0, ""mechanic"": 0, ""misc_value"": 24, ""points_per_level"": 0.0, ""radius_yards"": null, ""trigger_spell"": 0, ""type"": 6}","{""amplitude"": 0, ""apply_aura"": 79, ""base_points"": 0, ""chain_targets"": 0, ""die_sides"": 1, ""implicit_target_a"": 1, ""implicit_target_b"": 0, ""mechanic"": 0, ""misc_value"": 127, ""points_per_level"": 0.0, ""radius_yards"": 100.0, ""trigger_spell"": 0, ""type"": 65}",,225,,,"{""AttributesEx7"": 268435456, ""AuraDescription_Lang_Mask"": 16712190, ""AuraDescription_Lang_enUS"": ""Increases all damage by $s2%."", ""CastingTimeIndex"": 1, ""Description_Lang_Mask"": 16712190, ""Description_Lang_enUS"": ""Increases the damage of your Arcane Missiles spell by an amount equal to $*5;s1% of your spell power and the damage of your Arcane Blast by $s1% of your spell power.  In addition, increases the damage of all party and raid members within 100 yds by $31579s2%."", ""EffectChainAmplitude_1"": 1.0, ""EffectChainAmplitude_2"": 1.0, ""EffectChainAmplitude_3"": 1.0, ""EffectSpellClassMaskA_1"": 538968064, ""EffectSpellClassMaskB_1"": 536870912, ""EquippedItemClass"": -1, ""NameSubtext_Lang_Mask"": 16712190, ""NameSubtext_Lang_enUS"": ""Rank 1"", ""Name_Lang_Mask"": 16712190, ""RangeIndex"": 1, ""SpellClassSet"": 3, ""SpellLevel"": 1, ""SpellPriority"": 50}",pulled from existing data
31582,Arcane Empowerment,1,0,0,80,0,0,0,0,0,0,0,0.0,,,"{""amplitude"": 0, ""apply_aura"": 107, ""base_points"": 5, ""chain_targets"": 0, ""die_sides"": 1, ""implicit_target_a"": 1, ""implicit_target_b"": 0, ""mechanic"": 0, ""misc_value"": 24, ""points_per_level"": 0.0, ""radius_yards"": null, ""trigger_spell"": 0, ""type"": 6}","{""amplitude"": 0, ""apply_aura"": 79, ""base_points"": 1, ""chain_targets"": 0, ""die_sides"": 1, ""implicit_target_a"": 1, ""implicit_target_b"": 0, ""mechanic"": 0, ""misc_value"": 127, ""points_per_level"": 0.0, ""radius_yards"": 100.0, ""trigger_spell"": 0, ""type"": 65}",,225,,,"{""AttributesEx7"": 268435456, ""AuraDescription_Lang_Mask"": 16712190, ""AuraDescription_Lang_enUS"": ""Increases all damage by $s2%."", ""CastingTimeIndex"": 1, ""Description_Lang_Mask"": 16712190, ""Description_Lang_enUS"": ""Increases the damage of your Arcane Missiles spell by an amount equal to $*5;s1% of your spell power and the damage of your Arcane Blast by $s1% of your spell power.  In addition, increases the damage of all party and raid members within 100 yds by $31582s2%."", ""EffectChainAmplitude_1"": 1.0, ""EffectChainAmplitude_2"": 1.0, ""EffectChainAmplitude_3"": 1.0, ""EffectSpellClassMaskA_1"": 538968064, ""EffectSpellClassMaskB_1"": 536870912, ""EquippedItemClass"": -1, ""NameSubtext_Lang_Mask"": 16712190, ""NameSubtext_Lang_enUS"": ""Rank 2"", ""Name_Lang_Mask"": 16712190, ""RangeIndex"": 1, ""SpellClassSet"": 3, ""SpellLevel"": 1, ""SpellPriority"": 50}",pulled from existing data
31583,Arcane Empowerment,1,0,0,80,0,0,0,0,0,0,0,0.0,,,"{""amplitude"": 0, ""apply_aura"": 107, ""base_points"": 8, ""chain_targets"": 0, ""die_sides"": 1, ""implicit_target_a"": 1, ""implicit_target_b"": 0, ""mechanic"": 0, ""misc_value"": 24, ""points_per_level"": 0.0, ""radius_yards"": null, ""trigger_spell"": 0, ""type"": 6}","{""amplitude"": 0, ""apply_aura"": 79, ""base_points"": 2, ""chain_targets"": 0, ""die_sides"": 1, ""implicit_target_a"": 1, ""implicit_target_b"": 0, ""mechanic"": 0, ""misc_value"": 127, ""points_per_level"": 0.0, ""radius_yards"": 100.0, ""trigger_spell"": 0, ""type"": 65}",,225,,,"{""AttributesEx7"": 268435456, ""AuraDescription_Lang_Mask"": 16712190, ""AuraDescription_Lang_enUS"": ""Increases all damage by $s2%."", ""CastingTimeIndex"": 1, ""Description_Lang_Mask"": 16712190, ""Description_Lang_enUS"": ""Increases the damage of your Arcane Missiles spell by an amount equal to $*5;s1% of your spell power and the damage of your Arcane Blast by $s1% of your spell power.  In addition, increases the damage of all party and raid members within 100 yds by $31583s2%."", ""EffectChainAmplitude_1"": 1.0, ""EffectChainAmplitude_2"": 1.0, ""EffectChainAmplitude_3"": 1.0, ""EffectSpellClassMaskA_1"": 538968064, ""EffectSpellClassMaskB_1"": 2048, ""EquippedItemClass"": -1, ""NameSubtext_Lang_Mask"": 16712190, ""NameSubtext_Lang_enUS"": ""Rank 3"", ""Name_Lang_Mask"": 16712190, ""ProcChance"": 100, ""RangeIndex"": 1, ""SpellClassSet"": 3, ""SpellLevel"": 1, ""SpellPriority"": 50}",pulled from existing data
31584,Mind Mastery,1,0,0,464,0,0,0,0,0,0,0,0.0,,,"{""amplitude"": 0, ""apply_aura"": 174, ""base_points"": 2, ""chain_targets"": 0, ""die_sides"": 1, ""implicit_target_a"": 1, ""implicit_target_b"": 0, ""mechanic"": 0, ""misc_value"": 126, ""points_per_level"": 0.0, ""radius_yards"": null, ""trigger_spell"": 0, ""type"": 6}",,,2121,,,"{""AuraDescription_Lang_Mask"": 16712188, ""CastingTimeIndex"": 1, ""Description_Lang_Mask"": 16712190, ""Description_Lang_enUS"": ""Increases spell power by $s1% of your total Intellect."", ""EffectChainAmplitude_1"": 1.0, ""EffectChainAmplitude_2"": 1.0, ""EffectChainAmplitude_3"": 1.0, ""EffectMiscValueB_1"": 3, ""EffectSpellClassMaskA_1"": 4043439104, ""EquippedItemClass"": -1, ""NameSubtext_Lang_Mask"": 16712190, ""NameSubtext_Lang_enUS"": ""Rank 1"", ""Name_Lang_Mask"": 16712190, ""ProcChance"": 101, ""RangeIndex"": 1, ""SpellClassSet"": 3, ""SpellLevel"": 1, ""SpellPriority"": 50}",pulled from existing data
31585,Mind Mastery,1,0,0,464,0,0,0,0,0,0,0,0.0,,,"{""amplitude"": 0, ""apply_aura"": 174, ""base_points"": 5, ""chain_targets"": 0, ""die_sides"": 1, ""implicit_target_a"": 1, ""implicit_target_b"": 0, ""mechanic"": 0, ""misc_value"": 126, ""points_per_level"": 0.0, ""radius_yards"": null, ""trigger_spell"": 0, ""type"": 6}",,,2121,,,"{""AuraDescription_Lang_Mask"": 16712188, ""CastingTimeIndex"": 1, ""Description_Lang_Mask"": 16712190, ""Description_Lang_enUS"": ""Increases spell power by $s1% of your total Intellect."", ""EffectChainAmplitude_1"": 1.0, ""EffectChainAmplitude_2"": 1.0, ""EffectChainAmplitude_3"": 1.0, ""EffectMiscValueB_1"": 3, ""EffectSpellClassMaskA_1"": 4043439104, ""EquippedItemClass"": -1, ""NameSubtext_Lang_Mask"": 16712190, ""NameSubtext_Lang_enUS"": ""Rank 2"", ""Name_Lang_Mask"": 16712190, ""ProcChance"": 101, ""RangeIndex"": 1, ""SpellClassSet"": 3, ""SpellLevel"": 1, ""SpellPriority"": 50}",pulled from existing data
31586,Mind Mastery,1,0,0,464,0,0,0,0,0,0,0,0.0,,,"{""amplitude"": 0, ""apply_aura"": 174, ""base_points"": 8, ""chain_targets"": 0, ""die_sides"": 1, ""implicit_target_a"": 1, ""implicit_target_b"": 0, ""mechanic"": 0, ""misc_value"": 126, ""points_per_level"": 0.0, ""radius_yards"": null, ""trigger_spell"": 0, ""type"": 6}",,,2121,,,"{""AuraDescription_Lang_Mask"": 16712188, ""CastingTimeIndex"": 1, ""Description_Lang_Mask"": 16712190, ""Description_Lang_enUS"": ""Increases spell power by $s1% of your total Intellect."", ""EffectChainAmplitude_1"": 1.0, ""EffectChainAmplitude_2"": 1.0, ""EffectChainAmplitude_3"": 1.0, ""EffectMiscValueB_1"": 3, ""EffectSpellClassMaskA_1"": 4043439104, ""EquippedItemClass"": -1, ""NameSubtext_Lang_Mask"": 16712190, ""NameSubtext_Lang_enUS"": ""Rank 3"", ""Name_Lang_Mask"": 16712190, ""ProcChance"": 101, ""RangeIndex"": 1, ""SpellClassSet"": 3, ""SpellLevel"": 1, ""SpellPriority"": 50}",pulled from existing data
31587,Mind Mastery,1,0,0,464,0,0,0,0,0,0,0,0.0,,,"{""amplitude"": 0, ""apply_aura"": 174, ""base_points"": 11, ""chain_targets"": 0, ""die_sides"": 1, ""implicit_target_a"": 1, ""implicit_target_b"": 0, ""mechanic"": 0, ""misc_value"": 126, ""points_per_level"": 0.0, ""radius_yards"": null, ""trigger_spell"": 0, ""type"": 6}",,,2121,,,"{""AuraDescription_Lang_Mask"": 16712188, ""CastingTimeIndex"": 1, ""Description_Lang_Mask"": 16712190, ""Description_Lang_enUS"": ""Increases spell power by $s1% of your total Intellect."", ""EffectChainAmplitude_1"": 1.0, ""EffectChainAmplitude_2"": 1.0, ""EffectChainAmplitude_3"": 1.0, ""EffectMiscValueB_1"": 3, ""EffectSpellClassMaskA_1"": 4043439104, ""EquippedItemClass"": -1, ""NameSubtext_Lang_Mask"": 16712190, ""NameSubtext_Lang_enUS"": ""Rank 4"", ""Name_Lang_Mask"": 16712190, ""ProcChance"": 101, ""RangeIndex"": 1, ""SpellClassSet"": 3, ""SpellLevel"": 1, ""SpellPriority"": 50}",pulled from existing data
31588,Mind Mastery,1,0,0,464,0,0,0,0,0,0,0,0.0,,,"{""amplitude"": 0, ""apply_aura"": 174, ""base_points"": 14, ""chain_targets"": 0, ""die_sides"": 1, ""implicit_target_a"": 1, ""implicit_target_b"": 0, ""mechanic"": 0, ""misc_value"": 126, ""points_per_level"": 0.0, ""radius_yards"": null, ""trigger_spell"": 0, ""type"": 6}",,,2121,,,"{""AuraDescription_Lang_Mask"": 16712188, ""CastingTimeIndex"": 1, ""Description_Lang_Mask"": 16712190, ""Description_Lang_enUS"": ""Increases spell power by $s1% of your total Intellect."", ""EffectChainAmplitude_1"": 1.0, ""EffectChainAmplitude_2"": 1.0, ""EffectChainAmplitude_3"": 1.0, ""EffectMiscValueB_1"": 3, ""EffectSpellClassMaskA_1"": 4043439104, ""EquippedItemClass"": -1, ""NameSubtext_Lang_Mask"": 16712190, ""NameSubtext_Lang_enUS"": ""Rank 5"", ""Name_Lang_Mask"": 16712190, ""ProcChance"": 101, ""RangeIndex"": 1, ""SpellClassSet"": 3, ""SpellLevel"": 1, ""SpellPriority"": 50}",pulled from existing data
31589,Slow,64,1,0,65536,0,0,0,0,0,0,12,30.0,,15000,"{""amplitude"": 0, ""apply_aura"": 33, ""base_points"": -61, ""chain_targets"": 0, ""die_sides"": 1, ""implicit_target_a"": 6, ""implicit_target_b"": 0, ""mechanic"": 11, ""misc_value"": 0, ""points_per_level"": 0.0, ""radius_yards"": null, ""trigger_spell"": 0, ""type"": 6}","{""amplitude"": 0, ""apply_aura"": 218, ""base_points"": -61, ""chain_targets"": 0, ""die_sides"": 1, ""implicit_target_a"": 6, ""implicit_target_b"": 0, ""mechanic"": 0, ""misc_value"": 0, ""points_per_level"": 0.0, ""radius_yards"": null, ""trigger_spell"": 0, ""type"": 6}","{""amplitude"": 0, ""apply_aura"": 216, ""base_points"": -31, ""chain_targets"": 0, ""die_sides"": 1, ""implicit_target_a"": 6, ""implicit_target_b"": 0, ""mechanic"": 0, ""misc_value"": 0, ""points_per_level"": 0.0, ""radius_yards"": null, ""trigger_spell"": 0, ""type"": 6}",27,,,"{""AttributesEx5"": 32, ""AttributesEx6"": 8388608, ""AuraDescription_Lang_Mask"": 16712190, ""AuraDescription_Lang_enUS"": ""Movement speed reduced by $s1%.  Time between ranged attacks increased by $s2%.  Casting time increased by $s3%."", ""BaseLevel"": 50, ""CastingTimeIndex"": 1, ""DefenseType"": 1, ""Description_Lang_Mask"": 16712190, ""Description_Lang_enUS"": ""Reduces target's movement speed by $s1%, increases the time between ranged attacks by $s2% and increases casting time by $s3%.  Lasts $d.  Slow can only affect one target at a time."", ""EffectChainAmplitude_1"": 1.0, ""EffectChainAmplitude_2"": 1.0, ""EffectChainAmplitude_3"": 1.0, ""EffectSpellClassMaskA_1"": 14684919, ""EffectSpellClassMaskB_1"": 12589815, ""EffectSpellClassMaskC_1"": 4194437, ""EquippedItemClass"": -1, ""NameSubtext_Lang_Mask"": 16712172, ""Name_Lang_Mask"": 16712190, ""PreventionType"": 1, ""ProcChance"": 101, ""SpellClassMask_1"": 2147483648, ""SpellClassSet"": 3, ""SpellLevel"": 50, ""SpellPriority"": 50, ""SpellVisualID_1"": 68, ""StartRecoveryCategory"": 133, ""StartRecoveryTime"": 1500}",pulled from existing data
31638,Playing with Fire,4,0,0,262352,0,0,0,0,0,0,0,0.0,,-1,"{""amplitude"": 0, ""apply_aura"": 79, ""base_points"": 0, ""chain_targets"": 0, ""die_sides"": 1, ""implicit_target_a"": 1, ""implicit_target_b"": 0, ""mechanic"": 0, ""misc_value"": 126, ""points_per_level"": 0.0, ""radius_yards"": null, ""trigger_spell"": 0, ""type"": 6}","{""amplitude"": 0, ""apply_aura"": 87, ""base_points"": 0, ""chain_targets"": 0, ""die_sides"": 1, ""implicit_target_a"": 1, ""implicit_target_b"": 0, ""mechanic"": 0, ""misc_value"": 126, ""points_per_level"": 0.0, ""radius_yards"": null, ""trigger_spell"": 0, ""type"": 6}",,2130,,,"{""AuraDescription_Lang_Mask"": 16712188, ""CastingTimeIndex"": 1, ""Description_Lang_Mask"": 16712190, ""Description_Lang_enUS"": ""Increases all spell damage caused by $s1% and all spell damage taken by $s2%."", ""EffectChainAmplitude_1"": 1.0, ""EffectChainAmplitude_2"": 1.0, ""EffectChainAmplitude_3"": 1.0, ""EffectSpellClassMaskA_1"": 4194325, ""EquippedItemClass"": -1, ""NameSubtext_Lang_Mask"": 16712190, ""NameSubtext_Lang_enUS"": ""Rank 1"", ""Name_Lang_Mask"": 16712190, ""ProcChance"": 101, ""RangeIndex"": 1, ""SpellClassSet"": 3, ""SpellLevel"": 1, ""SpellPriority"": 50}",pulled from existing data
31639,Playing with Fire,4,0,0,262352,0,0,0,0,0,0,0,0.0,,-1,"{""amplitude"": 0, ""apply_aura"": 79, ""base_points"": 1, ""chain_targets"": 0, ""die_sides"": 1, ""implicit_target_a"": 1, ""implicit_target_b"": 0, ""mechanic"": 0, ""misc_value"": 126, ""points_per_level"": 0.0, ""radius_yards"": null, ""trigger_spell"": 0, ""type"": 6}","{""amplitude"": 0, ""apply_aura"": 87, ""base_points"": 1, ""chain_targets"": 0, ""die_sides"": 1, ""implicit_target_a"": 1, ""implicit_target_b"": 0, ""mechanic"": 0, ""misc_value"": 126, ""points_per_level"": 0.0, ""radius_yards"": null, ""trigger_spell"": 0, ""type"": 6}",,2130,,,"{""AuraDescription_Lang_Mask"": 16712188, ""CastingTimeIndex"": 1, ""Description_Lang_Mask"": 16712190, ""Description_Lang_enUS"": ""Increases all spell damage caused by $s1% and all spell damage taken by $s2%."", ""EffectChainAmplitude_1"": 1.0, ""EffectChainAmplitude_2"": 1.0, ""EffectChainAmplitude_3"": 1.0, ""EffectSpellClassMaskA_1"": 4194325, ""EquippedItemClass"": -1, ""NameSubtext_Lang_Mask"": 16712190, ""NameSubtext_Lang_enUS"": ""Rank 2"", ""Name_Lang_Mask"": 16712190, ""ProcChance"": 101, ""RangeIndex"": 1, ""SpellClassSet"": 3, ""SpellLevel"": 1, ""SpellPriority"": 50}",pulled from existing data
31640,Playing with Fire,4,0,0,262352,0,0,0,0,0,0,0,0.0,,-1,"{""amplitude"": 0, ""apply_aura"": 79, ""base_points"": 2, ""chain_targets"": 0, ""die_sides"": 1, ""implicit_target_a"": 1, ""implicit_target_b"": 0, ""mechanic"": 0, ""misc_value"": 126, ""points_per_level"": 0.0, ""radius_yards"": null, ""trigger_spell"": 0, ""type"": 6}","{""amplitude"": 0, ""apply_aura"": 87, ""base_points"": 2, ""chain_targets"": 0, ""die_sides"": 1, ""implicit_target_a"": 1, ""implicit_target_b"": 0, ""mechanic"": 0, ""misc_value"": 126, ""points_per_level"": 0.0, ""radius_yards"": null, ""trigger_spell"": 0, ""type"": 6}",,2130,,,"{""AuraDescription_Lang_Mask"": 16712188, ""CastingTimeIndex"": 1, ""Description_Lang_Mask"": 16712190, ""Description_Lang_enUS"": ""Increases all spell damage caused by $s1% and all spell damage taken by $s2%."", ""EffectChainAmplitude_1"": 1.0, ""EffectChainAmplitude_2"": 1.0, ""EffectChainAmplitude_3"": 1.0, ""EffectSpellClassMaskA_1"": 4194325, ""EquippedItemClass"": -1, ""NameSubtext_Lang_Mask"": 16712190, ""NameSubtext_Lang_enUS"": ""Rank 3"", ""Name_Lang_Mask"": 16712190, ""ProcChance"": 101, ""RangeIndex"": 1, ""SpellClassSet"": 3, ""SpellLevel"": 1, ""SpellPriority"": 50}",pulled from existing data
31641,Blazing Speed,4,0,0,262352,0,0,0,0,0,0,0,0.0,,-1,"{""amplitude"": 0, ""apply_aura"": 42, ""base_points"": -1, ""chain_targets"": 0, ""die_sides"": 1, ""implicit_target_a"": 1, ""implicit_target_b"": 0, ""mechanic"": 0, ""misc_value"": 0, ""points_per_level"": 0.0, ""radius_yards"": null, ""trigger_spell"": 18350, ""type"": 6}",,,2127,,,"{""AttributesEx4"": 524288, ""AuraDescription_Lang_Mask"": 16712188, ""CastingTimeIndex"": 1, ""Description_Lang_Mask"": 16712190, ""Description_Lang_enUS"": ""Gives you a $h% chance when hit by a melee or ranged attack to increase your movement speed by $31643s1% and dispel all movement impairing effects.  This effect lasts $31643d."", ""EffectChainAmplitude_1"": 1.0, ""EffectChainAmplitude_2"": 1.0, ""EffectChainAmplitude_3"": 1.0, ""EffectSpellClassMaskA_1"": 4194325, ""EquippedItemClass"": -1, ""NameSubtext_Lang_Mask"": 16712190, ""NameSubtext_Lang_enUS"": ""Rank 1"", ""Name_Lang_Mask"": 16712190, ""ProcChance"": 5, ""ProcTypeMask"": 680, ""RangeIndex"": 1, ""SpellClassSet"": 3, ""SpellLevel"": 1, ""SpellPriority"": 50}",pulled from existing data
31642,Blazing Speed,4,0,0,262352,0,0,0,0,0,0,0,0.0,,-1,"{""amplitude"": 0, ""apply_aura"": 42, ""base_points"": -1, ""chain_targets"": 0, ""die_sides"": 1, ""implicit_target_a"": 1, ""implicit_target_b"": 0, ""mechanic"": 0, ""misc_value"": 0, ""points_per_level"": 0.0, ""radius_yards"": null, ""trigger_spell"": 18350, ""type"": 6}",,,2127,,,"{""AttributesEx4"": 524288, ""AuraDescription_Lang_Mask"": 16712188, ""CastingTimeIndex"": 1, ""Description_Lang_Mask"": 16712190, ""Description_Lang_enUS"": ""Gives you a $h% chance when hit by a melee or ranged attack to increase your movement speed by $31643s1% and dispel all movement impairing effects.  This effect lasts $31643d."", ""EffectChainAmplitude_1"": 1.0, ""EffectChainAmplitude_2"": 1.0, ""EffectChainAmplitude_3"": 1.0, ""EffectSpellClassMaskA_1"": 4194325, ""EquippedItemClass"": -1, ""NameSubtext_Lang_Mask"": 16712190, ""NameSubtext_Lang_enUS"": ""Rank 2"", ""Name_Lang_Mask"": 16712190, ""ProcChance"": 10, ""ProcTypeMask"": 680, ""RangeIndex"": 1, ""SpellClassSet"": 3, ""SpellLevel"": 1, ""SpellPriority"": 50}",pulled from existing data
31656,Empowered Fire,4,0,0,262352,0,0,0,0,0,0,0,0.0,,,"{""amplitude"": 0, ""apply_aura"": 107, ""base_points"": 4, ""chain_targets"": 0, ""die_sides"": 1, ""implicit_target_a"": 1, ""implicit_target_b"": 0, ""mechanic"": 0, ""misc_value"": 24, ""points_per_level"": 0.0, ""radius_yards"": null, ""trigger_spell"": 0, ""type"": 6}",,,185,,,"{""AuraDescription_Lang_Mask"": 16712188, ""CastingTimeIndex"": 1, ""Description_Lang_Mask"": 16712190, ""Description_Lang_enUS"": ""Increases the damage of your Fireball, Frostfire Bolt and Pyroblast spells by an amount equal to $s1% of your spell power.  In addition, each time your Ignite talent causes damage, you have a $h% chance to regain $67545s1% of your base mana."", ""EffectChainAmplitude_1"": 1.0, ""EffectChainAmplitude_2"": 1.0, ""EffectChainAmplitude_3"": 1.0, ""EffectSpellClassMaskA_1"": 4194305, ""EffectSpellClassMaskA_2"": 4096, ""EffectSpellClassMaskC_1"": 262144, ""EquippedItemClass"": -1, ""NameSubtext_Lang_Mask"": 16712190, ""NameSubtext_Lang_enUS"": ""Rank 1"", ""Name_Lang_Mask"": 16712190, ""ProcChance"": 33, ""ProcTypeMask"": 262144, ""RangeIndex"": 1, ""SpellClassSet"": 3, ""SpellLevel"": 1, ""SpellPriority"": 50}",pulled from existing data
31657,Empowered Fire,4,0,0,262352,0,0,0,0,0,0,0,0.0,,,"{""amplitude"": 0, ""apply_aura"": 107, ""base_points"": 9, ""chain_targets"": 0, ""die_sides"": 1, ""implicit_target_a"": 1, ""implicit_target_b"": 0, ""mechanic"": 0, ""misc_value"": 24, ""points_per_level"": 0.0, ""radius_yards"": null, ""trigger_spell"": 0, ""type"": 6}",,,185,,,"{""AuraDescription_Lang_Mask"": 16712188, ""CastingTimeIndex"": 1, ""Description_Lang_Mask"": 16712190, ""Description_Lang_enUS"": ""Increases the damage of your Fireball, Frostfire Bolt and Pyroblast spells by an amount equal to $s1% of your spell power.  In addition, each time your Ignite talent causes damage, you have a $h% chance to regain $67545s1% of your base mana."", ""EffectChainAmplitude_1"": 1.0, ""EffectChainAmplitude_2"": 1.0, ""EffectChainAmplitude_3"": 1.0, ""EffectSpellClassMaskA_1"": 4194305, ""EffectSpellClassMaskA_2"": 4096, ""EffectSpellClassMaskC_1"": 262144, ""EquippedItemClass"": -1, ""NameSubtext_Lang_Mask"": 16712190, ""NameSubtext_Lang_enUS"": ""Rank 2"", ""Name_Lang_Mask"": 16712190, ""ProcChance"": 67, ""ProcTypeMask"": 262144, ""RangeIndex"": 1, ""SpellClassSet"": 3, ""SpellLevel"": 1, ""SpellPriority"": 50}",pulled from existing data
31658,Empowered Fire,4,0,0,262352,0,0,0,0,0,0,0,0.0,,,"{""amplitude"": 0, ""apply_aura"": 107, ""base_points"": 14, ""chain_targets"": 0, ""die_sides"": 1, ""implicit_target_a"": 1, ""implicit_target_b"": 0, ""mechanic"": 0, ""misc_value"": 24, ""points_per_level"": 0.0, ""radius_yards"": null, ""trigger_spell"": 0, ""type"": 6}",,,185,,,"{""AuraDescription_Lang_Mask"": 16712188, ""CastingTimeIndex"": 1, ""Description_Lang_Mask"": 16712190, ""Description_Lang_enUS"": ""Increases the damage of your Fireball, Frostfire Bolt and Pyroblast spells by an amount equal to $s1% of your spell power.  In addition, each time your Ignite talent causes damage, you have a $h% chance to regain $67545s1% of your base mana."", ""EffectChainAmplitude_1"": 1.0, ""EffectChainAmplitude_2"": 1.0, ""EffectChainAmplitude_3"": 1.0, ""EffectSpellClassMaskA_1"": 4194305, ""EffectSpellClassMaskA_2"": 4096, ""EffectSpellClassMaskC_1"": 262144, ""EquippedItemClass"": -1, ""NameSubtext_Lang_Mask"": 16712190, ""NameSubtext_Lang_enUS"": ""Rank 3"", ""Name_Lang_Mask"": 16712190, ""ProcChance"": 100, ""ProcTypeMask"": 262144, ""RangeIndex"": 1, ""SpellClassSet"": 3, ""SpellLevel"": 1, ""SpellPriority"": 50}",pulled from existing data
31667,Frozen Core,1,0,0,464,0,0,0,0,0,0,0,0.0,,,"{""amplitude"": 0, ""apply_aura"": 87, ""base_points"": -3, ""chain_targets"": 0, ""die_sides"": 1, ""implicit_target_a"": 1, ""implicit_target_b"": 0, ""mechanic"": 0, ""misc_value"": 126, ""points_per_level"": 0.0, ""radius_yards"": null, ""trigger_spell"": 0, ""type"": 6}","{""amplitude"": 0, ""apply_aura"": 42, ""base_points"": 0, ""chain_targets"": 0, ""die_sides"": 1, ""implicit_target_a"": 1, ""implicit_target_b"": 0, ""mechanic"": 0, ""misc_value"": 0, ""points_per_level"": 0.0, ""radius_yards"": null, ""trigger_spell"": 200016, ""type"": 6}",,2132,,,"{""AuraDescription_Lang_Mask"": 16712188, ""CastingTimeIndex"": 1, ""Description_Lang_Mask"": 16712190, ""Description_Lang_enUS"": ""Reduces the damage taken from all spells by $s1%. |cFF9D9D9DAt max rank, your Ice Lance critical strikes against frozen targets pierce to the target's core, dealing Frost damage over 8 sec. Does not stack, and refreshes on reapplication.|r"", ""EffectBonusMultiplier_1"": 1.0, ""EffectChainAmplitude_1"": 1.0, ""EquippedItemClass"": -1, ""NameSubtext_Lang_Mask"": 16712190, ""NameSubtext_Lang_enUS"": ""Rank 1"", ""Name_Lang_Mask"": 16712190, ""ProcChance"": 100, ""RangeIndex"": 1, ""SpellClassSet"": 3, ""ProcTypeMask"": 655360}","Frost Mage rework (docs/frost-mage-redesign.md sec 4 Row 5, Frozen Core). effect1 (magic dmg taken -2/4/6%) needed zero changes -- pulled data already matched spec exactly. effect2 (new, all 3 ranks): native SPELL_AURA_PROC_TRIGGER_SPELL, 'taking magic damage grants Frozen Core, +2/4/6% Frost damage for 8 sec' -- pure data, one small dedicated buff spell per rank (200016/17/18) since the % scales by rank and each rank only ever triggers its own. ProcTypeMask = PROC_FLAG_TAKEN_SPELL_MAGIC_DMG_CLASS_NEG | PROC_FLAG_TAKEN_PERIODIC (131072|524288) so it reacts to any class's direct or DoT magic damage, not just Mage-family sources. Playtest bugfix (2026-08-27/28, user call, ""Frozen Core does nothing at all""): this spell has no explicit spell_proc row, so SpellMgr::LoadSpellProcs's fallback generator builds one from the DBC data itself -- and that generator ORs together the SpellClassMask of *every* trigger-aura effect on the entry (not just the proc-relevant ones) into a single spell-wide SpellFamilyMask, via SPELL_AURA_MOD_DAMAGE_PERCENT_TAKEN (effect1's aura type) itself being in SpellMgr's isTriggerAura[] table. Effect1's EffectSpellClassMaskA_1/B_1 (160/576) were leftover cruft from the pre-rework spell this ID used to be (\""pulled from existing data\"" above) -- harmless for effect1 itself (a plain percent-taken modifier, not proc-scoped), but they got sucked into the generated procEntry's SpellFamilyMask and silently required every trigger spell family-mask-affect *that specific leftover mask*, which nothing (not a mob's fireball, not even the mage's own Ice Lance) ever matches. Confirmed live via temporary LOG_ERROR tracing in Aura::GetProcEffectMask/CanSpellTriggerProcOnEvent (SpellAuras.cpp/SpellMgr.cpp) -- procEntry.SpellFamilyName resolved to 3 (Mage) and SpellFamilyMask to the leftover value, failing IsAffected() for every real event. Removed EffectSpellClassMaskA_1/B_1 entirely (all 3 ranks) so the fallback procEntry's SpellFamilyMask stays 0/unrestricted, matching the documented intent."
31668,Frozen Core,1,0,0,464,0,0,0,0,0,0,0,0.0,,,"{""amplitude"": 0, ""apply_aura"": 87, ""base_points"": -5, ""chain_targets"": 0, ""die_sides"": 1, ""implicit_target_a"": 1, ""implicit_target_b"": 0, ""mechanic"": 0, ""misc_value"": 126, ""points_per_level"": 0.0, ""radius_yards"": null, ""trigger_spell"": 0, ""type"": 6}","{""amplitude"": 0, ""apply_aura"": 42, ""base_points"": 0, ""chain_targets"": 0, ""die_sides"": 1, ""implicit_target_a"": 1, ""implicit_target_b"": 0, ""mechanic"": 0, ""misc_value"": 0, ""points_per_level"": 0.0, ""radius_yards"": null, ""trigger_spell"": 200017, ""type"": 6}",,2132,,,"{""AuraDescription_Lang_Mask"": 16712188, ""CastingTimeIndex"": 1, ""Description_Lang_Mask"": 16712190, ""Description_Lang_enUS"": ""Reduces the damage taken from all spells by $s1%. |cFF9D9D9DAt max rank, your Ice Lance critical strikes against frozen targets pierce to the target's core, dealing Frost damage over 8 sec. Does not stack, and refreshes on reapplication.|r"", ""EffectBonusMultiplier_1"": 1.0, ""EffectChainAmplitude_1"": 1.0, ""EquippedItemClass"": -1, ""NameSubtext_Lang_Mask"": 16712190, ""NameSubtext_Lang_enUS"": ""Rank 2"", ""Name_Lang_Mask"": 16712190, ""ProcChance"": 100, ""RangeIndex"": 1, ""SpellClassSet"": 3, ""ProcTypeMask"": 655360}","Frost Mage rework (docs/frost-mage-redesign.md sec 4 Row 5, Frozen Core). effect1 (magic dmg taken -2/4/6%) needed zero changes -- pulled data already matched spec exactly. effect2 (new, all 3 ranks): native SPELL_AURA_PROC_TRIGGER_SPELL, 'taking magic damage grants Frozen Core, +2/4/6% Frost damage for 8 sec' -- pure data, one small dedicated buff spell per rank (200016/17/18) since the % scales by rank and each rank only ever triggers its own. ProcTypeMask = PROC_FLAG_TAKEN_SPELL_MAGIC_DMG_CLASS_NEG | PROC_FLAG_TAKEN_PERIODIC (131072|524288) so it reacts to any class's direct or DoT magic damage, not just Mage-family sources. Playtest bugfix (2026-08-27/28, user call, ""Frozen Core does nothing at all""): this spell has no explicit spell_proc row, so SpellMgr::LoadSpellProcs's fallback generator builds one from the DBC data itself -- and that generator ORs together the SpellClassMask of *every* trigger-aura effect on the entry (not just the proc-relevant ones) into a single spell-wide SpellFamilyMask, via SPELL_AURA_MOD_DAMAGE_PERCENT_TAKEN (effect1's aura type) itself being in SpellMgr's isTriggerAura[] table. Effect1's EffectSpellClassMaskA_1/B_1 (160/576) were leftover cruft from the pre-rework spell this ID used to be (\""pulled from existing data\"" above) -- harmless for effect1 itself (a plain percent-taken modifier, not proc-scoped), but they got sucked into the generated procEntry's SpellFamilyMask and silently required every trigger spell family-mask-affect *that specific leftover mask*, which nothing (not a mob's fireball, not even the mage's own Ice Lance) ever matches. Confirmed live via temporary LOG_ERROR tracing in Aura::GetProcEffectMask/CanSpellTriggerProcOnEvent (SpellAuras.cpp/SpellMgr.cpp) -- procEntry.SpellFamilyName resolved to 3 (Mage) and SpellFamilyMask to the leftover value, failing IsAffected() for every real event. Removed EffectSpellClassMaskA_1/B_1 entirely (all 3 ranks) so the fallback procEntry's SpellFamilyMask stays 0/unrestricted, matching the documented intent."
31669,Frozen Core,1,0,0,464,0,0,0,0,0,0,0,0.0,,,"{""amplitude"": 0, ""apply_aura"": 87, ""base_points"": -7, ""chain_targets"": 0, ""die_sides"": 1, ""implicit_target_a"": 1, ""implicit_target_b"": 0, ""mechanic"": 0, ""misc_value"": 126, ""points_per_level"": 0.0, ""radius_yards"": null, ""trigger_spell"": 0, ""type"": 6}","{""amplitude"": 0, ""apply_aura"": 42, ""base_points"": 0, ""chain_targets"": 0, ""die_sides"": 1, ""implicit_target_a"": 1, ""implicit_target_b"": 0, ""mechanic"": 0, ""misc_value"": 0, ""points_per_level"": 0.0, ""radius_yards"": null, ""trigger_spell"": 200018, ""type"": 6}","{""amplitude"": 0, ""apply_aura"": 42, ""base_points"": 0, ""chain_targets"": 0, ""die_sides"": 1, ""implicit_target_a"": 1, ""implicit_target_b"": 0, ""mechanic"": 0, ""misc_value"": 0, ""points_per_level"": 0.0, ""radius_yards"": null, ""trigger_spell"": 200019, ""type"": 6}",2132,,,"{""AuraDescription_Lang_Mask"": 16712188, ""CastingTimeIndex"": 1, ""Description_Lang_Mask"": 16712190, ""Description_Lang_enUS"": ""Reduces the damage taken from all spells by $s1%.  Your Ice Lance critical strikes against frozen targets pierce to the target's core, dealing Frost damage over 8 sec. Does not stack, and refreshes on reapplication."", ""EffectBonusMultiplier_1"": 1.0, ""EffectChainAmplitude_1"": 1.0, ""EquippedItemClass"": -1, ""NameSubtext_Lang_Mask"": 16712190, ""NameSubtext_Lang_enUS"": ""Rank 3"", ""Name_Lang_Mask"": 16712190, ""ProcChance"": 100, ""RangeIndex"": 1, ""SpellClassSet"": 3, ""ProcTypeMask"": 720896}","Frost Mage rework (docs/frost-mage-redesign.md sec 4 Row 5, Frozen Core). effect1 (magic dmg taken -2/4/6%) needed zero changes -- pulled data already matched spec exactly. effect2 (new, all 3 ranks): native SPELL_AURA_PROC_TRIGGER_SPELL, 'taking magic damage grants Frozen Core, +2/4/6% Frost damage for 8 sec' -- pure data, one small dedicated buff spell per rank (200016/17/18) since the % scales by rank and each rank only ever triggers its own. ProcTypeMask = PROC_FLAG_TAKEN_SPELL_MAGIC_DMG_CLASS_NEG | PROC_FLAG_TAKEN_PERIODIC (131072|524288) so it reacts to any class's direct or DoT magic damage, not just Mage-family sources. Playtest bugfix (2026-08-27/28, user call, ""Frozen Core does nothing at all""): this spell has no explicit spell_proc row, so SpellMgr::LoadSpellProcs's fallback generator builds one from the DBC data itself -- and that generator ORs together the SpellClassMask of *every* trigger-aura effect on the entry (not just the proc-relevant ones) into a single spell-wide SpellFamilyMask, via SPELL_AURA_MOD_DAMAGE_PERCENT_TAKEN (effect1's aura type) itself being in SpellMgr's isTriggerAura[] table. Effect1's EffectSpellClassMaskA_1/B_1 (160/576) were leftover cruft from the pre-rework spell this ID used to be (\""pulled from existing data\"" above) -- harmless for effect1 itself (a plain percent-taken modifier, not proc-scoped), but they got sucked into the generated procEntry's SpellFamilyMask and silently required every trigger spell family-mask-affect *that specific leftover mask*, which nothing (not a mob's fireball, not even the mage's own Ice Lance) ever matches. Confirmed live via temporary LOG_ERROR tracing in Aura::GetProcEffectMask/CanSpellTriggerProcOnEvent (SpellAuras.cpp/SpellMgr.cpp) -- procEntry.SpellFamilyName resolved to 3 (Mage) and SpellFamilyMask to the leftover value, failing IsAffected() for every real event. Removed EffectSpellClassMaskA_1/B_1 entirely (all 3 ranks) so the fallback procEntry's SpellFamilyMask stays 0/unrestricted, matching the documented intent. effect3 (rank 3 only, capstone): 'Ice Lance crit vs frozen -> DoT (200019), no stack, refresh on reapply.' Native aura reapplication already gives 'does not stack, refreshes' for free (same-spell-ID single-target apply). Real gating (Ice Lance only + must crit + target frozen) lives entirely in spell_mage_frozen_core (spell_mage.cpp), not in the DBC row: effect2 and effect3 share this spell's one spell-wide ProcFlags/SchoolMask/SpellFamilyMask (confirmed by reading Aura::GetProcEffectMask/CanSpellTriggerProcOnEvent), so a script has to discriminate 'taken' (effect2) from 'done+crit+frozen' (effect3) per event rather than two independently-scoped native effects."
31670,Ice Floes,1,0,0,464,0,0,0,0,0,0,0,0.0,,,"{""amplitude"": 0, ""apply_aura"": 108, ""base_points"": -12, ""chain_targets"": 0, ""die_sides"": 1, ""implicit_target_a"": 1, ""implicit_target_b"": 0, ""mechanic"": 0, ""misc_value"": 11, ""points_per_level"": 0.0, ""radius_yards"": null, ""trigger_spell"": 0, ""type"": 6}",,,2133,,,"{""AuraDescription_Lang_Mask"": 16712188, ""CastingTimeIndex"": 1, ""Description_Lang_Mask"": 16712190, ""Description_Lang_enUS"": ""Reduces the cooldown of your Frost Nova, Cone of Cold, Ice Block and Icy Veins spells by $s1%."", ""EffectBonusMultiplier_1"": 1.0, ""EffectBonusMultiplier_3"": 1.0, ""EffectChainAmplitude_1"": 1.0, ""EffectChainAmplitude_2"": 1.0, ""EffectChainAmplitude_3"": 1.0, ""EffectSpellClassMaskA_1"": 576, ""EffectSpellClassMaskA_2"": 16512, ""EffectSpellClassMaskB_1"": 576, ""EquippedItemClass"": -1, ""NameSubtext_Lang_Mask"": 16712190, ""NameSubtext_Lang_enUS"": ""Rank 1"", ""Name_Lang_Mask"": 16712190, ""ProcChance"": 101, ""RangeIndex"": 1, ""SpellClassSet"": 3}",pulled from existing data
31672,Ice Floes,1,0,0,464,0,0,0,0,0,0,0,0.0,,,"{""amplitude"": 0, ""apply_aura"": 108, ""base_points"": -23, ""chain_targets"": 0, ""die_sides"": 1, ""implicit_target_a"": 1, ""implicit_target_b"": 0, ""mechanic"": 0, ""misc_value"": 11, ""points_per_level"": 0.0, ""radius_yards"": null, ""trigger_spell"": 0, ""type"": 6}",,,2133,,,"{""AuraDescription_Lang_Mask"": 16712188, ""CastingTimeIndex"": 1, ""Description_Lang_Mask"": 16712190, ""Description_Lang_enUS"": ""Reduces the cooldown of your Frost Nova, Cone of Cold, Ice Block and Icy Veins spells by $s1%."", ""EffectBonusMultiplier_1"": 1.0, ""EffectBonusMultiplier_3"": 1.0, ""EffectChainAmplitude_1"": 1.0, ""EffectChainAmplitude_2"": 1.0, ""EffectChainAmplitude_3"": 1.0, ""EffectSpellClassMaskA_1"": 576, ""EffectSpellClassMaskA_2"": 16512, ""EffectSpellClassMaskB_1"": 576, ""EquippedItemClass"": -1, ""NameSubtext_Lang_Mask"": 16712190, ""NameSubtext_Lang_enUS"": ""Rank 2"", ""Name_Lang_Mask"": 16712190, ""ProcChance"": 101, ""RangeIndex"": 1, ""SpellClassSet"": 3}",pulled from existing data
31674,Arctic Winds,1,0,0,464,0,0,0,0,0,0,0,0.0,,-1,"{""amplitude"": 0, ""apply_aura"": 79, ""base_points"": 0, ""chain_targets"": 0, ""die_sides"": 1, ""implicit_target_a"": 1, ""implicit_target_b"": 0, ""mechanic"": 0, ""misc_value"": 127, ""points_per_level"": 0.0, ""radius_yards"": null, ""trigger_spell"": 0, ""type"": 6}","{""amplitude"": 0, ""apply_aura"": 79, ""base_points"": 0, ""chain_targets"": 0, ""die_sides"": 1, ""implicit_target_a"": 1, ""implicit_target_b"": 0, ""mechanic"": 0, ""misc_value"": 16, ""points_per_level"": 0.0, ""radius_yards"": null, ""trigger_spell"": 0, ""type"": 6}",,2131,,,"{""AuraDescription_Lang_Mask"": 16712188, ""CastingTimeIndex"": 1, ""Description_Lang_Mask"": 16712190, ""Description_Lang_enUS"": ""Increases all damage you deal by $s1% and Frost damage you deal by $s3%. |cFF9D9D9DAt max rank, your Glacial Spike shatters on impact, striking up to 5 additional enemies within 8 yards.|r"", ""EffectChainAmplitude_1"": 1.0, ""EffectChainAmplitude_2"": 1.0, ""EffectChainAmplitude_3"": 1.0, ""EquippedItemClass"": -1, ""NameSubtext_Lang_Mask"": 16712190, ""NameSubtext_Lang_enUS"": ""Rank 1"", ""Name_Lang_Mask"": 16712190, ""ProcChance"": 101, ""RangeIndex"": 1, ""SpellClassSet"": 3}",pulled from existing data
31675,Arctic Winds,1,0,0,464,0,0,0,0,0,0,0,0.0,,-1,"{""amplitude"": 0, ""apply_aura"": 79, ""base_points"": 1, ""chain_targets"": 0, ""die_sides"": 1, ""implicit_target_a"": 1, ""implicit_target_b"": 0, ""mechanic"": 0, ""misc_value"": 127, ""points_per_level"": 0.0, ""radius_yards"": null, ""trigger_spell"": 0, ""type"": 6}","{""amplitude"": 0, ""apply_aura"": 79, ""base_points"": 1, ""chain_targets"": 0, ""die_sides"": 1, ""implicit_target_a"": 1, ""implicit_target_b"": 0, ""mechanic"": 0, ""misc_value"": 16, ""points_per_level"": 0.0, ""radius_yards"": null, ""trigger_spell"": 0, ""type"": 6}",,2131,,,"{""AuraDescription_Lang_Mask"": 16712188, ""CastingTimeIndex"": 1, ""Description_Lang_Mask"": 16712190, ""Description_Lang_enUS"": ""Increases all damage you deal by $s1% and Frost damage you deal by $s3%. |cFF9D9D9DAt max rank, your Glacial Spike shatters on impact, striking up to 5 additional enemies within 8 yards.|r"", ""EffectChainAmplitude_1"": 1.0, ""EffectChainAmplitude_2"": 1.0, ""EffectChainAmplitude_3"": 1.0, ""EquippedItemClass"": -1, ""NameSubtext_Lang_Mask"": 16712190, ""NameSubtext_Lang_enUS"": ""Rank 2"", ""Name_Lang_Mask"": 16712190, ""ProcChance"": 101, ""RangeIndex"": 1, ""SpellClassSet"": 3}",pulled from existing data
31676,Arctic Winds,1,0,0,464,0,0,0,0,0,0,0,0.0,,-1,"{""amplitude"": 0, ""apply_aura"": 79, ""base_points"": 2, ""chain_targets"": 0, ""die_sides"": 1, ""implicit_target_a"": 1, ""implicit_target_b"": 0, ""mechanic"": 0, ""misc_value"": 127, ""points_per_level"": 0.0, ""radius_yards"": null, ""trigger_spell"": 0, ""type"": 6}","{""amplitude"": 0, ""apply_aura"": 79, ""base_points"": 2, ""chain_targets"": 0, ""die_sides"": 1, ""implicit_target_a"": 1, ""implicit_target_b"": 0, ""mechanic"": 0, ""misc_value"": 16, ""points_per_level"": 0.0, ""radius_yards"": null, ""trigger_spell"": 0, ""type"": 6}","{""amplitude"": 0, ""apply_aura"": 4, ""base_points"": -1, ""chain_targets"": 0, ""die_sides"": 1, ""implicit_target_a"": 1, ""implicit_target_b"": 0, ""mechanic"": 0, ""misc_value"": 0, ""points_per_level"": 0.0, ""radius_yards"": null, ""trigger_spell"": 0, ""type"": 6}",2131,,,"{""AuraDescription_Lang_Mask"": 16712188, ""CastingTimeIndex"": 1, ""Description_Lang_Mask"": 16712190, ""Description_Lang_enUS"": ""Increases all damage you deal by $s1% and Frost damage you deal by $s3%.  Your Glacial Spike shatters on impact, striking up to 5 additional enemies within 8 yards."", ""EffectChainAmplitude_1"": 1.0, ""EffectChainAmplitude_2"": 1.0, ""EffectChainAmplitude_3"": 1.0, ""EquippedItemClass"": -1, ""NameSubtext_Lang_Mask"": 16712190, ""NameSubtext_Lang_enUS"": ""Rank 3"", ""Name_Lang_Mask"": 16712190, ""ProcChance"": 101, ""RangeIndex"": 1, ""SpellClassSet"": 3}",pulled from existing data
31679,Molten Fury,1,0,0,464,0,0,0,0,0,0,0,0.0,,,"{""amplitude"": 0, ""apply_aura"": 112, ""base_points"": 5, ""chain_targets"": 0, ""die_sides"": 1, ""implicit_target_a"": 1, ""implicit_target_b"": 0, ""mechanic"": 0, ""misc_value"": 4919, ""points_per_level"": 0.0, ""radius_yards"": null, ""trigger_spell"": 0, ""type"": 6}",,,2129,,,"{""AuraDescription_Lang_Mask"": 16712188, ""CastingTimeIndex"": 1, ""Description_Lang_Mask"": 16712190, ""Description_Lang_enUS"": ""Increases damage of all spells against targets with less than 35% health by $s1%."", ""EffectBonusMultiplier_1"": 1.0, ""EffectBonusMultiplier_3"": 1.0, ""EffectChainAmplitude_1"": 1.0, ""EffectChainAmplitude_2"": 1.0, ""EffectChainAmplitude_3"": 1.0, ""EffectSpellClassMaskA_1"": 551686903, ""EffectSpellClassMaskA_2"": 102472, ""EffectSpellClassMaskB_1"": 576, ""EquippedItemClass"": -1, ""NameSubtext_Lang_Mask"": 16712190, ""NameSubtext_Lang_enUS"": ""Rank 1"", ""Name_Lang_Mask"": 16712190, ""ProcChance"": 101, ""RangeIndex"": 1, ""SpellClassSet"": 3}",pulled from existing data
31680,Molten Fury,1,0,0,464,0,0,0,0,0,0,0,0.0,,,"{""amplitude"": 0, ""apply_aura"": 112, ""base_points"": 11, ""chain_targets"": 0, ""die_sides"": 1, ""implicit_target_a"": 1, ""implicit_target_b"": 0, ""mechanic"": 0, ""misc_value"": 4920, ""points_per_level"": 0.0, ""radius_yards"": null, ""trigger_spell"": 0, ""type"": 6}",,,2129,,,"{""AuraDescription_Lang_Mask"": 16712188, ""CastingTimeIndex"": 1, ""Description_Lang_Mask"": 16712190, ""Description_Lang_enUS"": ""Increases damage of all spells against targets with less than 35% health by $s1%."", ""EffectBonusMultiplier_1"": 1.0, ""EffectBonusMultiplier_3"": 1.0, ""EffectChainAmplitude_1"": 1.0, ""EffectChainAmplitude_2"": 1.0, ""EffectChainAmplitude_3"": 1.0, ""EffectSpellClassMaskA_1"": 551686903, ""EffectSpellClassMaskA_2"": 102472, ""EffectSpellClassMaskB_1"": 576, ""EquippedItemClass"": -1, ""NameSubtext_Lang_Mask"": 16712190, ""NameSubtext_Lang_enUS"": ""Rank 2"", ""Name_Lang_Mask"": 16712190, ""ProcChance"": 101, ""RangeIndex"": 1, ""SpellClassSet"": 3}",pulled from existing data
31682,Empowered Frostbolt,16,0,0,262352,0,0,0,0,0,0,0,0.0,,,"{""amplitude"": 0, ""apply_aura"": 42, ""base_points"": 0, ""chain_targets"": 0, ""die_sides"": 1, ""implicit_target_a"": 1, ""implicit_target_b"": 0, ""mechanic"": 0, ""misc_value"": 0, ""points_per_level"": 0.0, ""radius_yards"": null, ""trigger_spell"": 200023, ""type"": 6}","{""amplitude"": 0, ""apply_aura"": 107, ""base_points"": -101, ""chain_targets"": 0, ""die_sides"": 1, ""implicit_target_a"": 1, ""implicit_target_b"": 0, ""mechanic"": 0, ""misc_value"": 10, ""points_per_level"": 0.0, ""radius_yards"": null, ""trigger_spell"": 0, ""type"": 6}",,188,,,"{""AuraDescription_Lang_Mask"": 16712188, ""CastingTimeIndex"": 1, ""Description_Lang_Mask"": 16712190, ""Description_Lang_enUS"": ""Increases the damage of your Frostbolt spell by an amount equal to $s1% of your spell power and reduces the cast time by ${$m2/-1000}.1 sec."", ""EffectChainAmplitude_2"": 1.0, ""EffectChainAmplitude_3"": 1.0, ""EquippedItemClass"": -1, ""NameSubtext_Lang_Mask"": 16712190, ""NameSubtext_Lang_enUS"": ""Rank 1"", ""Name_Lang_Mask"": 16712190, ""ProcChance"": 100, ""RangeIndex"": 1, ""SpellClassSet"": 3, ""SpellLevel"": 1, ""SpellPriority"": 50, ""ProcTypeMask"": 65536, ""EffectSpellClassMaskB_1"": 32}","Frost Mage rework (docs/frost-mage-redesign.md sec 4 Row 8, Empowering Frostbolt). effect2 (cast time -0.1/0.2 sec, SPELLMOD_CASTING_TIME) needed zero changes -- matched spec exactly already. effect1 was the OLD 'Empowered Frostbolt' mechanic (a direct SPELLMOD_BONUS_MULTIPLIER damage bonus on Frostbolt itself) -- a different shape than the new spec's post-cast buff, replaced outright: native PROC_TRIGGER_SPELL (100%, on casting Frostbolt) to a new buff (200023/200024): crit-damage-bonus +7/14% (ADD_PCT_MODIFIER, SPELLMOD_CRIT_DAMAGE_BONUS, empty classmask = 'of your spells' broadly, same convention as Winter's Chill's own crit% effect) + Frost damage +3/5% (MOD_DAMAGE_PERCENT_DONE, Frost school mask), 8 sec, pure data. Playtest bugfix (2026-08-27, second recurrence found via an automated sweep of every spell/talent CSV, built through lib/build.py and checked for a SPELLMOD-type effect whose own classmask came out all-zero): the SPELLMOD_CASTING_TIME modifier lives on effect index 1 (the second effect, letter B), but its Frostbolt-only classmask (32) was stored under EffectSpellClassMaskA_1 - effect index 0 (letter A, the PROC_TRIGGER_SPELL effect, which doesn't need one at all) - leaving effect 1's real classmask all-zero, i.e. ""matches every mage spell,"" same root cause as Permafrost/Chilled to the Bone (rev_1787820084006262155.sql / docs/dbc-build-pipeline.md ""Bug 3""). Moved to EffectSpellClassMaskB_1, which is what the engine actually reads for effect index 1."
31683,Empowered Frostbolt,16,0,0,262352,0,0,0,0,0,0,0,0.0,,,"{""amplitude"": 0, ""apply_aura"": 42, ""base_points"": 0, ""chain_targets"": 0, ""die_sides"": 1, ""implicit_target_a"": 1, ""implicit_target_b"": 0, ""mechanic"": 0, ""misc_value"": 0, ""points_per_level"": 0.0, ""radius_yards"": null, ""trigger_spell"": 200024, ""type"": 6}","{""amplitude"": 0, ""apply_aura"": 107, ""base_points"": -201, ""chain_targets"": 0, ""die_sides"": 1, ""implicit_target_a"": 1, ""implicit_target_b"": 0, ""mechanic"": 0, ""misc_value"": 10, ""points_per_level"": 0.0, ""radius_yards"": null, ""trigger_spell"": 0, ""type"": 6}",,188,,,"{""AuraDescription_Lang_Mask"": 16712188, ""CastingTimeIndex"": 1, ""Description_Lang_Mask"": 16712190, ""Description_Lang_enUS"": ""Increases the damage of your Frostbolt spell by an amount equal to $s1% of your spell power and reduces the cast time by ${$m2/-1000}.1 sec."", ""EffectChainAmplitude_2"": 1.0, ""EffectChainAmplitude_3"": 1.0, ""EquippedItemClass"": -1, ""NameSubtext_Lang_Mask"": 16712190, ""NameSubtext_Lang_enUS"": ""Rank 2"", ""Name_Lang_Mask"": 16712190, ""ProcChance"": 100, ""RangeIndex"": 1, ""SpellClassSet"": 3, ""SpellLevel"": 1, ""SpellPriority"": 50, ""ProcTypeMask"": 65536, ""EffectSpellClassMaskB_1"": 32}","Frost Mage rework (docs/frost-mage-redesign.md sec 4 Row 8, Empowering Frostbolt). effect2 (cast time -0.1/0.2 sec, SPELLMOD_CASTING_TIME) needed zero changes -- matched spec exactly already. effect1 was the OLD 'Empowered Frostbolt' mechanic (a direct SPELLMOD_BONUS_MULTIPLIER damage bonus on Frostbolt itself) -- a different shape than the new spec's post-cast buff, replaced outright: native PROC_TRIGGER_SPELL (100%, on casting Frostbolt) to a new buff (200023/200024): crit-damage-bonus +7/14% (ADD_PCT_MODIFIER, SPELLMOD_CRIT_DAMAGE_BONUS, empty classmask = 'of your spells' broadly, same convention as Winter's Chill's own crit% effect) + Frost damage +3/5% (MOD_DAMAGE_PERCENT_DONE, Frost school mask), 8 sec, pure data. Playtest bugfix (2026-08-27, second recurrence found via an automated sweep of every spell/talent CSV, built through lib/build.py and checked for a SPELLMOD-type effect whose own classmask came out all-zero): the SPELLMOD_CASTING_TIME modifier lives on effect index 1 (the second effect, letter B), but its Frostbolt-only classmask (32) was stored under EffectSpellClassMaskA_1 - effect index 0 (letter A, the PROC_TRIGGER_SPELL effect, which doesn't need one at all) - leaving effect 1's real classmask all-zero, i.e. ""matches every mage spell,"" same root cause as Permafrost/Chilled to the Bone (rev_1787820084006262155.sql / docs/dbc-build-pipeline.md ""Bug 3""). Moved to EffectSpellClassMaskB_1, which is what the engine actually reads for effect index 1."
31687,Summon Water Elemental,16,0,0,65536,0,0,180000,0,0,0,16,0.0,,,"{""amplitude"": 0, ""apply_aura"": 0, ""base_points"": 0, ""chain_targets"": 0, ""die_sides"": 1, ""implicit_target_a"": 47, ""implicit_target_b"": 0, ""mechanic"": 0, ""misc_value"": 0, ""points_per_level"": 0.0, ""radius_yards"": null, ""trigger_spell"": 0, ""type"": 3}",,,2134,,,"{""AttributesEx"": 1, ""AuraDescription_Lang_Mask"": 16712188, ""BaseLevel"": 50, ""CastingTimeIndex"": 1, ""DefenseType"": 1, ""Description_Lang_Mask"": 16712190, ""Description_Lang_enUS"": ""Summon a Water Elemental to fight for the caster$?(s70937)[][ for $70907d]."", ""EffectChainAmplitude_1"": 1.0, ""EffectChainAmplitude_2"": 1.0, ""EffectChainAmplitude_3"": 1.0, ""EquippedItemClass"": -1, ""NameSubtext_Lang_Mask"": 16712188, ""Name_Lang_Mask"": 16712190, ""PreventionType"": 1, ""ProcChance"": 101, ""RangeIndex"": 1, ""SpellClassMask_2"": 2048, ""SpellClassSet"": 3, ""SpellLevel"": 50, ""SpellVisualID_1"": 7866, ""StartRecoveryCategory"": 133, ""StartRecoveryTime"": 1500}",pulled from existing data
34293,Pyromaniac,4,0,0,262352,0,0,0,0,0,0,0,0.0,,,"{""amplitude"": 0, ""apply_aura"": 71, ""base_points"": 0, ""chain_targets"": 0, ""die_sides"": 1, ""implicit_target_a"": 1, ""implicit_target_b"": 0, ""mechanic"": 0, ""misc_value"": 127, ""points_per_level"": 0.0, ""radius_yards"": null, ""trigger_spell"": 0, ""type"": 6}","{""amplitude"": 0, ""apply_aura"": 134, ""base_points"": 16, ""chain_targets"": 0, ""die_sides"": 1, ""implicit_target_a"": 1, ""implicit_target_b"": 0, ""mechanic"": 0, ""misc_value"": 4, ""points_per_level"": 0.0, ""radius_yards"": null, ""trigger_spell"": 0, ""type"": 6}",,2128,,,"{""AttributesEx3"": 524288, ""AuraDescription_Lang_Mask"": 16712188, ""CastingTimeIndex"": 1, ""Description_Lang_Mask"": 16712190, ""Description_Lang_enUS"": ""Increases chance to critically hit by $s1% and allows $s2% of your mana regeneration to continue while casting."", ""EffectChainAmplitude_1"": 1.0, ""EffectChainAmplitude_2"": 1.0, ""EffectChainAmplitude_3"": 1.0, ""EffectSpellClassMaskA_1"": 12582935, ""EffectSpellClassMaskC_1"": 262144, ""EquippedItemClass"": -1, ""NameSubtext_Lang_Mask"": 16712190, ""NameSubtext_Lang_enUS"": ""Rank 1"", ""Name_Lang_Mask"": 16712190, ""ProcChance"": 101, ""RangeIndex"": 1, ""SpellClassSet"": 3, ""SpellLevel"": 1, ""SpellPriority"": 50}",pulled from existing data
34295,Pyromaniac,4,0,0,262352,0,0,0,0,0,0,0,0.0,,,"{""amplitude"": 0, ""apply_aura"": 71, ""base_points"": 1, ""chain_targets"": 0, ""die_sides"": 1, ""implicit_target_a"": 1, ""implicit_target_b"": 0, ""mechanic"": 0, ""misc_value"": 127, ""points_per_level"": 0.0, ""radius_yards"": null, ""trigger_spell"": 0, ""type"": 6}","{""amplitude"": 0, ""apply_aura"": 134, ""base_points"": 32, ""chain_targets"": 0, ""die_sides"": 1, ""implicit_target_a"": 1, ""implicit_target_b"": 0, ""mechanic"": 0, ""misc_value"": 4, ""points_per_level"": 0.0, ""radius_yards"": null, ""trigger_spell"": 0, ""type"": 6}",,2128,,,"{""AttributesEx3"": 524288, ""AuraDescription_Lang_Mask"": 16712188, ""CastingTimeIndex"": 1, ""Description_Lang_Mask"": 16712190, ""Description_Lang_enUS"": ""Increases chance to critically hit by $s1% and allows $s2% of your mana regeneration to continue while casting."", ""EffectChainAmplitude_1"": 1.0, ""EffectChainAmplitude_2"": 1.0, ""EffectChainAmplitude_3"": 1.0, ""EffectSpellClassMaskA_1"": 12582935, ""EffectSpellClassMaskC_1"": 262144, ""EquippedItemClass"": -1, ""NameSubtext_Lang_Mask"": 16712190, ""NameSubtext_Lang_enUS"": ""Rank 2"", ""Name_Lang_Mask"": 16712190, ""ProcChance"": 101, ""RangeIndex"": 1, ""SpellClassSet"": 3, ""SpellLevel"": 1, ""SpellPriority"": 50}",pulled from existing data
34296,Pyromaniac,4,0,0,262352,0,0,0,0,0,0,0,0.0,,,"{""amplitude"": 0, ""apply_aura"": 71, ""base_points"": 2, ""chain_targets"": 0, ""die_sides"": 1, ""implicit_target_a"": 1, ""implicit_target_b"": 0, ""mechanic"": 0, ""misc_value"": 127, ""points_per_level"": 0.0, ""radius_yards"": null, ""trigger_spell"": 0, ""type"": 6}","{""amplitude"": 0, ""apply_aura"": 134, ""base_points"": 49, ""chain_targets"": 0, ""die_sides"": 1, ""implicit_target_a"": 1, ""implicit_target_b"": 0, ""mechanic"": 0, ""misc_value"": 4, ""points_per_level"": 0.0, ""radius_yards"": null, ""trigger_spell"": 0, ""type"": 6}",,2128,,,"{""AttributesEx3"": 524288, ""AuraDescription_Lang_Mask"": 16712188, ""CastingTimeIndex"": 1, ""Description_Lang_Mask"": 16712190, ""Description_Lang_enUS"": ""Increases chance to critically hit by $s1% and allows $s2% of your mana regeneration to continue while casting."", ""EffectChainAmplitude_1"": 1.0, ""EffectChainAmplitude_2"": 1.0, ""EffectChainAmplitude_3"": 1.0, ""EffectSpellClassMaskA_1"": 12582935, ""EffectSpellClassMaskC_1"": 262144, ""EquippedItemClass"": -1, ""NameSubtext_Lang_Mask"": 16712190, ""NameSubtext_Lang_enUS"": ""Rank 3"", ""Name_Lang_Mask"": 16712190, ""ProcChance"": 101, ""RangeIndex"": 1, ""SpellClassSet"": 3, ""SpellLevel"": 1, ""SpellPriority"": 50}",pulled from existing data
34935,Backlash,4,0,0,262352,0,0,0,0,0,0,0,0.0,,-1,"{""amplitude"": 0, ""apply_aura"": 42, ""base_points"": -1, ""chain_targets"": 0, ""die_sides"": 1, ""implicit_target_a"": 1, ""implicit_target_b"": 0, ""mechanic"": 0, ""misc_value"": 0, ""points_per_level"": 0.0, ""radius_yards"": null, ""trigger_spell"": 34936, ""type"": 6}","{""amplitude"": 0, ""apply_aura"": 57, ""base_points"": 0, ""chain_targets"": 0, ""die_sides"": 1, ""implicit_target_a"": 1, ""implicit_target_b"": 0, ""mechanic"": 0, ""misc_value"": 0, ""points_per_level"": 0.0, ""radius_yards"": null, ""trigger_spell"": 0, ""type"": 6}",,2130,,,"{""AuraDescription_Lang_Mask"": 16712188, ""CastingTimeIndex"": 1, ""Description_Lang_Mask"": 16712190, ""Description_Lang_enUS"": ""Increases your critical strike chance with spells by an additional $s2% and gives you a $h% chance when hit by a physical attack to reduce the cast time of your next Shadow Bolt or Incinerate spell by $34936s1%.  This effect lasts $34936d and will not occur more than once every 8 seconds."", ""EffectChainAmplitude_1"": 1.0, ""EffectChainAmplitude_2"": 1.0, ""EffectChainAmplitude_3"": 1.0, ""EffectSpellClassMaskA_1"": 4194325, ""EquippedItemClass"": -1, ""NameSubtext_Lang_Mask"": 16712190, ""NameSubtext_Lang_enUS"": ""Rank 1"", ""Name_Lang_Mask"": 16712190, ""ProcChance"": 8, ""ProcTypeMask"": 680, ""RangeIndex"": 1, ""SpellClassSet"": 3, ""SpellLevel"": 1, ""SpellPriority"": 50}",pulled from existing data
34938,Backlash,4,0,0,262352,0,0,0,0,0,0,0,0.0,,-1,"{""amplitude"": 0, ""apply_aura"": 42, ""base_points"": -1, ""chain_targets"": 0, ""die_sides"": 1, ""implicit_target_a"": 1, ""implicit_target_b"": 0, ""mechanic"": 0, ""misc_value"": 0, ""points_per_level"": 0.0, ""radius_yards"": null, ""trigger_spell"": 34936, ""type"": 6}","{""amplitude"": 0, ""apply_aura"": 57, ""base_points"": 1, ""chain_targets"": 0, ""die_sides"": 1, ""implicit_target_a"": 1, ""implicit_target_b"": 0, ""mechanic"": 0, ""misc_value"": 0, ""points_per_level"": 0.0, ""radius_yards"": null, ""trigger_spell"": 0, ""type"": 6}",,2130,,,"{""AuraDescription_Lang_Mask"": 16712188, ""CastingTimeIndex"": 1, ""Description_Lang_Mask"": 16712190, ""Description_Lang_enUS"": ""Increases your critical strike chance with spells by an additional $s2% and gives you a $h% chance when hit by a physical attack to reduce the cast time of your next Shadow Bolt or Incinerate spell by $34936s1%.  This effect lasts $34936d and will not occur more than once every 8 seconds."", ""EffectChainAmplitude_1"": 1.0, ""EffectChainAmplitude_2"": 1.0, ""EffectChainAmplitude_3"": 1.0, ""EffectSpellClassMaskA_1"": 4194325, ""EquippedItemClass"": -1, ""NameSubtext_Lang_Mask"": 16712190, ""NameSubtext_Lang_enUS"": ""Rank 2"", ""Name_Lang_Mask"": 16712190, ""ProcChance"": 16, ""ProcTypeMask"": 680, ""RangeIndex"": 1, ""SpellClassSet"": 3, ""SpellLevel"": 1, ""SpellPriority"": 50}",pulled from existing data
34939,Backlash,4,0,0,262352,0,0,0,0,0,0,0,0.0,,-1,"{""amplitude"": 0, ""apply_aura"": 42, ""base_points"": -1, ""chain_targets"": 0, ""die_sides"": 1, ""implicit_target_a"": 1, ""implicit_target_b"": 0, ""mechanic"": 0, ""misc_value"": 0, ""points_per_level"": 0.0, ""radius_yards"": null, ""trigger_spell"": 34936, ""type"": 6}","{""amplitude"": 0, ""apply_aura"": 57, ""base_points"": 2, ""chain_targets"": 0, ""die_sides"": 1, ""implicit_target_a"": 1, ""implicit_target_b"": 0, ""mechanic"": 0, ""misc_value"": 0, ""points_per_level"": 0.0, ""radius_yards"": null, ""trigger_spell"": 0, ""type"": 6}",,2130,,,"{""AuraDescription_Lang_Mask"": 16712188, ""CastingTimeIndex"": 1, ""Description_Lang_Mask"": 16712190, ""Description_Lang_enUS"": ""Increases your critical strike chance with spells by an additional $s2% and gives you a $h% chance when hit by a physical attack to reduce the cast time of your next Shadow Bolt or Incinerate spell by $34936s1%.  This effect lasts $34936d and will not occur more than once every 8 seconds."", ""EffectChainAmplitude_1"": 1.0, ""EffectChainAmplitude_2"": 1.0, ""EffectChainAmplitude_3"": 1.0, ""EffectSpellClassMaskA_1"": 4194325, ""EquippedItemClass"": -1, ""NameSubtext_Lang_Mask"": 16712190, ""NameSubtext_Lang_enUS"": ""Rank 3"", ""Name_Lang_Mask"": 16712190, ""ProcChance"": 25, ""ProcTypeMask"": 680, ""RangeIndex"": 1, ""SpellClassSet"": 3, ""SpellLevel"": 1, ""SpellPriority"": 50}",pulled from existing data
35578,Spell Power,1,0,0,464,0,0,0,0,0,0,0,0.0,,,"{""amplitude"": 0, ""apply_aura"": 108, ""base_points"": 24, ""chain_targets"": 0, ""die_sides"": 1, ""implicit_target_a"": 1, ""implicit_target_b"": 0, ""mechanic"": 0, ""misc_value"": 15, ""points_per_level"": 0.0, ""radius_yards"": null, ""trigger_spell"": 0, ""type"": 6}",,,2281,,,"{""AuraDescription_Lang_Mask"": 16712188, ""CastingTimeIndex"": 1, ""Description_Lang_Mask"": 16712190, ""Description_Lang_enUS"": ""Increases critical strike damage bonus of all spells by $s1%."", ""EffectChainAmplitude_1"": 1.0, ""EffectChainAmplitude_2"": 1.0, ""EffectChainAmplitude_3"": 1.0, ""EffectSpellClassMaskA_1"": 551686903, ""EffectSpellClassMaskA_2"": 102472, ""EquippedItemClass"": -1, ""NameSubtext_Lang_Mask"": 16712190, ""NameSubtext_Lang_enUS"": ""Rank 1"", ""Name_Lang_Mask"": 16712190, ""ProcChance"": 101, ""RangeIndex"": 1, ""SpellClassSet"": 3, ""SpellLevel"": 1, ""SpellPriority"": 50}",pulled from existing data
35581,Spell Power,1,0,0,464,0,0,0,0,0,0,0,0.0,,,"{""amplitude"": 0, ""apply_aura"": 108, ""base_points"": 49, ""chain_targets"": 0, ""die_sides"": 1, ""implicit_target_a"": 1, ""implicit_target_b"": 0, ""mechanic"": 0, ""misc_value"": 15, ""points_per_level"": 0.0, ""radius_yards"": null, ""trigger_spell"": 0, ""type"": 6}",,,2281,,,"{""AuraDescription_Lang_Mask"": 16712188, ""CastingTimeIndex"": 1, ""Description_Lang_Mask"": 16712190, ""Description_Lang_enUS"": ""Increases critical strike damage bonus of all spells by $s1%."", ""EffectChainAmplitude_1"": 1.0, ""EffectChainAmplitude_2"": 1.0, ""EffectChainAmplitude_3"": 1.0, ""EffectSpellClassMaskA_1"": 551686903, ""EffectSpellClassMaskA_2"": 102472, ""EquippedItemClass"": -1, ""NameSubtext_Lang_Mask"": 16712190, ""NameSubtext_Lang_enUS"": ""Rank 2"", ""Name_Lang_Mask"": 16712190, ""ProcChance"": 101, ""RangeIndex"": 1, ""SpellClassSet"": 3, ""SpellLevel"": 1, ""SpellPriority"": 50}",pulled from existing data
44378,Arcane Flows,1,0,0,464,0,0,0,0,0,0,0,0.0,,,"{""amplitude"": 0, ""apply_aura"": 108, ""base_points"": -16, ""chain_targets"": 0, ""die_sides"": 1, ""implicit_target_a"": 1, ""implicit_target_b"": 0, ""mechanic"": 0, ""misc_value"": 11, ""points_per_level"": 0.0, ""radius_yards"": null, ""trigger_spell"": 0, ""type"": 6}","{""amplitude"": 0, ""apply_aura"": 107, ""base_points"": -60001, ""chain_targets"": 0, ""die_sides"": 1, ""implicit_target_a"": 1, ""implicit_target_b"": 0, ""mechanic"": 0, ""misc_value"": 11, ""points_per_level"": 0.0, ""radius_yards"": null, ""trigger_spell"": 0, ""type"": 6}",,2940,,,"{""AuraDescription_Lang_Mask"": 16712188, ""CastingTimeIndex"": 1, ""Description_Lang_Mask"": 16712190, ""Description_Lang_enUS"": ""Reduces the cooldown of your Presence of Mind, Arcane Power and Invisibility spells by $s1% and the cooldown of your Evocation spell by $/60000;s2 min."", ""EffectChainAmplitude_1"": 1.0, ""EffectChainAmplitude_2"": 1.0, ""EffectChainAmplitude_3"": 1.0, ""EffectMiscValueB_1"": 4, ""EffectSpellClassMaskA_2"": 786464, ""EffectSpellClassMaskB_1"": 67108864, ""EquippedItemClass"": -1, ""NameSubtext_Lang_Mask"": 16712190, ""NameSubtext_Lang_enUS"": ""Rank 1"", ""Name_Lang_Mask"": 16712190, ""ProcChance"": 101, ""RangeIndex"": 1, ""SpellClassSet"": 3}",pulled from existing data
44379,Arcane Flows,1,0,0,464,0,0,0,0,0,0,0,0.0,,,"{""amplitude"": 0, ""apply_aura"": 108, ""base_points"": -31, ""chain_targets"": 0, ""die_sides"": 1, ""implicit_target_a"": 1, ""implicit_target_b"": 0, ""mechanic"": 0, ""misc_value"": 11, ""points_per_level"": 0.0, ""radius_yards"": null, ""trigger_spell"": 0, ""type"": 6}","{""amplitude"": 0, ""apply_aura"": 107, ""base_points"": -120001, ""chain_targets"": 0, ""die_sides"": 1, ""implicit_target_a"": 1, ""implicit_target_b"": 0, ""mechanic"": 0, ""misc_value"": 11, ""points_per_level"": 0.0, ""radius_yards"": null, ""trigger_spell"": 0, ""type"": 6}",,2940,,,"{""AuraDescription_Lang_Mask"": 16712188, ""CastingTimeIndex"": 1, ""Description_Lang_Mask"": 16712190, ""Description_Lang_enUS"": ""Reduces the cooldown of your Presence of Mind, Arcane Power and Invisibility spells by $s1% and the cooldown of your Evocation spell by $/60000;s2 min."", ""EffectChainAmplitude_1"": 1.0, ""EffectChainAmplitude_2"": 1.0, ""EffectChainAmplitude_3"": 1.0, ""EffectMiscValueB_1"": 4, ""EffectSpellClassMaskA_2"": 786464, ""EffectSpellClassMaskB_1"": 67108864, ""EquippedItemClass"": -1, ""NameSubtext_Lang_Mask"": 16712190, ""NameSubtext_Lang_enUS"": ""Rank 2"", ""Name_Lang_Mask"": 16712190, ""ProcChance"": 101, ""RangeIndex"": 1, ""SpellClassSet"": 3}",pulled from existing data
44400,Netherwind Presence,1,0,0,464,0,0,0,0,0,0,0,0.0,,,"{""amplitude"": 0, ""apply_aura"": 65, ""base_points"": 1, ""chain_targets"": 0, ""die_sides"": 1, ""implicit_target_a"": 1, ""implicit_target_b"": 0, ""mechanic"": 0, ""misc_value"": 0, ""points_per_level"": 0.0, ""radius_yards"": null, ""trigger_spell"": 0, ""type"": 6}",,,2943,,,"{""AuraDescription_Lang_Mask"": 16712188, ""CastingTimeIndex"": 1, ""Description_Lang_Mask"": 16712190, ""Description_Lang_enUS"": ""Increases your spell haste by $s1%."", ""EffectChainAmplitude_1"": 1.0, ""EffectChainAmplitude_2"": 1.0, ""EffectChainAmplitude_3"": 1.0, ""EquippedItemClass"": -1, ""NameSubtext_Lang_Mask"": 16712190, ""NameSubtext_Lang_enUS"": ""Rank 1"", ""Name_Lang_Mask"": 16712190, ""ProcChance"": 101, ""RangeIndex"": 1, ""SpellClassSet"": 3}",pulled from existing data
44402,Netherwind Presence,1,0,0,464,0,0,0,0,0,0,0,0.0,,,"{""amplitude"": 0, ""apply_aura"": 65, ""base_points"": 3, ""chain_targets"": 0, ""die_sides"": 1, ""implicit_target_a"": 1, ""implicit_target_b"": 0, ""mechanic"": 0, ""misc_value"": 0, ""points_per_level"": 0.0, ""radius_yards"": null, ""trigger_spell"": 0, ""type"": 6}",,,2943,,,"{""AuraDescription_Lang_Mask"": 16712188, ""CastingTimeIndex"": 1, ""Description_Lang_Mask"": 16712190, ""Description_Lang_enUS"": ""Increases your spell haste by $s1%."", ""EffectChainAmplitude_1"": 1.0, ""EffectChainAmplitude_2"": 1.0, ""EffectChainAmplitude_3"": 1.0, ""EquippedItemClass"": -1, ""NameSubtext_Lang_Mask"": 16712190, ""NameSubtext_Lang_enUS"": ""Rank 2"", ""Name_Lang_Mask"": 16712190, ""ProcChance"": 101, ""RangeIndex"": 1, ""SpellClassSet"": 3}",pulled from existing data
44403,Netherwind Presence,1,0,0,464,0,0,0,0,0,0,0,0.0,,,"{""amplitude"": 0, ""apply_aura"": 65, ""base_points"": 5, ""chain_targets"": 0, ""die_sides"": 1, ""implicit_target_a"": 1, ""implicit_target_b"": 0, ""mechanic"": 0, ""misc_value"": 0, ""points_per_level"": 0.0, ""radius_yards"": null, ""trigger_spell"": 0, ""type"": 6}",,,2943,,,"{""AuraDescription_Lang_Mask"": 16712188, ""CastingTimeIndex"": 1, ""Description_Lang_Mask"": 16712190, ""Description_Lang_enUS"": ""Increases your spell haste by $s1%."", ""EffectChainAmplitude_1"": 1.0, ""EffectChainAmplitude_2"": 1.0, ""EffectChainAmplitude_3"": 1.0, ""EquippedItemClass"": -1, ""NameSubtext_Lang_Mask"": 16712190, ""NameSubtext_Lang_enUS"": ""Rank 3"", ""Name_Lang_Mask"": 16712190, ""ProcChance"": 101, ""RangeIndex"": 1, ""SpellClassSet"": 3}",pulled from existing data
44404,Missile Barrage,1,0,0,464,0,0,0,0,0,0,0,0.0,,,"{""amplitude"": 0, ""apply_aura"": 42, ""base_points"": -1, ""chain_targets"": 0, ""die_sides"": 1, ""implicit_target_a"": 1, ""implicit_target_b"": 0, ""mechanic"": 0, ""misc_value"": 0, ""points_per_level"": 0.0, ""radius_yards"": null, ""trigger_spell"": 44401, ""type"": 6}",,,3261,,,"{""AuraDescription_Lang_Mask"": 16712188, ""CastingTimeIndex"": 1, ""Description_Lang_Mask"": 16712190, ""Description_Lang_enUS"": ""Gives your Arcane Blast a $h% chance, and your Arcane Barrage, Fireball, Frostbolt and Frostfire Bolt spells a ${$h/2}% chance to reduce the channeled duration of the next Arcane Missiles spell by $/1000;44401S1 secs, reduce the mana cost by $44401s3%, and missiles will fire every .5 secs."", ""EffectChainAmplitude_1"": 1.0, ""EffectChainAmplitude_2"": 1.0, ""EffectChainAmplitude_3"": 1.0, ""EquippedItemClass"": -1, ""NameSubtext_Lang_Mask"": 16712190, ""NameSubtext_Lang_enUS"": ""Rank 1"", ""Name_Lang_Mask"": 16712190, ""ProcChance"": 8, ""ProcTypeMask"": 65536, ""RangeIndex"": 1, ""SpellClassSet"": 3}",pulled from existing data
44442,Firestarter,4,0,0,262352,0,0,0,0,0,0,0,0.0,,,"{""amplitude"": 0, ""apply_aura"": 42, ""base_points"": -1, ""chain_targets"": 0, ""die_sides"": 1, ""implicit_target_a"": 1, ""implicit_target_b"": 0, ""mechanic"": 0, ""misc_value"": 6971, ""points_per_level"": 0.0, ""radius_yards"": null, ""trigger_spell"": 54741, ""type"": 6}",,,3262,,,"{""AuraDescription_Lang_Mask"": 16712188, ""CastingTimeIndex"": 1, ""Description_Lang_Mask"": 16712190, ""Description_Lang_enUS"": ""Your damaging Blast Wave and Dragon's Breath spells have a $h% chance to make your next Flamestrike spell instant cast and cost no mana.  Lasts $54741d."", ""EffectChainAmplitude_1"": 1.0, ""EffectChainAmplitude_2"": 1.0, ""EffectChainAmplitude_3"": 1.0, ""EffectSpellClassMaskA_1"": 8388612, ""EffectSpellClassMaskA_2"": 65536, ""EffectSpellClassMaskC_1"": 262144, ""EquippedItemClass"": -1, ""NameSubtext_Lang_Mask"": 16712190, ""NameSubtext_Lang_enUS"": ""Rank 1"", ""Name_Lang_Mask"": 16712190, ""ProcChance"": 50, ""ProcTypeMask"": 65536, ""RangeIndex"": 1, ""SpellClassSet"": 3, ""SpellLevel"": 1, ""SpellPriority"": 50}",pulled from existing data
44443,Firestarter,4,0,0,262352,0,0,0,0,0,0,0,0.0,,,"{""amplitude"": 0, ""apply_aura"": 42, ""base_points"": -1, ""chain_targets"": 0, ""die_sides"": 1, ""implicit_target_a"": 1, ""implicit_target_b"": 0, ""mechanic"": 0, ""misc_value"": 6970, ""points_per_level"": 0.0, ""radius_yards"": null, ""trigger_spell"": 54741, ""type"": 6}",,,3262,,,"{""AuraDescription_Lang_Mask"": 16712188, ""CastingTimeIndex"": 1, ""Description_Lang_Mask"": 16712190, ""Description_Lang_enUS"": ""Your damaging Blast Wave and Dragon's Breath spells have a $h% chance to make your next Flamestrike spell instant cast and cost no mana.  Lasts $54741d."", ""EffectChainAmplitude_1"": 1.0, ""EffectChainAmplitude_2"": 1.0, ""EffectChainAmplitude_3"": 1.0, ""EffectSpellClassMaskA_1"": 8388612, ""EffectSpellClassMaskA_2"": 65536, ""EffectSpellClassMaskC_1"": 262144, ""EquippedItemClass"": -1, ""NameSubtext_Lang_Mask"": 16712190, ""NameSubtext_Lang_enUS"": ""Rank 2"", ""Name_Lang_Mask"": 16712190, ""ProcChance"": 100, ""ProcTypeMask"": 65536, ""RangeIndex"": 1, ""SpellClassSet"": 3, ""SpellLevel"": 1, ""SpellPriority"": 50}",pulled from existing data
44445,Hot Streak,4,0,0,262352,0,0,0,0,0,0,0,0.0,,,"{""amplitude"": 0, ""apply_aura"": 4, ""base_points"": 32, ""chain_targets"": 0, ""die_sides"": 1, ""implicit_target_a"": 1, ""implicit_target_b"": 0, ""mechanic"": 0, ""misc_value"": 0, ""points_per_level"": 0.0, ""radius_yards"": null, ""trigger_spell"": 0, ""type"": 6}","{""amplitude"": 0, ""apply_aura"": 4, ""base_points"": 24, ""chain_targets"": 0, ""die_sides"": 1, ""implicit_target_a"": 1, ""implicit_target_b"": 0, ""mechanic"": 0, ""misc_value"": 0, ""points_per_level"": 0.0, ""radius_yards"": null, ""trigger_spell"": 0, ""type"": 6}",,2999,,,"{""AttributesEx3"": 67108864, ""AuraDescription_Lang_Mask"": 16712188, ""CastingTimeIndex"": 1, ""Description_Lang_Mask"": 16712190, ""Description_Lang_enUS"": ""Any time you score 2 non-periodic spell criticals in a row using Fireball, Fire Blast, Scorch, Living Bomb, or Frostfire Bolt, you have a $m1% chance the next Pyroblast spell cast within $48108d will be instant cast."", ""EffectChainAmplitude_1"": 1.0, ""EffectChainAmplitude_2"": 1.0, ""EffectChainAmplitude_3"": 1.0, ""EffectSpellClassMaskA_2"": 8, ""EffectSpellClassMaskC_1"": 262144, ""EquippedItemClass"": -1, ""NameSubtext_Lang_Mask"": 16712190, ""NameSubtext_Lang_enUS"": ""Rank 1"", ""Name_Lang_Mask"": 16712190, ""ProcChance"": 100, ""ProcTypeMask"": 65536, ""RangeIndex"": 1, ""SpellClassSet"": 3, ""SpellLevel"": 1, ""SpellPriority"": 50}",pulled from existing data
44446,Hot Streak,4,0,0,262352,0,0,0,0,0,0,0,0.0,,,"{""amplitude"": 0, ""apply_aura"": 4, ""base_points"": 65, ""chain_targets"": 0, ""die_sides"": 1, ""implicit_target_a"": 1, ""implicit_target_b"": 0, ""mechanic"": 0, ""misc_value"": 0, ""points_per_level"": 0.0, ""radius_yards"": null, ""trigger_spell"": 0, ""type"": 6}","{""amplitude"": 0, ""apply_aura"": 4, ""base_points"": 24, ""chain_targets"": 0, ""die_sides"": 1, ""implicit_target_a"": 1, ""implicit_target_b"": 0, ""mechanic"": 0, ""misc_value"": 0, ""points_per_level"": 0.0, ""radius_yards"": null, ""trigger_spell"": 0, ""type"": 6}",,2999,,,"{""AttributesEx3"": 67108864, ""AuraDescription_Lang_Mask"": 16712188, ""CastingTimeIndex"": 1, ""Description_Lang_Mask"": 16712190, ""Description_Lang_enUS"": ""Any time you score 2 non-periodic spell criticals in a row using Fireball, Fire Blast, Scorch, Living Bomb, or Frostfire Bolt, you have a $m1% chance the next Pyroblast spell cast within $48108d will be instant cast."", ""EffectChainAmplitude_1"": 1.0, ""EffectChainAmplitude_2"": 1.0, ""EffectChainAmplitude_3"": 1.0, ""EffectSpellClassMaskA_2"": 8, ""EffectSpellClassMaskC_1"": 262144, ""EquippedItemClass"": -1, ""NameSubtext_Lang_Mask"": 16712190, ""NameSubtext_Lang_enUS"": ""Rank 2"", ""Name_Lang_Mask"": 16712190, ""ProcChance"": 100, ""ProcTypeMask"": 65536, ""RangeIndex"": 1, ""SpellClassSet"": 3, ""SpellLevel"": 1, ""SpellPriority"": 50}",pulled from existing data
44448,Hot Streak,4,0,0,262352,0,0,0,0,0,0,0,0.0,,,"{""amplitude"": 0, ""apply_aura"": 4, ""base_points"": 99, ""chain_targets"": 0, ""die_sides"": 1, ""implicit_target_a"": 1, ""implicit_target_b"": 0, ""mechanic"": 0, ""misc_value"": 0, ""points_per_level"": 0.0, ""radius_yards"": null, ""trigger_spell"": 0, ""type"": 6}","{""amplitude"": 0, ""apply_aura"": 4, ""base_points"": 24, ""chain_targets"": 0, ""die_sides"": 1, ""implicit_target_a"": 1, ""implicit_target_b"": 0, ""mechanic"": 0, ""misc_value"": 0, ""points_per_level"": 0.0, ""radius_yards"": null, ""trigger_spell"": 0, ""type"": 6}",,2999,,,"{""AttributesEx3"": 67108864, ""AuraDescription_Lang_Mask"": 16712188, ""CastingTimeIndex"": 1, ""Description_Lang_Mask"": 16712190, ""Description_Lang_enUS"": ""Any time you score 2 non-periodic spell criticals in a row using Fireball, Fire Blast, Scorch, Living Bomb, or Frostfire Bolt, you have a $m1% chance the next Pyroblast spell cast within $48108d will be instant cast."", ""EffectChainAmplitude_1"": 1.0, ""EffectChainAmplitude_2"": 1.0, ""EffectChainAmplitude_3"": 1.0, ""EffectSpellClassMaskA_2"": 8, ""EffectSpellClassMaskC_1"": 262144, ""EquippedItemClass"": -1, ""NameSubtext_Lang_Mask"": 16712190, ""NameSubtext_Lang_enUS"": ""Rank 3"", ""Name_Lang_Mask"": 16712190, ""ProcChance"": 100, ""ProcTypeMask"": 65536, ""RangeIndex"": 1, ""SpellClassSet"": 3, ""SpellLevel"": 1, ""SpellPriority"": 50}",pulled from existing data
44449,Burnout,4,0,0,262352,0,0,0,0,0,0,0,0.0,,,"{""amplitude"": 0, ""apply_aura"": 108, ""base_points"": 9, ""chain_targets"": 0, ""die_sides"": 1, ""implicit_target_a"": 1, ""implicit_target_b"": 0, ""mechanic"": 0, ""misc_value"": 15, ""points_per_level"": 0.0, ""radius_yards"": null, ""trigger_spell"": 0, ""type"": 6}","{""amplitude"": 0, ""apply_aura"": 4, ""base_points"": 0, ""chain_targets"": 0, ""die_sides"": 1, ""implicit_target_a"": 1, ""implicit_target_b"": 0, ""mechanic"": 0, ""misc_value"": 0, ""points_per_level"": 0.0, ""radius_yards"": null, ""trigger_spell"": 0, ""type"": 6}",,2998,,,"{""AttributesEx3"": 67633152, ""AuraDescription_Lang_Mask"": 16712188, ""CastingTimeIndex"": 1, ""Description_Lang_Mask"": 16712190, ""Description_Lang_enUS"": ""Increases your spell critical damage bonus with all spells by $s1% but your non-periodic spell criticals cost an additional $s2% of the spell's cost."", ""EffectChainAmplitude_1"": 1.0, ""EffectChainAmplitude_2"": 1.0, ""EffectChainAmplitude_3"": 1.0, ""EffectSpellClassMaskA_1"": 551686903, ""EffectSpellClassMaskA_2"": 233544, ""EffectSpellClassMaskC_1"": 262144, ""EquippedItemClass"": -1, ""NameSubtext_Lang_Mask"": 16712190, ""NameSubtext_Lang_enUS"": ""Rank 1"", ""Name_Lang_Mask"": 16712190, ""ProcChance"": 100, ""ProcTypeMask"": 327680, ""RangeIndex"": 1, ""SpellClassSet"": 3, ""SpellLevel"": 1, ""SpellPriority"": 50}",pulled from existing data
44469,Burnout,4,0,0,262352,0,0,0,0,0,0,0,0.0,,,"{""amplitude"": 0, ""apply_aura"": 108, ""base_points"": 19, ""chain_targets"": 0, ""die_sides"": 1, ""implicit_target_a"": 1, ""implicit_target_b"": 0, ""mechanic"": 0, ""misc_value"": 15, ""points_per_level"": 0.0, ""radius_yards"": null, ""trigger_spell"": 0, ""type"": 6}","{""amplitude"": 0, ""apply_aura"": 4, ""base_points"": 1, ""chain_targets"": 0, ""die_sides"": 1, ""implicit_target_a"": 1, ""implicit_target_b"": 0, ""mechanic"": 0, ""misc_value"": 0, ""points_per_level"": 0.0, ""radius_yards"": null, ""trigger_spell"": 0, ""type"": 6}",,2998,,,"{""AttributesEx3"": 67633152, ""AuraDescription_Lang_Mask"": 16712188, ""CastingTimeIndex"": 1, ""Description_Lang_Mask"": 16712190, ""Description_Lang_enUS"": ""Increases your spell critical damage bonus with all spells by $s1% but your non-periodic spell criticals cost an additional $s2% of the spell's cost."", ""EffectChainAmplitude_1"": 1.0, ""EffectChainAmplitude_2"": 1.0, ""EffectChainAmplitude_3"": 1.0, ""EffectSpellClassMaskA_1"": 551686903, ""EffectSpellClassMaskA_2"": 233544, ""EffectSpellClassMaskC_1"": 262144, ""EquippedItemClass"": -1, ""NameSubtext_Lang_Mask"": 16712190, ""NameSubtext_Lang_enUS"": ""Rank 2"", ""Name_Lang_Mask"": 16712190, ""ProcChance"": 100, ""ProcTypeMask"": 327680, ""RangeIndex"": 1, ""SpellClassSet"": 3, ""SpellLevel"": 1, ""SpellPriority"": 50}",pulled from existing data
44470,Burnout,4,0,0,262352,0,0,0,0,0,0,0,0.0,,,"{""amplitude"": 0, ""apply_aura"": 108, ""base_points"": 29, ""chain_targets"": 0, ""die_sides"": 1, ""implicit_target_a"": 1, ""implicit_target_b"": 0, ""mechanic"": 0, ""misc_value"": 15, ""points_per_level"": 0.0, ""radius_yards"": null, ""trigger_spell"": 0, ""type"": 6}","{""amplitude"": 0, ""apply_aura"": 4, ""base_points"": 2, ""chain_targets"": 0, ""die_sides"": 1, ""implicit_target_a"": 1, ""implicit_target_b"": 0, ""mechanic"": 0, ""misc_value"": 0, ""points_per_level"": 0.0, ""radius_yards"": null, ""trigger_spell"": 0, ""type"": 6}",,2998,,,"{""AttributesEx3"": 67633152, ""AuraDescription_Lang_Mask"": 16712188, ""CastingTimeIndex"": 1, ""Description_Lang_Mask"": 16712190, ""Description_Lang_enUS"": ""Increases your spell critical damage bonus with all spells by $s1% but your non-periodic spell criticals cost an additional $s2% of the spell's cost."", ""EffectChainAmplitude_1"": 1.0, ""EffectChainAmplitude_2"": 1.0, ""EffectChainAmplitude_3"": 1.0, ""EffectSpellClassMaskA_1"": 551686903, ""EffectSpellClassMaskA_2"": 233544, ""EffectSpellClassMaskC_1"": 262144, ""EquippedItemClass"": -1, ""NameSubtext_Lang_Mask"": 16712190, ""NameSubtext_Lang_enUS"": ""Rank 3"", ""Name_Lang_Mask"": 16712190, ""ProcChance"": 100, ""ProcTypeMask"": 327680, ""RangeIndex"": 1, ""SpellClassSet"": 3, ""SpellLevel"": 1, ""SpellPriority"": 50}",pulled from existing data
44471,Burnout,4,0,0,262352,0,0,0,0,0,0,0,0.0,,,"{""amplitude"": 0, ""apply_aura"": 108, ""base_points"": 39, ""chain_targets"": 0, ""die_sides"": 1, ""implicit_target_a"": 1, ""implicit_target_b"": 0, ""mechanic"": 0, ""misc_value"": 15, ""points_per_level"": 0.0, ""radius_yards"": null, ""trigger_spell"": 0, ""type"": 6}","{""amplitude"": 0, ""apply_aura"": 4, ""base_points"": 3, ""chain_targets"": 0, ""die_sides"": 1, ""implicit_target_a"": 1, ""implicit_target_b"": 0, ""mechanic"": 0, ""misc_value"": 0, ""points_per_level"": 0.0, ""radius_yards"": null, ""trigger_spell"": 0, ""type"": 6}",,2998,,,"{""AttributesEx3"": 67633152, ""AuraDescription_Lang_Mask"": 16712188, ""CastingTimeIndex"": 1, ""Description_Lang_Mask"": 16712190, ""Description_Lang_enUS"": ""Increases your spell critical damage bonus with all spells by $s1% but your non-periodic spell criticals cost an additional $s2% of the spell's cost."", ""EffectChainAmplitude_1"": 1.0, ""EffectChainAmplitude_2"": 1.0, ""EffectChainAmplitude_3"": 1.0, ""EffectSpellClassMaskA_1"": 551686903, ""EffectSpellClassMaskA_2"": 233544, ""EffectSpellClassMaskC_1"": 262144, ""EquippedItemClass"": -1, ""NameSubtext_Lang_Mask"": 16712190, ""NameSubtext_Lang_enUS"": ""Rank 4"", ""Name_Lang_Mask"": 16712190, ""ProcChance"": 100, ""ProcTypeMask"": 327680, ""RangeIndex"": 1, ""SpellClassSet"": 3, ""SpellLevel"": 1, ""SpellPriority"": 50}",pulled from existing data
44472,Burnout,4,0,0,262352,0,0,0,0,0,0,0,0.0,,,"{""amplitude"": 0, ""apply_aura"": 108, ""base_points"": 49, ""chain_targets"": 0, ""die_sides"": 1, ""implicit_target_a"": 1, ""implicit_target_b"": 0, ""mechanic"": 0, ""misc_value"": 15, ""points_per_level"": 0.0, ""radius_yards"": null, ""trigger_spell"": 0, ""type"": 6}","{""amplitude"": 0, ""apply_aura"": 4, ""base_points"": 4, ""chain_targets"": 0, ""die_sides"": 1, ""implicit_target_a"": 1, ""implicit_target_b"": 0, ""mechanic"": 0, ""misc_value"": 0, ""points_per_level"": 0.0, ""radius_yards"": null, ""trigger_spell"": 0, ""type"": 6}",,2998,,,"{""AttributesEx3"": 67633152, ""AuraDescription_Lang_Mask"": 16712188, ""CastingTimeIndex"": 1, ""Description_Lang_Mask"": 16712190, ""Description_Lang_enUS"": ""Increases your spell critical damage bonus with all spells by $s1% but your non-periodic spell criticals cost an additional $s2% of the spell's cost."", ""EffectChainAmplitude_1"": 1.0, ""EffectChainAmplitude_2"": 1.0, ""EffectChainAmplitude_3"": 1.0, ""EffectSpellClassMaskA_1"": 551686903, ""EffectSpellClassMaskA_2"": 233544, ""EffectSpellClassMaskC_1"": 262144, ""EquippedItemClass"": -1, ""NameSubtext_Lang_Mask"": 16712190, ""NameSubtext_Lang_enUS"": ""Rank 5"", ""Name_Lang_Mask"": 16712190, ""ProcChance"": 100, ""ProcTypeMask"": 327680, ""RangeIndex"": 1, ""SpellClassSet"": 3, ""SpellLevel"": 1, ""SpellPriority"": 50}",pulled from existing data
44543,Fingers of Frost,1,0,0,262352,0,0,0,0,0,0,0,0.0,,,"{""amplitude"": 0, ""apply_aura"": 42, ""base_points"": 6, ""chain_targets"": 0, ""die_sides"": 1, ""implicit_target_a"": 1, ""implicit_target_b"": 0, ""mechanic"": 0, ""misc_value"": 0, ""points_per_level"": 0.0, ""radius_yards"": null, ""trigger_spell"": 44544, ""type"": 6}",,,2947,,,"{""AttributesEx3"": 67108864, ""AuraDescription_Lang_Mask"": 16712188, ""CastingTimeIndex"": 1, ""Description_Lang_Mask"": 16712190, ""Description_Lang_enUS"": ""Gives your Chill effects a $s1% chance to grant you the Fingers of Frost effect, which treats your next $44544s1 spells cast as if the target were Frozen.  Lasts $44544d."", ""EffectChainAmplitude_1"": 1.0, ""EffectChainAmplitude_2"": 1.0, ""EffectChainAmplitude_3"": 1.0, ""EquippedItemClass"": -1, ""NameSubtext_Lang_Mask"": 16712190, ""NameSubtext_Lang_enUS"": ""Rank 1"", ""Name_Lang_Mask"": 16712190, ""ProcChance"": 100, ""ProcTypeMask"": 65536, ""RangeIndex"": 1, ""SpellClassSet"": 3, ""SpellLevel"": 1, ""SpellPriority"": 50}",pulled from existing data
44545,Fingers of Frost,1,0,0,262352,0,0,0,0,0,0,0,0.0,,,"{""amplitude"": 0, ""apply_aura"": 42, ""base_points"": 14, ""chain_targets"": 0, ""die_sides"": 1, ""implicit_target_a"": 1, ""implicit_target_b"": 0, ""mechanic"": 0, ""misc_value"": 0, ""points_per_level"": 0.0, ""radius_yards"": null, ""trigger_spell"": 44544, ""type"": 6}",,,2947,,,"{""AttributesEx3"": 67108864, ""AuraDescription_Lang_Mask"": 16712188, ""CastingTimeIndex"": 1, ""Description_Lang_Mask"": 16712190, ""Description_Lang_enUS"": ""Gives your Chill effects a $s1% chance to grant you the Fingers of Frost effect, which treats your next $44544s1 spells cast as if the target were Frozen.  Lasts $44544d."", ""EffectChainAmplitude_1"": 1.0, ""EffectChainAmplitude_2"": 1.0, ""EffectChainAmplitude_3"": 1.0, ""EquippedItemClass"": -1, ""NameSubtext_Lang_Mask"": 16712190, ""NameSubtext_Lang_enUS"": ""Rank 2"", ""Name_Lang_Mask"": 16712190, ""ProcChance"": 100, ""ProcTypeMask"": 65536, ""RangeIndex"": 1, ""SpellClassSet"": 3, ""SpellLevel"": 1, ""SpellPriority"": 50}",pulled from existing data
44546,Brain Freeze,1,0,0,262352,0,0,0,0,0,0,0,0.0,,,"{""amplitude"": 0, ""apply_aura"": 42, ""base_points"": -1, ""chain_targets"": 0, ""die_sides"": 1, ""implicit_target_a"": 1, ""implicit_target_b"": 0, ""mechanic"": 0, ""misc_value"": 23, ""points_per_level"": 0.0, ""radius_yards"": null, ""trigger_spell"": 57761, ""type"": 6}",,,2938,,,"{""AttributesEx3"": 67633152, ""AuraDescription_Lang_Mask"": 16712188, ""CastingTimeIndex"": 1, ""Description_Lang_Mask"": 16712190, ""Description_Lang_enUS"": ""Your Frost damage spells with chilling effects have a $h% chance to cause your next Fireball or Frostfire Bolt spell to be instant cast and cost no mana."", ""EffectChainAmplitude_1"": 1.0, ""EffectChainAmplitude_2"": 1.0, ""EffectChainAmplitude_3"": 1.0, ""EffectSpellClassMaskA_1"": 64, ""EffectSpellClassMaskA_2"": 512, ""EquippedItemClass"": -1, ""NameSubtext_Lang_Mask"": 16712190, ""NameSubtext_Lang_enUS"": ""Rank 1"", ""Name_Lang_Mask"": 16712190, ""ProcChance"": 5, ""ProcTypeMask"": 65536, ""RangeIndex"": 1, ""SpellClassSet"": 3, ""SpellLevel"": 1, ""SpellPriority"": 50}",pulled from existing data
44548,Brain Freeze,1,0,0,262352,0,0,0,0,0,0,0,0.0,,,"{""amplitude"": 0, ""apply_aura"": 42, ""base_points"": -1, ""chain_targets"": 0, ""die_sides"": 1, ""implicit_target_a"": 1, ""implicit_target_b"": 0, ""mechanic"": 0, ""misc_value"": 23, ""points_per_level"": 0.0, ""radius_yards"": null, ""trigger_spell"": 57761, ""type"": 6}",,,2938,,,"{""AttributesEx3"": 67633152, ""AuraDescription_Lang_Mask"": 16712188, ""CastingTimeIndex"": 1, ""Description_Lang_Mask"": 16712190, ""Description_Lang_enUS"": ""Your Frost damage spells with chilling effects have a $h% chance to cause your next Fireball or Frostfire Bolt spell to be instant cast and cost no mana."", ""EffectChainAmplitude_1"": 1.0, ""EffectChainAmplitude_2"": 1.0, ""EffectChainAmplitude_3"": 1.0, ""EffectSpellClassMaskA_1"": 64, ""EffectSpellClassMaskA_2"": 512, ""EquippedItemClass"": -1, ""NameSubtext_Lang_Mask"": 16712190, ""NameSubtext_Lang_enUS"": ""Rank 2"", ""Name_Lang_Mask"": 16712190, ""ProcChance"": 10, ""ProcTypeMask"": 65536, ""RangeIndex"": 1, ""SpellClassSet"": 3, ""SpellLevel"": 1, ""SpellPriority"": 50}",pulled from existing data
44549,Brain Freeze,1,0,0,262352,0,0,0,0,0,0,0,0.0,,,"{""amplitude"": 0, ""apply_aura"": 42, ""base_points"": -1, ""chain_targets"": 0, ""die_sides"": 1, ""implicit_target_a"": 1, ""implicit_target_b"": 0, ""mechanic"": 0, ""misc_value"": 23, ""points_per_level"": 0.0, ""radius_yards"": null, ""trigger_spell"": 57761, ""type"": 6}",,,2938,,,"{""AttributesEx3"": 67633152, ""AuraDescription_Lang_Mask"": 16712188, ""CastingTimeIndex"": 1, ""Description_Lang_Mask"": 16712190, ""Description_Lang_enUS"": ""Your Frost damage spells with chilling effects have a $h% chance to cause your next Fireball or Frostfire Bolt spell to be instant cast and cost no mana."", ""EffectChainAmplitude_1"": 1.0, ""EffectChainAmplitude_2"": 1.0, ""EffectChainAmplitude_3"": 1.0, ""EffectSpellClassMaskA_1"": 64, ""EffectSpellClassMaskA_2"": 512, ""EquippedItemClass"": -1, ""NameSubtext_Lang_Mask"": 16712190, ""NameSubtext_Lang_enUS"": ""Rank 3"", ""Name_Lang_Mask"": 16712190, ""ProcChance"": 15, ""ProcTypeMask"": 65536, ""RangeIndex"": 1, ""SpellClassSet"": 3, ""SpellLevel"": 1, ""SpellPriority"": 50}",pulled from existing data
44557,Enduring Winter,1,0,0,262352,0,0,0,0,0,0,0,0.0,,,"{""amplitude"": 0, ""apply_aura"": 107, ""base_points"": 4999, ""chain_targets"": 0, ""die_sides"": 1, ""implicit_target_a"": 1, ""implicit_target_b"": 0, ""mechanic"": 0, ""misc_value"": 1, ""points_per_level"": 0.0, ""radius_yards"": null, ""trigger_spell"": 0, ""type"": 6}","{""amplitude"": 0, ""apply_aura"": 42, ""base_points"": 5, ""chain_targets"": 0, ""die_sides"": 1, ""implicit_target_a"": 1, ""implicit_target_b"": 0, ""mechanic"": 0, ""misc_value"": 8, ""points_per_level"": 0.0, ""radius_yards"": null, ""trigger_spell"": 57669, ""type"": 6}",,2134,,,"{""AuraDescription_Lang_Mask"": 16712188, ""CastingTimeIndex"": 1, ""Description_Lang_Mask"": 16712190, ""Description_Lang_enUS"": ""Increases the duration of your Summon Water Elemental spell by $/1000;s1 sec and your Frostbolt spell has a $h% chance to grant up to 10 party or raid members mana regeneration equal to 1% of their maximum mana per 5 sec for $57669d.  This effect cannot occur more often than once every $m2 sec. |cFF9D9D9DAt max rank, while your Water Elemental is active, each Frostbolt you cast extends its duration by 2 sec.|r"", ""EffectChainAmplitude_1"": 1.0, ""EffectChainAmplitude_2"": 1.0, ""EffectChainAmplitude_3"": 1.0, ""EffectSpellClassMaskA_2"": 2048, ""EffectSpellClassMaskB_2"": 1024, ""EquippedItemClass"": -1, ""NameSubtext_Lang_Mask"": 16712190, ""NameSubtext_Lang_enUS"": ""Rank 1"", ""Name_Lang_Mask"": 16712190, ""ProcChance"": 33, ""ProcTypeMask"": 65536, ""RangeIndex"": 1, ""SpellClassSet"": 3, ""SpellLevel"": 1, ""SpellPriority"": 50, ""EffectSpellClassMaskB_1"": 2048}","Frost Mage rework (docs/frost-mage-redesign.md sec 4 Row 9, Enduring Winter). effect1's duration bonus (5/10/15s) already matched spec exactly but was completely unscoped in the pulled data (no EffectSpellClassMask at all on this effect) -- SpellInfo::IsAffected treats an all-zero classmask as matching every spell in the family, which would have extended the duration of every Mage aura-bearing spell, not just Summon Water Elemental. Scoped explicitly to word B = 2048, Summon Water Elemental's (31687) own identity flag. effect2 (Replenishment proc) needed zero changes -- matches spec exactly already, including the existing base spell_proc row's 6-sec ICE (confirmed pre-existing, not part of this migration)."
44560,Enduring Winter,1,0,0,262352,0,0,0,0,0,0,0,0.0,,,"{""amplitude"": 0, ""apply_aura"": 107, ""base_points"": 9999, ""chain_targets"": 0, ""die_sides"": 1, ""implicit_target_a"": 1, ""implicit_target_b"": 0, ""mechanic"": 0, ""misc_value"": 1, ""points_per_level"": 0.0, ""radius_yards"": null, ""trigger_spell"": 0, ""type"": 6}","{""amplitude"": 0, ""apply_aura"": 42, ""base_points"": 5, ""chain_targets"": 0, ""die_sides"": 1, ""implicit_target_a"": 1, ""implicit_target_b"": 0, ""mechanic"": 0, ""misc_value"": 8, ""points_per_level"": 0.0, ""radius_yards"": null, ""trigger_spell"": 57669, ""type"": 6}",,2134,,,"{""AuraDescription_Lang_Mask"": 16712188, ""CastingTimeIndex"": 1, ""Description_Lang_Mask"": 16712190, ""Description_Lang_enUS"": ""Increases the duration of your Summon Water Elemental spell by $/1000;s1 sec and your Frostbolt spell has a $h% chance to grant up to 10 party or raid members mana regeneration equal to 1% of their maximum mana per 5 sec for $57669d.  This effect cannot occur more often than once every $m2 sec. |cFF9D9D9DAt max rank, while your Water Elemental is active, each Frostbolt you cast extends its duration by 2 sec.|r"", ""EffectChainAmplitude_1"": 1.0, ""EffectChainAmplitude_2"": 1.0, ""EffectChainAmplitude_3"": 1.0, ""EffectSpellClassMaskA_2"": 2048, ""EffectSpellClassMaskB_2"": 1024, ""EquippedItemClass"": -1, ""NameSubtext_Lang_Mask"": 16712190, ""NameSubtext_Lang_enUS"": ""Rank 2"", ""Name_Lang_Mask"": 16712190, ""ProcChance"": 66, ""ProcTypeMask"": 65536, ""RangeIndex"": 1, ""SpellClassSet"": 3, ""SpellLevel"": 1, ""SpellPriority"": 50, ""EffectSpellClassMaskB_1"": 2048}","Frost Mage rework (docs/frost-mage-redesign.md sec 4 Row 9, Enduring Winter). effect1's duration bonus (5/10/15s) already matched spec exactly but was completely unscoped in the pulled data (no EffectSpellClassMask at all on this effect) -- SpellInfo::IsAffected treats an all-zero classmask as matching every spell in the family, which would have extended the duration of every Mage aura-bearing spell, not just Summon Water Elemental. Scoped explicitly to word B = 2048, Summon Water Elemental's (31687) own identity flag. effect2 (Replenishment proc) needed zero changes -- matches spec exactly already, including the existing base spell_proc row's 6-sec ICE (confirmed pre-existing, not part of this migration)."
44561,Enduring Winter,1,0,0,262352,0,0,0,0,0,0,0,0.0,,,"{""amplitude"": 0, ""apply_aura"": 107, ""base_points"": 14999, ""chain_targets"": 0, ""die_sides"": 1, ""implicit_target_a"": 1, ""implicit_target_b"": 0, ""mechanic"": 0, ""misc_value"": 1, ""points_per_level"": 0.0, ""radius_yards"": null, ""trigger_spell"": 0, ""type"": 6}","{""amplitude"": 0, ""apply_aura"": 42, ""base_points"": 5, ""chain_targets"": 0, ""die_sides"": 1, ""implicit_target_a"": 1, ""implicit_target_b"": 0, ""mechanic"": 0, ""misc_value"": 8, ""points_per_level"": 0.0, ""radius_yards"": null, ""trigger_spell"": 57669, ""type"": 6}","{""amplitude"": 0, ""apply_aura"": 4, ""base_points"": 0, ""chain_targets"": 0, ""die_sides"": 1, ""implicit_target_a"": 1, ""implicit_target_b"": 0, ""mechanic"": 0, ""misc_value"": 0, ""points_per_level"": 0.0, ""radius_yards"": null, ""trigger_spell"": 0, ""type"": 6}",2134,,,"{""AuraDescription_Lang_Mask"": 16712188, ""CastingTimeIndex"": 1, ""Description_Lang_Mask"": 16712190, ""Description_Lang_enUS"": ""Increases the duration of your Summon Water Elemental spell by $/1000;s1 sec and your Frostbolt spell has a $h% chance to grant up to 10 party or raid members mana regeneration equal to 1% of their maximum mana per 5 sec for $57669d.  This effect cannot occur more often than once every $m2 sec.  While your Water Elemental is active, each Frostbolt you cast extends its duration by 2 sec."", ""EffectChainAmplitude_1"": 1.0, ""EffectChainAmplitude_2"": 1.0, ""EffectSpellClassMaskA_2"": 2048, ""EffectSpellClassMaskB_2"": 1024, ""EquippedItemClass"": -1, ""NameSubtext_Lang_Mask"": 16712190, ""NameSubtext_Lang_enUS"": ""Rank 3"", ""Name_Lang_Mask"": 16712190, ""ProcChance"": 100, ""ProcTypeMask"": 65536, ""RangeIndex"": 1, ""SpellClassSet"": 3, ""SpellLevel"": 1, ""SpellPriority"": 50, ""EffectSpellClassMaskB_1"": 2048}","Frost Mage rework (docs/frost-mage-redesign.md sec 4 Row 9, Enduring Winter). effect1's duration bonus (5/10/15s) already matched spec exactly but was completely unscoped in the pulled data (no EffectSpellClassMask at all on this effect) -- SpellInfo::IsAffected treats an all-zero classmask as matching every spell in the family, which would have extended the duration of every Mage aura-bearing spell, not just Summon Water Elemental. Scoped explicitly to word B = 2048, Summon Water Elemental's (31687) own identity flag. effect2 (Replenishment proc) needed zero changes -- matches spec exactly already, including the existing base spell_proc row's 6-sec ICE (confirmed pre-existing, not part of this migration). effect3 (rank 3 only, capstone): new SPELL_AURA_DUMMY read by spell_mage_enduring_winter (OnEffectProc, spell_mage.cpp) -- extends the caster's active Water Elemental's despawn timer by 2 sec per qualifying Frostbolt cast (TempSummon::SetTimer; Pet inherits this directly through Guardian/Minion/TempSummon). No-ops if the pet is the permanent-glyph variant (no despawn timer to extend) or not summoned at all."
44566,Chilled to the Bone,1,0,0,262352,0,0,0,0,0,0,0,0.0,,,"{""amplitude"": 0, ""apply_aura"": 108, ""base_points"": 0, ""chain_targets"": 0, ""die_sides"": 1, ""implicit_target_a"": 1, ""implicit_target_b"": 0, ""mechanic"": 0, ""misc_value"": 0, ""points_per_level"": 0.0, ""radius_yards"": null, ""trigger_spell"": 0, ""type"": 6}","{""amplitude"": 0, ""apply_aura"": 107, ""base_points"": -5, ""chain_targets"": 0, ""die_sides"": 1, ""implicit_target_a"": 1, ""implicit_target_b"": 0, ""mechanic"": 0, ""misc_value"": 3, ""points_per_level"": 0.0, ""radius_yards"": null, ""trigger_spell"": 0, ""type"": 6}",,2965,,,"{""AuraDescription_Lang_Mask"": 16712188, ""CastingTimeIndex"": 1, ""Description_Lang_Mask"": 16712190, ""Description_Lang_enUS"": ""Increases all damage you deal by $s1% and reduces the movement speed of targets affected by your Frostbolt, Cone of Cold and Frozen Orb by an additional $s2%. |cFF9D9D9DAt max rank, your Frostbolt and Ice Lance casts versus monsters reduce the cooldown of your Frozen Orb by 1 sec, and your Blizzard reduces it by 1 sec every 3 ticks.|r"", ""EffectChainAmplitude_1"": 1.0, ""EffectChainAmplitude_2"": 1.0, ""EffectChainAmplitude_3"": 1.0, ""EffectSpellClassMaskB_1"": 544, ""EquippedItemClass"": -1, ""NameSubtext_Lang_Mask"": 16712190, ""NameSubtext_Lang_enUS"": ""Rank 1"", ""Name_Lang_Mask"": 16712190, ""ProcChance"": 101, ""RangeIndex"": 1, ""SpellClassSet"": 3, ""SpellLevel"": 1, ""SpellPriority"": 50}","pulled from existing data EffectSpellClassMaskA_2/B_1 override on effect index 1 (SPELLMOD_EFFECT1, -4/-7/-10, classmask 544 = Frostbolt|Cone of Cold) added on top of the pulled data to scope the movement- speed modifier to just those two spells. Playtest bugfix (2026-08-27, user report - ""Permafrost reduces the effects of everything by 10%, not just move speed"" - same root cause hit Chilled to the Bone too): the classmask was stored under EffectSpellClassMaskA_2, which spell_dbc/DBCStructure.h actually reads as effect index 0's second word, not effect index 1's first word - leaving effect 1's real classmask all-zero, which SpellInfo::IsAffected treats as matching every spell in the family. Moved to EffectSpellClassMaskB_1 (effect index 1(=B)'s word 1), which is what the engine actually reads. See data/sql/updates/pending_db_world/rev_1787820084006262155.sql for the original diagnosis."
44567,Chilled to the Bone,1,0,0,262352,0,0,0,0,0,0,0,0.0,,,"{""amplitude"": 0, ""apply_aura"": 108, ""base_points"": 1, ""chain_targets"": 0, ""die_sides"": 1, ""implicit_target_a"": 1, ""implicit_target_b"": 0, ""mechanic"": 0, ""misc_value"": 0, ""points_per_level"": 0.0, ""radius_yards"": null, ""trigger_spell"": 0, ""type"": 6}","{""amplitude"": 0, ""apply_aura"": 107, ""base_points"": -8, ""chain_targets"": 0, ""die_sides"": 1, ""implicit_target_a"": 1, ""implicit_target_b"": 0, ""mechanic"": 0, ""misc_value"": 3, ""points_per_level"": 0.0, ""radius_yards"": null, ""trigger_spell"": 0, ""type"": 6}",,2965,,,"{""AuraDescription_Lang_Mask"": 16712188, ""CastingTimeIndex"": 1, ""Description_Lang_Mask"": 16712190, ""Description_Lang_enUS"": ""Increases all damage you deal by $s1% and reduces the movement speed of targets affected by your Frostbolt, Cone of Cold and Frozen Orb by an additional $s2%. |cFF9D9D9DAt max rank, your Frostbolt and Ice Lance casts versus monsters reduce the cooldown of your Frozen Orb by 1 sec, and your Blizzard reduces it by 1 sec every 3 ticks.|r"", ""EffectChainAmplitude_1"": 1.0, ""EffectChainAmplitude_2"": 1.0, ""EffectChainAmplitude_3"": 1.0, ""EffectSpellClassMaskB_1"": 544, ""EquippedItemClass"": -1, ""NameSubtext_Lang_Mask"": 16712190, ""NameSubtext_Lang_enUS"": ""Rank 2"", ""Name_Lang_Mask"": 16712190, ""ProcChance"": 101, ""RangeIndex"": 1, ""SpellClassSet"": 3, ""SpellLevel"": 1, ""SpellPriority"": 50}","pulled from existing data EffectSpellClassMaskA_2/B_1 override on effect index 1 (SPELLMOD_EFFECT1, -4/-7/-10, classmask 544 = Frostbolt|Cone of Cold) added on top of the pulled data to scope the movement- speed modifier to just those two spells. Playtest bugfix (2026-08-27, user report - ""Permafrost reduces the effects of everything by 10%, not just move speed"" - same root cause hit Chilled to the Bone too): the classmask was stored under EffectSpellClassMaskA_2, which spell_dbc/DBCStructure.h actually reads as effect index 0's second word, not effect index 1's first word - leaving effect 1's real classmask all-zero, which SpellInfo::IsAffected treats as matching every spell in the family. Moved to EffectSpellClassMaskB_1 (effect index 1(=B)'s word 1), which is what the engine actually reads. See data/sql/updates/pending_db_world/rev_1787820084006262155.sql for the original diagnosis."
44568,Chilled to the Bone,1,0,0,262352,0,0,0,0,0,0,0,0.0,,,"{""amplitude"": 0, ""apply_aura"": 108, ""base_points"": 2, ""chain_targets"": 0, ""die_sides"": 1, ""implicit_target_a"": 1, ""implicit_target_b"": 0, ""mechanic"": 0, ""misc_value"": 0, ""points_per_level"": 0.0, ""radius_yards"": null, ""trigger_spell"": 0, ""type"": 6}","{""amplitude"": 0, ""apply_aura"": 107, ""base_points"": -11, ""chain_targets"": 0, ""die_sides"": 1, ""implicit_target_a"": 1, ""implicit_target_b"": 0, ""mechanic"": 0, ""misc_value"": 3, ""points_per_level"": 0.0, ""radius_yards"": null, ""trigger_spell"": 0, ""type"": 6}","{""amplitude"": 0, ""apply_aura"": 4, ""base_points"": -1, ""chain_targets"": 0, ""die_sides"": 1, ""implicit_target_a"": 1, ""implicit_target_b"": 0, ""mechanic"": 0, ""misc_value"": 0, ""points_per_level"": 0.0, ""radius_yards"": null, ""trigger_spell"": 0, ""type"": 6}",2965,,,"{""AuraDescription_Lang_Mask"": 16712188, ""CastingTimeIndex"": 1, ""Description_Lang_Mask"": 16712190, ""Description_Lang_enUS"": ""Increases all damage you deal by $s1% and reduces the movement speed of targets affected by your Frostbolt, Cone of Cold and Frozen Orb by an additional $s2%.  Your Frostbolt and Ice Lance casts versus monsters reduce the cooldown of your Frozen Orb by 1 sec, and your Blizzard reduces it by 1 sec every 3 ticks."", ""EffectChainAmplitude_1"": 1.0, ""EffectChainAmplitude_2"": 1.0, ""EffectChainAmplitude_3"": 1.0, ""EffectSpellClassMaskB_1"": 544, ""EquippedItemClass"": -1, ""NameSubtext_Lang_Mask"": 16712190, ""NameSubtext_Lang_enUS"": ""Rank 3"", ""Name_Lang_Mask"": 16712190, ""AttributesEx3"": 67633152, ""ProcChance"": 100, ""ProcTypeMask"": 327680, ""RangeIndex"": 1, ""SpellClassSet"": 3, ""SpellLevel"": 1, ""SpellPriority"": 50}","pulled from existing data EffectSpellClassMaskA_2/B_1 override on effect index 1 (SPELLMOD_EFFECT1, -4/-7/-10, classmask 544 = Frostbolt|Cone of Cold) added on top of the pulled data to scope the movement- speed modifier to just those two spells. Playtest bugfix (2026-08-27, user report - ""Permafrost reduces the effects of everything by 10%, not just move speed"" - same root cause hit Chilled to the Bone too): the classmask was stored under EffectSpellClassMaskA_2, which spell_dbc/DBCStructure.h actually reads as effect index 0's second word, not effect index 1's first word - leaving effect 1's real classmask all-zero, which SpellInfo::IsAffected treats as matching every spell in the family. Moved to EffectSpellClassMaskB_1 (effect index 1(=B)'s word 1), which is what the engine actually reads. See data/sql/updates/pending_db_world/rev_1787820084006262155.sql for the original diagnosis."
44745,Shattered Barrier,16,0,0,464,0,0,0,0,0,0,0,0.0,,,"{""amplitude"": 0, ""apply_aura"": 4, ""base_points"": 1, ""chain_targets"": 0, ""die_sides"": 1, ""implicit_target_a"": 1, ""implicit_target_b"": 0, ""mechanic"": 0, ""misc_value"": 0, ""points_per_level"": 0.0, ""radius_yards"": null, ""trigger_spell"": 0, ""type"": 6}",,,2945,,,"{""CastingTimeIndex"": 1, ""Description_Lang_Mask"": 16712190, ""Description_Lang_enUS"": ""While your Ice Barrier is active, your damage is increased by $s1%. |cFF9D9D9DAt max rank, your Ice Barrier shatters when destroyed, slowing all enemies within 10 yards by 70% for 4 sec and granting you 8% haste for 8 sec.|r"", ""EffectChainAmplitude_1"": 1.0, ""EffectChainAmplitude_2"": 1.0, ""EffectChainAmplitude_3"": 1.0, ""EquippedItemClass"": -1, ""NameSubtext_Lang_Mask"": 16712190, ""NameSubtext_Lang_enUS"": ""Rank 1"", ""Name_Lang_Mask"": 16712190, ""ProcChance"": 101, ""SpellClassSet"": 3, ""SpellPriority"": 50}","Frost Mage rework (docs/frost-mage-redesign.md sec 4 Row 7, Shattered Barrier). Old pulled data ('% chance to freeze all enemies when Ice Barrier is destroyed') is a different mechanic than the new spec entirely, not a retune -- rebuilt from scratch. effect1: SPELL_AURA_DUMMY (2/4%), read live in Mage::ApplyDoneDamagePctMods (MageMechanics.cpp) gated on caster->HasAura(Ice Barrier) -- same 'live armor-state check, not a static aura' idiom as Frost Warding's capstone, chosen for the same reason (Ice Barrier gets applied/consumed independently of this talent, a cached mod would go stale)."
48389,Owlkin Frenzy,1,0,0,262352,0,0,0,0,0,0,0,0.0,,,"{""amplitude"": 0, ""apply_aura"": 42, ""base_points"": -1, ""chain_targets"": 0, ""die_sides"": 1, ""implicit_target_a"": 1, ""implicit_target_b"": 0, ""mechanic"": 0, ""misc_value"": 0, ""points_per_level"": 0.0, ""radius_yards"": null, ""trigger_spell"": 48391, ""type"": 6}",,,2853,,,"{""AttributesEx4"": 524288, ""AuraDescription_Lang_Mask"": 16712188, ""CastingTimeIndex"": 1, ""Description_Lang_Mask"": 16712190, ""Description_Lang_enUS"": ""Attacks done to you while in Moonkin form have a $h% chance to cause you to go into a Frenzy, increasing your damage by $48391s2%, cause you to be immune to pushback while casting Balance spells and restore $48391s3% base mana every $48391T3 sec. Lasts $48391d."", ""EffectChainAmplitude_1"": 1.0, ""EffectChainAmplitude_2"": 1.0, ""EffectChainAmplitude_3"": 1.0, ""EffectSpellClassMaskA_1"": 4194325, ""EquippedItemClass"": -1, ""NameSubtext_Lang_Mask"": 16712190, ""NameSubtext_Lang_enUS"": ""Rank 1"", ""Name_Lang_Mask"": 16712190, ""ProcChance"": 5, ""ProcTypeMask"": 131752, ""RangeIndex"": 1, ""ShapeshiftMask"": 1073741824, ""SpellClassSet"": 3, ""SpellLevel"": 1, ""SpellPriority"": 50}",pulled from existing data
48392,Owlkin Frenzy,1,0,0,262352,0,0,0,0,0,0,0,0.0,,,"{""amplitude"": 0, ""apply_aura"": 42, ""base_points"": -1, ""chain_targets"": 0, ""die_sides"": 1, ""implicit_target_a"": 1, ""implicit_target_b"": 0, ""mechanic"": 0, ""misc_value"": 0, ""points_per_level"": 0.0, ""radius_yards"": null, ""trigger_spell"": 48391, ""type"": 6}",,,2853,,,"{""AttributesEx4"": 524288, ""AuraDescription_Lang_Mask"": 16712188, ""CastingTimeIndex"": 1, ""Description_Lang_Mask"": 16712190, ""Description_Lang_enUS"": ""Attacks done to you while in Moonkin form have a $h% chance to cause you to go into a Frenzy, increasing your damage by $48391s2%, cause you to be immune to pushback while casting Balance spells and restore $48391s3% base mana every $48391T3 sec. Lasts $48391d."", ""EffectChainAmplitude_1"": 1.0, ""EffectChainAmplitude_2"": 1.0, ""EffectChainAmplitude_3"": 1.0, ""EffectSpellClassMaskA_1"": 4194325, ""EquippedItemClass"": -1, ""NameSubtext_Lang_Mask"": 16712190, ""NameSubtext_Lang_enUS"": ""Rank 2"", ""Name_Lang_Mask"": 16712190, ""ProcChance"": 10, ""ProcTypeMask"": 131752, ""RangeIndex"": 1, ""ShapeshiftMask"": 1073741824, ""SpellClassSet"": 3, ""SpellLevel"": 1, ""SpellPriority"": 50}",pulled from existing data
48393,Owlkin Frenzy,1,0,0,262352,0,0,0,0,0,0,0,0.0,,,"{""amplitude"": 0, ""apply_aura"": 42, ""base_points"": -1, ""chain_targets"": 0, ""die_sides"": 1, ""implicit_target_a"": 1, ""implicit_target_b"": 0, ""mechanic"": 0, ""misc_value"": 0, ""points_per_level"": 0.0, ""radius_yards"": null, ""trigger_spell"": 48391, ""type"": 6}",,,2853,,,"{""AttributesEx4"": 524288, ""AuraDescription_Lang_Mask"": 16712188, ""CastingTimeIndex"": 1, ""Description_Lang_Mask"": 16712190, ""Description_Lang_enUS"": ""Attacks done to you while in Moonkin form have a $h% chance to cause you to go into a Frenzy, increasing your damage by $48391s2%, cause you to be immune to pushback while casting Balance spells and restore $48391s3% base mana every $48391T3 sec. Lasts $48391d."", ""EffectChainAmplitude_1"": 1.0, ""EffectChainAmplitude_2"": 1.0, ""EffectChainAmplitude_3"": 1.0, ""EffectSpellClassMaskA_1"": 4194325, ""EquippedItemClass"": -1, ""NameSubtext_Lang_Mask"": 16712190, ""NameSubtext_Lang_enUS"": ""Rank 3"", ""Name_Lang_Mask"": 16712190, ""ProcChance"": 15, ""ProcTypeMask"": 131752, ""RangeIndex"": 1, ""ShapeshiftMask"": 1073741824, ""SpellClassSet"": 3, ""SpellLevel"": 1, ""SpellPriority"": 50}",pulled from existing data
54354,Prismatic Cloak,1,0,0,464,0,0,0,0,0,0,0,0.0,,,"{""amplitude"": 0, ""apply_aura"": 87, ""base_points"": -7, ""chain_targets"": 0, ""die_sides"": 1, ""implicit_target_a"": 1, ""implicit_target_b"": 0, ""mechanic"": 0, ""misc_value"": 127, ""points_per_level"": 0.0, ""radius_yards"": null, ""trigger_spell"": 0, ""type"": 6}","{""amplitude"": 0, ""apply_aura"": 107, ""base_points"": -3001, ""chain_targets"": 0, ""die_sides"": 1, ""implicit_target_a"": 1, ""implicit_target_b"": 0, ""mechanic"": 0, ""misc_value"": 1, ""points_per_level"": 0.0, ""radius_yards"": null, ""trigger_spell"": 0, ""type"": 6}",,2126,,,"{""AuraDescription_Lang_Mask"": 16712188, ""CastingTimeIndex"": 1, ""Description_Lang_Mask"": 16712190, ""Description_Lang_enUS"": ""Reduces all damage taken by $s1% and reduces the fade time of your Invisibility spell by ${$m2/-1000} sec."", ""EffectChainAmplitude_1"": 1.0, ""EffectChainAmplitude_2"": 1.0, ""EffectChainAmplitude_3"": 1.0, ""EffectSpellClassMaskA_1"": 538972160, ""EffectSpellClassMaskB_2"": 262144, ""EquippedItemClass"": -1, ""NameSubtext_Lang_Mask"": 16712190, ""NameSubtext_Lang_enUS"": ""Rank 3"", ""Name_Lang_Mask"": 16712190, ""ProcChance"": 101, ""RangeIndex"": 1, ""SpellClassSet"": 3, ""SpellLevel"": 1, ""SpellPriority"": 50}",pulled from existing data
54486,Missile Barrage,1,0,0,464,0,0,0,0,0,0,0,0.0,,,"{""amplitude"": 0, ""apply_aura"": 42, ""base_points"": -1, ""chain_targets"": 0, ""die_sides"": 1, ""implicit_target_a"": 1, ""implicit_target_b"": 0, ""mechanic"": 0, ""misc_value"": 0, ""points_per_level"": 0.0, ""radius_yards"": null, ""trigger_spell"": 44401, ""type"": 6}",,,3261,,,"{""AuraDescription_Lang_Mask"": 16712188, ""CastingTimeIndex"": 1, ""Description_Lang_Mask"": 16712190, ""Description_Lang_enUS"": ""Gives your Arcane Blast a $h% chance, and your Arcane Barrage, Fireball, Frostbolt and Frostfire Bolt spells a ${$h/2}% chance to reduce the channeled duration of the next Arcane Missiles spell by $/1000;44401S1 secs, reduce the mana cost by $44401s3%, and missiles will fire every .5 secs."", ""EffectChainAmplitude_1"": 1.0, ""EffectChainAmplitude_2"": 1.0, ""EffectChainAmplitude_3"": 1.0, ""EquippedItemClass"": -1, ""NameSubtext_Lang_Mask"": 16712190, ""NameSubtext_Lang_enUS"": ""Rank 2"", ""Name_Lang_Mask"": 16712190, ""ProcChance"": 16, ""ProcTypeMask"": 65536, ""RangeIndex"": 1, ""SpellClassSet"": 3}",pulled from existing data
54488,Missile Barrage,1,0,0,464,0,0,0,0,0,0,0,0.0,,,"{""amplitude"": 0, ""apply_aura"": 42, ""base_points"": -1, ""chain_targets"": 0, ""die_sides"": 1, ""implicit_target_a"": 1, ""implicit_target_b"": 0, ""mechanic"": 0, ""misc_value"": 0, ""points_per_level"": 0.0, ""radius_yards"": null, ""trigger_spell"": 44401, ""type"": 6}",,,3261,,,"{""AuraDescription_Lang_Mask"": 16712188, ""CastingTimeIndex"": 1, ""Description_Lang_Mask"": 16712190, ""Description_Lang_enUS"": ""Gives your Arcane Blast a $h% chance, and your Arcane Barrage, Fireball, Frostbolt and Frostfire Bolt spells a ${$h/2}% chance to reduce the channeled duration of the next Arcane Missiles spell by $/1000;44401S1 secs, reduce the mana cost by $44401s3%, and missiles will fire every .5 secs."", ""EffectChainAmplitude_1"": 1.0, ""EffectChainAmplitude_2"": 1.0, ""EffectChainAmplitude_3"": 1.0, ""EquippedItemClass"": -1, ""NameSubtext_Lang_Mask"": 16712190, ""NameSubtext_Lang_enUS"": ""Rank 3"", ""Name_Lang_Mask"": 16712190, ""ProcChance"": 24, ""ProcTypeMask"": 65536, ""RangeIndex"": 1, ""SpellClassSet"": 3}",pulled from existing data
54489,Missile Barrage,1,0,0,464,0,0,0,0,0,0,0,0.0,,,"{""amplitude"": 0, ""apply_aura"": 42, ""base_points"": -1, ""chain_targets"": 0, ""die_sides"": 1, ""implicit_target_a"": 1, ""implicit_target_b"": 0, ""mechanic"": 0, ""misc_value"": 0, ""points_per_level"": 0.0, ""radius_yards"": null, ""trigger_spell"": 44401, ""type"": 6}",,,3261,,,"{""AuraDescription_Lang_Mask"": 16712188, ""CastingTimeIndex"": 1, ""Description_Lang_Mask"": 16712190, ""Description_Lang_enUS"": ""Gives your Arcane Blast a $h% chance, and your Arcane Barrage, Fireball, Frostbolt and Frostfire Bolt spells a ${$h/2}% chance to reduce the channeled duration of the next Arcane Missiles spell by $/1000;44401S1 secs, reduce the mana cost by $44401s3%, and missiles will fire every .5 secs."", ""EffectChainAmplitude_1"": 1.0, ""EffectChainAmplitude_2"": 1.0, ""EffectChainAmplitude_3"": 1.0, ""EquippedItemClass"": -1, ""NameSubtext_Lang_Mask"": 16712190, ""NameSubtext_Lang_enUS"": ""Rank 4"", ""Name_Lang_Mask"": 16712190, ""ProcChance"": 32, ""ProcTypeMask"": 65536, ""RangeIndex"": 1, ""SpellClassSet"": 3}",pulled from existing data
54490,Missile Barrage,1,0,0,464,0,0,0,0,0,0,0,0.0,,,"{""amplitude"": 0, ""apply_aura"": 42, ""base_points"": -1, ""chain_targets"": 0, ""die_sides"": 1, ""implicit_target_a"": 1, ""implicit_target_b"": 0, ""mechanic"": 0, ""misc_value"": 0, ""points_per_level"": 0.0, ""radius_yards"": null, ""trigger_spell"": 44401, ""type"": 6}",,,3261,,,"{""AuraDescription_Lang_Mask"": 16712188, ""CastingTimeIndex"": 1, ""Description_Lang_Mask"": 16712190, ""Description_Lang_enUS"": ""Gives your Arcane Blast a $h% chance, and your Arcane Barrage, Fireball, Frostbolt and Frostfire Bolt spells a ${$h/2}% chance to reduce the channeled duration of the next Arcane Missiles spell by $/1000;44401S1 secs, reduce the mana cost by $44401s3%, and missiles will fire every .5 secs."", ""EffectChainAmplitude_1"": 1.0, ""EffectChainAmplitude_2"": 1.0, ""EffectChainAmplitude_3"": 1.0, ""EquippedItemClass"": -1, ""NameSubtext_Lang_Mask"": 16712190, ""NameSubtext_Lang_enUS"": ""Rank 5"", ""Name_Lang_Mask"": 16712190, ""ProcChance"": 40, ""ProcTypeMask"": 65536, ""RangeIndex"": 1, ""SpellClassSet"": 3}",pulled from existing data
54646,Focus Magic,64,1,0,65536,0,0,0,0,0,0,6,30.0,,1800000,"{""amplitude"": 0, ""apply_aura"": 57, ""base_points"": 2, ""chain_targets"": 0, ""die_sides"": 1, ""implicit_target_a"": 21, ""implicit_target_b"": 0, ""mechanic"": 0, ""misc_value"": 126, ""points_per_level"": 0.0, ""radius_yards"": null, ""trigger_spell"": 0, ""type"": 6}","{""amplitude"": 0, ""apply_aura"": 0, ""base_points"": 0, ""chain_targets"": 0, ""die_sides"": 0, ""implicit_target_a"": 0, ""implicit_target_b"": 0, ""mechanic"": 0, ""misc_value"": 0, ""points_per_level"": 0.0, ""radius_yards"": null, ""trigger_spell"": 0, ""type"": 3}",,2158,,,"{""AttributesEx"": 524288, ""AttributesEx2"": 8, ""AttributesEx3"": 67108864, ""AttributesEx5"": 32, ""AttributesEx6"": 67108864, ""AuraDescription_Lang_Mask"": 16712190, ""AuraDescription_Lang_enUS"": ""Chance to critically hit with spells increased by $s1%.  When a critical hit occurs, the caster's chance to critically hit is increased."", ""AuraInterruptFlags"": 4718592, ""BaseLevel"": 20, ""CastingTimeIndex"": 1, ""DefenseType"": 1, ""Description_Lang_Mask"": 16712190, ""Description_Lang_enUS"": ""Increases the target's chance to critically hit with spells by $s1%.  When the target critically hits the caster's chance to critically hit with spells is increased by $54648s1% for $54648d.  Cannot be cast on self."", ""EffectChainAmplitude_1"": 1.0, ""EffectChainAmplitude_2"": 1.0, ""EffectChainAmplitude_3"": 1.0, ""EquippedItemClass"": -1, ""InterruptFlags"": 8, ""NameSubtext_Lang_Mask"": 16712190, ""Name_Lang_Mask"": 16712190, ""PreventionType"": 1, ""ProcChance"": 100, ""ProcTypeMask"": 87040, ""SpellClassMask_1"": 2147483648, ""SpellClassMask_3"": 8, ""SpellClassSet"": 3, ""SpellLevel"": 20, ""SpellVisualID_1"": 11998, ""StartRecoveryCategory"": 133, ""StartRecoveryTime"": 1500}",pulled from existing data
54734,Incineration,1,0,0,464,0,0,0,0,0,0,0,0.0,,,"{""amplitude"": 0, ""apply_aura"": 107, ""base_points"": 5, ""chain_targets"": 0, ""die_sides"": 1, ""implicit_target_a"": 1, ""implicit_target_b"": 0, ""mechanic"": 0, ""misc_value"": 7, ""points_per_level"": 0.0, ""radius_yards"": null, ""trigger_spell"": 0, ""type"": 6}",,,678,,,"{""AuraDescription_Lang_Mask"": 16712188, ""CastingTimeIndex"": 1, ""Description_Lang_Mask"": 16712190, ""Description_Lang_enUS"": ""Increases the critical strike chance of your Fire Blast, Scorch, Arcane Blast and Cone of Cold spells by $s1%."", ""EffectBonusMultiplier_1"": 1.0, ""EffectBonusMultiplier_2"": 1.0, ""EffectBonusMultiplier_3"": 1.0, ""EffectChainAmplitude_1"": 1.0, ""EffectChainAmplitude_2"": 1.0, ""EffectChainAmplitude_3"": 1.0, ""EffectSpellClassMaskA_1"": 536871442, ""EquippedItemClass"": -1, ""NameSubtext_Lang_Mask"": 16712190, ""NameSubtext_Lang_enUS"": ""Rank 3"", ""Name_Lang_Mask"": 16712190, ""ProcChance"": 101, ""RangeIndex"": 1, ""SpellClassSet"": 3}",pulled from existing data
54747,Burning Determination,4,0,0,262352,0,0,0,0,0,0,0,0.0,,,"{""amplitude"": 0, ""apply_aura"": 42, ""base_points"": -1, ""chain_targets"": 0, ""die_sides"": 1, ""implicit_target_a"": 1, ""implicit_target_b"": 0, ""mechanic"": 0, ""misc_value"": 6971, ""points_per_level"": 0.0, ""radius_yards"": null, ""trigger_spell"": 54748, ""type"": 6}",,,2019,,,"{""AttributesEx3"": 67108864, ""AttributesEx7"": 1073741824, ""AuraDescription_Lang_Mask"": 16712188, ""CastingTimeIndex"": 1, ""Description_Lang_Mask"": 16712190, ""Description_Lang_enUS"": ""When Interrupted or Silenced you have a $h% chance to become immune to the next Interrupt or Silence mechanic.  Lasts $54748d."", ""EffectChainAmplitude_1"": 1.0, ""EffectChainAmplitude_2"": 1.0, ""EffectChainAmplitude_3"": 1.0, ""EffectSpellClassMaskA_1"": 8388612, ""EffectSpellClassMaskA_2"": 65536, ""EffectSpellClassMaskC_1"": 262144, ""EquippedItemClass"": -1, ""NameSubtext_Lang_Mask"": 16712190, ""NameSubtext_Lang_enUS"": ""Rank 1"", ""Name_Lang_Mask"": 16712190, ""ProcChance"": 50, ""ProcTypeMask"": 139808, ""RangeIndex"": 1, ""SpellClassSet"": 3, ""SpellLevel"": 1, ""SpellPriority"": 50}",pulled from existing data
54749,Burning Determination,4,0,0,262352,0,0,0,0,0,0,0,0.0,,,"{""amplitude"": 0, ""apply_aura"": 42, ""base_points"": -1, ""chain_targets"": 0, ""die_sides"": 1, ""implicit_target_a"": 1, ""implicit_target_b"": 0, ""mechanic"": 0, ""misc_value"": 6971, ""points_per_level"": 0.0, ""radius_yards"": null, ""trigger_spell"": 54748, ""type"": 6}",,,2019,,,"{""AttributesEx3"": 67108864, ""AttributesEx7"": 1073741824, ""AuraDescription_Lang_Mask"": 16712188, ""CastingTimeIndex"": 1, ""Description_Lang_Mask"": 16712190, ""Description_Lang_enUS"": ""When Interrupted or Silenced you have a $h% chance to become immune to the next Interrupt or Silence mechanic.  Lasts $54748d."", ""EffectChainAmplitude_1"": 1.0, ""EffectChainAmplitude_2"": 1.0, ""EffectChainAmplitude_3"": 1.0, ""EffectSpellClassMaskA_1"": 8388612, ""EffectSpellClassMaskA_2"": 65536, ""EffectSpellClassMaskC_1"": 262144, ""EquippedItemClass"": -1, ""NameSubtext_Lang_Mask"": 16712190, ""NameSubtext_Lang_enUS"": ""Rank 2"", ""Name_Lang_Mask"": 16712190, ""ProcChance"": 100, ""ProcTypeMask"": 139808, ""RangeIndex"": 1, ""SpellClassSet"": 3, ""SpellLevel"": 1, ""SpellPriority"": 50}",pulled from existing data
54787,Shattered Barrier,16,0,0,464,0,0,0,0,0,0,0,0.0,,,"{""amplitude"": 0, ""apply_aura"": 4, ""base_points"": 3, ""chain_targets"": 0, ""die_sides"": 1, ""implicit_target_a"": 1, ""implicit_target_b"": 0, ""mechanic"": 0, ""misc_value"": 0, ""points_per_level"": 0.0, ""radius_yards"": null, ""trigger_spell"": 0, ""type"": 6}","{""amplitude"": 0, ""apply_aura"": 4, ""base_points"": 0, ""chain_targets"": 0, ""die_sides"": 1, ""implicit_target_a"": 1, ""implicit_target_b"": 0, ""mechanic"": 0, ""misc_value"": 0, ""points_per_level"": 0.0, ""radius_yards"": null, ""trigger_spell"": 0, ""type"": 6}",,2945,,,"{""CastingTimeIndex"": 1, ""Description_Lang_Mask"": 16712190, ""Description_Lang_enUS"": ""While your Ice Barrier is active, your damage is increased by $s1%.  Your Ice Barrier shatters when destroyed, slowing all enemies within 10 yards by 70% for 4 sec and granting you 8% haste for 8 sec."", ""EffectChainAmplitude_1"": 1.0, ""EffectChainAmplitude_2"": 1.0, ""EffectChainAmplitude_3"": 1.0, ""EquippedItemClass"": -1, ""NameSubtext_Lang_Mask"": 16712190, ""NameSubtext_Lang_enUS"": ""Rank 2"", ""Name_Lang_Mask"": 16712190, ""ProcChance"": 101, ""SpellClassSet"": 3, ""SpellPriority"": 50}","Frost Mage rework (docs/frost-mage-redesign.md sec 4 Row 7, Shattered Barrier). Old pulled data ('% chance to freeze all enemies when Ice Barrier is destroyed') is a different mechanic than the new spec entirely, not a retune -- rebuilt from scratch. effect1: SPELL_AURA_DUMMY (2/4%), read live in Mage::ApplyDoneDamagePctMods (MageMechanics.cpp) gated on caster->HasAura(Ice Barrier) -- same 'live armor-state check, not a static aura' idiom as Frost Warding's capstone, chosen for the same reason (Ice Barrier gets applied/consumed independently of this talent, a cached mod would go stale). effect2 (rank 2 only): capstone marker (SPELL_AURA_DUMMY, EFFECT_1), read by spell_mage_ice_barrier_aura's new AfterEffectAbsorb hook -- when the shield's remaining amount hits 0 (destroyed by damage, not merely expiring), casts a new AoE slow (200021, 10 yd, -70% for 4 sec) and a new self-haste buff (200022, 8%, 8 sec, same aura type as Icy Veins' own cast-speed effect)."
55091,Cold as Ice,1,0,0,464,0,0,0,0,0,0,0,0.0,,,"{""amplitude"": 0, ""apply_aura"": 108, ""base_points"": -11, ""chain_targets"": 0, ""die_sides"": 1, ""implicit_target_a"": 1, ""implicit_target_b"": 0, ""mechanic"": 0, ""misc_value"": 11, ""points_per_level"": 0.0, ""radius_yards"": null, ""trigger_spell"": 0, ""type"": 6}",,,3260,,,"{""AuraDescription_Lang_Mask"": 16712188, ""CastingTimeIndex"": 1, ""Description_Lang_Mask"": 16712190, ""Description_Lang_enUS"": ""Reduces the cooldown of your Cold Snap, Ice Barrier and Summon Water Elemental spells by $s1%."", ""EffectBonusMultiplier_1"": 1.0, ""EffectBonusMultiplier_3"": 1.0, ""EffectChainAmplitude_1"": 1.0, ""EffectChainAmplitude_2"": 1.0, ""EffectChainAmplitude_3"": 1.0, ""EffectSpellClassMaskA_2"": 2053, ""EffectSpellClassMaskB_1"": 576, ""EquippedItemClass"": -1, ""NameSubtext_Lang_Mask"": 16712190, ""NameSubtext_Lang_enUS"": ""Rank 1"", ""Name_Lang_Mask"": 16712190, ""ProcChance"": 101, ""RangeIndex"": 1, ""SpellClassSet"": 3}",pulled from existing data
55092,Cold as Ice,1,0,0,464,0,0,0,0,0,0,0,0.0,,,"{""amplitude"": 0, ""apply_aura"": 108, ""base_points"": -21, ""chain_targets"": 0, ""die_sides"": 1, ""implicit_target_a"": 1, ""implicit_target_b"": 0, ""mechanic"": 0, ""misc_value"": 11, ""points_per_level"": 0.0, ""radius_yards"": null, ""trigger_spell"": 0, ""type"": 6}",,,3260,,,"{""AuraDescription_Lang_Mask"": 16712188, ""CastingTimeIndex"": 1, ""Description_Lang_Mask"": 16712190, ""Description_Lang_enUS"": ""Reduces the cooldown of your Cold Snap, Ice Barrier and Summon Water Elemental spells by $s1%."", ""EffectBonusMultiplier_1"": 1.0, ""EffectBonusMultiplier_3"": 1.0, ""EffectChainAmplitude_1"": 1.0, ""EffectChainAmplitude_2"": 1.0, ""EffectChainAmplitude_3"": 1.0, ""EffectSpellClassMaskA_2"": 2053, ""EffectSpellClassMaskB_1"": 576, ""EquippedItemClass"": -1, ""NameSubtext_Lang_Mask"": 16712190, ""NameSubtext_Lang_enUS"": ""Rank 2"", ""Name_Lang_Mask"": 16712190, ""ProcChance"": 101, ""RangeIndex"": 1, ""SpellClassSet"": 3}",pulled from existing data
55094,Ice Floes,1,0,0,464,0,0,0,0,0,0,0,0.0,,,"{""amplitude"": 0, ""apply_aura"": 108, ""base_points"": -34, ""chain_targets"": 0, ""die_sides"": 1, ""implicit_target_a"": 1, ""implicit_target_b"": 0, ""mechanic"": 0, ""misc_value"": 11, ""points_per_level"": 0.0, ""radius_yards"": null, ""trigger_spell"": 0, ""type"": 6}",,,2133,,,"{""AuraDescription_Lang_Mask"": 16712188, ""CastingTimeIndex"": 1, ""Description_Lang_Mask"": 16712190, ""Description_Lang_enUS"": ""Reduces the cooldown of your Frost Nova, Cone of Cold, Ice Block and Icy Veins spells by $s1%."", ""EffectBonusMultiplier_1"": 1.0, ""EffectBonusMultiplier_3"": 1.0, ""EffectChainAmplitude_1"": 1.0, ""EffectChainAmplitude_2"": 1.0, ""EffectChainAmplitude_3"": 1.0, ""EffectSpellClassMaskA_1"": 576, ""EffectSpellClassMaskA_2"": 16512, ""EffectSpellClassMaskB_1"": 576, ""EquippedItemClass"": -1, ""NameSubtext_Lang_Mask"": 16712190, ""NameSubtext_Lang_enUS"": ""Rank 3"", ""Name_Lang_Mask"": 16712190, ""ProcChance"": 101, ""RangeIndex"": 1, ""SpellClassSet"": 3}",pulled from existing data
200010,Biting Cold,16,0,0,464,0,0,0,0,0,0,0,0.0,,,"{""amplitude"": 0, ""apply_aura"": 4, ""base_points"": 1, ""chain_targets"": 0, ""die_sides"": 1, ""implicit_target_a"": 1, ""implicit_target_b"": 0, ""mechanic"": 0, ""misc_value"": 0, ""points_per_level"": 0.0, ""radius_yards"": null, ""trigger_spell"": 0, ""type"": 6}",,,189,,,"{""SpellClassSet"": 3, ""Name_Lang_Mask"": 16712190, ""NameSubtext_Lang_Mask"": 16712190, ""NameSubtext_Lang_enUS"": ""Rank 1"", ""Description_Lang_Mask"": 16712190, ""Description_Lang_enUS"": ""Your Frost damage against targets affected by your chill effects is increased by 2%. |cFF9D9D9DAt max rank, dealing direct Frost damage to a chilled enemy has a 15% chance to bite into a nearby enemy within 8 yards, dealing Frost damage and chilling them. Cannot occur more than once every 6 sec.|r"", ""EquippedItemClass"": -1, ""ProcChance"": 101, ""SpellPriority"": 50, ""SpellLevel"": 1}","Frost Mage rework (docs/frost-mage-redesign.md sec 4 Row 2, Biting Cold): base effect only (the +2/4/6% Frost damage vs. chilled targets) - a SPELL_AURA_DUMMY read by a new SPELLFAMILY_MAGE case in Unit::SpellDamageBonusDone (Unit.cpp), matched by SpellIconID 189 (Spell_Frost_ChillingBolt) at EFFECT_0, same idiom as the Warlock/Hunter 'Torment the Weak' dummy lookup already in that function. 'Chilled' is read the same non-caster-scoped way Torment the Weak already does (Unit::HasAuraWithMechanic(MECHANIC_SNARE)) rather than a new caster-scoped check, for consistency with the existing idiom - see docs/frost-mage-talent-tree-handoff.md. The rank 3 capstone (bite a nearby chilled-enemy-triggered bounce) is a separate effect only on 200012, see that row's notes."
200011,Biting Cold,16,0,0,464,0,0,0,0,0,0,0,0.0,,,"{""amplitude"": 0, ""apply_aura"": 4, ""base_points"": 3, ""chain_targets"": 0, ""die_sides"": 1, ""implicit_target_a"": 1, ""implicit_target_b"": 0, ""mechanic"": 0, ""misc_value"": 0, ""points_per_level"": 0.0, ""radius_yards"": null, ""trigger_spell"": 0, ""type"": 6}",,,189,,,"{""SpellClassSet"": 3, ""Name_Lang_Mask"": 16712190, ""NameSubtext_Lang_Mask"": 16712190, ""NameSubtext_Lang_enUS"": ""Rank 2"", ""Description_Lang_Mask"": 16712190, ""Description_Lang_enUS"": ""Your Frost damage against targets affected by your chill effects is increased by 4%. |cFF9D9D9DAt max rank, dealing direct Frost damage to a chilled enemy has a 15% chance to bite into a nearby enemy within 8 yards, dealing Frost damage and chilling them. Cannot occur more than once every 6 sec.|r"", ""EquippedItemClass"": -1, ""ProcChance"": 101, ""SpellPriority"": 50, ""SpellLevel"": 1}","Frost Mage rework (docs/frost-mage-redesign.md sec 4 Row 2, Biting Cold): base effect only (the +2/4/6% Frost damage vs. chilled targets) - a SPELL_AURA_DUMMY read by a new SPELLFAMILY_MAGE case in Unit::SpellDamageBonusDone (Unit.cpp), matched by SpellIconID 189 (Spell_Frost_ChillingBolt) at EFFECT_0, same idiom as the Warlock/Hunter 'Torment the Weak' dummy lookup already in that function. 'Chilled' is read the same non-caster-scoped way Torment the Weak already does (Unit::HasAuraWithMechanic(MECHANIC_SNARE)) rather than a new caster-scoped check, for consistency with the existing idiom - see docs/frost-mage-talent-tree-handoff.md. The rank 3 capstone (bite a nearby chilled-enemy-triggered bounce) is a separate effect only on 200012, see that row's notes."
200012,Biting Cold,16,0,0,464,0,0,0,0,0,0,0,0.0,,,"{""amplitude"": 0, ""apply_aura"": 4, ""base_points"": 5, ""chain_targets"": 0, ""die_sides"": 1, ""implicit_target_a"": 1, ""implicit_target_b"": 0, ""mechanic"": 0, ""misc_value"": 0, ""points_per_level"": 0.0, ""radius_yards"": null, ""trigger_spell"": 0, ""type"": 6}","{""amplitude"": 0, ""apply_aura"": 42, ""base_points"": -1, ""chain_targets"": 0, ""die_sides"": 1, ""implicit_target_a"": 1, ""implicit_target_b"": 0, ""mechanic"": 0, ""misc_value"": 0, ""points_per_level"": 0.0, ""radius_yards"": null, ""trigger_spell"": 200013, ""type"": 6}",,189,,,"{""SpellClassSet"": 3, ""Name_Lang_Mask"": 16712190, ""NameSubtext_Lang_Mask"": 16712190, ""NameSubtext_Lang_enUS"": ""Rank 3"", ""Description_Lang_Mask"": 16712190, ""Description_Lang_enUS"": ""Your Frost damage against targets affected by your chill effects is increased by 6%. Dealing direct Frost damage to a chilled enemy has a 15% chance to bite into a nearby enemy within 8 yards, dealing Frost damage and chilling them. Cannot occur more than once every 6 sec."", ""EquippedItemClass"": -1, ""ProcChance"": 15, ""SpellPriority"": 50, ""SpellLevel"": 1, ""AttributesEx3"": 67633152, ""ProcTypeMask"": 65536}","Frost Mage rework (docs/frost-mage-redesign.md sec 4 Row 2, Biting Cold): base effect only (the +2/4/6% Frost damage vs. chilled targets) - a SPELL_AURA_DUMMY read by a new SPELLFAMILY_MAGE case in Unit::SpellDamageBonusDone (Unit.cpp), matched by SpellIconID 189 (Spell_Frost_ChillingBolt) at EFFECT_0, same idiom as the Warlock/Hunter 'Torment the Weak' dummy lookup already in that function. 'Chilled' is read the same non-caster-scoped way Torment the Weak already does (Unit::HasAuraWithMechanic(MECHANIC_SNARE)) rather than a new caster-scoped check, for consistency with the existing idiom - see docs/frost-mage-talent-tree-handoff.md. The rank 3 capstone (bite a nearby chilled-enemy-triggered bounce) is a separate effect only on 200012, see that row's notes. Capstone (EFFECT_1): apply_aura 42 = SPELL_AURA_PROC_TRIGGER_SPELL, trigger_spell 200013 (Icy Bite) - AttributesEx3/ProcTypeMask copied from Brain Freeze (44546), the same 'direct Frost/spell damage, not periodic' gate already proven elsewhere in this rework; ProcChance retuned to 15 (Brain Freeze's own 5 doesn't apply here). Script overrides the default trigger target (PreventDefaultAction) to pick a nearby enemy near the struck target instead of the struck target itself, gates on the target already being chilled, and enforces the 6 sec internal cooldown via a std::chrono::steady_clock member - same idiom as spell_pal_sacred_shield_dummy (spell_paladin.cpp)."
200013,Icy Bite,16,0,0,0,0,0,0,0,0,0,0,40,,3000,"{""amplitude"": 0, ""apply_aura"": 0, ""base_points"": 49, ""chain_targets"": 0, ""die_sides"": 1, ""implicit_target_a"": 6, ""implicit_target_b"": 0, ""mechanic"": 0, ""misc_value"": 0, ""points_per_level"": 0.0, ""radius_yards"": null, ""trigger_spell"": 0, ""type"": 2}","{""amplitude"": 0, ""apply_aura"": 118, ""base_points"": -21, ""chain_targets"": 0, ""die_sides"": 1, ""implicit_target_a"": 6, ""implicit_target_b"": 0, ""mechanic"": 11, ""misc_value"": 127, ""points_per_level"": 0.0, ""radius_yards"": null, ""trigger_spell"": 0, ""type"": 6}",,189,,0.15,"{""SpellClassSet"": 3, ""Name_Lang_Mask"": 16712190, ""NameSubtext_Lang_Mask"": 16712190, ""NameSubtext_Lang_enUS"": """", ""Description_Lang_Mask"": 16712190, ""Description_Lang_enUS"": ""Frost damage and a chill effect, bitten into a nearby enemy by Biting Cold."", ""EquippedItemClass"": -1, ""ProcChance"": 101, ""SpellPriority"": 50, ""SpellLevel"": 1}","Frost Mage rework (docs/frost-mage-redesign.md sec 4 Row 2, Biting Cold capstone). Triggered only (spell_mage_biting_cold, spell_mage.cpp) - never learned directly, same shape as Frozen Orb Pulse/Periodic (200008/200009). effect1: SPELL_EFFECT_SCHOOL_DAMAGE, 50 base + spell_bonus_data coeff_weight 0.15 (modest - a bonus proc, not a primary nuke; first-pass tuning value). effect2: SPELL_AURA_MOD_DECREASE_SPEED, mechanic 11 (MECHANIC_SNARE, matches Frostbolt's own slow so it also satisfies Unit::HasAuraWithMechanic(MECHANIC_SNARE) checks - including Biting Cold's own base effect), 20% slow for 3 sec, first-pass tuning value. Cast via caster->CastSpell(bounceTarget, 200013, true) so damage/threat attribute to the mage, not an unnamed source."
200014,Icy Shatter,16,0,0,0,0,0,0,0,0,0,0,40,,,"{""amplitude"": 0, ""apply_aura"": 0, ""base_points"": 1499, ""chain_targets"": 0, ""die_sides"": 1, ""implicit_target_a"": 6, ""implicit_target_b"": 0, ""mechanic"": 0, ""misc_value"": 0, ""points_per_level"": 0.0, ""radius_yards"": null, ""trigger_spell"": 0, ""type"": 2}",,,1236,,1.2,"{""SpellClassSet"": 3, ""Name_Lang_Mask"": 16712190, ""NameSubtext_Lang_Mask"": 16712190, ""NameSubtext_Lang_enUS"": """", ""Description_Lang_Mask"": 16712190, ""Description_Lang_enUS"": ""Frost damage, shattered onto a nearby enemy by Glacial Spike."", ""EquippedItemClass"": -1, ""ProcChance"": 101, ""SpellPriority"": 50, ""SpellLevel"": 1}","Frost Mage rework (docs/frost-mage-redesign.md sec 4 Row 9 / sec 1 Glacial Spike, Arctic Winds capstone). Triggered only (spell_mage_glacial_spike::ConsumeIciclesAndFrostCharge, spell_mage.cpp) - never learned directly, same shape as Icy Bite (200013). Mirrors Glacial Spike's (200002) own damage exactly - 1500 base + 1.2 SP coeff (spell_bonus_data, same as 200002) - rather than re-triggering Glacial Spike itself against each additional target, which would re-run icicle/Fingers-of-Frost consumption per hit. Cast via caster->CastSpell(shatterTarget, 200014, true) for up to 5 nearby enemies within 8 yards, gated on Arctic Winds rank 3 (talent 1738, icon 2131 EFFECT_2)."
200015,Permafrost,16,0,0,0,0,0,0,0,0,0,,,,10000,"{""amplitude"": 0, ""apply_aura"": 4, ""base_points"": 19, ""chain_targets"": 0, ""die_sides"": 1, ""implicit_target_a"": 1, ""implicit_target_b"": 0, ""mechanic"": 0, ""misc_value"": 0, ""points_per_level"": 0.0, ""radius_yards"": null, ""trigger_spell"": 0, ""type"": 6}",,,143,,,"{""SpellClassSet"": 3, ""Name_Lang_Mask"": 16712190, ""NameSubtext_Lang_Mask"": 16712190, ""NameSubtext_Lang_enUS"": """", ""Description_Lang_Mask"": 16712190, ""Description_Lang_enUS"": ""Increases the damage of your next Ice Lance by 20% per stack. Stacks up to 5 times, and are all consumed by your next Ice Lance."", ""EquippedItemClass"": -1, ""ProcChance"": 101, ""SpellPriority"": 50, ""SpellLevel"": 1, ""CumulativeAura"": 5}","Frost Mage rework (docs/frost-mage-redesign.md sec 4 Row 2, Permafrost capstone). Triggered only (spell_mage_permafrost, spell_mage.cpp), granted once per second of continuous movement. Max 5 stacks (CumulativeAura). Duration bumped 3->10 sec (playtest bugfix, 2026-08-26): the original 3 sec first-pass guess decayed the whole stack before a mage could realistically stop and cast Ice Lance, making the bonus statistically undetectable in an actual playtest (5-stack vs 0-stack Ice Lance damage came back identical). 10 sec is a deliberate user call, not derived from the redesign text (which doesn't specify decay at all). Consumption also changed this pass: Ice Lance now clears the *entire* stack in one cast (spell_mage_ice_lance::ConsumePermafrost, RemoveAurasDueToSpell not ModStackAmount(-1)), and the damage bonus scales per stack consumed (20% * stack count, up to 100% at 5 stacks - Mage::ApplyDoneDamagePctMods) rather than a flat 20% regardless of banked stacks - both deliberate user calls resolving the ambiguity the previous notes flagged ('stacks read as banked charges... not fully disambiguated')."
200016,Frozen Core,16,0,0,0,0,0,0,0,0,0,,,,8000,"{""amplitude"": 0, ""apply_aura"": 79, ""base_points"": 1, ""chain_targets"": 0, ""die_sides"": 1, ""implicit_target_a"": 1, ""implicit_target_b"": 0, ""mechanic"": 0, ""misc_value"": 16, ""points_per_level"": 0.0, ""radius_yards"": null, ""trigger_spell"": 0, ""type"": 6}",,,2132,,,"{""SpellClassSet"": 3, ""Name_Lang_Mask"": 16712190, ""NameSubtext_Lang_Mask"": 16712190, ""NameSubtext_Lang_enUS"": """", ""Description_Lang_Mask"": 16712190, ""Description_Lang_enUS"": ""Increases Frost damage dealt by 2%."", ""EquippedItemClass"": -1, ""ProcChance"": 101, ""SpellPriority"": 50, ""SpellLevel"": 1}","Frost Mage rework (docs/frost-mage-redesign.md sec 4 Row 5, Frozen Core). Triggered only (native PROC_TRIGGER_SPELL on the talent's own 31667), granted on taking magic damage. One dedicated spell per rank rather than a shared spell with a scripted value, since each talent rank only ever triggers its own and the % doesn't need runtime computation."
200017,Frozen Core,16,0,0,0,0,0,0,0,0,0,,,,8000,"{""amplitude"": 0, ""apply_aura"": 79, ""base_points"": 3, ""chain_targets"": 0, ""die_sides"": 1, ""implicit_target_a"": 1, ""implicit_target_b"": 0, ""mechanic"": 0, ""misc_value"": 16, ""points_per_level"": 0.0, ""radius_yards"": null, ""trigger_spell"": 0, ""type"": 6}",,,2132,,,"{""SpellClassSet"": 3, ""Name_Lang_Mask"": 16712190, ""NameSubtext_Lang_Mask"": 16712190, ""NameSubtext_Lang_enUS"": """", ""Description_Lang_Mask"": 16712190, ""Description_Lang_enUS"": ""Increases Frost damage dealt by 4%."", ""EquippedItemClass"": -1, ""ProcChance"": 101, ""SpellPriority"": 50, ""SpellLevel"": 1}","Frost Mage rework (docs/frost-mage-redesign.md sec 4 Row 5, Frozen Core). Triggered only (native PROC_TRIGGER_SPELL on the talent's own 31668), granted on taking magic damage. One dedicated spell per rank rather than a shared spell with a scripted value, since each talent rank only ever triggers its own and the % doesn't need runtime computation."
200018,Frozen Core,16,0,0,0,0,0,0,0,0,0,,,,8000,"{""amplitude"": 0, ""apply_aura"": 79, ""base_points"": 5, ""chain_targets"": 0, ""die_sides"": 1, ""implicit_target_a"": 1, ""implicit_target_b"": 0, ""mechanic"": 0, ""misc_value"": 16, ""points_per_level"": 0.0, ""radius_yards"": null, ""trigger_spell"": 0, ""type"": 6}",,,2132,,,"{""SpellClassSet"": 3, ""Name_Lang_Mask"": 16712190, ""NameSubtext_Lang_Mask"": 16712190, ""NameSubtext_Lang_enUS"": """", ""Description_Lang_Mask"": 16712190, ""Description_Lang_enUS"": ""Increases Frost damage dealt by 6%."", ""EquippedItemClass"": -1, ""ProcChance"": 101, ""SpellPriority"": 50, ""SpellLevel"": 1}","Frost Mage rework (docs/frost-mage-redesign.md sec 4 Row 5, Frozen Core). Triggered only (native PROC_TRIGGER_SPELL on the talent's own 31669), granted on taking magic damage. One dedicated spell per rank rather than a shared spell with a scripted value, since each talent rank only ever triggers its own and the % doesn't need runtime computation."
200019,Frozen Core: Piercing Cold,16,0,0,0,0,0,0,0,0,0,,40,,8000,"{""amplitude"": 2000, ""apply_aura"": 3, ""base_points"": 79, ""chain_targets"": 0, ""die_sides"": 1, ""implicit_target_a"": 6, ""implicit_target_b"": 0, ""mechanic"": 0, ""misc_value"": 0, ""points_per_level"": 0.0, ""radius_yards"": null, ""trigger_spell"": 0, ""type"": 6}",,,2132,,0.05,"{""SpellClassSet"": 3, ""Name_Lang_Mask"": 16712190, ""NameSubtext_Lang_Mask"": 16712190, ""NameSubtext_Lang_enUS"": """", ""Description_Lang_Mask"": 16712190, ""Description_Lang_enUS"": ""Frost damage over time, pierced into the target's core."", ""EquippedItemClass"": -1, ""ProcChance"": 101, ""SpellPriority"": 50, ""SpellLevel"": 1}","Frost Mage rework (docs/frost-mage-redesign.md sec 4 Row 5, Frozen Core capstone). Triggered only (spell_mage_frozen_core, spell_mage.cpp) on an Ice Lance critical strike against a frozen target. 80 base damage/tick (EffectBasePoints stored 79) + 0.05 SP coeff/tick (spell_bonus_data dot_bonus), 4 ticks over 8 sec -- modest, first-pass tuning value like this session's other new proc-only spells. 'Does not stack, refreshes on reapplication' is free from native single-target same-spell-ID reapplication, no extra data needed. Playtest bugfix (2026-08-27, user call): range_yards was left blank, which reuse.py's range_index() defaults to RangeIndex 0 (self-only/no-range sentinel) - same root cause as the Shattering Cold bug found the same session. Since this is cast at the enemy target (not self), that silently blocked the DoT from ever landing. Set to 40 to match the other enemy-targeted triggered spells in this file (Glacial Spike, Shattering Cold, Flurry, Icy Bite/Shatter). Playtest bugfix #2 (2026-08-28, user call, ""DoT lands on the caster, not the target""): effect1's implicit_target_a was 1 (TARGET_UNIT_CASTER/self) - wrong for an effect meant to land on the enemy target that caster->CastSpell(target, ...) in spell_mage_frozen_core (spell_mage.cpp) explicitly passes in; a self-implicit-target effect ignores the explicit CastSpell target and always resolves to the caster regardless. Set to 6 (TARGET_UNIT_TARGET_ENEMY) to match every other enemy-targeted triggered spell in this file."
200020,Improved Cone of Cold,16,0,0,0,0,0,0,0,0,0,,,,15000,"{""amplitude"": 0, ""apply_aura"": 108, ""base_points"": -51, ""chain_targets"": 0, ""die_sides"": 1, ""implicit_target_a"": 1, ""implicit_target_b"": 0, ""mechanic"": 0, ""misc_value"": 19, ""points_per_level"": 0.0, ""radius_yards"": null, ""trigger_spell"": 0, ""type"": 6}",,,35,,,"{""SpellClassSet"": 3, ""Name_Lang_Mask"": 16712190, ""NameSubtext_Lang_Mask"": 16712190, ""NameSubtext_Lang_enUS"": """", ""Description_Lang_Mask"": 16712190, ""Description_Lang_enUS"": ""Your Blizzard channels twice as fast."", ""EquippedItemClass"": -1, ""ProcChance"": 101, ""SpellPriority"": 50, ""SpellLevel"": 1, ""EffectSpellClassMaskA_1"": 524416, ""ProcCharges"": 1}","Frost Mage rework (docs/frost-mage-redesign.md sec 4 Row 6, Improved Cone of Cold capstone). Triggered only (native PROC_TRIGGER_SPELL on 12490, rank 3), granted after landing Cone of Cold. ProcCharges=1 so the native SpellMod charge system consumes it on the very next Blizzard cast (Player::ApplySpellMod) with no script needed; the 15-sec duration is just a safety window in case Blizzard is never cast, not a real balance number -- redesign text doesn't specify one, flagged for playtest."
200021,Shattered Barrier,16,0,0,0,0,0,0,0,0,0,,,10.0,4000,"{""amplitude"": 0, ""apply_aura"": 33, ""base_points"": -71, ""chain_targets"": 0, ""die_sides"": 1, ""implicit_target_a"": 6, ""implicit_target_b"": 0, ""mechanic"": 11, ""misc_value"": 0, ""points_per_level"": 0.0, ""radius_yards"": 10.0, ""trigger_spell"": 0, ""type"": 6}",,,2945,,,"{""SpellClassSet"": 3, ""Name_Lang_Mask"": 16712190, ""NameSubtext_Lang_Mask"": 16712190, ""NameSubtext_Lang_enUS"": """", ""Description_Lang_Mask"": 16712190, ""Description_Lang_enUS"": ""Movement speed reduced."", ""EquippedItemClass"": -1, ""ProcChance"": 101, ""SpellPriority"": 50, ""SpellLevel"": 1}","Frost Mage rework (docs/frost-mage-redesign.md sec 4 Row 7, Shattered Barrier capstone). Triggered only (spell_mage_ice_barrier_aura::AfterEffectAbsorb, spell_mage.cpp), cast on the caster (TARGET_UNIT_SRC_AREA_ENEMY, implicit_target_a=6 -- same area-enemy shape as Frozen Orb Pulse/Icy Bite/Icy Shatter) when Ice Barrier's shield is destroyed by damage, not merely expiring. -70% movement speed for 4 sec, 10 yd radius, matches spec exactly."
200022,Shattered Barrier,16,0,0,0,0,0,0,0,0,0,,,,8000,"{""amplitude"": 0, ""apply_aura"": 65, ""base_points"": 7, ""chain_targets"": 0, ""die_sides"": 1, ""implicit_target_a"": 1, ""implicit_target_b"": 0, ""mechanic"": 0, ""misc_value"": 127, ""points_per_level"": 0.0, ""radius_yards"": null, ""trigger_spell"": 0, ""type"": 6}",,,2945,,,"{""SpellClassSet"": 3, ""Name_Lang_Mask"": 16712190, ""NameSubtext_Lang_Mask"": 16712190, ""NameSubtext_Lang_enUS"": """", ""Description_Lang_Mask"": 16712190, ""Description_Lang_enUS"": ""Increases spell casting speed by 8%."", ""EquippedItemClass"": -1, ""ProcChance"": 101, ""SpellPriority"": 50, ""SpellLevel"": 1}","Frost Mage rework (docs/frost-mage-redesign.md sec 4 Row 7, Shattered Barrier capstone). Companion to 200021, same trigger. 8% for 8 sec -- reuses Icy Veins' own aura type (SPELL_AURA_MOD_CASTING_SPEED_NOT_STACK) for consistency ('haste' read as spell cast speed for a Mage, same as this project's other haste-flavored effects)."
200023,Empowering Frostbolt,16,0,0,0,0,0,0,0,0,0,,,,8000,"{""amplitude"": 0, ""apply_aura"": 108, ""base_points"": 6, ""chain_targets"": 0, ""die_sides"": 1, ""implicit_target_a"": 1, ""implicit_target_b"": 0, ""mechanic"": 0, ""misc_value"": 15, ""points_per_level"": 0.0, ""radius_yards"": null, ""trigger_spell"": 0, ""type"": 6}","{""amplitude"": 0, ""apply_aura"": 79, ""base_points"": 2, ""chain_targets"": 0, ""die_sides"": 1, ""implicit_target_a"": 1, ""implicit_target_b"": 0, ""mechanic"": 0, ""misc_value"": 16, ""points_per_level"": 0.0, ""radius_yards"": null, ""trigger_spell"": 0, ""type"": 6}",,188,,,"{""SpellClassSet"": 3, ""Name_Lang_Mask"": 16712190, ""NameSubtext_Lang_Mask"": 16712190, ""NameSubtext_Lang_enUS"": """", ""Description_Lang_Mask"": 16712190, ""Description_Lang_enUS"": ""Increases critical strike damage bonus and Frost damage dealt."", ""EquippedItemClass"": -1, ""ProcChance"": 101, ""SpellPriority"": 50, ""SpellLevel"": 1}","Frost Mage rework (docs/frost-mage-redesign.md sec 4 Row 8, Empowering Frostbolt). Triggered only (native PROC_TRIGGER_SPELL on 31682), granted after casting Frostbolt. effect1: ADD_PCT_MODIFIER/SPELLMOD_CRIT_DAMAGE_BONUS, empty classmask ('of your spells', same convention as Ice Shards/Winter's Chill's own broad crit-related effects). effect2: MOD_DAMAGE_PERCENT_DONE, Frost school mask. 8 sec, matches spec exactly."
200024,Empowering Frostbolt,16,0,0,0,0,0,0,0,0,0,,,,8000,"{""amplitude"": 0, ""apply_aura"": 108, ""base_points"": 13, ""chain_targets"": 0, ""die_sides"": 1, ""implicit_target_a"": 1, ""implicit_target_b"": 0, ""mechanic"": 0, ""misc_value"": 15, ""points_per_level"": 0.0, ""radius_yards"": null, ""trigger_spell"": 0, ""type"": 6}","{""amplitude"": 0, ""apply_aura"": 79, ""base_points"": 4, ""chain_targets"": 0, ""die_sides"": 1, ""implicit_target_a"": 1, ""implicit_target_b"": 0, ""mechanic"": 0, ""misc_value"": 16, ""points_per_level"": 0.0, ""radius_yards"": null, ""trigger_spell"": 0, ""type"": 6}",,188,,,"{""SpellClassSet"": 3, ""Name_Lang_Mask"": 16712190, ""NameSubtext_Lang_Mask"": 16712190, ""NameSubtext_Lang_enUS"": """", ""Description_Lang_Mask"": 16712190, ""Description_Lang_enUS"": ""Increases critical strike damage bonus and Frost damage dealt."", ""EquippedItemClass"": -1, ""ProcChance"": 101, ""SpellPriority"": 50, ""SpellLevel"": 1}","Frost Mage rework (docs/frost-mage-redesign.md sec 4 Row 8, Empowering Frostbolt). Triggered only (native PROC_TRIGGER_SPELL on 31683), granted after casting Frostbolt. effect1: ADD_PCT_MODIFIER/SPELLMOD_CRIT_DAMAGE_BONUS, empty classmask ('of your spells', same convention as Ice Shards/Winter's Chill's own broad crit-related effects). effect2: MOD_DAMAGE_PERCENT_DONE, Frost school mask. 8 sec, matches spec exactly."
