id,name,school,dispel,mechanic,attributes,category,cast_time_ms,cooldown_ms,category_cooldown_ms,power_type,mana_cost,mana_cost_pct,range_yards,radius_yards,duration_ms,effect1,effect2,effect3,spell_icon_id,spell_weight,coeff_weight,raw_overrides,notes
17,Power Word: Shield,2,1,19,329728,56,0,0,4000,0,0,23,40.0,,30000,"{""amplitude"": 0, ""apply_aura"": 69, ""base_points"": 43, ""chain_targets"": 0, ""die_sides"": 1, ""implicit_target_a"": 21, ""implicit_target_b"": 0, ""mechanic"": 0, ""misc_value"": 127, ""points_per_level"": 16.6296, ""radius_yards"": null, ""trigger_spell"": 0, ""type"": 6}",,,566,,,"{""AttributesEx2"": 2621440, ""AuraDescription_Lang_Mask"": 16712190, ""AuraDescription_Lang_enUS"": ""Absorbs damage."", ""BaseLevel"": 6, ""CastingTimeIndex"": 1, ""DefenseType"": 1, ""Description_Lang_Mask"": 16712190, ""Description_Lang_enUS"": ""Draws on the soul of the friendly target to shield them, absorbing $s1 damage.  Lasts $d.  While the shield holds, spellcasting will not be interrupted by damage.  Once shielded, the target cannot be shielded again for $6788d."", ""EffectBonusMultiplier_2"": 1.0, ""EffectChainAmplitude_1"": 1.0, ""EffectChainAmplitude_2"": 1.0, ""EffectChainAmplitude_3"": 1.0, ""EquippedItemClass"": -1, ""ExcludeTargetAuraSpell"": 6788, ""InterruptFlags"": 8, ""MaxLevel"": 80, ""NameSubtext_Lang_Mask"": 16712190, ""NameSubtext_Lang_enUS"": """", ""Name_Lang_Mask"": 16712190, ""PreventionType"": 1, ""ProcChance"": 101, ""ShapeshiftMask"": 134217728, ""SpellClassMask_1"": 1, ""SpellClassMask_3"": 1024, ""SpellClassSet"": 6, ""SpellLevel"": 6, ""SpellPriority"": 50, ""SpellVisualID_1"": 784, ""StartRecoveryCategory"": 133, ""StartRecoveryTime"": 1500}","single-rank bootstrap: BasePoints/BaseLevel/SpellLevel kept from rank 1 (learn level 6); RealPointsPerLevel from rank1→level-60 slope (anchor rank 10901, rank 10); coefficient/cast_time_ms/mana_cost_pct from max rank (48066, rank 14); MaxLevel set to 80"
139,Renew,2,1,0,65536,0,0,0,0,0,0,17,40.0,,15000,"{""amplitude"": 3000, ""apply_aura"": 8, ""base_points"": 8, ""chain_targets"": 0, ""die_sides"": 1, ""implicit_target_a"": 21, ""implicit_target_b"": 0, ""mechanic"": 0, ""misc_value"": 0, ""points_per_level"": 3.5577, ""radius_yards"": null, ""trigger_spell"": 0, ""type"": 6}",,,321,,,"{""AttributesEx2"": 524288, ""AttributesEx3"": 128, ""AttributesEx6"": 67108864, ""AuraDescription_Lang_Mask"": 16712190, ""AuraDescription_Lang_enUS"": ""Healing $s1 damage every $t1 seconds."", ""BaseLevel"": 8, ""CastingTimeIndex"": 1, ""DefenseType"": 1, ""Description_Lang_Mask"": 16712190, ""Description_Lang_enUS"": ""Heals the target for $<total> over $d."", ""EffectBasePoints_2"": -1, ""EffectBonusMultiplier_1"": 0.37599998712539673, ""EffectChainAmplitude_1"": 1.0, ""EffectChainAmplitude_2"": 1.0, ""EffectChainAmplitude_3"": 1.0, ""EffectDieSides_2"": 1, ""EquippedItemClass"": -1, ""InterruptFlags"": 8, ""MaxLevel"": 80, ""NameSubtext_Lang_Mask"": 16712190, ""NameSubtext_Lang_enUS"": """", ""Name_Lang_Mask"": 16712190, ""PreventionType"": 1, ""ProcChance"": 101, ""ShapeshiftExclude"": 134217728, ""ShapeshiftMask"": 2147483648, ""SpellClassMask_1"": 64, ""SpellClassMask_3"": 1024, ""SpellClassSet"": 6, ""SpellDescriptionVariableID"": 30, ""SpellLevel"": 8, ""SpellPriority"": 50, ""SpellVisualID_1"": 280, ""StartRecoveryCategory"": 133, ""StartRecoveryTime"": 1500}","single-rank bootstrap: BasePoints/BaseLevel/SpellLevel kept from rank 1 (learn level 8); RealPointsPerLevel from rank1→level-60 slope (anchor rank 25315, rank 10); coefficient/cast_time_ms/mana_cost_pct from max rank (48068, rank 14); MaxLevel set to 80"
453,Mind Soothe,32,0,0,65536,0,0,0,0,0,0,6,40.0,,15000,"{""amplitude"": 0, ""apply_aura"": 91, ""base_points"": -11, ""chain_targets"": 0, ""die_sides"": 1, ""implicit_target_a"": 6, ""implicit_target_b"": 0, ""mechanic"": 0, ""misc_value"": 0, ""points_per_level"": 0.0, ""radius_yards"": null, ""trigger_spell"": 0, ""type"": 6}",,,1487,,,"{""AttributesEx"": 2228224, ""AttributesEx2"": 524288, ""AttributesEx3"": 196608, ""AuraDescription_Lang_Mask"": 16712190, ""AuraDescription_Lang_enUS"": ""Reduced distance at which target will attack."", ""BaseLevel"": 20, ""CastingTimeIndex"": 1, ""DefenseType"": 1, ""Description_Lang_Mask"": 16712190, ""Description_Lang_enUS"": ""Soothes the target, reducing the range at which it will attack you by $s1 yards.  Only affects Humanoid targets.  Lasts $d."", ""EffectChainAmplitude_1"": 1.0, ""EffectChainAmplitude_2"": 1.0, ""EffectChainAmplitude_3"": 1.0, ""EquippedItemClass"": -1, ""InterruptFlags"": 8, ""NameSubtext_Lang_Mask"": 16712190, ""Name_Lang_Mask"": 16712190, ""PreventionType"": 1, ""ProcChance"": 101, ""ShapeshiftMask"": 134217728, ""SpellClassMask_2"": 64, ""SpellClassSet"": 6, ""SpellLevel"": 20, ""SpellVisualID_1"": 6440, ""StartRecoveryCategory"": 133, ""StartRecoveryTime"": 1500, ""TargetCreatureType"": 64}",pulled from existing data
527,Dispel Magic,2,1,0,65536,0,0,0,0,0,0,14,30.0,,,"{""amplitude"": 0, ""apply_aura"": 0, ""base_points"": 0, ""chain_targets"": 0, ""die_sides"": 1, ""implicit_target_a"": 25, ""implicit_target_b"": 0, ""mechanic"": 0, ""misc_value"": 1, ""points_per_level"": 0.0238, ""radius_yards"": null, ""trigger_spell"": 0, ""type"": 38}",,,74,,,"{""AttributesEx2"": 524288, ""AttributesEx6"": 8388608, ""AuraDescription_Lang_Mask"": 16712188, ""BaseLevel"": 18, ""CastingTimeIndex"": 1, ""DefenseType"": 1, ""Description_Lang_Mask"": 16712190, ""Description_Lang_enUS"": ""Dispels magic on the target, removing $s1 harmful $lspell:spells; from a friend or $s1 beneficial $lspell:spells; from an enemy."", ""EffectChainAmplitude_1"": 1.0, ""EffectChainAmplitude_2"": 1.0, ""EffectChainAmplitude_3"": 1.0, ""EquippedItemClass"": -1, ""InterruptFlags"": 8, ""MaxLevel"": 80, ""NameSubtext_Lang_Mask"": 16712190, ""NameSubtext_Lang_enUS"": """", ""Name_Lang_Mask"": 16712190, ""PreventionType"": 1, ""ProcChance"": 101, ""RangeIndex"": 160, ""ShapeshiftMask"": 134217728, ""SpellClassMask_2"": 1, ""SpellClassSet"": 6, ""SpellLevel"": 18, ""SpellVisualID_1"": 86, ""StartRecoveryCategory"": 133, ""StartRecoveryTime"": 1500}","single-rank bootstrap: BasePoints/BaseLevel/SpellLevel kept from rank 1 (learn level 18); RealPointsPerLevel from rank1→level-60 slope (anchor rank 988, rank 2); coefficient/cast_time_ms/mana_cost_pct from max rank (988, rank 2); MaxLevel set to 80"
528,Cure Disease,2,1,0,327680,0,0,0,0,0,0,12,40.0,,,"{""amplitude"": 0, ""apply_aura"": 0, ""base_points"": 0, ""chain_targets"": 0, ""die_sides"": 1, ""implicit_target_a"": 21, ""implicit_target_b"": 0, ""mechanic"": 0, ""misc_value"": 3, ""points_per_level"": 0.0, ""radius_yards"": null, ""trigger_spell"": 0, ""type"": 38}",,,330,,,"{""AuraDescription_Lang_Mask"": 16712188, ""BaseLevel"": 14, ""CastingTimeIndex"": 1, ""DefenseType"": 1, ""Description_Lang_Mask"": 16712190, ""Description_Lang_enUS"": ""Removes $s1 $ldisease:diseases; from the friendly target."", ""EffectChainAmplitude_1"": 1.0, ""EffectChainAmplitude_2"": 1.0, ""EffectChainAmplitude_3"": 1.0, ""EquippedItemClass"": -1, ""InterruptFlags"": 8, ""NameSubtext_Lang_Mask"": 16712188, ""Name_Lang_Mask"": 16712190, ""PreventionType"": 1, ""ProcChance"": 101, ""SpellClassMask_2"": 1, ""SpellClassMask_3"": 1024, ""SpellClassSet"": 6, ""SpellLevel"": 14, ""SpellVisualID_1"": 377, ""StartRecoveryCategory"": 133, ""StartRecoveryTime"": 1500}",pulled from existing data
552,Abolish Disease,2,1,0,329728,0,0,0,0,0,0,12,40.0,,12000,"{""amplitude"": 3000, ""apply_aura"": 23, ""base_points"": -1, ""chain_targets"": 0, ""die_sides"": 1, ""implicit_target_a"": 21, ""implicit_target_b"": 0, ""mechanic"": 0, ""misc_value"": 0, ""points_per_level"": 0.0, ""radius_yards"": null, ""trigger_spell"": 10872, ""type"": 6}","{""amplitude"": 0, ""apply_aura"": 0, ""base_points"": 0, ""chain_targets"": 0, ""die_sides"": 1, ""implicit_target_a"": 21, ""implicit_target_b"": 0, ""mechanic"": 0, ""misc_value"": 3, ""points_per_level"": 0.0, ""radius_yards"": null, ""trigger_spell"": 0, ""type"": 38}",,264,,,"{""AttributesEx"": 32768, ""AttributesEx6"": 67108864, ""AuraDescription_Lang_Mask"": 16712190, ""AuraDescription_Lang_enUS"": ""Attempts to dispel $10872s1 disease every $t1 seconds."", ""BaseLevel"": 32, ""CastingTimeIndex"": 1, ""DefenseType"": 1, ""Description_Lang_Mask"": 16712190, ""Description_Lang_enUS"": ""Attempts to cure $s2 disease effect on the target, and $10872s1 more disease effect every $t1 seconds for $d."", ""EffectChainAmplitude_1"": 1.0, ""EffectChainAmplitude_2"": 1.0, ""EffectChainAmplitude_3"": 1.0, ""EquippedItemClass"": -1, ""InterruptFlags"": 8, ""NameSubtext_Lang_Mask"": 16712188, ""Name_Lang_Mask"": 16712190, ""PreventionType"": 1, ""ProcChance"": 101, ""SpellClassMask_2"": 1, ""SpellClassMask_3"": 1024, ""SpellClassSet"": 6, ""SpellLevel"": 32, ""SpellVisualID_1"": 377, ""StartRecoveryCategory"": 133, ""StartRecoveryTime"": 1500}",pulled from existing data
585,Smite,2,0,0,65536,0,2500,0,0,0,0,15,30.0,,,"{""amplitude"": 0, ""apply_aura"": 0, ""base_points"": 12, ""chain_targets"": 0, ""die_sides"": 5, ""implicit_target_a"": 6, ""implicit_target_b"": 0, ""mechanic"": 0, ""misc_value"": 0, ""points_per_level"": 8.7561, ""radius_yards"": null, ""trigger_spell"": 0, ""type"": 2}",,,237,,,"{""AuraDescription_Lang_Mask"": 16712188, ""BaseLevel"": 1, ""CastingTimeIndex"": 16, ""DefenseType"": 1, ""Description_Lang_Mask"": 16712190, ""Description_Lang_enUS"": ""Smite an enemy for $s1 Holy damage."", ""EffectBonusMultiplier_1"": 0.7139999866485596, ""EffectChainAmplitude_1"": 1.0, ""EffectChainAmplitude_2"": 1.0, ""EffectChainAmplitude_3"": 1.0, ""EquippedItemClass"": -1, ""FacingCasterFlags"": 1, ""InterruptFlags"": 15, ""MaxLevel"": 80, ""NameSubtext_Lang_Mask"": 16712190, ""NameSubtext_Lang_enUS"": """", ""Name_Lang_Mask"": 16712190, ""PreventionType"": 1, ""ProcChance"": 101, ""ShapeshiftExclude"": 134217728, ""SpellClassMask_1"": 128, ""SpellClassSet"": 6, ""SpellLevel"": 1, ""SpellVisualID_1"": 128, ""StartRecoveryCategory"": 133, ""StartRecoveryTime"": 1500}","single-rank bootstrap: BasePoints/BaseLevel/SpellLevel kept from rank 1 (learn level 1); RealPointsPerLevel from rank1→top rank's own top level (83, chain has a gap at 60) slope (anchor rank 48123, rank 12); coefficient/cast_time_ms/mana_cost_pct from max rank (48123, rank 12); MaxLevel set to 80"
586,Fade,32,0,0,327680,82,0,0,30000,0,0,15,0.0,,10000,"{""amplitude"": 0, ""apply_aura"": 103, ""base_points"": -90000001, ""chain_targets"": 0, ""die_sides"": 1, ""implicit_target_a"": 1, ""implicit_target_b"": 0, ""mechanic"": 0, ""misc_value"": 0, ""points_per_level"": 0.0, ""radius_yards"": null, ""trigger_spell"": 0, ""type"": 6}",,,331,,,"{""AttributesEx"": 1024, ""AttributesEx2"": 524288, ""AuraDescription_Lang_Mask"": 16712190, ""AuraDescription_Lang_enUS"": ""Reduced threat level."", ""BaseLevel"": 8, ""CastingTimeIndex"": 1, ""DefenseType"": 1, ""Description_Lang_Mask"": 16712190, ""Description_Lang_enUS"": ""Fade out, temporarily reducing all your threat for $d."", ""EffectChainAmplitude_1"": 1.0, ""EffectChainAmplitude_2"": 1.0, ""EffectChainAmplitude_3"": 1.0, ""EquippedItemClass"": -1, ""InterruptFlags"": 8, ""NameSubtext_Lang_Mask"": 16712190, ""Name_Lang_Mask"": 16712190, ""PreventionType"": 1, ""ProcChance"": 101, ""RangeIndex"": 1, ""ShapeshiftMask"": 134217728, ""SpellClassMask_1"": 16384, ""SpellClassMask_2"": 4096, ""SpellClassMask_3"": 1024, ""SpellClassSet"": 6, ""SpellLevel"": 8, ""SpellVisualID_1"": 72, ""StartRecoveryCategory"": 133, ""StartRecoveryTime"": 1500}",pulled from existing data
588,Inner Fire,2,0,0,65536,0,0,0,0,0,0,14,0.0,,1800000,"{""amplitude"": 0, ""apply_aura"": 22, ""base_points"": 314, ""chain_targets"": 0, ""die_sides"": 1, ""implicit_target_a"": 1, ""implicit_target_b"": 0, ""mechanic"": 0, ""misc_value"": 1, ""points_per_level"": 22.5, ""radius_yards"": null, ""trigger_spell"": 0, ""type"": 6}",,,51,,,"{""AttributesEx2"": 524288, ""AttributesEx4"": 524288, ""AuraDescription_Lang_Mask"": 16712190, ""AuraDescription_Lang_enUS"": ""Increases armor by $s1."", ""BaseLevel"": 12, ""CastingTimeIndex"": 1, ""DefenseType"": 1, ""Description_Lang_Mask"": 16712190, ""Description_Lang_enUS"": ""A burst of Holy energy fills the caster, increasing armor by $s1.  Each melee or ranged damage hit against the priest will remove one charge.  Lasts $d or until $n charges are used."", ""EffectChainAmplitude_1"": 1.0, ""EffectChainAmplitude_2"": 1.0, ""EffectChainAmplitude_3"": 1.0, ""EquippedItemClass"": -1, ""InterruptFlags"": 8, ""MaxLevel"": 80, ""NameSubtext_Lang_Mask"": 16712190, ""NameSubtext_Lang_enUS"": """", ""Name_Lang_Mask"": 16712190, ""PreventionType"": 1, ""ProcChance"": 100, ""ProcCharges"": 20, ""ProcTypeMask"": 680, ""RangeIndex"": 1, ""ShapeshiftMask"": 134217728, ""SpellClassMask_1"": 2, ""SpellClassMask_3"": 1024, ""SpellClassSet"": 6, ""SpellLevel"": 12, ""SpellVisualID_1"": 211, ""StartRecoveryCategory"": 133, ""StartRecoveryTime"": 1500}","single-rank bootstrap: BasePoints/BaseLevel/SpellLevel kept from rank 1 (learn level 12); RealPointsPerLevel from rank1→level-60 slope (anchor rank 10952, rank 6); coefficient/cast_time_ms/mana_cost_pct from max rank (48168, rank 9); MaxLevel set to 80"
589,Shadow Word: Pain,32,1,0,327680,0,0,0,0,0,0,22,30.0,,18000,"{""amplitude"": 3000, ""apply_aura"": 3, ""base_points"": 4, ""chain_targets"": 0, ""die_sides"": 1, ""implicit_target_a"": 6, ""implicit_target_b"": 0, ""mechanic"": 0, ""misc_value"": 0, ""points_per_level"": 2.1964, ""radius_yards"": null, ""trigger_spell"": 0, ""type"": 6}",,,234,,,"{""AttributesEx2"": 524288, ""AttributesEx4"": 1048576, ""AttributesEx6"": 8388608, ""AuraDescription_Lang_Mask"": 16712190, ""AuraDescription_Lang_enUS"": ""$s1 Shadow damage every $t1 seconds."", ""BaseLevel"": 4, ""CastingTimeIndex"": 1, ""DefenseType"": 1, ""Description_Lang_Mask"": 16712190, ""Description_Lang_enUS"": ""A word of darkness that causes $o1 Shadow damage over $d."", ""EffectBasePoints_2"": -1, ""EffectBasePoints_3"": -1, ""EffectChainAmplitude_1"": 1.0, ""EffectChainAmplitude_2"": 1.0, ""EffectChainAmplitude_3"": 1.0, ""EffectDieSides_2"": 1, ""EffectDieSides_3"": 1, ""EquippedItemClass"": -1, ""InterruptFlags"": 8, ""MaxLevel"": 80, ""NameSubtext_Lang_Mask"": 16712190, ""NameSubtext_Lang_enUS"": """", ""Name_Lang_Mask"": 16712190, ""PreventionType"": 1, ""ProcChance"": 100, ""ShapeshiftMask"": 134217728, ""SpellClassMask_1"": 32768, ""SpellClassMask_3"": 1024, ""SpellClassSet"": 6, ""SpellLevel"": 4, ""SpellVisualID_1"": 71, ""StartRecoveryCategory"": 133, ""StartRecoveryTime"": 1500}","single-rank bootstrap: BasePoints/BaseLevel/SpellLevel kept from rank 1 (learn level 4); RealPointsPerLevel from rank1→level-60 slope (anchor rank 10894, rank 8); coefficient/cast_time_ms/mana_cost_pct from max rank (48125, rank 12); MaxLevel set to 80"
596,Prayer of Healing,2,0,0,65536,0,3000,0,0,0,0,48,40.0,,,"{""amplitude"": 0, ""apply_aura"": 0, ""base_points"": 300, ""chain_targets"": 0, ""die_sides"": 21, ""implicit_target_a"": 21, ""implicit_target_b"": 37, ""mechanic"": 0, ""misc_value"": 0, ""points_per_level"": 23.2, ""radius_yards"": 30.0, ""trigger_spell"": 0, ""type"": 10}",,,540,,,"{""AttributesEx2"": 524288, ""AuraDescription_Lang_Mask"": 16712188, ""BaseLevel"": 30, ""CastingTimeIndex"": 14, ""DefenseType"": 1, ""Description_Lang_Mask"": 16712190, ""Description_Lang_enUS"": ""A powerful prayer heals the friendly target's party members within $a1 yards for $s1."", ""EffectBonusMultiplier_1"": 0.5260000228881836, ""EffectChainAmplitude_1"": 1.0, ""EffectChainAmplitude_2"": 1.0, ""EffectChainAmplitude_3"": 1.0, ""EquippedItemClass"": -1, ""InterruptFlags"": 15, ""MaxLevel"": 80, ""NameSubtext_Lang_Mask"": 16712190, ""NameSubtext_Lang_enUS"": """", ""Name_Lang_Mask"": 16712190, ""PreventionType"": 1, ""ProcChance"": 101, ""ShapeshiftExclude"": 134217728, ""ShapeshiftMask"": 2147483648, ""SpellClassMask_1"": 512, ""SpellClassSet"": 6, ""SpellLevel"": 30, ""SpellVisualID_1"": 194, ""StartRecoveryCategory"": 133, ""StartRecoveryTime"": 1500}","single-rank bootstrap: BasePoints/BaseLevel/SpellLevel kept from rank 1 (learn level 30); RealPointsPerLevel from rank1→level-60 slope (anchor rank 25316, rank 5); coefficient/cast_time_ms/mana_cost_pct from max rank (48072, rank 7); MaxLevel set to 80"
600,Power Word: Shield,2,1,19,327680,56,0,0,4000,0,0,23,40.0,,30000,"{""amplitude"": 0, ""apply_aura"": 69, ""base_points"": 157, ""chain_targets"": 0, ""die_sides"": 1, ""implicit_target_a"": 21, ""implicit_target_b"": 0, ""mechanic"": 0, ""misc_value"": 127, ""points_per_level"": 1.600000023841858, ""radius_yards"": null, ""trigger_spell"": 0, ""type"": 6}",,,566,,,"{""AttributesEx2"": 2621440, ""AuraDescription_Lang_Mask"": 16712190, ""AuraDescription_Lang_enUS"": ""Absorbs damage."", ""BaseLevel"": 18, ""CastingTimeIndex"": 1, ""DefenseType"": 1, ""Description_Lang_Mask"": 16712190, ""Description_Lang_enUS"": ""Draws on the soul of the friendly target to shield them, absorbing $s1 damage.  Lasts $d.  While the shield holds, spellcasting will not be interrupted by damage.  Once shielded, the target cannot be shielded again for $6788d."", ""EffectBonusMultiplier_2"": 1.0, ""EffectChainAmplitude_1"": 1.0, ""EffectChainAmplitude_2"": 1.0, ""EffectChainAmplitude_3"": 1.0, ""EquippedItemClass"": -1, ""ExcludeTargetAuraSpell"": 6788, ""InterruptFlags"": 8, ""MaxLevel"": 23, ""NameSubtext_Lang_Mask"": 16712190, ""NameSubtext_Lang_enUS"": ""Rank 3"", ""Name_Lang_Mask"": 16712190, ""PreventionType"": 1, ""ProcChance"": 101, ""ShapeshiftMask"": 134217728, ""SpellClassMask_1"": 1, ""SpellClassMask_3"": 1024, ""SpellClassSet"": 6, ""SpellLevel"": 18, ""SpellPriority"": 50, ""SpellVisualID_1"": 784, ""StartRecoveryCategory"": 133, ""StartRecoveryTime"": 1500}","superseded rank kept in priest.csv: still referenced by item_template 3122 (Codex of Holy Word: Shield III) spellid_2, not creature-only"
605,Mind Control,32,1,1,1075118080,0,3000,0,0,0,0,12,20.0,,60000,"{""amplitude"": 0, ""apply_aura"": 2, ""base_points"": 31, ""chain_targets"": 0, ""die_sides"": 1, ""implicit_target_a"": 6, ""implicit_target_b"": 0, ""mechanic"": 0, ""misc_value"": 0, ""points_per_level"": 1.0, ""radius_yards"": 100.0, ""trigger_spell"": 0, ""type"": 6}","{""amplitude"": 0, ""apply_aura"": 4, ""base_points"": 0, ""chain_targets"": 0, ""die_sides"": 0, ""implicit_target_a"": 1, ""implicit_target_b"": 0, ""mechanic"": 0, ""misc_value"": 0, ""points_per_level"": 0.0, ""radius_yards"": null, ""trigger_spell"": 0, ""type"": 6}","{""amplitude"": 0, ""apply_aura"": 138, ""base_points"": -26, ""chain_targets"": 0, ""die_sides"": 1, ""implicit_target_a"": 6, ""implicit_target_b"": 0, ""mechanic"": 8, ""misc_value"": 0, ""points_per_level"": 0.0, ""radius_yards"": null, ""trigger_spell"": 0, ""type"": 6}",235,,,"{""AttributesEx"": 67248133, ""AttributesEx2"": 524352, ""AttributesEx4"": 536872960, ""AttributesEx6"": 8388608, ""AuraDescription_Lang_Mask"": 16712190, ""AuraDescription_Lang_enUS"": ""Charmed.  Time between attacks increased by $s3%."", ""BaseLevel"": 30, ""CastingTimeIndex"": 14, ""ChannelInterruptFlags"": 27692, ""DefenseType"": 1, ""Description_Lang_Mask"": 16712190, ""Description_Lang_enUS"": ""Controls a humanoid mind up to level $s1, but increases the time between its attacks by $s3%.  Lasts up to $d."", ""EffectChainAmplitude_1"": 1.0, ""EffectChainAmplitude_2"": 1.0, ""EffectChainAmplitude_3"": 1.0, ""EquippedItemClass"": -1, ""InterruptFlags"": 15, ""NameSubtext_Lang_Mask"": 16712190, ""Name_Lang_Mask"": 16712190, ""PreventionType"": 1, ""ProcChance"": 101, ""ShapeshiftMask"": 134217728, ""SpellClassMask_1"": 131072, ""SpellClassSet"": 6, ""SpellLevel"": 30, ""SpellVisualID_1"": 137, ""StartRecoveryCategory"": 133, ""StartRecoveryTime"": 1500, ""TargetCreatureType"": 64}",pulled from existing data
976,Shadow Protection,32,1,0,65536,0,0,0,0,0,0,31,30.0,,600000,"{""amplitude"": 0, ""apply_aura"": 143, ""base_points"": 29, ""chain_targets"": 0, ""die_sides"": 1, ""implicit_target_a"": 21, ""implicit_target_b"": 0, ""mechanic"": 0, ""misc_value"": 32, ""points_per_level"": 1.0, ""radius_yards"": null, ""trigger_spell"": 0, ""type"": 6}",,,207,,,"{""AttributesEx2"": 524288, ""AttributesEx6"": 67108864, ""AttributesEx7"": 268435456, ""AuraDescription_Lang_Mask"": 16712190, ""AuraDescription_Lang_enUS"": ""Shadow resistance increased by $s1."", ""BaseLevel"": 30, ""CastingTimeIndex"": 1, ""DefenseType"": 1, ""Description_Lang_Mask"": 16712190, ""Description_Lang_enUS"": ""Increases the target's resistance to Shadow spells by $s1 for $d."", ""EffectChainAmplitude_1"": 1.0, ""EffectChainAmplitude_2"": 1.0, ""EffectChainAmplitude_3"": 1.0, ""EquippedItemClass"": -1, ""InterruptFlags"": 8, ""MaxLevel"": 80, ""NameSubtext_Lang_Mask"": 16712190, ""NameSubtext_Lang_enUS"": """", ""Name_Lang_Mask"": 16712190, ""PreventionType"": 1, ""ProcChance"": 101, ""ShapeshiftMask"": 134217728, ""SpellClassMask_1"": 256, ""SpellClassMask_3"": 1024, ""SpellClassSet"": 6, ""SpellLevel"": 30, ""SpellPriority"": 50, ""SpellVisualID_1"": 27, ""StartRecoveryCategory"": 133, ""StartRecoveryTime"": 1500}","single-rank bootstrap: BasePoints/BaseLevel/SpellLevel kept from rank 1 (learn level 30); RealPointsPerLevel from rank1→level-60 slope (anchor rank 10958, rank 3); coefficient/cast_time_ms/mana_cost_pct from max rank (48169, rank 5); MaxLevel set to 80"
1243,Power Word: Fortitude,2,1,0,65536,0,0,0,0,0,0,27,30.0,,1800000,"{""amplitude"": 0, ""apply_aura"": 29, ""base_points"": 2, ""chain_targets"": 0, ""die_sides"": 1, ""implicit_target_a"": 21, ""implicit_target_b"": 0, ""mechanic"": 0, ""misc_value"": 2, ""points_per_level"": 0.8644, ""radius_yards"": null, ""trigger_spell"": 0, ""type"": 6}",,,685,,,"{""AttributesEx"": 131072, ""AttributesEx2"": 524288, ""AttributesEx7"": 268435456, ""AuraDescription_Lang_Mask"": 16712190, ""AuraDescription_Lang_enUS"": ""Increases Stamina by $s1."", ""BaseLevel"": 1, ""CastingTimeIndex"": 1, ""DefenseType"": 1, ""Description_Lang_Mask"": 16712190, ""Description_Lang_enUS"": ""Power infuses the target, increasing their Stamina by $s1 for $d."", ""EffectChainAmplitude_1"": 1.0, ""EffectChainAmplitude_2"": 1.0, ""EffectChainAmplitude_3"": 1.0, ""EquippedItemClass"": -1, ""InterruptFlags"": 8, ""MaxLevel"": 80, ""NameSubtext_Lang_Mask"": 16712190, ""NameSubtext_Lang_enUS"": """", ""Name_Lang_Mask"": 16712190, ""PreventionType"": 1, ""ProcChance"": 101, ""ShapeshiftMask"": 134217728, ""SpellClassMask_1"": 8, ""SpellClassMask_3"": 1024, ""SpellClassSet"": 6, ""SpellLevel"": 1, ""SpellVisualID_1"": 278, ""StartRecoveryCategory"": 133, ""StartRecoveryTime"": 1500}","single-rank bootstrap: BasePoints/BaseLevel/SpellLevel kept from rank 1 (learn level 1); RealPointsPerLevel from rank1→level-60 slope (anchor rank 10938, rank 6); coefficient/cast_time_ms/mana_cost_pct from max rank (48161, rank 8); MaxLevel set to 80"
1706,Levitate,2,1,0,65536,0,0,0,0,0,0,3,30.0,,120000,"{""amplitude"": 0, ""apply_aura"": 105, ""base_points"": 0, ""chain_targets"": 0, ""die_sides"": 0, ""implicit_target_a"": 57, ""implicit_target_b"": 0, ""mechanic"": 0, ""misc_value"": 0, ""points_per_level"": 0.0, ""radius_yards"": null, ""trigger_spell"": 0, ""type"": 6}","{""amplitude"": 0, ""apply_aura"": 106, ""base_points"": 0, ""chain_targets"": 0, ""die_sides"": 0, ""implicit_target_a"": 57, ""implicit_target_b"": 0, ""mechanic"": 0, ""misc_value"": 0, ""points_per_level"": 0.0, ""radius_yards"": null, ""trigger_spell"": 0, ""type"": 6}","{""amplitude"": 0, ""apply_aura"": 104, ""base_points"": 0, ""chain_targets"": 0, ""die_sides"": 0, ""implicit_target_a"": 57, ""implicit_target_b"": 0, ""mechanic"": 0, ""misc_value"": 0, ""points_per_level"": 0.0, ""radius_yards"": null, ""trigger_spell"": 0, ""type"": 6}",79,,,"{""AttributesEx"": 131072, ""AttributesEx2"": 524288, ""AttributesEx6"": 67108864, ""AuraDescription_Lang_Mask"": 16712190, ""AuraDescription_Lang_enUS"": ""Levitating."", ""AuraInterruptFlags"": 131074, ""BaseLevel"": 34, ""CastingTimeIndex"": 1, ""DefenseType"": 1, ""Description_Lang_Mask"": 16712190, ""Description_Lang_enUS"": ""Allows the friendly party or raid target to levitate, floating a few feet above the ground.  While levitating, the target will fall at a reduced speed and travel over water.  Any damage will cancel the effect.  Lasts $d."", ""EffectChainAmplitude_1"": 1.0, ""EffectChainAmplitude_2"": 1.0, ""EffectChainAmplitude_3"": 1.0, ""EquippedItemClass"": -1, ""InterruptFlags"": 8, ""NameSubtext_Lang_Mask"": 16712188, ""Name_Lang_Mask"": 16712190, ""PreventionType"": 1, ""ProcChance"": 101, ""ReagentCount_1"": 1, ""Reagent_1"": 17056, ""ShapeshiftExclude"": 335544320, ""ShapeshiftMask"": 134217728, ""SpellClassMask_1"": 2147483648, ""SpellClassMask_2"": 4096, ""SpellClassMask_3"": 1025, ""SpellClassSet"": 6, ""SpellLevel"": 34, ""SpellVisualID_1"": 6768, ""StartRecoveryCategory"": 133, ""StartRecoveryTime"": 1500}",pulled from existing data
2006,Resurrection,2,0,0,268500992,0,10000,0,0,0,0,60,30.0,,,"{""amplitude"": 0, ""apply_aura"": 0, ""base_points"": 69, ""chain_targets"": 0, ""die_sides"": 1, ""implicit_target_a"": 0, ""implicit_target_b"": 0, ""mechanic"": 0, ""misc_value"": 135, ""points_per_level"": 13.6, ""radius_yards"": null, ""trigger_spell"": 0, ""type"": 113}",,,121,,,"{""AttributesEx"": 131072, ""AuraDescription_Lang_Mask"": 16712188, ""BaseLevel"": 10, ""CastingTimeIndex"": 7, ""DefenseType"": 1, ""Description_Lang_Mask"": 16712190, ""Description_Lang_enUS"": ""Brings a dead player back to life with $s1 health and $q1 mana.  Cannot be cast when in combat."", ""EffectBonusMultiplier_1"": 1.0, ""EffectChainAmplitude_1"": 1.0, ""EffectChainAmplitude_2"": 1.0, ""EffectChainAmplitude_3"": 1.0, ""EquippedItemClass"": -1, ""InterruptFlags"": 15, ""MaxLevel"": 80, ""NameSubtext_Lang_Mask"": 16712190, ""NameSubtext_Lang_enUS"": """", ""Name_Lang_Mask"": 16712190, ""PreventionType"": 1, ""ProcChance"": 101, ""ShapeshiftExclude"": 134217728, ""SpellClassMask_1"": 1073741824, ""SpellClassSet"": 6, ""SpellLevel"": 10, ""SpellPriority"": 50, ""SpellVisualID_1"": 41, ""StartRecoveryCategory"": 133, ""StartRecoveryTime"": 1500, ""Targets"": 32768}","single-rank bootstrap: BasePoints/BaseLevel/SpellLevel kept from rank 1 (learn level 10); RealPointsPerLevel from rank1→level-60 slope (anchor rank 20770, rank 5); coefficient/cast_time_ms/mana_cost_pct from max rank (48171, rank 7); MaxLevel set to 80"
2050,Lesser Heal,2,0,0,65536,0,2500,0,0,0,0,27,40.0,,,"{""amplitude"": 0, ""apply_aura"": 0, ""base_points"": 45, ""chain_targets"": 0, ""die_sides"": 11, ""implicit_target_a"": 21, ""implicit_target_b"": 0, ""mechanic"": 0, ""misc_value"": 0, ""points_per_level"": 6.9286, ""radius_yards"": null, ""trigger_spell"": 0, ""type"": 10}",,,682,,,"{""AttributesEx2"": 524288, ""AuraDescription_Lang_Mask"": 16712188, ""BaseLevel"": 1, ""CastingTimeIndex"": 16, ""DefenseType"": 1, ""Description_Lang_Mask"": 16712190, ""Description_Lang_enUS"": ""Heal your target for $s1."", ""EffectBonusMultiplier_1"": 0.8389999866485596, ""EffectChainAmplitude_1"": 1.0, ""EffectChainAmplitude_2"": 1.0, ""EffectChainAmplitude_3"": 1.0, ""EffectMultipleValue_1"": 1.0, ""EquippedItemClass"": -1, ""InterruptFlags"": 15, ""MaxLevel"": 80, ""NameSubtext_Lang_Mask"": 16712190, ""NameSubtext_Lang_enUS"": """", ""Name_Lang_Mask"": 16712190, ""PreventionType"": 1, ""ProcChance"": 101, ""ShapeshiftExclude"": 134217728, ""ShapeshiftMask"": 2147483648, ""SpellClassMask_1"": 262144, ""SpellClassSet"": 6, ""SpellLevel"": 1, ""SpellPriority"": 50, ""SpellVisualID_1"": 285, ""StartRecoveryCategory"": 133, ""StartRecoveryTime"": 1500}","single-rank bootstrap: BasePoints/BaseLevel/SpellLevel kept from rank 1 (learn level 1); RealPointsPerLevel from rank1→top rank's own top level (15, chain has a gap at 60) slope (anchor rank 2053, rank 3); coefficient/cast_time_ms/mana_cost_pct from max rank (2053, rank 3); MaxLevel set to 80"
2052,Lesser Heal,2,0,0,65536,0,2000,0,0,0,0,21,40.0,,,"{""amplitude"": 0, ""apply_aura"": 0, ""base_points"": 70, ""chain_targets"": 0, ""die_sides"": 15, ""implicit_target_a"": 21, ""implicit_target_b"": 0, ""mechanic"": 0, ""misc_value"": 0, ""points_per_level"": 1.100000023841858, ""radius_yards"": null, ""trigger_spell"": 0, ""type"": 10}",,,682,,,"{""AttributesEx2"": 524288, ""AuraDescription_Lang_Mask"": 16712188, ""BaseLevel"": 4, ""CastingTimeIndex"": 5, ""DefenseType"": 1, ""Description_Lang_Mask"": 16712190, ""Description_Lang_enUS"": ""Heal your target for $s1."", ""EffectBonusMultiplier_1"": 0.4309999942779541, ""EffectChainAmplitude_1"": 1.0, ""EffectChainAmplitude_2"": 1.0, ""EffectChainAmplitude_3"": 1.0, ""EffectMultipleValue_1"": 1.0, ""EquippedItemClass"": -1, ""InterruptFlags"": 15, ""MaxLevel"": 9, ""NameSubtext_Lang_Mask"": 16712190, ""NameSubtext_Lang_enUS"": ""Rank 2"", ""Name_Lang_Mask"": 16712190, ""PreventionType"": 1, ""ProcChance"": 101, ""ShapeshiftExclude"": 134217728, ""ShapeshiftMask"": 2147483648, ""SpellClassMask_1"": 262144, ""SpellClassSet"": 6, ""SpellLevel"": 4, ""SpellPriority"": 50, ""SpellVisualID_1"": 285, ""StartRecoveryCategory"": 133, ""StartRecoveryTime"": 1500}","superseded rank kept in priest.csv: still referenced by item_template 5205 (Sprouted Frond) spellid_1, not creature-only"
2054,Heal,2,0,0,65536,0,3000,0,0,0,0,32,40.0,,,"{""amplitude"": 0, ""apply_aura"": 0, ""base_points"": 294, ""chain_targets"": 0, ""die_sides"": 47, ""implicit_target_a"": 21, ""implicit_target_b"": 0, ""mechanic"": 0, ""misc_value"": 0, ""points_per_level"": 19.087, ""radius_yards"": null, ""trigger_spell"": 0, ""type"": 10}",,,104,,,"{""AttributesEx2"": 524288, ""AuraDescription_Lang_Mask"": 16712188, ""BaseLevel"": 16, ""CastingTimeIndex"": 14, ""DefenseType"": 1, ""Description_Lang_Mask"": 16712190, ""Description_Lang_enUS"": ""Heal your target for $s1."", ""EffectBonusMultiplier_1"": 1.6109999418258667, ""EffectChainAmplitude_1"": 1.0, ""EffectChainAmplitude_2"": 1.0, ""EffectChainAmplitude_3"": 1.0, ""EffectMultipleValue_1"": 1.0, ""EquippedItemClass"": -1, ""InterruptFlags"": 15, ""MaxLevel"": 80, ""NameSubtext_Lang_Mask"": 16712190, ""NameSubtext_Lang_enUS"": """", ""Name_Lang_Mask"": 16712190, ""PreventionType"": 1, ""ProcChance"": 101, ""ShapeshiftExclude"": 134217728, ""ShapeshiftMask"": 2147483648, ""SpellClassMask_1"": 1024, ""SpellClassSet"": 6, ""SpellLevel"": 16, ""SpellPriority"": 50, ""SpellVisualID_1"": 135, ""StartRecoveryCategory"": 133, ""StartRecoveryTime"": 1500}","single-rank bootstrap: BasePoints/BaseLevel/SpellLevel kept from rank 1 (learn level 16); RealPointsPerLevel from rank1→top rank's own top level (39, chain has a gap at 60) slope (anchor rank 6064, rank 4); coefficient/cast_time_ms/mana_cost_pct from max rank (6064, rank 4); MaxLevel set to 80"
2060,Greater Heal,2,0,0,65536,0,3000,0,0,0,0,32,40.0,,,"{""amplitude"": 0, ""apply_aura"": 0, ""base_points"": 898, ""chain_targets"": 0, ""die_sides"": 115, ""implicit_target_a"": 21, ""implicit_target_b"": 0, ""mechanic"": 0, ""misc_value"": 0, ""points_per_level"": 53.35, ""radius_yards"": null, ""trigger_spell"": 0, ""type"": 10}",,,241,,,"{""AttributesEx2"": 524288, ""AuraDescription_Lang_Mask"": 16712188, ""BaseLevel"": 40, ""CastingTimeIndex"": 14, ""DefenseType"": 1, ""Description_Lang_Mask"": 16712190, ""Description_Lang_enUS"": ""A slow casting spell that heals a single target for $s1."", ""EffectBonusMultiplier_1"": 1.6109999418258667, ""EffectChainAmplitude_1"": 1.0, ""EffectChainAmplitude_2"": 1.0, ""EffectChainAmplitude_3"": 1.0, ""EffectMultipleValue_1"": 1.0, ""EquippedItemClass"": -1, ""InterruptFlags"": 15, ""MaxLevel"": 80, ""NameSubtext_Lang_Mask"": 16712190, ""NameSubtext_Lang_enUS"": """", ""Name_Lang_Mask"": 16712190, ""PreventionType"": 1, ""ProcChance"": 101, ""ShapeshiftExclude"": 134217728, ""ShapeshiftMask"": 2147483648, ""SpellClassMask_1"": 4096, ""SpellClassSet"": 6, ""SpellLevel"": 40, ""SpellPriority"": 50, ""SpellVisualID_1"": 57, ""StartRecoveryCategory"": 133, ""StartRecoveryTime"": 1500}","single-rank bootstrap: BasePoints/BaseLevel/SpellLevel kept from rank 1 (learn level 40); RealPointsPerLevel from rank1→level-60 slope (anchor rank 25314, rank 5); coefficient/cast_time_ms/mana_cost_pct from max rank (48063, rank 9); MaxLevel set to 80"
2061,Flash Heal,2,0,0,65536,0,1500,0,0,0,0,18,40.0,,,"{""amplitude"": 0, ""apply_aura"": 0, ""base_points"": 192, ""chain_targets"": 0, ""die_sides"": 45, ""implicit_target_a"": 21, ""implicit_target_b"": 0, ""mechanic"": 0, ""misc_value"": 0, ""points_per_level"": 15.875, ""radius_yards"": null, ""trigger_spell"": 0, ""type"": 10}",,,242,,,"{""AttributesEx2"": 524288, ""AuraDescription_Lang_Mask"": 16712188, ""BaseLevel"": 20, ""CastingTimeIndex"": 16, ""DefenseType"": 1, ""Description_Lang_Mask"": 16712190, ""Description_Lang_enUS"": ""Heals a friendly target for $s1."", ""EffectBonusMultiplier_1"": 0.8069999814033508, ""EffectChainAmplitude_1"": 1.0, ""EffectChainAmplitude_2"": 1.0, ""EffectChainAmplitude_3"": 1.0, ""EffectMultipleValue_1"": 1.0, ""EquippedItemClass"": -1, ""InterruptFlags"": 15, ""MaxLevel"": 80, ""NameSubtext_Lang_Mask"": 16712190, ""NameSubtext_Lang_enUS"": """", ""Name_Lang_Mask"": 16712190, ""PreventionType"": 1, ""ProcChance"": 101, ""ShapeshiftExclude"": 134217728, ""ShapeshiftMask"": 2147483648, ""SpellClassMask_1"": 2048, ""SpellClassSet"": 6, ""SpellLevel"": 20, ""SpellPriority"": 50, ""SpellVisualID_1"": 3077, ""StartRecoveryCategory"": 133, ""StartRecoveryTime"": 1500}","single-rank bootstrap: BasePoints/BaseLevel/SpellLevel kept from rank 1 (learn level 20); RealPointsPerLevel from rank1→level-60 slope (anchor rank 10917, rank 7); coefficient/cast_time_ms/mana_cost_pct from max rank (48071, rank 11); MaxLevel set to 80"
2096,Mind Vision,32,0,0,67174400,0,0,0,0,0,0,3,100.0,,60000,"{""amplitude"": 0, ""apply_aura"": 1, ""base_points"": 0, ""chain_targets"": 0, ""die_sides"": 0, ""implicit_target_a"": 25, ""implicit_target_b"": 0, ""mechanic"": 0, ""misc_value"": 0, ""points_per_level"": 0.0, ""radius_yards"": 100.0, ""trigger_spell"": 0, ""type"": 6}","{""amplitude"": 0, ""apply_aura"": 4, ""base_points"": 0, ""chain_targets"": 0, ""die_sides"": 0, ""implicit_target_a"": 1, ""implicit_target_b"": 0, ""mechanic"": 0, ""misc_value"": 0, ""points_per_level"": 0.0, ""radius_yards"": null, ""trigger_spell"": 0, ""type"": 6}","{""amplitude"": 0, ""apply_aura"": 68, ""base_points"": 0, ""chain_targets"": 0, ""die_sides"": 0, ""implicit_target_a"": 25, ""implicit_target_b"": 0, ""mechanic"": 0, ""misc_value"": 0, ""points_per_level"": 0.0, ""radius_yards"": null, ""trigger_spell"": 0, ""type"": 6}",502,,,"{""AttributesEx"": 67773444, ""AttributesEx2"": 524300, ""AttributesEx3"": 196608, ""AttributesEx4"": 65536, ""AttributesEx5"": 2097152, ""AttributesEx6"": 12, ""AuraDescription_Lang_Mask"": 16712190, ""AuraDescription_Lang_enUS"": ""Sight granted through target's eyes."", ""BaseLevel"": 22, ""CastingTimeIndex"": 1, ""ChannelInterruptFlags"": 31772, ""DefenseType"": 1, ""Description_Lang_Mask"": 16712190, ""Description_Lang_enUS"": ""Allows the caster to see through the target's eyes for $d."", ""EffectChainAmplitude_1"": 1.0, ""EffectChainAmplitude_2"": 1.0, ""EffectChainAmplitude_3"": 1.0, ""EquippedItemClass"": -1, ""InterruptFlags"": 9, ""MaxLevel"": 80, ""NameSubtext_Lang_Mask"": 16712190, ""NameSubtext_Lang_enUS"": """", ""Name_Lang_Mask"": 16712190, ""PreventionType"": 1, ""ProcChance"": 101, ""ShapeshiftMask"": 134217728, ""SpellClassMask_1"": 67108864, ""SpellClassMask_2"": 2147483648, ""SpellClassSet"": 6, ""SpellLevel"": 22, ""SpellVisualID_1"": 4839, ""StartRecoveryCategory"": 133, ""StartRecoveryTime"": 1500}","single-rank bootstrap: BasePoints/BaseLevel/SpellLevel kept from rank 1 (learn level 22); RealPointsPerLevel from rank1→level-60 slope (anchor rank 10909, rank 2); coefficient/cast_time_ms/mana_cost_pct from max rank (10909, rank 2); MaxLevel set to 80"
2944,Devouring Plague,32,3,22,65536,691,0,0,0,0,0,25,30.0,,24000,"{""amplitude"": 3000, ""apply_aura"": 53, ""base_points"": 18, ""chain_targets"": 0, ""die_sides"": 1, ""implicit_target_a"": 6, ""implicit_target_b"": 0, ""mechanic"": 0, ""misc_value"": 0, ""points_per_level"": 2.35, ""radius_yards"": null, ""trigger_spell"": 0, ""type"": 6}",,,3789,,,"{""AttributesEx2"": 524288, ""AttributesEx5"": 32, ""AttributesEx6"": 8388608, ""AuraDescription_Lang_Mask"": 16712190, ""AuraDescription_Lang_enUS"": ""Causes $s1 damage every $t1 seconds, healing the caster."", ""BaseLevel"": 20, ""CastingTimeIndex"": 1, ""DefenseType"": 1, ""Description_Lang_Mask"": 16712190, ""Description_Lang_enUS"": ""Afflicts the target with a disease that causes $o1 Shadow damage over $d. 15% of damage caused by the Devouring Plague heals the caster. This spell can only affect one target at a time."", ""EffectBonusMultiplier_1"": 0.1850000023841858, ""EffectChainAmplitude_1"": 1.0, ""EffectChainAmplitude_2"": 1.0, ""EffectChainAmplitude_3"": 1.0, ""EffectMultipleValue_1"": 0.15000000596046448, ""EquippedItemClass"": -1, ""InterruptFlags"": 8, ""MaxLevel"": 80, ""NameSubtext_Lang_Mask"": 16712190, ""NameSubtext_Lang_enUS"": """", ""Name_Lang_Mask"": 16712190, ""PreventionType"": 1, ""ProcChance"": 101, ""ShapeshiftMask"": 134217728, ""SpellClassMask_1"": 33554432, ""SpellClassMask_2"": 4096, ""SpellClassMask_3"": 1024, ""SpellClassSet"": 6, ""SpellLevel"": 20, ""SpellPriority"": 50, ""SpellVisualID_1"": 346, ""StartRecoveryCategory"": 133, ""StartRecoveryTime"": 1500}","single-rank bootstrap: BasePoints/BaseLevel/SpellLevel kept from rank 1 (learn level 20); RealPointsPerLevel from rank1→level-60 slope (anchor rank 19280, rank 6); coefficient/cast_time_ms/mana_cost_pct from max rank (48300, rank 9); MaxLevel set to 80"
6063,Heal,2,0,0,65536,0,3000,0,0,0,0,32,40.0,,,"{""amplitude"": 0, ""apply_aura"": 0, ""base_points"": 565, ""chain_targets"": 0, ""die_sides"": 77, ""implicit_target_a"": 21, ""implicit_target_b"": 0, ""mechanic"": 0, ""misc_value"": 0, ""points_per_level"": 4.0, ""radius_yards"": null, ""trigger_spell"": 0, ""type"": 10}",,,684,,,"{""AttributesEx2"": 524288, ""AuraDescription_Lang_Mask"": 16712188, ""BaseLevel"": 28, ""CastingTimeIndex"": 14, ""DefenseType"": 1, ""Description_Lang_Mask"": 16712190, ""Description_Lang_enUS"": ""Heal your target for $s1."", ""EffectBonusMultiplier_1"": 1.6109999418258667, ""EffectChainAmplitude_1"": 1.0, ""EffectChainAmplitude_2"": 1.0, ""EffectChainAmplitude_3"": 1.0, ""EffectMultipleValue_1"": 1.0, ""EquippedItemClass"": -1, ""InterruptFlags"": 15, ""MaxLevel"": 33, ""NameSubtext_Lang_Mask"": 16712190, ""NameSubtext_Lang_enUS"": ""Rank 3"", ""Name_Lang_Mask"": 16712190, ""PreventionType"": 1, ""ProcChance"": 101, ""ShapeshiftExclude"": 134217728, ""ShapeshiftMask"": 2147483648, ""SpellClassMask_1"": 1024, ""SpellClassSet"": 6, ""SpellLevel"": 28, ""SpellPriority"": 50, ""SpellVisualID_1"": 135, ""StartRecoveryCategory"": 133, ""StartRecoveryTime"": 1500}","superseded rank kept in priest.csv: still referenced by item_template 8993 (Codex of Shadow Protection II) spellid_2, not creature-only"
6346,Fear Ward,2,1,0,65536,0,0,180000,0,0,0,3,30.0,,180000,"{""amplitude"": 0, ""apply_aura"": 77, ""base_points"": -1, ""chain_targets"": 0, ""die_sides"": 1, ""implicit_target_a"": 21, ""implicit_target_b"": 0, ""mechanic"": 0, ""misc_value"": 5, ""points_per_level"": 0.0, ""radius_yards"": null, ""trigger_spell"": 0, ""type"": 6}",,,158,,,"{""AttributesEx3"": 67108864, ""AttributesEx4"": 524288, ""AttributesEx6"": 67108864, ""AuraDescription_Lang_Mask"": 16712190, ""AuraDescription_Lang_enUS"": ""Warded against Fear."", ""BaseLevel"": 20, ""CastingTimeIndex"": 1, ""DefenseType"": 1, ""Description_Lang_Mask"": 16712190, ""Description_Lang_enUS"": ""Wards the friendly target against Fear.  The next Fear effect used against the target will fail, using up the ward.  Lasts $d."", ""EffectBonusMultiplier_2"": 1.0, ""EffectBonusMultiplier_3"": 1.0, ""EffectChainAmplitude_1"": 1.0, ""EffectChainAmplitude_2"": 1.0, ""EffectChainAmplitude_3"": 1.0, ""EquippedItemClass"": -1, ""InterruptFlags"": 8, ""NameSubtext_Lang_Mask"": 16712188, ""Name_Lang_Mask"": 16712190, ""PreventionType"": 1, ""ProcChance"": 100, ""ProcCharges"": 1, ""ProcTypeMask"": 139264, ""SpellClassMask_1"": 2147483648, ""SpellClassMask_2"": 33558528, ""SpellClassMask_3"": 1024, ""SpellClassSet"": 6, ""SpellLevel"": 20, ""SpellVisualID_1"": 343, ""StartRecoveryCategory"": 133, ""StartRecoveryTime"": 1500}",pulled from existing data
7001,Lightwell Renew,2,1,0,262144,0,0,0,0,0,0,0,5.0,,6000,"{""amplitude"": 2000, ""apply_aura"": 8, ""base_points"": 266, ""chain_targets"": 0, ""die_sides"": 1, ""implicit_target_a"": 21, ""implicit_target_b"": 0, ""mechanic"": 0, ""misc_value"": 0, ""points_per_level"": 13.3, ""radius_yards"": null, ""trigger_spell"": 0, ""type"": 6}",,,1878,,,"{""AttributesEx"": 1024, ""AttributesEx3"": 128, ""AuraDescription_Lang_Mask"": 16712190, ""AuraDescription_Lang_enUS"": ""Restore $s1 health every $t1 sec."", ""BaseLevel"": 40, ""CastingTimeIndex"": 1, ""Description_Lang_Mask"": 16712190, ""Description_Lang_enUS"": ""Restore $s1 health every $t1 sec."", ""EffectChainAmplitude_1"": 1.0, ""EffectChainAmplitude_2"": 1.0, ""EffectChainAmplitude_3"": 1.0, ""EquippedItemClass"": -1, ""MaxLevel"": 80, ""NameSubtext_Lang_Mask"": 16712190, ""NameSubtext_Lang_enUS"": """", ""Name_Lang_Mask"": 16712190, ""ProcChance"": 100, ""ProcCharges"": 1, ""ProcTypeMask"": 1188520, ""SpellClassMask_3"": 16384, ""SpellClassSet"": 6, ""SpellLevel"": 40, ""SpellVisualID_1"": 7551}","single-rank bootstrap: BasePoints/BaseLevel/SpellLevel kept from rank 1 (learn level 40); RealPointsPerLevel from rank1→level-60 slope (anchor rank 27874, rank 3); coefficient/cast_time_ms/mana_cost_pct from max rank (48085, rank 6); MaxLevel set to 80"
8092,Mind Blast,32,0,0,65536,19,1500,0,8000,0,0,17,30.0,,,"{""amplitude"": 0, ""apply_aura"": 0, ""base_points"": 38, ""chain_targets"": 0, ""die_sides"": 5, ""implicit_target_a"": 6, ""implicit_target_b"": 0, ""mechanic"": 0, ""misc_value"": 0, ""points_per_level"": 9.38, ""radius_yards"": null, ""trigger_spell"": 0, ""type"": 2}",,,95,,,"{""AttributesEx2"": 524288, ""AuraDescription_Lang_Mask"": 16712188, ""BaseLevel"": 10, ""CastingTimeIndex"": 16, ""DefenseType"": 1, ""Description_Lang_Mask"": 16712190, ""Description_Lang_enUS"": ""Blasts the target for $s1 Shadow damage."", ""EffectBonusMultiplier_1"": 0.42899999022483826, ""EffectChainAmplitude_1"": 1.0, ""EffectChainAmplitude_2"": 1.0, ""EffectChainAmplitude_3"": 1.0, ""EquippedItemClass"": -1, ""FacingCasterFlags"": 1, ""InterruptFlags"": 15, ""MaxLevel"": 80, ""NameSubtext_Lang_Mask"": 16712190, ""NameSubtext_Lang_enUS"": """", ""Name_Lang_Mask"": 16712190, ""PreventionType"": 1, ""ProcChance"": 101, ""ShapeshiftMask"": 134217728, ""SpellClassMask_1"": 8192, ""SpellClassSet"": 6, ""SpellLevel"": 10, ""SpellVisualID_1"": 3057, ""StartRecoveryCategory"": 133, ""StartRecoveryTime"": 1500}","single-rank bootstrap: BasePoints/BaseLevel/SpellLevel kept from rank 1 (learn level 10); RealPointsPerLevel from rank1→level-60 slope (anchor rank 10947, rank 9); coefficient/cast_time_ms/mana_cost_pct from max rank (48127, rank 13); MaxLevel set to 80"
8122,Psychic Scream,32,1,5,327680,43,0,0,30000,0,0,15,0.0,,8000,"{""amplitude"": 0, ""apply_aura"": 7, ""base_points"": -1, ""chain_targets"": 0, ""die_sides"": 1, ""implicit_target_a"": 22, ""implicit_target_b"": 15, ""mechanic"": 0, ""misc_value"": 0, ""points_per_level"": 0.0, ""radius_yards"": 8.0, ""trigger_spell"": 0, ""type"": 6}","{""amplitude"": 0, ""apply_aura"": 31, ""base_points"": 24, ""chain_targets"": 0, ""die_sides"": 1, ""implicit_target_a"": 22, ""implicit_target_b"": 15, ""mechanic"": 0, ""misc_value"": 0, ""points_per_level"": 0.0, ""radius_yards"": 8.0, ""trigger_spell"": 0, ""type"": 6}",,1488,,,"{""AttributesEx"": 136, ""AttributesEx2"": 524288, ""AttributesEx6"": 8388608, ""AuraDescription_Lang_Mask"": 16712190, ""AuraDescription_Lang_enUS"": ""Running in Fear."", ""AuraInterruptFlags"": 4718592, ""BaseLevel"": 14, ""CastingTimeIndex"": 1, ""DefenseType"": 1, ""Description_Lang_Mask"": 16712190, ""Description_Lang_enUS"": ""The caster lets out a psychic scream, causing $i enemies within $a1 yards to flee for $d.  Damage caused may interrupt the effect."", ""EffectBonusMultiplier_2"": 1.0, ""EffectChainAmplitude_1"": 1.0, ""EffectChainAmplitude_2"": 1.0, ""EffectChainAmplitude_3"": 1.0, ""EquippedItemClass"": -1, ""InterruptFlags"": 8, ""MaxLevel"": 80, ""MaxTargets"": 2, ""NameSubtext_Lang_Mask"": 16712190, ""NameSubtext_Lang_enUS"": """", ""Name_Lang_Mask"": 16712190, ""PreventionType"": 1, ""ProcChance"": 100, ""ProcTypeMask"": 664232, ""RangeIndex"": 1, ""ShapeshiftMask"": 134217728, ""SpellClassMask_1"": 65536, ""SpellClassSet"": 6, ""SpellLevel"": 14, ""SpellPriority"": 50, ""SpellVisualID_1"": 247, ""StartRecoveryCategory"": 133, ""StartRecoveryTime"": 1500}","single-rank bootstrap: BasePoints/BaseLevel/SpellLevel kept from rank 1 (learn level 14); RealPointsPerLevel from rank1→level-60 slope (anchor rank 10890, rank 4); coefficient/cast_time_ms/mana_cost_pct from max rank (10890, rank 4); MaxLevel set to 80"
8129,Mana Burn,32,0,0,65536,0,3000,0,0,0,0,14,30.0,,,"{""amplitude"": 0, ""apply_aura"": 0, ""base_points"": 9, ""chain_targets"": 0, ""die_sides"": 1, ""implicit_target_a"": 6, ""implicit_target_b"": 0, ""mechanic"": 0, ""misc_value"": 0, ""points_per_level"": 0.0, ""radius_yards"": null, ""trigger_spell"": 0, ""type"": 62}",,,212,,,"{""AttributesEx2"": 524288, ""AuraDescription_Lang_Mask"": 16712188, ""BaseLevel"": 24, ""CastingTimeIndex"": 14, ""DefenseType"": 1, ""Description_Lang_Mask"": 16712190, ""Description_Lang_enUS"": ""Destroy $m1% of the target's mana (up to a maximum of ${$m1*2}% of your own maximum mana). For each mana destroyed in this way, the target takes 0.5 Shadow damage."", ""EffectChainAmplitude_1"": 1.0, ""EffectChainAmplitude_2"": 1.0, ""EffectChainAmplitude_3"": 1.0, ""EffectMultipleValue_1"": 0.5, ""EquippedItemClass"": -1, ""FacingCasterFlags"": 1, ""InterruptFlags"": 15, ""MaxLevel"": 29, ""NameSubtext_Lang_Mask"": 16712190, ""Name_Lang_Mask"": 16712190, ""PreventionType"": 1, ""ProcChance"": 101, ""ShapeshiftMask"": 134217728, ""SpellClassMask_1"": 16, ""SpellClassSet"": 6, ""SpellLevel"": 24, ""SpellVisualID_1"": 3076, ""StartRecoveryCategory"": 133, ""StartRecoveryTime"": 1500}",pulled from existing data
9484,Shackle Undead,2,1,20,1074855936,0,1500,0,0,0,0,9,30.0,,30000,"{""amplitude"": 0, ""apply_aura"": 12, ""base_points"": 0, ""chain_targets"": 0, ""die_sides"": 0, ""implicit_target_a"": 6, ""implicit_target_b"": 0, ""mechanic"": 0, ""misc_value"": 0, ""points_per_level"": 0.0, ""radius_yards"": null, ""trigger_spell"": 0, ""type"": 6}",,,27,,,"{""AttributesEx"": 262144, ""AttributesEx2"": 524288, ""AttributesEx5"": 32, ""AttributesEx6"": 8388608, ""AuraDescription_Lang_Mask"": 16712190, ""AuraDescription_Lang_enUS"": ""Shackled."", ""AuraInterruptFlags"": 2, ""BaseLevel"": 20, ""CastingTimeIndex"": 16, ""DefenseType"": 1, ""Description_Lang_Mask"": 16712190, ""Description_Lang_enUS"": ""Shackles the target undead enemy for up to $d.  The shackled unit is unable to move, attack or cast spells.  Any damage caused will release the target.  Only one target can be shackled at a time."", ""EffectChainAmplitude_1"": 1.0, ""EffectChainAmplitude_2"": 1.0, ""EffectChainAmplitude_3"": 1.0, ""EquippedItemClass"": -1, ""InterruptFlags"": 15, ""MaxLevel"": 80, ""NameSubtext_Lang_Mask"": 16712190, ""NameSubtext_Lang_enUS"": """", ""Name_Lang_Mask"": 16712190, ""PreventionType"": 1, ""ProcChance"": 101, ""ShapeshiftMask"": 134217728, ""SpellClassMask_1"": 1073741824, ""SpellClassMask_2"": 67112960, ""SpellClassSet"": 6, ""SpellLevel"": 20, ""SpellVisualID_1"": 1507, ""StartRecoveryCategory"": 133, ""StartRecoveryTime"": 1500, ""TargetCreatureType"": 32}","single-rank bootstrap: BasePoints/BaseLevel/SpellLevel kept from rank 1 (learn level 20); RealPointsPerLevel from rank1→level-60 slope (anchor rank 10955, rank 3); coefficient/cast_time_ms/mana_cost_pct from max rank (10955, rank 3); MaxLevel set to 80"
10937,Power Word: Fortitude,2,1,0,65536,0,0,0,0,0,0,27,30.0,,1800000,"{""amplitude"": 0, ""apply_aura"": 29, ""base_points"": 42, ""chain_targets"": 0, ""die_sides"": 1, ""implicit_target_a"": 21, ""implicit_target_b"": 0, ""mechanic"": 0, ""misc_value"": 2, ""points_per_level"": 0.0, ""radius_yards"": null, ""trigger_spell"": 0, ""type"": 6}",,,685,,,"{""AttributesEx"": 131072, ""AttributesEx2"": 524288, ""AttributesEx7"": 268435456, ""AuraDescription_Lang_Mask"": 16712190, ""AuraDescription_Lang_enUS"": ""Increases Stamina by $s1."", ""BaseLevel"": 48, ""CastingTimeIndex"": 1, ""DefenseType"": 1, ""Description_Lang_Mask"": 16712190, ""Description_Lang_enUS"": ""Power infuses the target, increasing their Stamina by $s1 for $d."", ""EffectChainAmplitude_1"": 1.0, ""EffectChainAmplitude_2"": 1.0, ""EffectChainAmplitude_3"": 1.0, ""EquippedItemClass"": -1, ""InterruptFlags"": 8, ""MaxLevel"": 58, ""NameSubtext_Lang_Mask"": 16712190, ""NameSubtext_Lang_enUS"": ""Rank 5"", ""Name_Lang_Mask"": 16712190, ""PreventionType"": 1, ""ProcChance"": 101, ""ShapeshiftMask"": 134217728, ""SpellClassMask_1"": 8, ""SpellClassMask_3"": 1024, ""SpellClassSet"": 6, ""SpellLevel"": 48, ""SpellVisualID_1"": 278, ""StartRecoveryCategory"": 133, ""StartRecoveryTime"": 1500}","superseded rank kept in priest.csv: still referenced by quest_template 5217/5220/5223 RewardSpell, not creature-only"
10938,Power Word: Fortitude,2,1,0,65536,0,0,0,0,0,0,27,30.0,,1800000,"{""amplitude"": 0, ""apply_aura"": 29, ""base_points"": 53, ""chain_targets"": 0, ""die_sides"": 1, ""implicit_target_a"": 21, ""implicit_target_b"": 0, ""mechanic"": 0, ""misc_value"": 2, ""points_per_level"": 0.0, ""radius_yards"": null, ""trigger_spell"": 0, ""type"": 6}",,,685,,,"{""AttributesEx"": 131072, ""AttributesEx2"": 524288, ""AttributesEx7"": 268435456, ""AuraDescription_Lang_Mask"": 16712190, ""AuraDescription_Lang_enUS"": ""Increases Stamina by $s1."", ""BaseLevel"": 60, ""CastingTimeIndex"": 1, ""DefenseType"": 1, ""Description_Lang_Mask"": 16712190, ""Description_Lang_enUS"": ""Power infuses the target, increasing their Stamina by $s1 for $d."", ""EffectChainAmplitude_1"": 1.0, ""EffectChainAmplitude_2"": 1.0, ""EffectChainAmplitude_3"": 1.0, ""EquippedItemClass"": -1, ""InterruptFlags"": 8, ""MaxLevel"": 70, ""NameSubtext_Lang_Mask"": 16712190, ""NameSubtext_Lang_enUS"": ""Rank 6"", ""Name_Lang_Mask"": 16712190, ""PreventionType"": 1, ""ProcChance"": 101, ""ShapeshiftMask"": 134217728, ""SpellClassMask_1"": 8, ""SpellClassMask_3"": 1024, ""SpellClassSet"": 6, ""SpellLevel"": 60, ""SpellVisualID_1"": 278, ""StartRecoveryCategory"": 133, ""StartRecoveryTime"": 1500}","superseded rank kept in priest.csv: still referenced by quest_template 5226 RewardSpell, not creature-only"
14743,Focused Casting,2,1,0,0,0,0,0,0,0,0,0,0.0,,6000,"{""amplitude"": 0, ""apply_aura"": 108, ""base_points"": 99, ""chain_targets"": 0, ""die_sides"": 1, ""implicit_target_a"": 1, ""implicit_target_b"": 0, ""mechanic"": 0, ""misc_value"": 9, ""points_per_level"": 0.0, ""radius_yards"": null, ""trigger_spell"": 0, ""type"": 6}","{""amplitude"": 0, ""apply_aura"": 232, ""base_points"": -11, ""chain_targets"": 0, ""die_sides"": 1, ""implicit_target_a"": 1, ""implicit_target_b"": 0, ""mechanic"": 0, ""misc_value"": 26, ""points_per_level"": -0.1667, ""radius_yards"": null, ""trigger_spell"": 0, ""type"": 6}",,1499,,,"{""AuraDescription_Lang_Mask"": 16712190, ""AuraDescription_Lang_enUS"": ""Cannot lose casting time from taking damage while casting Priest spells and decreases the duration of Interrupt effects by $s2%."", ""CastingTimeIndex"": 1, ""DefenseType"": 1, ""Description_Lang_Mask"": 16712190, ""Description_Lang_enUS"": ""When cast, you no longer lose casting time due to taking damage.  Lasts $d."", ""EffectChainAmplitude_1"": 1.0, ""EffectChainAmplitude_2"": 1.0, ""EffectChainAmplitude_3"": 1.0, ""EffectSpellClassMaskA_1"": 1144405648, ""EffectSpellClassMaskA_2"": 1156, ""EffectSpellClassMaskA_3"": 64, ""EquippedItemClass"": -1, ""MaxLevel"": 80, ""NameSubtext_Lang_Mask"": 16712190, ""NameSubtext_Lang_enUS"": """", ""Name_Lang_Mask"": 16712190, ""PreventionType"": 1, ""ProcChance"": 101, ""RangeIndex"": 1, ""SpellClassMask_2"": 4096, ""SpellClassMask_3"": 1024, ""SpellClassSet"": 6, ""SpellVisualID_1"": 7645}","single-rank bootstrap: BasePoints/BaseLevel/SpellLevel kept from rank 1 (learn level 0); RealPointsPerLevel from rank1→level-60 slope (anchor rank 27828, rank 2); coefficient/cast_time_ms/mana_cost_pct from max rank (27828, rank 2); MaxLevel set to 80"
14752,Divine Spirit,2,1,0,65536,0,0,0,0,0,0,26,30.0,,1800000,"{""amplitude"": 0, ""apply_aura"": 29, ""base_points"": 16, ""chain_targets"": 0, ""die_sides"": 1, ""implicit_target_a"": 21, ""implicit_target_b"": 0, ""mechanic"": 0, ""misc_value"": 4, ""points_per_level"": 0.7667, ""radius_yards"": null, ""trigger_spell"": 0, ""type"": 6}",,,1879,,,"{""AttributesEx2"": 524288, ""AttributesEx6"": 67108864, ""AttributesEx7"": 268435456, ""AuraDescription_Lang_Mask"": 16712190, ""AuraDescription_Lang_enUS"": ""Increases Spirit by $s1."", ""BaseLevel"": 30, ""CastingTimeIndex"": 1, ""DefenseType"": 1, ""Description_Lang_Mask"": 16712190, ""Description_Lang_enUS"": ""Holy power infuses the target, increasing their Spirit by $s1 for $d."", ""EffectBasePoints_2"": -1, ""EffectBasePoints_3"": -1, ""EffectChainAmplitude_1"": 1.0, ""EffectChainAmplitude_2"": 1.0, ""EffectChainAmplitude_3"": 1.0, ""EffectDieSides_2"": 1, ""EffectDieSides_3"": 1, ""EquippedItemClass"": -1, ""MaxLevel"": 80, ""NameSubtext_Lang_Mask"": 16712190, ""NameSubtext_Lang_enUS"": """", ""Name_Lang_Mask"": 16712190, ""PreventionType"": 1, ""ProcChance"": 101, ""ShapeshiftMask"": 134217728, ""SpellClassMask_1"": 32, ""SpellClassMask_3"": 1024, ""SpellClassSet"": 6, ""SpellLevel"": 30, ""SpellVisualID_1"": 193, ""StartRecoveryCategory"": 133, ""StartRecoveryTime"": 1500}","single-rank bootstrap: BasePoints/BaseLevel/SpellLevel kept from rank 1 (learn level 30); RealPointsPerLevel from rank1→level-60 slope (anchor rank 27841, rank 4); coefficient/cast_time_ms/mana_cost_pct from max rank (48073, rank 6); MaxLevel set to 80"
14893,Inspiration,2,1,0,0,0,0,0,0,0,0,0,100.0,,15000,"{""amplitude"": 0, ""apply_aura"": 87, ""base_points"": -4, ""chain_targets"": 0, ""die_sides"": 1, ""implicit_target_a"": 21, ""implicit_target_b"": 0, ""mechanic"": 0, ""misc_value"": 1, ""points_per_level"": -0.1167, ""radius_yards"": null, ""trigger_spell"": 0, ""type"": 6}",,,1463,,,"{""AuraDescription_Lang_Mask"": 16712190, ""AuraDescription_Lang_enUS"": ""Reduces physical damage taken by $s1%."", ""CastingTimeIndex"": 1, ""Description_Lang_Mask"": 16712190, ""Description_Lang_enUS"": ""Reduces your target's physical damage taken by $s1% for $14893d after getting a critical effect from your Flash Heal, Heal, Greater Heal, Binding Heal, Penance, Prayer of Mending, Prayer of Healing, or Circle of Healing spell."", ""EffectChainAmplitude_1"": 1.0, ""EffectChainAmplitude_2"": 1.0, ""EffectChainAmplitude_3"": 1.0, ""EquippedItemClass"": -1, ""MaxLevel"": 80, ""NameSubtext_Lang_Mask"": 16712190, ""NameSubtext_Lang_enUS"": """", ""Name_Lang_Mask"": 16712190, ""ProcChance"": 101, ""SpellClassMask_2"": 4096, ""SpellClassSet"": 6}","single-rank bootstrap: BasePoints/BaseLevel/SpellLevel kept from rank 1 (learn level 0); RealPointsPerLevel from rank1→level-60 slope (anchor rank 15359, rank 3); coefficient/cast_time_ms/mana_cost_pct from max rank (15359, rank 3); MaxLevel set to 80"
14914,Holy Fire,2,1,0,65536,451,2000,0,10000,0,0,11,30.0,,7000,"{""amplitude"": 0, ""apply_aura"": 0, ""base_points"": 101, ""chain_targets"": 0, ""die_sides"": 27, ""implicit_target_a"": 6, ""implicit_target_b"": 0, ""mechanic"": 0, ""misc_value"": 0, ""points_per_level"": 13.425, ""radius_yards"": null, ""trigger_spell"": 0, ""type"": 2}","{""amplitude"": 1000, ""apply_aura"": 3, ""base_points"": 2, ""chain_targets"": 0, ""die_sides"": 1, ""implicit_target_a"": 6, ""implicit_target_b"": 0, ""mechanic"": 0, ""misc_value"": 0, ""points_per_level"": 0.375, ""radius_yards"": null, ""trigger_spell"": 0, ""type"": 6}",,156,,,"{""AuraDescription_Lang_Mask"": 16712190, ""AuraDescription_Lang_enUS"": ""$s2 Holy damage every $t2 seconds."", ""BaseLevel"": 20, ""CastingTimeIndex"": 5, ""DefenseType"": 1, ""Description_Lang_Mask"": 16712190, ""Description_Lang_enUS"": ""Consumes the enemy in Holy flames that cause $s1 Holy damage and an additional $o2 Holy damage over $d."", ""EffectBonusMultiplier_1"": 0.5709999799728394, ""EffectBonusMultiplier_2"": 0.024000000208616257, ""EffectChainAmplitude_1"": 1.0, ""EffectChainAmplitude_2"": 1.0, ""EffectChainAmplitude_3"": 1.0, ""EquippedItemClass"": -1, ""FacingCasterFlags"": 1, ""InterruptFlags"": 15, ""MaxLevel"": 80, ""NameSubtext_Lang_Mask"": 16712190, ""NameSubtext_Lang_enUS"": """", ""Name_Lang_Mask"": 16712190, ""PreventionType"": 1, ""ProcChance"": 101, ""ShapeshiftExclude"": 134217728, ""SpellClassMask_1"": 1048576, ""SpellClassMask_3"": 1024, ""SpellClassSet"": 6, ""SpellLevel"": 20, ""SpellPriority"": 50, ""SpellVisualID_1"": 3400, ""StartRecoveryCategory"": 133, ""StartRecoveryTime"": 1500}","single-rank bootstrap: BasePoints/BaseLevel/SpellLevel kept from rank 1 (learn level 20); RealPointsPerLevel from rank1→level-60 slope (anchor rank 15261, rank 8); coefficient/cast_time_ms/mana_cost_pct from max rank (48135, rank 11); MaxLevel set to 80"
15237,Holy Nova,2,0,0,65536,431,0,0,0,0,0,20,0.0,,,"{""amplitude"": 0, ""apply_aura"": 0, ""base_points"": 27, ""chain_targets"": 0, ""die_sides"": 5, ""implicit_target_a"": 22, ""implicit_target_b"": 15, ""mechanic"": 0, ""misc_value"": 0, ""points_per_level"": 3.825, ""radius_yards"": 10.0, ""trigger_spell"": 0, ""type"": 2}",,,1874,,,"{""AttributesEx"": 136, ""AuraDescription_Lang_Mask"": 16712188, ""BaseLevel"": 20, ""CastingTimeIndex"": 1, ""DefenseType"": 1, ""Description_Lang_Mask"": 16712190, ""Description_Lang_enUS"": ""Causes an explosion of holy light around the caster, causing $15237s1 Holy damage to all enemy targets within $15237a1 yards and healing all party members within $23455a1 yards for $23455s1.  These effects cause no threat."", ""EffectBonusMultiplier_1"": 0.16099999845027924, ""EffectBonusMultiplier_2"": 1.0, ""EffectChainAmplitude_1"": 1.0, ""EffectChainAmplitude_2"": 1.0, ""EffectChainAmplitude_3"": 1.0, ""EquippedItemClass"": -1, ""InterruptFlags"": 8, ""MaxLevel"": 80, ""NameSubtext_Lang_Mask"": 16712190, ""NameSubtext_Lang_enUS"": """", ""Name_Lang_Mask"": 16712190, ""PreventionType"": 1, ""ProcChance"": 101, ""RangeIndex"": 1, ""ShapeshiftExclude"": 134217728, ""SpellClassMask_1"": 4194304, ""SpellClassSet"": 6, ""SpellLevel"": 20, ""SpellVisualID_1"": 3643, ""StartRecoveryCategory"": 133, ""StartRecoveryTime"": 1500}","single-rank bootstrap: BasePoints/BaseLevel/SpellLevel kept from rank 1 (learn level 20); RealPointsPerLevel from rank1→level-60 slope (anchor rank 27801, rank 6); coefficient/cast_time_ms/mana_cost_pct from max rank (48078, rank 9); MaxLevel set to 80"
21562,Prayer of Fortitude,2,1,0,65536,0,0,0,0,0,0,69,40.0,,3600000,"{""amplitude"": 0, ""apply_aura"": 29, ""base_points"": 42, ""chain_targets"": 0, ""die_sides"": 1, ""implicit_target_a"": 56, ""implicit_target_b"": 0, ""mechanic"": 0, ""misc_value"": 2, ""points_per_level"": 0.9167, ""radius_yards"": 100.0, ""trigger_spell"": 0, ""type"": 6}",,,1669,,,"{""AttributesEx"": 131072, ""AttributesEx2"": 524288, ""AttributesEx7"": 268435456, ""AuraDescription_Lang_Mask"": 16712190, ""AuraDescription_Lang_enUS"": ""Increases Stamina by $s1."", ""BaseLevel"": 48, ""CastingTimeIndex"": 1, ""DefenseType"": 1, ""Description_Lang_Mask"": 16712190, ""Description_Lang_enUS"": ""Power infuses all party and raid members, increasing their Stamina by $s1 for $d."", ""EffectChainAmplitude_1"": 1.0, ""EffectChainAmplitude_2"": 1.0, ""EffectChainAmplitude_3"": 1.0, ""EquippedItemClass"": -1, ""InterruptFlags"": 8, ""MaxLevel"": 80, ""NameSubtext_Lang_Mask"": 16712190, ""NameSubtext_Lang_enUS"": """", ""Name_Lang_Mask"": 16712190, ""PreventionType"": 1, ""ProcChance"": 101, ""ReagentCount_1"": 1, ""Reagent_1"": 17028, ""ShapeshiftMask"": 134217728, ""SpellClassMask_1"": 8, ""SpellClassMask_3"": 1024, ""SpellClassSet"": 6, ""SpellLevel"": 48, ""SpellVisualID_1"": 278, ""StartRecoveryCategory"": 133, ""StartRecoveryTime"": 1500}","single-rank bootstrap: BasePoints/BaseLevel/SpellLevel kept from rank 1 (learn level 48); RealPointsPerLevel from rank1→level-60 slope (anchor rank 21564, rank 2); coefficient/cast_time_ms/mana_cost_pct from max rank (48162, rank 4); MaxLevel set to 80"
21564,Prayer of Fortitude,2,1,0,65536,0,0,0,0,0,0,69,40.0,,3600000,"{""amplitude"": 0, ""apply_aura"": 29, ""base_points"": 53, ""chain_targets"": 0, ""die_sides"": 1, ""implicit_target_a"": 56, ""implicit_target_b"": 0, ""mechanic"": 0, ""misc_value"": 2, ""points_per_level"": 0.0, ""radius_yards"": 100.0, ""trigger_spell"": 0, ""type"": 6}",,,1669,,,"{""AttributesEx"": 131072, ""AttributesEx2"": 524288, ""AttributesEx7"": 268435456, ""AuraDescription_Lang_Mask"": 16712190, ""AuraDescription_Lang_enUS"": ""Increases Stamina by $s1."", ""BaseLevel"": 60, ""CastingTimeIndex"": 1, ""DefenseType"": 1, ""Description_Lang_Mask"": 16712190, ""Description_Lang_enUS"": ""Power infuses all party and raid members, increasing their Stamina by $s1 for $d."", ""EffectChainAmplitude_1"": 1.0, ""EffectChainAmplitude_2"": 1.0, ""EffectChainAmplitude_3"": 1.0, ""EquippedItemClass"": -1, ""InterruptFlags"": 8, ""MaxLevel"": 70, ""NameSubtext_Lang_Mask"": 16712190, ""NameSubtext_Lang_enUS"": ""Rank 2"", ""Name_Lang_Mask"": 16712190, ""PreventionType"": 1, ""ProcChance"": 101, ""ReagentCount_1"": 1, ""Reagent_1"": 17029, ""ShapeshiftMask"": 134217728, ""SpellClassMask_1"": 8, ""SpellClassMask_3"": 1024, ""SpellClassSet"": 6, ""SpellLevel"": 60, ""SpellVisualID_1"": 278, ""StartRecoveryCategory"": 133, ""StartRecoveryTime"": 1500}","superseded rank kept in priest.csv: still referenced by item_template 17414 (Codex: Prayer of Fortitude II) spellid_2, not creature-only"
23455,Holy Nova,2,0,0,65536,0,0,0,0,0,0,0,0.0,,,"{""amplitude"": 0, ""apply_aura"": 0, ""base_points"": 51, ""chain_targets"": 0, ""die_sides"": 9, ""implicit_target_a"": 20, ""implicit_target_b"": 0, ""mechanic"": 0, ""misc_value"": 0, ""points_per_level"": 6.25, ""radius_yards"": 10.0, ""trigger_spell"": 0, ""type"": 10}",,,1874,,,"{""AuraDescription_Lang_Mask"": 16712188, ""BaseLevel"": 20, ""CastingTimeIndex"": 1, ""DefenseType"": 1, ""Description_Lang_Mask"": 16712190, ""Description_Lang_enUS"": ""Causes an explosion of holy light around the caster, causing $15237s1 Holy damage to all enemy targets within $15237a1 yards and healing all party members within $23455a1 yards for $23455s1.  These effects cause no threat."", ""EffectBonusMultiplier_1"": 0.30300000309944153, ""EffectBonusMultiplier_2"": 1.0, ""EffectChainAmplitude_1"": 1.0, ""EffectChainAmplitude_2"": 1.0, ""EffectChainAmplitude_3"": 1.0, ""EquippedItemClass"": -1, ""MaxLevel"": 80, ""NameSubtext_Lang_Mask"": 16712190, ""NameSubtext_Lang_enUS"": """", ""Name_Lang_Mask"": 16712190, ""PreventionType"": 1, ""ProcChance"": 101, ""RangeIndex"": 1, ""ShapeshiftExclude"": 134217728, ""SpellClassMask_1"": 134217728, ""SpellClassSet"": 6, ""SpellLevel"": 20, ""SpellVisualID_1"": 6882}","single-rank bootstrap: BasePoints/BaseLevel/SpellLevel kept from rank 1 (learn level 20); RealPointsPerLevel from rank1→level-60 slope (anchor rank 27805, rank 6); coefficient/cast_time_ms/mana_cost_pct from max rank (48076, rank 9); MaxLevel set to 80"
25314,Greater Heal,2,0,0,65536,0,3000,0,0,0,0,32,40.0,,,"{""amplitude"": 0, ""apply_aura"": 0, ""base_points"": 1965, ""chain_targets"": 0, ""die_sides"": 229, ""implicit_target_a"": 21, ""implicit_target_b"": 0, ""mechanic"": 0, ""misc_value"": 0, ""points_per_level"": 8.100000381469727, ""radius_yards"": null, ""trigger_spell"": 0, ""type"": 10}",,,241,,,"{""AttributesEx2"": 524288, ""AuraDescription_Lang_Mask"": 16712188, ""BaseLevel"": 60, ""CastingTimeIndex"": 14, ""DefenseType"": 1, ""Description_Lang_Mask"": 16712190, ""Description_Lang_enUS"": ""A slow casting spell that heals a single target for $s1."", ""EffectBonusMultiplier_1"": 1.6109999418258667, ""EffectChainAmplitude_1"": 1.0, ""EffectChainAmplitude_2"": 1.0, ""EffectChainAmplitude_3"": 1.0, ""EffectMultipleValue_1"": 1.0, ""EquippedItemClass"": -1, ""InterruptFlags"": 15, ""MaxLevel"": 65, ""NameSubtext_Lang_Mask"": 16712190, ""NameSubtext_Lang_enUS"": ""Rank 5"", ""Name_Lang_Mask"": 16712190, ""PreventionType"": 1, ""ProcChance"": 101, ""ShapeshiftExclude"": 134217728, ""ShapeshiftMask"": 2147483648, ""SpellClassMask_1"": 4096, ""SpellClassSet"": 6, ""SpellLevel"": 60, ""SpellPriority"": 50, ""SpellVisualID_1"": 57, ""StartRecoveryCategory"": 133, ""StartRecoveryTime"": 1500}","superseded rank kept in priest.csv: still referenced by item_template 21284 (Codex of Greater Heal V) spellid_2, not creature-only"
25315,Renew,2,1,0,65536,0,0,0,0,0,0,17,40.0,,15000,"{""amplitude"": 3000, ""apply_aura"": 8, ""base_points"": 193, ""chain_targets"": 0, ""die_sides"": 1, ""implicit_target_a"": 21, ""implicit_target_b"": 0, ""mechanic"": 0, ""misc_value"": 0, ""points_per_level"": 0.0, ""radius_yards"": null, ""trigger_spell"": 0, ""type"": 6}",,,321,,,"{""AttributesEx2"": 524288, ""AttributesEx3"": 128, ""AttributesEx6"": 67108864, ""AuraDescription_Lang_Mask"": 16712190, ""AuraDescription_Lang_enUS"": ""Healing $s1 damage every $t1 seconds."", ""BaseLevel"": 60, ""CastingTimeIndex"": 1, ""DefenseType"": 1, ""Description_Lang_Mask"": 16712190, ""Description_Lang_enUS"": ""Heals the target for $<total> over $d."", ""EffectBasePoints_2"": -1, ""EffectBonusMultiplier_1"": 0.37599998712539673, ""EffectChainAmplitude_1"": 1.0, ""EffectChainAmplitude_2"": 1.0, ""EffectChainAmplitude_3"": 1.0, ""EffectDieSides_2"": 1, ""EquippedItemClass"": -1, ""InterruptFlags"": 8, ""MaxLevel"": 65, ""NameSubtext_Lang_Mask"": 16712190, ""NameSubtext_Lang_enUS"": ""Rank 10"", ""Name_Lang_Mask"": 16712190, ""PreventionType"": 1, ""ProcChance"": 101, ""ShapeshiftExclude"": 134217728, ""ShapeshiftMask"": 2147483648, ""SpellClassMask_1"": 64, ""SpellClassMask_3"": 1024, ""SpellClassSet"": 6, ""SpellDescriptionVariableID"": 30, ""SpellLevel"": 60, ""SpellPriority"": 50, ""SpellVisualID_1"": 280, ""StartRecoveryCategory"": 133, ""StartRecoveryTime"": 1500}","superseded rank kept in priest.csv: still referenced by item_template 21285 (Codex of Renew X) spellid_2, not creature-only"
25316,Prayer of Healing,2,0,0,65536,0,3000,0,0,0,0,48,40.0,,,"{""amplitude"": 0, ""apply_aura"": 0, ""base_points"": 996, ""chain_targets"": 0, ""die_sides"": 57, ""implicit_target_a"": 21, ""implicit_target_b"": 37, ""mechanic"": 0, ""misc_value"": 0, ""points_per_level"": 2.5, ""radius_yards"": 30.0, ""trigger_spell"": 0, ""type"": 10}",,,540,,,"{""AttributesEx2"": 524288, ""AuraDescription_Lang_Mask"": 16712188, ""BaseLevel"": 60, ""CastingTimeIndex"": 14, ""DefenseType"": 1, ""Description_Lang_Mask"": 16712190, ""Description_Lang_enUS"": ""A powerful prayer heals the friendly target's party members within $a1 yards for $s1."", ""EffectBonusMultiplier_1"": 0.5260000228881836, ""EffectChainAmplitude_1"": 1.0, ""EffectChainAmplitude_2"": 1.0, ""EffectChainAmplitude_3"": 1.0, ""EquippedItemClass"": -1, ""InterruptFlags"": 15, ""MaxLevel"": 69, ""NameSubtext_Lang_Mask"": 16712190, ""NameSubtext_Lang_enUS"": ""Rank 5"", ""Name_Lang_Mask"": 16712190, ""PreventionType"": 1, ""ProcChance"": 101, ""ShapeshiftExclude"": 134217728, ""ShapeshiftMask"": 2147483648, ""SpellClassMask_1"": 512, ""SpellClassSet"": 6, ""SpellLevel"": 60, ""SpellVisualID_1"": 194, ""StartRecoveryCategory"": 133, ""StartRecoveryTime"": 1500}","superseded rank kept in priest.csv: still referenced by item_template 21287 (Codex of Prayer of Healing V) spellid_2, not creature-only"
25392,Prayer of Fortitude,2,1,0,65536,0,0,0,0,0,0,69,40.0,,3600000,"{""amplitude"": 0, ""apply_aura"": 29, ""base_points"": 78, ""chain_targets"": 0, ""die_sides"": 1, ""implicit_target_a"": 56, ""implicit_target_b"": 0, ""mechanic"": 0, ""misc_value"": 2, ""points_per_level"": 0.0, ""radius_yards"": 100.0, ""trigger_spell"": 0, ""type"": 6}",,,1669,,,"{""AttributesEx"": 131072, ""AttributesEx2"": 524288, ""AttributesEx7"": 268435456, ""AuraDescription_Lang_Mask"": 16712190, ""AuraDescription_Lang_enUS"": ""Increases Stamina by $s1."", ""BaseLevel"": 70, ""CastingTimeIndex"": 1, ""DefenseType"": 1, ""Description_Lang_Mask"": 16712190, ""Description_Lang_enUS"": ""Power infuses all party and raid members, increasing their Stamina by $s1 for $d."", ""EffectChainAmplitude_1"": 1.0, ""EffectChainAmplitude_2"": 1.0, ""EffectChainAmplitude_3"": 1.0, ""EquippedItemClass"": -1, ""InterruptFlags"": 8, ""NameSubtext_Lang_Mask"": 16712190, ""NameSubtext_Lang_enUS"": ""Rank 3"", ""Name_Lang_Mask"": 16712190, ""PreventionType"": 1, ""ProcChance"": 101, ""ReagentCount_1"": 1, ""Reagent_1"": 17029, ""ShapeshiftMask"": 134217728, ""SpellClassMask_1"": 8, ""SpellClassMask_3"": 1024, ""SpellClassSet"": 6, ""SpellLevel"": 70, ""SpellVisualID_1"": 278, ""StartRecoveryCategory"": 133, ""StartRecoveryTime"": 1500}","superseded rank kept in priest.csv: still referenced by item_template 29549 (Codex: Prayer of Fortitude III) spellid_2, not creature-only"
27681,Prayer of Spirit,2,1,0,65536,0,0,0,0,0,0,69,40.0,,3600000,"{""amplitude"": 0, ""apply_aura"": 29, ""base_points"": 39, ""chain_targets"": 0, ""die_sides"": 1, ""implicit_target_a"": 56, ""implicit_target_b"": 0, ""mechanic"": 0, ""misc_value"": 4, ""points_per_level"": 1.3333, ""radius_yards"": 100.0, ""trigger_spell"": 0, ""type"": 6}",,,1870,,,"{""AttributesEx"": 131072, ""AttributesEx2"": 524288, ""AttributesEx6"": 67108864, ""AttributesEx7"": 268435456, ""AuraDescription_Lang_Mask"": 16712190, ""AuraDescription_Lang_enUS"": ""Increases Spirit by $s1."", ""BaseLevel"": 60, ""CastingTimeIndex"": 1, ""DefenseType"": 1, ""Description_Lang_Mask"": 16712190, ""Description_Lang_enUS"": ""Power infuses the target's party and raid members, increasing their Spirit by $s1 for $d."", ""EffectChainAmplitude_1"": 1.0, ""EffectChainAmplitude_2"": 1.0, ""EffectChainAmplitude_3"": 1.0, ""EquippedItemClass"": -1, ""InterruptFlags"": 8, ""MaxLevel"": 80, ""NameSubtext_Lang_Mask"": 16712190, ""NameSubtext_Lang_enUS"": """", ""Name_Lang_Mask"": 16712190, ""PreventionType"": 1, ""ProcChance"": 101, ""ReagentCount_1"": 1, ""Reagent_1"": 17029, ""ShapeshiftMask"": 134217728, ""SpellClassMask_1"": 32, ""SpellClassSet"": 6, ""SpellLevel"": 60, ""SpellVisualID_1"": 193, ""StartRecoveryCategory"": 133, ""StartRecoveryTime"": 1500}","single-rank bootstrap: BasePoints/BaseLevel/SpellLevel kept from rank 1 (learn level 60); RealPointsPerLevel from rank1→top rank's own top level (90, chain has a gap at 60) slope (anchor rank 48074, rank 3); coefficient/cast_time_ms/mana_cost_pct from max rank (48074, rank 3); MaxLevel set to 80"
27683,Prayer of Shadow Protection,2,1,0,65536,0,0,0,0,0,0,62,40.0,,1200000,"{""amplitude"": 0, ""apply_aura"": 143, ""base_points"": 59, ""chain_targets"": 0, ""die_sides"": 1, ""implicit_target_a"": 56, ""implicit_target_b"": 0, ""mechanic"": 0, ""misc_value"": 32, ""points_per_level"": 0.0, ""radius_yards"": 100.0, ""trigger_spell"": 0, ""type"": 6}",,,1869,,,"{""AttributesEx"": 131072, ""AttributesEx2"": 524288, ""AttributesEx6"": 67108864, ""AttributesEx7"": 268435456, ""AuraDescription_Lang_Mask"": 16712190, ""AuraDescription_Lang_enUS"": ""Increases Shadow Resistance by $s1."", ""BaseLevel"": 56, ""CastingTimeIndex"": 1, ""DefenseType"": 1, ""Description_Lang_Mask"": 16712190, ""Description_Lang_enUS"": ""Power infuses the target's party and raid members, increasing their Shadow resistance by $s1 for $d."", ""EffectChainAmplitude_1"": 1.0, ""EffectChainAmplitude_2"": 1.0, ""EffectChainAmplitude_3"": 1.0, ""EquippedItemClass"": -1, ""InterruptFlags"": 8, ""MaxLevel"": 80, ""NameSubtext_Lang_Mask"": 16712190, ""NameSubtext_Lang_enUS"": """", ""Name_Lang_Mask"": 16712190, ""PreventionType"": 1, ""ProcChance"": 101, ""ReagentCount_1"": 1, ""Reagent_1"": 17029, ""ShapeshiftMask"": 134217728, ""SpellClassMask_1"": 256, ""SpellClassMask_3"": 1024, ""SpellClassSet"": 6, ""SpellLevel"": 56, ""SpellVisualID_1"": 27, ""StartRecoveryCategory"": 133, ""StartRecoveryTime"": 1500}","single-rank bootstrap: BasePoints/BaseLevel/SpellLevel kept from rank 1 (learn level 56); RealPointsPerLevel from rank1→level-60 slope (anchor rank 27683, rank 1); coefficient/cast_time_ms/mana_cost_pct from max rank (48170, rank 3); MaxLevel set to 80"
27813,Blessed Recovery,2,1,0,16842752,0,0,0,0,0,0,0,0.0,,6000,"{""amplitude"": 2000, ""apply_aura"": 8, ""base_points"": 0, ""chain_targets"": 0, ""die_sides"": 1, ""implicit_target_a"": 1, ""implicit_target_b"": 0, ""mechanic"": 0, ""misc_value"": 0, ""points_per_level"": 0.0, ""radius_yards"": null, ""trigger_spell"": 0, ""type"": 6}",,,1875,,,"{""AttributesEx4"": 524416, ""AttributesEx5"": 8, ""AuraDescription_Lang_Mask"": 16712190, ""AuraDescription_Lang_enUS"": ""Heals $27811s1% of damage from a recent crit over $d."", ""CastingTimeIndex"": 1, ""Description_Lang_Mask"": 16712190, ""Description_Lang_enUS"": ""Heals the target over $d."", ""EffectChainAmplitude_1"": 1.0, ""EffectChainAmplitude_2"": 1.0, ""EffectChainAmplitude_3"": 1.0, ""EquippedItemClass"": -1, ""MaxLevel"": 80, ""NameSubtext_Lang_Mask"": 16712190, ""NameSubtext_Lang_enUS"": """", ""Name_Lang_Mask"": 16712190, ""ProcChance"": 101, ""RangeIndex"": 1, ""ShapeshiftExclude"": 1073741824, ""SpellClassMask_2"": 4096, ""SpellClassMask_3"": 1024, ""SpellClassSet"": 6, ""SpellVisualID_1"": 7548, ""StartRecoveryCategory"": 133, ""StartRecoveryTime"": 1500}","single-rank bootstrap: BasePoints/BaseLevel/SpellLevel kept from rank 1 (learn level 0); RealPointsPerLevel from rank1→level-60 slope (anchor rank 27818, rank 3); coefficient/cast_time_ms/mana_cost_pct from max rank (27818, rank 3); MaxLevel set to 80"
32375,Mass Dispel,2,0,0,536936448,0,1500,0,0,0,0,33,30.0,,,"{""amplitude"": 0, ""apply_aura"": 0, ""base_points"": 0, ""chain_targets"": 0, ""die_sides"": 1, ""implicit_target_a"": 31, ""implicit_target_b"": 0, ""mechanic"": 0, ""misc_value"": 1, ""points_per_level"": 0.0, ""radius_yards"": 15.0, ""trigger_spell"": 0, ""type"": 38}","{""amplitude"": 0, ""apply_aura"": 0, ""base_points"": 0, ""chain_targets"": 0, ""die_sides"": 1, ""implicit_target_a"": 16, ""implicit_target_b"": 0, ""mechanic"": 0, ""misc_value"": 0, ""points_per_level"": 0.0, ""radius_yards"": 10.0, ""trigger_spell"": 32592, ""type"": 64}","{""amplitude"": 0, ""apply_aura"": 0, ""base_points"": 72733, ""chain_targets"": 0, ""die_sides"": 1, ""implicit_target_a"": 1, ""implicit_target_b"": 0, ""mechanic"": 0, ""misc_value"": 0, ""points_per_level"": 0.0, ""radius_yards"": null, ""trigger_spell"": 72734, ""type"": 64}",2267,,,"{""AttributesEx2"": 524288, ""AuraDescription_Lang_Mask"": 16712188, ""BaseLevel"": 70, ""CastingTimeIndex"": 16, ""DefenseType"": 1, ""Description_Lang_Mask"": 16712190, ""Description_Lang_enUS"": ""Dispels magic in a $32375a1 yard radius, removing $32375s1 harmful $lspell:spells; from each friendly target and $32375s1 beneficial $lspell:spells; from each enemy target.  Affects a maximum of $32375i friendly targets and $32375i enemy targets.  This dispel is potent enough to remove Magic effects that are normally undispellable."", ""EffectChainAmplitude_1"": 1.0, ""EffectChainAmplitude_2"": 1.0, ""EffectChainAmplitude_3"": 1.0, ""EquippedItemClass"": -1, ""InterruptFlags"": 15, ""MaxTargets"": 10, ""NameSubtext_Lang_Mask"": 16712188, ""Name_Lang_Mask"": 16712190, ""PreventionType"": 1, ""ProcChance"": 101, ""ShapeshiftMask"": 134217728, ""SpellClassMask_2"": 128, ""SpellClassSet"": 6, ""SpellLevel"": 70, ""SpellVisualID_1"": 8140, ""StartRecoveryCategory"": 133, ""StartRecoveryTime"": 1500, ""Targets"": 64}",pulled from existing data
32379,Shadow Word: Death,32,1,0,327680,1169,0,0,12000,0,0,12,30.0,,,"{""amplitude"": 0, ""apply_aura"": 0, ""base_points"": 449, ""chain_targets"": 0, ""die_sides"": 73, ""implicit_target_a"": 6, ""implicit_target_b"": 0, ""mechanic"": 0, ""misc_value"": 0, ""points_per_level"": 13.6364, ""radius_yards"": null, ""trigger_spell"": 0, ""type"": 2}",,,1980,,,"{""AttributesEx2"": 524288, ""AuraDescription_Lang_Mask"": 16712188, ""BaseLevel"": 62, ""CastingTimeIndex"": 1, ""DefenseType"": 1, ""Description_Lang_Mask"": 16712190, ""Description_Lang_enUS"": ""A word of dark binding that inflicts $s1 Shadow damage to the target.  If the target is not killed by Shadow Word: Death, the caster takes damage equal to the damage inflicted upon the target."", ""EffectBonusMultiplier_1"": 0.42899999022483826, ""EffectChainAmplitude_1"": 1.0, ""EffectChainAmplitude_2"": 1.0, ""EffectChainAmplitude_3"": 1.0, ""EquippedItemClass"": -1, ""InterruptFlags"": 8, ""MaxLevel"": 80, ""NameSubtext_Lang_Mask"": 16712190, ""NameSubtext_Lang_enUS"": """", ""Name_Lang_Mask"": 16712190, ""PreventionType"": 1, ""ProcChance"": 101, ""ShapeshiftMask"": 134217728, ""SpellClassMask_2"": 2, ""SpellClassSet"": 6, ""SpellLevel"": 62, ""SpellVisualID_1"": 8069, ""StartRecoveryCategory"": 133, ""StartRecoveryTime"": 1500}","single-rank bootstrap: BasePoints/BaseLevel/SpellLevel kept from rank 1 (learn level 62); RealPointsPerLevel from rank1→top rank's own top level (84, chain has a gap at 60) slope (anchor rank 48158, rank 4); coefficient/cast_time_ms/mana_cost_pct from max rank (48158, rank 4); MaxLevel set to 80"
32546,Binding Heal,2,0,0,65536,0,1500,0,0,0,0,27,40.0,,,"{""amplitude"": 0, ""apply_aura"": 0, ""base_points"": 1041, ""chain_targets"": 0, ""die_sides"": 297, ""implicit_target_a"": 21, ""implicit_target_b"": 0, ""mechanic"": 0, ""misc_value"": 0, ""points_per_level"": 51.3333, ""radius_yards"": null, ""trigger_spell"": 0, ""type"": 10}","{""amplitude"": 0, ""apply_aura"": 0, ""base_points"": 1041, ""chain_targets"": 0, ""die_sides"": 297, ""implicit_target_a"": 1, ""implicit_target_b"": 0, ""mechanic"": 0, ""misc_value"": 0, ""points_per_level"": 51.3333, ""radius_yards"": null, ""trigger_spell"": 0, ""type"": 10}",,2266,,,"{""AttributesEx"": 524288, ""AttributesEx2"": 524288, ""AuraDescription_Lang_Mask"": 16712188, ""BaseLevel"": 64, ""CastingTimeIndex"": 16, ""DefenseType"": 1, ""Description_Lang_Mask"": 16712190, ""Description_Lang_enUS"": ""Heals a friendly target and the caster for $s1.  Low threat."", ""EffectBonusMultiplier_1"": 0.8069999814033508, ""EffectBonusMultiplier_2"": 0.8069999814033508, ""EffectChainAmplitude_1"": 1.0, ""EffectChainAmplitude_2"": 1.0, ""EffectChainAmplitude_3"": 1.0, ""EffectMultipleValue_1"": 1.0, ""EquippedItemClass"": -1, ""InterruptFlags"": 15, ""MaxLevel"": 80, ""NameSubtext_Lang_Mask"": 16712190, ""NameSubtext_Lang_enUS"": """", ""Name_Lang_Mask"": 16712190, ""PreventionType"": 1, ""ProcChance"": 101, ""ShapeshiftExclude"": 134217728, ""ShapeshiftMask"": 2147483648, ""SpellClassMask_2"": 4, ""SpellClassSet"": 6, ""SpellLevel"": 64, ""SpellPriority"": 50, ""SpellVisualID_1"": 3077, ""StartRecoveryCategory"": 133, ""StartRecoveryTime"": 1500}","single-rank bootstrap: BasePoints/BaseLevel/SpellLevel kept from rank 1 (learn level 64); RealPointsPerLevel from rank1→top rank's own top level (82, chain has a gap at 60) slope (anchor rank 48120, rank 3); coefficient/cast_time_ms/mana_cost_pct from max rank (48120, rank 3); MaxLevel set to 80"
33076,Prayer of Mending,2,1,0,65536,1181,0,0,10000,0,0,15,40.0,,,"{""amplitude"": 0, ""apply_aura"": 0, ""base_points"": 799, ""chain_targets"": 0, ""die_sides"": 1, ""implicit_target_a"": 57, ""implicit_target_b"": 0, ""mechanic"": 0, ""misc_value"": 0, ""points_per_level"": 15.1875, ""radius_yards"": null, ""trigger_spell"": 41635, ""type"": 142}","{""amplitude"": 0, ""apply_aura"": 0, ""base_points"": 0, ""chain_targets"": 0, ""die_sides"": 0, ""implicit_target_a"": 57, ""implicit_target_b"": 0, ""mechanic"": 0, ""misc_value"": 0, ""points_per_level"": 0.0, ""radius_yards"": null, ""trigger_spell"": 41637, ""type"": 64}",,2219,,,"{""AttributesEx2"": 524288, ""AttributesEx3"": 67108864, ""AttributesEx7"": 1073741824, ""AuraDescription_Lang_Mask"": 16712190, ""BaseLevel"": 68, ""CastingTimeIndex"": 1, ""Description_Lang_Mask"": 16712190, ""Description_Lang_enUS"": ""Places a spell on the target that heals them for $s1 the next time they take damage.  When the heal occurs, Prayer of Mending jumps to a party or raid member within $41635a1 yards.  Jumps up to $n times and lasts $41635d after each jump.  This spell can only be placed on one target at a time."", ""EffectBonusMultiplier_1"": 0.8069999814033508, ""EffectChainAmplitude_1"": 1.0, ""EffectChainAmplitude_2"": 1.0, ""EffectChainAmplitude_3"": 1.0, ""EquippedItemClass"": -1, ""MaxLevel"": 80, ""NameSubtext_Lang_Mask"": 16712190, ""NameSubtext_Lang_enUS"": """", ""Name_Lang_Mask"": 16712190, ""PreventionType"": 1, ""ProcChance"": 100, ""ProcCharges"": 5, ""ProcTypeMask"": 699048, ""ShapeshiftExclude"": 134217728, ""ShapeshiftMask"": 2147483648, ""SpellClassMask_2"": 32, ""SpellClassMask_3"": 1024, ""SpellClassSet"": 6, ""SpellLevel"": 68, ""SpellVisualID_1"": 8070, ""StartRecoveryCategory"": 133, ""StartRecoveryTime"": 1500}","single-rank bootstrap: BasePoints/BaseLevel/SpellLevel kept from rank 1 (learn level 68); RealPointsPerLevel from rank1→top rank's own top level (84, chain has a gap at 60) slope (anchor rank 48113, rank 3); coefficient/cast_time_ms/mana_cost_pct from max rank (48113, rank 3); MaxLevel set to 80"
33196,Misery,32,0,0,0,0,0,0,0,0,0,0,100.0,,24000,"{""amplitude"": 0, ""apply_aura"": 186, ""base_points"": 0, ""chain_targets"": 0, ""die_sides"": 1, ""implicit_target_a"": 6, ""implicit_target_b"": 0, ""mechanic"": 0, ""misc_value"": 127, ""points_per_level"": 0.0333, ""radius_yards"": null, ""trigger_spell"": 0, ""type"": 6}",,,2211,,,"{""AttributesEx2"": 4, ""AttributesEx3"": 196608, ""AuraDescription_Lang_Mask"": 16712190, ""AuraDescription_Lang_enUS"": ""Chance to hit with spells on the target increased by $s1%."", ""AuraInterruptFlags"": 524288, ""CastingTimeIndex"": 1, ""Description_Lang_Mask"": 16712190, ""Description_Lang_enUS"": ""Your Shadow Word: Pain, Mind Flay and Vampiric Touch spells also increase the chance for harmful spells to hit by $33196s1%."", ""EffectChainAmplitude_1"": 1.0, ""EffectChainAmplitude_2"": 1.0, ""EffectChainAmplitude_3"": 1.0, ""EffectSpellClassMaskA_1"": 32, ""EffectSpellClassMaskB_1"": 32, ""EquippedItemClass"": -1, ""MaxLevel"": 80, ""NameSubtext_Lang_Mask"": 16712190, ""NameSubtext_Lang_enUS"": """", ""Name_Lang_Mask"": 16712190, ""ProcChance"": 101, ""SpellClassSet"": 6}","single-rank bootstrap: BasePoints/BaseLevel/SpellLevel kept from rank 1 (learn level 0); RealPointsPerLevel from rank1→level-60 slope (anchor rank 33198, rank 3); coefficient/cast_time_ms/mana_cost_pct from max rank (33198, rank 3); MaxLevel set to 80"
34433,Shadowfiend,32,0,0,327680,0,0,300000,0,0,0,0,30.0,,15000,"{""amplitude"": 0, ""apply_aura"": 0, ""base_points"": 0, ""chain_targets"": 0, ""die_sides"": 0, ""implicit_target_a"": 53, ""implicit_target_b"": 0, ""mechanic"": 0, ""misc_value"": 19668, ""points_per_level"": 0.0, ""radius_yards"": null, ""trigger_spell"": 0, ""type"": 28}","{""amplitude"": 0, ""apply_aura"": 0, ""base_points"": 0, ""chain_targets"": 0, ""die_sides"": 0, ""implicit_target_a"": 1, ""implicit_target_b"": 0, ""mechanic"": 0, ""misc_value"": 0, ""points_per_level"": 0.0, ""radius_yards"": null, ""trigger_spell"": 41967, ""type"": 64}",,2296,,,"{""AttributesEx"": 268435457, ""AttributesEx2"": 524288, ""AttributesEx4"": 524288, ""AuraDescription_Lang_Mask"": 16712188, ""BaseLevel"": 66, ""CastingTimeIndex"": 1, ""Description_Lang_Mask"": 16712190, ""Description_Lang_enUS"": ""Creates a shadowy fiend to attack the target.  Caster receives $34650s1% mana when the Shadowfiend attacks. Damage taken by area of effect attacks is reduced. Lasts $d."", ""EffectChainAmplitude_1"": 1.0, ""EffectChainAmplitude_2"": 1.0, ""EffectChainAmplitude_3"": 1.0, ""EffectMiscValueB_1"": 1561, ""EquippedItemClass"": -1, ""NameSubtext_Lang_Mask"": 16712190, ""Name_Lang_Mask"": 16712190, ""PreventionType"": 1, ""ProcChance"": 101, ""ShapeshiftMask"": 134217728, ""SpellClassMask_1"": 1073741824, ""SpellClassMask_2"": 256, ""SpellClassSet"": 6, ""SpellLevel"": 66, ""SpellVisualID_1"": 8208, ""StartRecoveryCategory"": 133, ""StartRecoveryTime"": 1500}",pulled from existing data
39374,Prayer of Shadow Protection,2,1,0,65536,0,0,0,0,0,0,62,40.0,,1200000,"{""amplitude"": 0, ""apply_aura"": 143, ""base_points"": 69, ""chain_targets"": 0, ""die_sides"": 1, ""implicit_target_a"": 56, ""implicit_target_b"": 0, ""mechanic"": 0, ""misc_value"": 32, ""points_per_level"": 0.0, ""radius_yards"": 100.0, ""trigger_spell"": 0, ""type"": 6}",,,1869,,,"{""AttributesEx"": 131072, ""AttributesEx2"": 524288, ""AttributesEx6"": 67108864, ""AttributesEx7"": 268435456, ""AuraDescription_Lang_Mask"": 16712190, ""AuraDescription_Lang_enUS"": ""Increases Shadow Resistance by $s1."", ""BaseLevel"": 70, ""CastingTimeIndex"": 1, ""DefenseType"": 1, ""Description_Lang_Mask"": 16712190, ""Description_Lang_enUS"": ""Power infuses the target's party and raid members, increasing their Shadow resistance by $s1 for $d."", ""EffectChainAmplitude_1"": 1.0, ""EffectChainAmplitude_2"": 1.0, ""EffectChainAmplitude_3"": 1.0, ""EquippedItemClass"": -1, ""InterruptFlags"": 8, ""NameSubtext_Lang_Mask"": 16712190, ""NameSubtext_Lang_enUS"": ""Rank 2"", ""Name_Lang_Mask"": 16712190, ""PreventionType"": 1, ""ProcChance"": 101, ""ReagentCount_1"": 1, ""Reagent_1"": 17029, ""ShapeshiftMask"": 134217728, ""SpellClassMask_1"": 256, ""SpellClassMask_3"": 1024, ""SpellClassSet"": 6, ""SpellLevel"": 70, ""SpellVisualID_1"": 27, ""StartRecoveryCategory"": 133, ""StartRecoveryTime"": 1500}","superseded rank kept in priest.csv: still referenced by item_template 31837 (Codex: Prayer of Shadow Protection II) spellid_2, not creature-only"
41635,Prayer of Mending,2,1,0,65536,0,0,0,0,0,0,0,50000.0,,30000,"{""amplitude"": 0, ""apply_aura"": 225, ""base_points"": -1, ""chain_targets"": 0, ""die_sides"": 1, ""implicit_target_a"": 57, ""implicit_target_b"": 0, ""mechanic"": 0, ""misc_value"": 0, ""points_per_level"": 0.0, ""radius_yards"": 20.0, ""trigger_spell"": 0, ""type"": 6}",,,2219,,,"{""AttributesEx"": 1024, ""AttributesEx2"": 524292, ""AttributesEx3"": 1140850688, ""AttributesEx4"": 524288, ""AttributesEx5"": 32, ""AttributesEx6"": 67108864, ""AttributesEx7"": 1073741824, ""AuraDescription_Lang_Mask"": 16712190, ""AuraDescription_Lang_enUS"": ""Heals for $33076s1 the next time you take damage."", ""AuraInterruptFlags"": 524288, ""BaseLevel"": 68, ""CastingTimeIndex"": 1, ""DefenseType"": 1, ""Description_Lang_Mask"": 16712190, ""Description_Lang_enUS"": ""Places a spell on the target that heals them the next time they take damage.  When the heal occurs, Prayer of Mending jumps to a party or raid member within $a1 yards.  Jumps up to $n times and lasts $d after each jump.  This spell can only be placed on one target at a time."", ""EffectChainAmplitude_1"": 1.0, ""EffectChainAmplitude_2"": 1.0, ""EffectChainAmplitude_3"": 1.0, ""EquippedItemClass"": -1, ""MaxLevel"": 80, ""NameSubtext_Lang_Mask"": 16712190, ""NameSubtext_Lang_enUS"": """", ""Name_Lang_Mask"": 16712190, ""PreventionType"": 1, ""ProcChance"": 100, ""ProcCharges"": 5, ""ProcTypeMask"": 697000, ""ShapeshiftExclude"": 134217728, ""ShapeshiftMask"": 2147483648, ""SpellClassMask_2"": 32, ""SpellClassMask_3"": 1024, ""SpellClassSet"": 6, ""SpellLevel"": 68, ""SpellVisualID_1"": 8070, ""StartRecoveryCategory"": 133, ""StartRecoveryTime"": 1500}","single-rank bootstrap: BasePoints/BaseLevel/SpellLevel kept from rank 1 (learn level 68); RealPointsPerLevel from rank1→top rank's own top level (83, chain has a gap at 60) slope (anchor rank 48111, rank 3); coefficient/cast_time_ms/mana_cost_pct from max rank (48111, rank 3); MaxLevel set to 80"
45237,Focused Will,2,1,0,16777216,0,0,0,0,0,0,0,0.0,,8000,"{""amplitude"": 0, ""apply_aura"": 87, ""base_points"": -3, ""chain_targets"": 0, ""die_sides"": 1, ""implicit_target_a"": 1, ""implicit_target_b"": 0, ""mechanic"": 0, ""misc_value"": 127, ""points_per_level"": -0.0333, ""radius_yards"": null, ""trigger_spell"": 0, ""type"": 6}","{""amplitude"": 0, ""apply_aura"": 118, ""base_points"": 2, ""chain_targets"": 0, ""die_sides"": 1, ""implicit_target_a"": 1, ""implicit_target_b"": 0, ""mechanic"": 0, ""misc_value"": 127, ""points_per_level"": 0.0333, ""radius_yards"": null, ""trigger_spell"": 0, ""type"": 6}",,2215,,,"{""AttributesEx4"": 524416, ""AttributesEx5"": 8, ""AuraDescription_Lang_Mask"": 16712190, ""AuraDescription_Lang_enUS"": ""All damage reduced by $s1%.  Healing effects increased by $s2%."", ""CastingTimeIndex"": 1, ""CumulativeAura"": 3, ""Description_Lang_Mask"": 16712190, ""Description_Lang_enUS"": ""After taking a critical hit you gain the Focused Will effect, reducing all damage taken by $s1% and increasing healing effects on you by $s2%.  Stacks up to $u times.  Lasts $d."", ""EffectBasePoints_3"": -1, ""EffectChainAmplitude_1"": 1.0, ""EffectChainAmplitude_2"": 1.0, ""EffectChainAmplitude_3"": 1.0, ""EffectDieSides_3"": 1, ""EffectSpellClassMaskA_1"": 1152794256, ""EffectSpellClassMaskA_2"": 1156, ""EquippedItemClass"": -1, ""MaxLevel"": 80, ""NameSubtext_Lang_Mask"": 16712190, ""NameSubtext_Lang_enUS"": """", ""Name_Lang_Mask"": 16712190, ""ProcChance"": 101, ""RangeIndex"": 1, ""SpellClassMask_2"": 4096, ""SpellClassMask_3"": 1024, ""SpellClassSet"": 6, ""SpellVisualID_1"": 7645}","single-rank bootstrap: BasePoints/BaseLevel/SpellLevel kept from rank 1 (learn level 0); RealPointsPerLevel from rank1→level-60 slope (anchor rank 45242, rank 3); coefficient/cast_time_ms/mana_cost_pct from max rank (45242, rank 3); MaxLevel set to 80"
47666,Penance,2,0,0,65536,0,0,0,0,0,0,0,30.0,,,"{""amplitude"": 0, ""apply_aura"": 0, ""base_points"": 239, ""chain_targets"": 0, ""die_sides"": 1, ""implicit_target_a"": 77, ""implicit_target_b"": 0, ""mechanic"": 0, ""misc_value"": 0, ""points_per_level"": 5.625, ""radius_yards"": null, ""trigger_spell"": 0, ""type"": 2}",,,2818,,,"{""AttributesEx2"": 4, ""AttributesEx3"": 512, ""AuraDescription_Lang_Mask"": 16712188, ""BaseLevel"": 60, ""CastingTimeIndex"": 1, ""DefenseType"": 1, ""Description_Lang_Mask"": 16712190, ""Description_Lang_enUS"": ""Launches a volley of holy light at the target, causing $47666s1 Holy damage to an enemy, or $47750s1 healing to an ally instantly and every $47758t2 sec for $47758d."", ""EffectBonusMultiplier_1"": 0.2290000021457672, ""EffectChainAmplitude_1"": 1.0, ""EffectChainAmplitude_2"": 1.0, ""EffectChainAmplitude_3"": 1.0, ""EquippedItemClass"": -1, ""MaxLevel"": 80, ""NameSubtext_Lang_Mask"": 16712190, ""NameSubtext_Lang_enUS"": """", ""Name_Lang_Mask"": 16712190, ""PreventionType"": 1, ""ProcChance"": 101, ""Speed"": 40.0, ""SpellClassMask_2"": 32768, ""SpellClassSet"": 6, ""SpellLevel"": 60, ""SpellPriority"": 50, ""SpellVisualID_1"": 10982}","single-rank bootstrap: BasePoints/BaseLevel/SpellLevel kept from rank 1 (learn level 60); RealPointsPerLevel from rank1→top rank's own top level (84, chain has a gap at 60) slope (anchor rank 53000, rank 4); coefficient/cast_time_ms/mana_cost_pct from max rank (53000, rank 4); MaxLevel set to 80"
47750,Penance,2,0,0,65536,0,0,0,0,0,0,0,40.0,,,"{""amplitude"": 0, ""apply_aura"": 0, ""base_points"": 669, ""chain_targets"": 0, ""die_sides"": 87, ""implicit_target_a"": 77, ""implicit_target_b"": 0, ""mechanic"": 0, ""misc_value"": 0, ""points_per_level"": 33.9167, ""radius_yards"": null, ""trigger_spell"": 0, ""type"": 10}",,,2818,,,"{""AttributesEx2"": 4194308, ""AttributesEx3"": 512, ""AuraDescription_Lang_Mask"": 16712188, ""BaseLevel"": 60, ""CastingTimeIndex"": 1, ""DefenseType"": 1, ""Description_Lang_Mask"": 16712190, ""Description_Lang_enUS"": ""Launches a volley of holy light at the target, causing $47666s1 Holy damage to an enemy, or $47750s1 healing to an ally instantly and every $47758t2 sec for $47758d."", ""EffectBonusMultiplier_1"": 0.5370000004768372, ""EffectChainAmplitude_1"": 1.0, ""EffectChainAmplitude_2"": 1.0, ""EffectChainAmplitude_3"": 1.0, ""EquippedItemClass"": -1, ""MaxLevel"": 80, ""NameSubtext_Lang_Mask"": 16712190, ""NameSubtext_Lang_enUS"": """", ""Name_Lang_Mask"": 16712190, ""PreventionType"": 1, ""ProcChance"": 101, ""Speed"": 40.0, ""SpellClassMask_2"": 65536, ""SpellClassSet"": 6, ""SpellLevel"": 60, ""SpellPriority"": 50, ""SpellVisualID_1"": 10981}","single-rank bootstrap: BasePoints/BaseLevel/SpellLevel kept from rank 1 (learn level 60); RealPointsPerLevel from rank1→top rank's own top level (84, chain has a gap at 60) slope (anchor rank 52985, rank 4); coefficient/cast_time_ms/mana_cost_pct from max rank (52985, rank 4); MaxLevel set to 80"
47757,Penance,2,0,0,536936704,0,0,0,0,0,0,0,40.0,,2000,"{""amplitude"": 0, ""apply_aura"": 4, ""base_points"": 0, ""chain_targets"": 0, ""die_sides"": 0, ""implicit_target_a"": 21, ""implicit_target_b"": 0, ""mechanic"": 0, ""misc_value"": 0, ""points_per_level"": 0.0, ""radius_yards"": null, ""trigger_spell"": 0, ""type"": 6}","{""amplitude"": 1000, ""apply_aura"": 23, ""base_points"": 0, ""chain_targets"": 0, ""die_sides"": 0, ""implicit_target_a"": 1, ""implicit_target_b"": 0, ""mechanic"": 0, ""misc_value"": 0, ""points_per_level"": -0.0169, ""radius_yards"": null, ""trigger_spell"": 47750, ""type"": 6}",,2818,,,"{""AttributesEx"": 335561924, ""AttributesEx4"": 134217728, ""AttributesEx5"": 8704, ""AuraDescription_Lang_Mask"": 16712188, ""BaseLevel"": 1, ""CastingTimeIndex"": 1, ""ChannelInterruptFlags"": 31756, ""Description_Lang_Mask"": 16712190, ""EffectChainAmplitude_1"": 1.0, ""EffectChainAmplitude_2"": 1.0, ""EffectChainAmplitude_3"": 1.0, ""EquippedItemClass"": -1, ""InterruptFlags"": 15, ""MaxLevel"": 80, ""NameSubtext_Lang_Mask"": 16712190, ""NameSubtext_Lang_enUS"": """", ""Name_Lang_Mask"": 16712190, ""PreventionType"": 1, ""ProcChance"": 101, ""SpellClassMask_2"": 65536, ""SpellClassMask_3"": 128, ""SpellClassSet"": 6, ""SpellLevel"": 1, ""SpellPriority"": 50, ""SpellVisualID_1"": 10980}","single-rank bootstrap: BasePoints/BaseLevel/SpellLevel kept from rank 1 (learn level 1); RealPointsPerLevel from rank1→level-60 slope (anchor rank 52988, rank 4); coefficient/cast_time_ms/mana_cost_pct from max rank (52988, rank 4); MaxLevel set to 80"
47758,Penance,2,0,0,536936704,0,0,0,0,0,0,0,30.0,,2000,"{""amplitude"": 0, ""apply_aura"": 4, ""base_points"": -1, ""chain_targets"": 0, ""die_sides"": 1, ""implicit_target_a"": 6, ""implicit_target_b"": 0, ""mechanic"": 0, ""misc_value"": 0, ""points_per_level"": 0.0, ""radius_yards"": null, ""trigger_spell"": 0, ""type"": 6}","{""amplitude"": 1000, ""apply_aura"": 23, ""base_points"": 0, ""chain_targets"": 0, ""die_sides"": 0, ""implicit_target_a"": 1, ""implicit_target_b"": 0, ""mechanic"": 0, ""misc_value"": 0, ""points_per_level"": 0.0, ""radius_yards"": null, ""trigger_spell"": 47666, ""type"": 6}",,2818,,,"{""AttributesEx"": 335561860, ""AttributesEx4"": 134217728, ""AttributesEx5"": 8704, ""AuraDescription_Lang_Mask"": 16712188, ""BaseLevel"": 1, ""CastingTimeIndex"": 1, ""ChannelInterruptFlags"": 31756, ""Description_Lang_Mask"": 16712190, ""EffectChainAmplitude_1"": 1.0, ""EffectChainAmplitude_2"": 1.0, ""EffectChainAmplitude_3"": 1.0, ""EquippedItemClass"": -1, ""InterruptFlags"": 15, ""MaxLevel"": 80, ""NameSubtext_Lang_Mask"": 16712190, ""NameSubtext_Lang_enUS"": """", ""Name_Lang_Mask"": 16712190, ""PreventionType"": 1, ""ProcChance"": 101, ""SpellClassMask_3"": 128, ""SpellClassSet"": 6, ""SpellLevel"": 1, ""SpellPriority"": 50, ""SpellVisualID_1"": 10980}","single-rank bootstrap: BasePoints/BaseLevel/SpellLevel kept from rank 1 (learn level 1); RealPointsPerLevel from rank1→level-60 slope (anchor rank 53003, rank 4); coefficient/cast_time_ms/mana_cost_pct from max rank (53003, rank 4); MaxLevel set to 80"
48045,Mind Sear,32,0,0,4259840,0,0,0,0,0,0,28,30.0,,5000,"{""amplitude"": 1000, ""apply_aura"": 23, ""base_points"": 0, ""chain_targets"": 0, ""die_sides"": 1, ""implicit_target_a"": 6, ""implicit_target_b"": 0, ""mechanic"": 0, ""misc_value"": 0, ""points_per_level"": 0.0, ""radius_yards"": null, ""trigger_spell"": 49821, ""type"": 6}",,,2895,,,"{""AttributesEx"": 132, ""AttributesEx2"": 524288, ""AttributesEx5"": 8192, ""AttributesEx6"": 8388608, ""AuraDescription_Lang_Mask"": 16712190, ""AuraDescription_Lang_enUS"": ""Causing shadow damage to all targets within $49821a1 yards."", ""BaseLevel"": 75, ""CastingTimeIndex"": 1, ""ChannelInterruptFlags"": 31788, ""DefenseType"": 1, ""Description_Lang_Mask"": 16712190, ""Description_Lang_enUS"": ""Causes an explosion of shadow magic around the enemy target, causing $49821s1 Shadow damage every $T1 sec for $d to all enemies within $49821a1 yards around the target."", ""EffectChainAmplitude_1"": 1.0, ""EffectChainAmplitude_2"": 1.0, ""EffectChainAmplitude_3"": 1.0, ""EquippedItemClass"": -1, ""InterruptFlags"": 15, ""MaxLevel"": 80, ""NameSubtext_Lang_Mask"": 16712190, ""NameSubtext_Lang_enUS"": """", ""Name_Lang_Mask"": 16712190, ""PreventionType"": 1, ""ProcChance"": 101, ""ShapeshiftMask"": 134217728, ""SpellClassMask_2"": 1048576, ""SpellClassSet"": 6, ""SpellLevel"": 75, ""SpellVisualID_1"": 12121, ""StartRecoveryCategory"": 133, ""StartRecoveryTime"": 1500}","single-rank bootstrap: BasePoints/BaseLevel/SpellLevel kept from rank 1 (learn level 75); RealPointsPerLevel from rank1→top rank's own top level (84, chain has a gap at 60) slope (anchor rank 53023, rank 2); coefficient/cast_time_ms/mana_cost_pct from max rank (53023, rank 2); MaxLevel set to 80"
49694,Improved Spirit Tap,32,1,0,134283264,0,0,0,0,0,0,0,0.0,,8000,"{""amplitude"": 0, ""apply_aura"": 137, ""base_points"": 4, ""chain_targets"": 0, ""die_sides"": 1, ""implicit_target_a"": 1, ""implicit_target_b"": 0, ""mechanic"": 0, ""misc_value"": 4, ""points_per_level"": 0.0833, ""radius_yards"": null, ""trigger_spell"": 0, ""type"": 6}","{""amplitude"": 0, ""apply_aura"": 134, ""base_points"": 16, ""chain_targets"": 0, ""die_sides"": 1, ""implicit_target_a"": 1, ""implicit_target_b"": 0, ""mechanic"": 0, ""misc_value"": 0, ""points_per_level"": 0.2667, ""radius_yards"": null, ""trigger_spell"": 0, ""type"": 6}",,152,,,"{""AttributesEx2"": 524288, ""AuraDescription_Lang_Mask"": 16712190, ""AuraDescription_Lang_enUS"": ""Spirit increased $s1% and allows $s2% mana regeneration while casting."", ""CastingTimeIndex"": 1, ""Description_Lang_Mask"": 16712190, ""Description_Lang_enUS"": ""Your Mind Blast and Shadow Word: Death critical strikes increase your total Spirit by $s1%. For the duration, your mana will regenerate at a $s2% rate while casting. Lasts $49694d."", ""EffectBonusMultiplier_2"": 1.0, ""EffectBonusMultiplier_3"": 1.0, ""EffectChainAmplitude_1"": 1.0, ""EffectChainAmplitude_2"": 1.0, ""EffectChainAmplitude_3"": 1.0, ""EquippedItemClass"": -1, ""MaxLevel"": 80, ""NameSubtext_Lang_Mask"": 16712190, ""NameSubtext_Lang_enUS"": """", ""Name_Lang_Mask"": 16712190, ""ProcChance"": 101, ""RangeIndex"": 1, ""ShapeshiftMask"": 134217728, ""SpellClassMask_2"": 4096, ""SpellClassMask_3"": 1024, ""SpellClassSet"": 6}","single-rank bootstrap: BasePoints/BaseLevel/SpellLevel kept from rank 1 (learn level 0); RealPointsPerLevel from rank1→level-60 slope (anchor rank 59000, rank 2); coefficient/cast_time_ms/mana_cost_pct from max rank (59000, rank 2); MaxLevel set to 80"
49821,Mind Sear,32,0,0,0,0,0,0,0,0,0,0,0.0,,,"{""amplitude"": 0, ""apply_aura"": 0, ""base_points"": 182, ""chain_targets"": 0, ""die_sides"": 15, ""implicit_target_a"": 76, ""implicit_target_b"": 16, ""mechanic"": 0, ""misc_value"": 0, ""points_per_level"": 3.2222, ""radius_yards"": 10.0, ""trigger_spell"": 0, ""type"": 2}",,,2895,,,"{""AttributesEx"": 136, ""AttributesEx2"": 4194304, ""AuraDescription_Lang_Mask"": 16712190, ""AuraDescription_Lang_enUS"": ""Causing shadow damage to all targets within $a1 yards."", ""BaseLevel"": 75, ""CastingTimeIndex"": 1, ""DefenseType"": 1, ""Description_Lang_Mask"": 16712190, ""Description_Lang_enUS"": ""Causes an explosion of shadow magic around the enemy target, causing $s1 Shadow damage every 1 sec for $48045d to all enemies within $a1 yards around the target."", ""EffectBonusMultiplier_1"": 0.28600001335144043, ""EffectChainAmplitude_1"": 1.0, ""EffectChainAmplitude_2"": 1.0, ""EffectChainAmplitude_3"": 1.0, ""EquippedItemClass"": -1, ""MaxLevel"": 80, ""NameSubtext_Lang_Mask"": 16712190, ""NameSubtext_Lang_enUS"": """", ""Name_Lang_Mask"": 16712190, ""PreventionType"": 1, ""ProcChance"": 101, ""RangeIndex"": 1, ""SpellClassMask_2"": 524288, ""SpellClassSet"": 6, ""SpellLevel"": 75, ""SpellVisualID_1"": 12122}","single-rank bootstrap: BasePoints/BaseLevel/SpellLevel kept from rank 1 (learn level 75); RealPointsPerLevel from rank1→top rank's own top level (84, chain has a gap at 60) slope (anchor rank 53022, rank 2); coefficient/cast_time_ms/mana_cost_pct from max rank (53022, rank 2); MaxLevel set to 80"
64843,Divine Hymn,2,0,0,65536,0,0,480000,0,0,0,63,40.0,,8000,"{""amplitude"": 2000, ""apply_aura"": 23, ""base_points"": -1, ""chain_targets"": 0, ""die_sides"": 1, ""implicit_target_a"": 1, ""implicit_target_b"": 0, ""mechanic"": 0, ""misc_value"": 0, ""points_per_level"": 0.0, ""radius_yards"": null, ""trigger_spell"": 64844, ""type"": 6}","{""amplitude"": 0, ""apply_aura"": 4, ""base_points"": 2, ""chain_targets"": 0, ""die_sides"": 1, ""implicit_target_a"": 1, ""implicit_target_b"": 0, ""mechanic"": 0, ""misc_value"": 0, ""points_per_level"": 0.0, ""radius_yards"": null, ""trigger_spell"": 0, ""type"": 6}",,3209,,,"{""AttributesEx"": 536870980, ""AttributesEx2"": 1074266116, ""AttributesEx3"": 1073741824, ""AttributesEx4"": 64, ""AttributesEx5"": 8192, ""AuraDescription_Lang_Mask"": 16712190, ""AuraDescription_Lang_enUS"": ""Reciting Divine Hymn, healing nearby friendly party or raid targets most in need for $64844s1 every $t1 sec for $d."", ""AuraInterruptFlags"": 131072, ""BaseLevel"": 80, ""CastingTimeIndex"": 1, ""ChannelInterruptFlags"": 31788, ""DefenseType"": 1, ""Description_Lang_Mask"": 16712190, ""Description_Lang_enUS"": ""Heals $64843s2 nearby lowest health friendly party or raid targets within $64844a1 yards for $64844s1 every $64843t1 sec for $64843d, and increases healing done to them by $64844s2% for $64844d. Maximum of $*4;64843s2 heals. The Priest must channel to maintain the spell."", ""EffectBonusMultiplier_3"": 1.0, ""EffectChainAmplitude_1"": 1.0, ""EffectChainAmplitude_2"": 1.0, ""EffectChainAmplitude_3"": 1.0, ""EquippedItemClass"": -1, ""InterruptFlags"": 13, ""MaxLevel"": 84, ""NameSubtext_Lang_Mask"": 16712190, ""NameSubtext_Lang_enUS"": ""Rank 1"", ""Name_Lang_Mask"": 16712190, ""PreventionType"": 1, ""ProcChance"": 101, ""ShapeshiftExclude"": 134217728, ""ShapeshiftMask"": 2147483648, ""SpellClassMask_2"": 4194304, ""SpellClassSet"": 6, ""SpellLevel"": 80, ""SpellVisualID_1"": 10671, ""StartRecoveryCategory"": 133, ""StartRecoveryTime"": 1500}",pulled from existing data
64901,Hymn of Hope,2,0,0,65536,0,0,360000,0,0,0,0,40.0,,8000,"{""amplitude"": 2000, ""apply_aura"": 23, ""base_points"": -1, ""chain_targets"": 0, ""die_sides"": 1, ""implicit_target_a"": 1, ""implicit_target_b"": 0, ""mechanic"": 0, ""misc_value"": 0, ""points_per_level"": 0.0, ""radius_yards"": null, ""trigger_spell"": 64904, ""type"": 6}","{""amplitude"": 0, ""apply_aura"": 4, ""base_points"": 2, ""chain_targets"": 0, ""die_sides"": 1, ""implicit_target_a"": 1, ""implicit_target_b"": 0, ""mechanic"": 0, ""misc_value"": 0, ""points_per_level"": 0.0, ""radius_yards"": null, ""trigger_spell"": 0, ""type"": 6}",,2218,,,"{""AttributesEx"": 536870980, ""AttributesEx2"": 524288, ""AttributesEx4"": 64, ""AttributesEx5"": 8192, ""AuraDescription_Lang_Mask"": 16712190, ""AuraDescription_Lang_enUS"": ""Reciting Hymn of Hope, restoring $64904s1% mana to nearby friendly party or raid targets most in need every $t1 sec for $d."", ""AuraInterruptFlags"": 131072, ""BaseLevel"": 80, ""CastingTimeIndex"": 1, ""ChannelInterruptFlags"": 31788, ""DefenseType"": 1, ""Description_Lang_Mask"": 16712190, ""Description_Lang_enUS"": ""Restores $64904s1% mana to $64901s2 nearby low mana friendly party or raid targets every $64901t1 sec for $64901d, and increases their total maximum mana by $64904s2% for $64904d. Maximum of $*4;s2 mana restores. The Priest must channel to maintain the spell."", ""EffectBonusMultiplier_1"": 0.12700000405311584, ""EffectBonusMultiplier_3"": 1.0, ""EffectChainAmplitude_1"": 1.0, ""EffectChainAmplitude_2"": 1.0, ""EffectChainAmplitude_3"": 1.0, ""EquippedItemClass"": -1, ""InterruptFlags"": 13, ""MaxLevel"": 84, ""NameSubtext_Lang_Mask"": 16712172, ""Name_Lang_Mask"": 16712190, ""PreventionType"": 1, ""ProcChance"": 101, ""ShapeshiftExclude"": 134217728, ""SpellClassMask_3"": 16, ""SpellClassSet"": 6, ""SpellLevel"": 80, ""SpellVisualID_1"": 12858, ""StartRecoveryCategory"": 133, ""StartRecoveryTime"": 1500}",pulled from existing data
