id,name,school,dispel,mechanic,attributes,category,cast_time_ms,cooldown_ms,category_cooldown_ms,power_type,mana_cost,mana_cost_pct,range_yards,radius_yards,duration_ms,effect1,effect2,effect3,spell_icon_id,spell_weight,coeff_weight,raw_overrides,notes
724,Lightwell,2,0,0,65536,1145,500,0,180000,0,0,17,40.0,,180000,"{""amplitude"": 0, ""apply_aura"": 0, ""base_points"": 0, ""chain_targets"": 0, ""die_sides"": 1, ""implicit_target_a"": 87, ""implicit_target_b"": 0, ""mechanic"": 0, ""misc_value"": 31897, ""points_per_level"": 0.0, ""radius_yards"": null, ""trigger_spell"": 0, ""type"": 28}",,,1878,,,"{""AttributesEx"": 131072, ""AttributesEx2"": 524288, ""AuraDescription_Lang_Mask"": 16712188, ""BaseLevel"": 40, ""CastingTimeIndex"": 3, ""Description_Lang_Mask"": 16712190, ""Description_Lang_enUS"": ""Creates a Holy Lightwell.  Friendly players can click the Lightwell to restore ${$7001m1*3*$<mult>} health over $7001d.  Attacks done to you equal to 30% of your total health will cancel the effect. Lightwell lasts for $d or 10 charges."", ""EffectChainAmplitude_1"": 1.0, ""EffectChainAmplitude_2"": 1.0, ""EffectChainAmplitude_3"": 1.0, ""EffectMiscValueB_1"": 1141, ""EquippedItemClass"": -1, ""InterruptFlags"": 15, ""MaxLevel"": 80, ""NameSubtext_Lang_Mask"": 16712190, ""NameSubtext_Lang_enUS"": """", ""Name_Lang_Mask"": 16712190, ""PreventionType"": 1, ""ProcChance"": 101, ""ShapeshiftExclude"": 134217728, ""ShapeshiftMask"": 2147483648, ""SpellClassMask_1"": 1073741824, ""SpellClassSet"": 6, ""SpellDescriptionVariableID"": 162, ""SpellLevel"": 40, ""SpellVisualID_1"": 7550, ""StartRecoveryCategory"": 133, ""StartRecoveryTime"": 1500, ""Targets"": 64}","single-rank bootstrap: BasePoints/BaseLevel/SpellLevel kept from rank 1 (learn level 40); RealPointsPerLevel from rank1→level-60 slope (anchor rank 27871, rank 3); coefficient/cast_time_ms/mana_cost_pct from max rank (48087, rank 6); MaxLevel set to 80"
15407,Mind Flay,32,0,0,65536,0,0,0,0,0,0,9,30.0,,3000,"{""amplitude"": 0, ""apply_aura"": 4, ""base_points"": 0, ""chain_targets"": 0, ""die_sides"": 0, ""implicit_target_a"": 6, ""implicit_target_b"": 0, ""mechanic"": 0, ""misc_value"": 0, ""points_per_level"": 0.0, ""radius_yards"": null, ""trigger_spell"": 0, ""type"": 6}","{""amplitude"": 0, ""apply_aura"": 33, ""base_points"": -51, ""chain_targets"": 0, ""die_sides"": 1, ""implicit_target_a"": 6, ""implicit_target_b"": 0, ""mechanic"": 11, ""misc_value"": 0, ""points_per_level"": 0.0, ""radius_yards"": null, ""trigger_spell"": 0, ""type"": 6}","{""amplitude"": 1000, ""apply_aura"": 227, ""base_points"": 14, ""chain_targets"": 0, ""die_sides"": 1, ""implicit_target_a"": 1, ""implicit_target_b"": 0, ""mechanic"": 0, ""misc_value"": 0, ""points_per_level"": 2.65, ""radius_yards"": null, ""trigger_spell"": 58381, ""type"": 6}",548,,,"{""AttributesEx"": 67125252, ""AttributesEx2"": 524288, ""AttributesEx5"": 134225920, ""AttributesEx6"": 8388608, ""AuraDescription_Lang_Mask"": 16712190, ""AuraDescription_Lang_enUS"": ""Movement speed slowed."", ""BaseLevel"": 20, ""CastingTimeIndex"": 1, ""ChannelInterruptFlags"": 31756, ""DefenseType"": 1, ""Description_Lang_Mask"": 16712190, ""Description_Lang_enUS"": ""Assault the target's mind with Shadow energy, causing ${$m3*3} Shadow damage over $d and slowing their movement speed by $s2%."", ""EffectBonusMultiplier_3"": 0.2709999978542328, ""EffectChainAmplitude_1"": 1.0, ""EffectChainAmplitude_2"": 1.0, ""EffectChainAmplitude_3"": 1.0, ""EquippedItemClass"": -1, ""FacingCasterFlags"": 1, ""InterruptFlags"": 15, ""MaxLevel"": 80, ""NameSubtext_Lang_Mask"": 16712190, ""NameSubtext_Lang_enUS"": """", ""Name_Lang_Mask"": 16712190, ""PreventionType"": 1, ""ProcChance"": 101, ""ShapeshiftMask"": 134217728, ""SpellClassMask_3"": 1088, ""SpellClassSet"": 6, ""SpellLevel"": 20, ""SpellVisualID_1"": 12637, ""StartRecoveryCategory"": 133, ""StartRecoveryTime"": 1500}","single-rank bootstrap: BasePoints/BaseLevel/SpellLevel kept from rank 1 (learn level 20); RealPointsPerLevel from rank1→level-60 slope (anchor rank 18807, rank 6); coefficient/cast_time_ms/mana_cost_pct from max rank (48156, rank 9); MaxLevel set to 80"
19236,Desperate Prayer,2,0,0,65536,671,0,0,120000,0,0,21,0.0,,,"{""amplitude"": 0, ""apply_aura"": 0, ""base_points"": 262, ""chain_targets"": 0, ""die_sides"": 63, ""implicit_target_a"": 1, ""implicit_target_b"": 0, ""mechanic"": 0, ""misc_value"": 0, ""points_per_level"": 26.525, ""radius_yards"": null, ""trigger_spell"": 0, ""type"": 10}",,,73,,,"{""AuraDescription_Lang_Mask"": 16712188, ""BaseLevel"": 20, ""CastingTimeIndex"": 1, ""DefenseType"": 1, ""Description_Lang_Mask"": 16712190, ""Description_Lang_enUS"": ""Instantly heals the caster for $s1."", ""EffectBonusMultiplier_1"": 0.8069999814033508, ""EffectChainAmplitude_1"": 1.0, ""EffectChainAmplitude_2"": 1.0, ""EffectChainAmplitude_3"": 1.0, ""EquippedItemClass"": -1, ""InterruptFlags"": 8, ""MaxLevel"": 80, ""NameSubtext_Lang_Mask"": 16712190, ""NameSubtext_Lang_enUS"": """", ""Name_Lang_Mask"": 16712190, ""PreventionType"": 1, ""ProcChance"": 101, ""RangeIndex"": 1, ""ShapeshiftExclude"": 134217728, ""SpellClassMask_1"": 16777216, ""SpellClassSet"": 6, ""SpellLevel"": 20, ""SpellVisualID_1"": 4819, ""StartRecoveryCategory"": 133, ""StartRecoveryTime"": 1500}","single-rank bootstrap: BasePoints/BaseLevel/SpellLevel kept from rank 1 (learn level 20); RealPointsPerLevel from rank1→level-60 slope (anchor rank 19243, rank 6); coefficient/cast_time_ms/mana_cost_pct from max rank (48173, rank 9); MaxLevel set to 80"
34861,Circle of Healing,2,0,0,65536,1204,0,0,6000,0,0,21,40.0,,,"{""amplitude"": 0, ""apply_aura"": 0, ""base_points"": 342, ""chain_targets"": 0, ""die_sides"": 37, ""implicit_target_a"": 63, ""implicit_target_b"": 31, ""mechanic"": 0, ""misc_value"": 0, ""points_per_level"": 11.5, ""radius_yards"": 15.0, ""trigger_spell"": 0, ""type"": 10}",,,2214,,,"{""AttributesEx2"": 524288, ""AttributesEx3"": 128, ""AttributesEx5"": 4194304, ""AuraDescription_Lang_Mask"": 16712188, ""BaseLevel"": 50, ""CastingTimeIndex"": 1, ""DefenseType"": 1, ""Description_Lang_Mask"": 16712190, ""Description_Lang_enUS"": ""Heals up to $?s55675[6][5] friendly party or raid members within $a1 yards of the target for $s1."", ""EffectBonusMultiplier_1"": 0.4020000100135803, ""EffectChainAmplitude_1"": 1.0, ""EffectChainAmplitude_2"": 1.0, ""EffectChainAmplitude_3"": 1.0, ""EquippedItemClass"": -1, ""InterruptFlags"": 8, ""MaxLevel"": 80, ""NameSubtext_Lang_Mask"": 16712190, ""NameSubtext_Lang_enUS"": """", ""Name_Lang_Mask"": 16712190, ""PreventionType"": 1, ""ProcChance"": 101, ""ShapeshiftExclude"": 134217728, ""ShapeshiftMask"": 2147483648, ""SpellClassMask_1"": 268435456, ""SpellClassSet"": 6, ""SpellLevel"": 50, ""SpellPriority"": 50, ""SpellVisualID_1"": 8253, ""StartRecoveryCategory"": 133, ""StartRecoveryTime"": 1500}","single-rank bootstrap: BasePoints/BaseLevel/SpellLevel kept from rank 1 (learn level 50); RealPointsPerLevel from rank1→level-60 slope (anchor rank 34864, rank 3); coefficient/cast_time_ms/mana_cost_pct from max rank (48089, rank 7); MaxLevel set to 80"
34914,Vampiric Touch,32,1,0,0,0,1500,0,0,0,0,16,30.0,,15000,"{""amplitude"": 0, ""apply_aura"": 4, ""base_points"": 1, ""chain_targets"": 0, ""die_sides"": 1, ""implicit_target_a"": 6, ""implicit_target_b"": 0, ""mechanic"": 0, ""misc_value"": 0, ""points_per_level"": 0.0, ""radius_yards"": null, ""trigger_spell"": 0, ""type"": 6}","{""amplitude"": 3000, ""apply_aura"": 3, ""base_points"": 89, ""chain_targets"": 0, ""die_sides"": 1, ""implicit_target_a"": 6, ""implicit_target_b"": 0, ""mechanic"": 0, ""misc_value"": 0, ""points_per_level"": 3.0, ""radius_yards"": null, ""trigger_spell"": 0, ""type"": 6}","{""amplitude"": 0, ""apply_aura"": 4, ""base_points"": -1, ""chain_targets"": 0, ""die_sides"": 1, ""implicit_target_a"": 6, ""implicit_target_b"": 0, ""mechanic"": 0, ""misc_value"": 0, ""points_per_level"": 0.0, ""radius_yards"": null, ""trigger_spell"": 0, ""type"": 6}",2213,,,"{""AttributesEx3"": 67108864, ""AttributesEx6"": 8388608, ""AuraDescription_Lang_Mask"": 16712190, ""AuraDescription_Lang_enUS"": ""$s2 Shadow damage every $t2 seconds. Priest's party or raid members gain 1% of their maximum mana per 5 sec when the priest deals damage from Mind Blast."", ""BaseLevel"": 50, ""CastingTimeIndex"": 16, ""DefenseType"": 1, ""Description_Lang_Mask"": 16712190, ""Description_Lang_enUS"": ""Causes $o2 Shadow damage over $d to your target and causes up to 10 party or raid members to gain 1% of their maximum mana per 5 sec when you deal damage from Mind Blast. In addition, if the Vampiric Touch is dispelled it will cause $*8;s2 damage to the afflicted target."", ""EffectBonusMultiplier_1"": 1.0, ""EffectBonusMultiplier_2"": 0.4000000059604645, ""EffectChainAmplitude_1"": 1.0, ""EffectChainAmplitude_2"": 1.0, ""EffectChainAmplitude_3"": 1.0, ""EquippedItemClass"": -1, ""InterruptFlags"": 15, ""MaxLevel"": 80, ""NameSubtext_Lang_Mask"": 16712190, ""NameSubtext_Lang_enUS"": """", ""Name_Lang_Mask"": 16712190, ""PreventionType"": 1, ""ProcChance"": 100, ""ProcTypeMask"": 131072, ""SpellClassMask_2"": 1024, ""SpellClassMask_3"": 1024, ""SpellClassSet"": 6, ""SpellLevel"": 50, ""SpellVisualID_1"": 3582, ""StartRecoveryCategory"": 133, ""StartRecoveryTime"": 1500}","single-rank bootstrap: BasePoints/BaseLevel/SpellLevel kept from rank 1 (learn level 50); RealPointsPerLevel from rank1→level-60 slope (anchor rank 34916, rank 2); coefficient/cast_time_ms/mana_cost_pct from max rank (48160, rank 5); MaxLevel set to 80"
47540,Penance,2,0,0,536936704,1230,0,0,12000,0,0,16,30.0,,,"{""amplitude"": 0, ""apply_aura"": 0, ""base_points"": -1, ""chain_targets"": 0, ""die_sides"": 1, ""implicit_target_a"": 25, ""implicit_target_b"": 0, ""mechanic"": 0, ""misc_value"": 0, ""points_per_level"": 0.0, ""radius_yards"": null, ""trigger_spell"": 0, ""type"": 3}",,,2818,,,"{""AttributesEx"": 268452996, ""AttributesEx4"": 134217728, ""AttributesEx5"": 8704, ""AuraDescription_Lang_Mask"": 16712188, ""BaseLevel"": 60, ""CastingTimeIndex"": 1, ""ChannelInterruptFlags"": 31756, ""Description_Lang_Mask"": 16712190, ""Description_Lang_enUS"": ""Launches a volley of holy light at the target, causing $47666s1 Holy damage to an enemy, or $47750s1 healing to an ally instantly and every $47758t2 sec for $47758d."", ""EffectChainAmplitude_1"": 1.0, ""EffectChainAmplitude_2"": 1.0, ""EffectChainAmplitude_3"": 1.0, ""EquippedItemClass"": -1, ""InterruptFlags"": 15, ""MaxLevel"": 80, ""NameSubtext_Lang_Mask"": 16712190, ""NameSubtext_Lang_enUS"": """", ""Name_Lang_Mask"": 16712190, ""PreventionType"": 1, ""ProcChance"": 101, ""RangeIndex"": 160, ""SpellClassMask_2"": 8388608, ""SpellClassSet"": 6, ""SpellLevel"": 60, ""SpellPriority"": 50, ""SpellVisualID_1"": 10980, ""StartRecoveryCategory"": 133, ""StartRecoveryTime"": 1500}","single-rank bootstrap: BasePoints/BaseLevel/SpellLevel kept from rank 1 (learn level 60); RealPointsPerLevel from rank1→top rank's own top level (84, chain has a gap at 60) slope (anchor rank 53007, rank 4); coefficient/cast_time_ms/mana_cost_pct from max rank (53007, rank 4); MaxLevel set to 80"
10060,Power Infusion,2,1,0,327680,0,0,120000,0,0,0,16,30.0,,15000,"{""amplitude"": 0, ""apply_aura"": 65, ""base_points"": 19, ""chain_targets"": 0, ""die_sides"": 1, ""implicit_target_a"": 21, ""implicit_target_b"": 0, ""mechanic"": 0, ""misc_value"": 126, ""points_per_level"": 0.0, ""radius_yards"": null, ""trigger_spell"": 0, ""type"": 6}","{""amplitude"": 0, ""apply_aura"": 72, ""base_points"": -21, ""chain_targets"": 0, ""die_sides"": 1, ""implicit_target_a"": 21, ""implicit_target_b"": 0, ""mechanic"": 0, ""misc_value"": 126, ""points_per_level"": 0.0, ""radius_yards"": null, ""trigger_spell"": 0, ""type"": 6}",,1872,,,"{""AuraDescription_Lang_Mask"": 16712190, ""AuraDescription_Lang_enUS"": ""Spell casting speed increased by $s1% and mana cost of spells reduced by $s2%."", ""BaseLevel"": 40, ""CastingTimeIndex"": 1, ""Description_Lang_Mask"": 16712190, ""Description_Lang_enUS"": ""Infuses the target with power, increasing spell casting speed by $s1% and reducing the mana cost of all spells by $s2%.  Lasts $d."", ""EffectBonusMultiplier_1"": 1.0, ""EffectBonusMultiplier_3"": 1.0, ""EffectChainAmplitude_1"": 1.0, ""EffectChainAmplitude_2"": 1.0, ""EffectChainAmplitude_3"": 1.0, ""EffectMiscValueB_2"": 1, ""EquippedItemClass"": -1, ""NameSubtext_Lang_Mask"": 16712172, ""Name_Lang_Mask"": 16712190, ""PreventionType"": 1, ""ProcChance"": 101, ""SpellClassMask_1"": 2147483648, ""SpellClassMask_2"": 536875008, ""SpellClassMask_3"": 1024, ""SpellClassSet"": 6, ""SpellLevel"": 40, ""SpellVisualID_1"": 7553}",pulled from existing data
14520,Mental Agility,1,0,0,464,0,0,0,0,0,0,0,0.0,,,"{""amplitude"": 0, ""apply_aura"": 108, ""base_points"": -5, ""chain_targets"": 0, ""die_sides"": 1, ""implicit_target_a"": 1, ""implicit_target_b"": 0, ""mechanic"": 0, ""misc_value"": 14, ""points_per_level"": 0.0, ""radius_yards"": null, ""trigger_spell"": 0, ""type"": 6}",,,157,,,"{""AuraDescription_Lang_Mask"": 16712188, ""CastingTimeIndex"": 1, ""Description_Lang_Mask"": 16712190, ""Description_Lang_enUS"": ""Reduces the mana cost of your instant cast spells by $s1%."", ""EffectChainAmplitude_1"": 1.0, ""EffectChainAmplitude_2"": 1.0, ""EffectChainAmplitude_3"": 1.0, ""EffectSpellClassMaskA_1"": 2470560111, ""EffectSpellClassMaskA_2"": 371, ""EffectSpellClassMaskA_3"": 8192, ""EquippedItemClass"": -1, ""NameSubtext_Lang_Mask"": 16712190, ""NameSubtext_Lang_enUS"": ""Rank 1"", ""Name_Lang_Mask"": 16712190, ""ProcChance"": 101, ""RangeIndex"": 1, ""SpellClassSet"": 6}",pulled from existing data
14523,Silent Resolve,1,0,0,464,0,0,0,0,0,0,0,0.0,,,"{""amplitude"": 0, ""apply_aura"": 10, ""base_points"": -8, ""chain_targets"": 0, ""die_sides"": 1, ""implicit_target_a"": 1, ""implicit_target_b"": 0, ""mechanic"": 0, ""misc_value"": 66, ""points_per_level"": 0.0, ""radius_yards"": null, ""trigger_spell"": 0, ""type"": 6}","{""amplitude"": 0, ""apply_aura"": 107, ""base_points"": 9, ""chain_targets"": 0, ""die_sides"": 1, ""implicit_target_a"": 1, ""implicit_target_b"": 0, ""mechanic"": 0, ""misc_value"": 28, ""points_per_level"": 0.0, ""radius_yards"": null, ""trigger_spell"": 0, ""type"": 6}","{""amplitude"": 0, ""apply_aura"": 108, ""base_points"": -8, ""chain_targets"": 0, ""die_sides"": 1, ""implicit_target_a"": 1, ""implicit_target_b"": 0, ""mechanic"": 0, ""misc_value"": 2, ""points_per_level"": 0.0, ""radius_yards"": null, ""trigger_spell"": 0, ""type"": 6}",338,,,"{""AuraDescription_Lang_Mask"": 16712188, ""CastingTimeIndex"": 1, ""Description_Lang_Mask"": 16712190, ""Description_Lang_enUS"": ""Reduces the threat generated by your Holy and Discipline spells by $s1% and reduces the chance your helpful spells and damage over time effects will be dispelled by $s2%."", ""EffectChainAmplitude_1"": 1.0, ""EffectChainAmplitude_2"": 1.0, ""EffectChainAmplitude_3"": 1.0, ""EffectSpellClassMaskB_3"": 1024, ""EffectSpellClassMaskC_1"": 16, ""EquippedItemClass"": -1, ""NameSubtext_Lang_Mask"": 16712190, ""NameSubtext_Lang_enUS"": ""Rank 1"", ""Name_Lang_Mask"": 16712190, ""ProcChance"": 101, ""RangeIndex"": 1, ""SpellClassSet"": 6}",pulled from existing data
14747,Improved Inner Fire,1,0,0,448,0,0,0,0,0,0,0,0.0,,,"{""amplitude"": 0, ""apply_aura"": 108, ""base_points"": 14, ""chain_targets"": 0, ""die_sides"": 1, ""implicit_target_a"": 1, ""implicit_target_b"": 0, ""mechanic"": 0, ""misc_value"": 8, ""points_per_level"": 0.0, ""radius_yards"": null, ""trigger_spell"": 0, ""type"": 6}",,"{""amplitude"": 0, ""apply_aura"": 107, ""base_points"": 3, ""chain_targets"": 0, ""die_sides"": 1, ""implicit_target_a"": 1, ""implicit_target_b"": 0, ""mechanic"": 0, ""misc_value"": 4, ""points_per_level"": 0.0, ""radius_yards"": null, ""trigger_spell"": 0, ""type"": 6}",51,,,"{""AuraDescription_Lang_Mask"": 16712188, ""CastingTimeIndex"": 1, ""Description_Lang_Mask"": 16712190, ""Description_Lang_enUS"": ""Increases the effect of your Inner Fire spell by $s1%, and increases the total number of charges by $s3."", ""EffectBasePoints_2"": -1, ""EffectChainAmplitude_1"": 1.0, ""EffectChainAmplitude_2"": 1.0, ""EffectChainAmplitude_3"": 1.0, ""EffectDieSides_2"": 1, ""EffectSpellClassMaskA_1"": 2, ""EffectSpellClassMaskB_1"": 2, ""EffectSpellClassMaskC_1"": 2, ""EquippedItemClass"": -1, ""NameSubtext_Lang_Mask"": 16712190, ""NameSubtext_Lang_enUS"": ""Rank 1"", ""Name_Lang_Mask"": 16712190, ""ProcChance"": 101, ""RangeIndex"": 1, ""SpellClassSet"": 6}",pulled from existing data
14748,Improved Power Word: Shield,1,0,0,464,0,0,0,0,0,0,0,0.0,,-1,"{""amplitude"": 0, ""apply_aura"": 108, ""base_points"": 4, ""chain_targets"": 0, ""die_sides"": 1, ""implicit_target_a"": 1, ""implicit_target_b"": 0, ""mechanic"": 0, ""misc_value"": 8, ""points_per_level"": 0.0, ""radius_yards"": null, ""trigger_spell"": 0, ""type"": 6}",,,566,,,"{""AuraDescription_Lang_Mask"": 16712188, ""CastingTimeIndex"": 1, ""Description_Lang_Mask"": 16712190, ""Description_Lang_enUS"": ""Increases the damage absorbed by your Power Word: Shield by $s1%."", ""EffectChainAmplitude_1"": 1.0, ""EffectItemType_1"": 1, ""EffectSpellClassMaskA_1"": 1, ""EquippedItemClass"": -1, ""NameSubtext_Lang_Mask"": 16712190, ""NameSubtext_Lang_enUS"": ""Rank 1"", ""Name_Lang_Mask"": 16712190, ""ProcChance"": 101, ""RangeIndex"": 1, ""SpellClassSet"": 6}",pulled from existing data
14749,Improved Power Word: Fortitude,1,0,0,464,0,0,0,0,0,0,0,0.0,,,"{""amplitude"": 0, ""apply_aura"": 108, ""base_points"": 14, ""chain_targets"": 0, ""die_sides"": 1, ""implicit_target_a"": 1, ""implicit_target_b"": 0, ""mechanic"": 0, ""misc_value"": 8, ""points_per_level"": 0.0, ""radius_yards"": null, ""trigger_spell"": 0, ""type"": 6}","{""amplitude"": 0, ""apply_aura"": 137, ""base_points"": 1, ""chain_targets"": 0, ""die_sides"": 1, ""implicit_target_a"": 1, ""implicit_target_b"": 0, ""mechanic"": 0, ""misc_value"": 2, ""points_per_level"": 0.0, ""radius_yards"": null, ""trigger_spell"": 0, ""type"": 6}",,685,,,"{""AuraDescription_Lang_Mask"": 16712188, ""CastingTimeIndex"": 1, ""Description_Lang_Mask"": 16712190, ""Description_Lang_enUS"": ""Increases the effect of your Power Word: Fortitude and Prayer of Fortitude spells by $s1%, and increases your total Stamina by $s2%."", ""EffectChainAmplitude_1"": 1.0, ""EffectChainAmplitude_2"": 1.0, ""EffectChainAmplitude_3"": 1.0, ""EffectSpellClassMaskA_1"": 8, ""EquippedItemClass"": -1, ""NameSubtext_Lang_Mask"": 16712190, ""NameSubtext_Lang_enUS"": ""Rank 1"", ""Name_Lang_Mask"": 16712190, ""ProcChance"": 101, ""RangeIndex"": 1, ""SpellClassSet"": 6}",pulled from existing data
14750,Improved Mana Burn,1,0,0,448,0,0,0,0,0,0,0,0.0,,-1,"{""amplitude"": 0, ""apply_aura"": 107, ""base_points"": -501, ""chain_targets"": 0, ""die_sides"": 1, ""implicit_target_a"": 1, ""implicit_target_b"": 0, ""mechanic"": 0, ""misc_value"": 10, ""points_per_level"": 0.0, ""radius_yards"": null, ""trigger_spell"": 0, ""type"": 6}",,,212,,,"{""AuraDescription_Lang_Mask"": 16712188, ""CastingTimeIndex"": 1, ""Description_Lang_Mask"": 16712190, ""Description_Lang_enUS"": ""Reduces the casting time of your Mana Burn spell by $/1000;S1 sec."", ""EffectChainAmplitude_1"": 1.0, ""EffectSpellClassMaskA_1"": 16, ""EquippedItemClass"": -1, ""NameSubtext_Lang_Mask"": 16712190, ""NameSubtext_Lang_enUS"": ""Rank 1"", ""Name_Lang_Mask"": 16712190, ""ProcChance"": 101, ""RangeIndex"": 1, ""SpellClassSet"": 6}",pulled from existing data
14751,Inner Focus,1,1,0,33882112,0,0,180000,0,0,0,0,0.0,,-1,"{""amplitude"": 0, ""apply_aura"": 108, ""base_points"": -101, ""chain_targets"": 0, ""die_sides"": 1, ""implicit_target_a"": 1, ""implicit_target_b"": 0, ""mechanic"": 0, ""misc_value"": 14, ""points_per_level"": 0.0, ""radius_yards"": null, ""trigger_spell"": 0, ""type"": 6}","{""amplitude"": 0, ""apply_aura"": 107, ""base_points"": 24, ""chain_targets"": 0, ""die_sides"": 1, ""implicit_target_a"": 1, ""implicit_target_b"": 0, ""mechanic"": 0, ""misc_value"": 7, ""points_per_level"": 0.0, ""radius_yards"": null, ""trigger_spell"": 0, ""type"": 6}",,101,,,"{""AttributesEx2"": 524288, ""AttributesEx3"": 67108864, ""AttributesEx4"": 524352, ""AuraDescription_Lang_Mask"": 16712190, ""AuraDescription_Lang_enUS"": ""The mana cost of your next spell is reduced by $s1%."", ""CastingTimeIndex"": 1, ""DefenseType"": 1, ""Description_Lang_Mask"": 16712190, ""Description_Lang_enUS"": ""When activated, reduces the mana cost of your next spell by $s1% and increases its critical effect chance by $s2% if it is capable of a critical effect."", ""EffectChainAmplitude_1"": 1.0, ""EffectChainAmplitude_2"": 1.0, ""EffectChainAmplitude_3"": 1.0, ""EffectSpellClassMaskA_1"": 3612868607, ""EffectSpellClassMaskA_2"": 13997559, ""EffectSpellClassMaskA_3"": 8256, ""EffectSpellClassMaskB_1"": 3386130064, ""EffectSpellClassMaskB_2"": 13205558, ""EffectSpellClassMaskB_3"": 64, ""EquippedItemClass"": -1, ""NameSubtext_Lang_Mask"": 16712188, ""Name_Lang_Mask"": 16712190, ""PreventionType"": 1, ""ProcChance"": 100, ""ProcCharges"": 1, ""ProcTypeMask"": 87376, ""RangeIndex"": 1, ""ShapeshiftMask"": 134217728, ""SpellClassMask_2"": 1073745920, ""SpellClassMask_3"": 1024, ""SpellClassSet"": 6, ""SpellVisualID_1"": 4372}",pulled from existing data
14767,Improved Power Word: Fortitude,1,0,0,464,0,0,0,0,0,0,0,0.0,,,"{""amplitude"": 0, ""apply_aura"": 108, ""base_points"": 29, ""chain_targets"": 0, ""die_sides"": 1, ""implicit_target_a"": 1, ""implicit_target_b"": 0, ""mechanic"": 0, ""misc_value"": 8, ""points_per_level"": 0.0, ""radius_yards"": null, ""trigger_spell"": 0, ""type"": 6}","{""amplitude"": 0, ""apply_aura"": 137, ""base_points"": 3, ""chain_targets"": 0, ""die_sides"": 1, ""implicit_target_a"": 1, ""implicit_target_b"": 0, ""mechanic"": 0, ""misc_value"": 2, ""points_per_level"": 0.0, ""radius_yards"": null, ""trigger_spell"": 0, ""type"": 6}",,685,,,"{""AuraDescription_Lang_Mask"": 16712188, ""CastingTimeIndex"": 1, ""Description_Lang_Mask"": 16712190, ""Description_Lang_enUS"": ""Increases the effect of your Power Word: Fortitude and Prayer of Fortitude spells by $s1%, and increases your total Stamina by $s2%."", ""EffectChainAmplitude_1"": 1.0, ""EffectChainAmplitude_2"": 1.0, ""EffectChainAmplitude_3"": 1.0, ""EffectSpellClassMaskA_1"": 8, ""EquippedItemClass"": -1, ""NameSubtext_Lang_Mask"": 16712190, ""NameSubtext_Lang_enUS"": ""Rank 2"", ""Name_Lang_Mask"": 16712190, ""ProcChance"": 101, ""RangeIndex"": 1, ""SpellClassSet"": 6}",pulled from existing data
14768,Improved Power Word: Shield,1,0,0,464,0,0,0,0,0,0,0,0.0,,-1,"{""amplitude"": 0, ""apply_aura"": 108, ""base_points"": 9, ""chain_targets"": 0, ""die_sides"": 1, ""implicit_target_a"": 1, ""implicit_target_b"": 0, ""mechanic"": 0, ""misc_value"": 8, ""points_per_level"": 0.0, ""radius_yards"": null, ""trigger_spell"": 0, ""type"": 6}",,,566,,,"{""AuraDescription_Lang_Mask"": 16712188, ""CastingTimeIndex"": 1, ""Description_Lang_Mask"": 16712190, ""Description_Lang_enUS"": ""Increases the damage absorbed by your Power Word: Shield by $s1%."", ""EffectChainAmplitude_1"": 1.0, ""EffectItemType_1"": 1, ""EffectSpellClassMaskA_1"": 1, ""EquippedItemClass"": -1, ""NameSubtext_Lang_Mask"": 16712190, ""NameSubtext_Lang_enUS"": ""Rank 2"", ""Name_Lang_Mask"": 16712190, ""ProcChance"": 101, ""RangeIndex"": 1, ""SpellClassSet"": 6}",pulled from existing data
14769,Improved Power Word: Shield,1,0,0,464,0,0,0,0,0,0,0,0.0,,-1,"{""amplitude"": 0, ""apply_aura"": 108, ""base_points"": 14, ""chain_targets"": 0, ""die_sides"": 1, ""implicit_target_a"": 1, ""implicit_target_b"": 0, ""mechanic"": 0, ""misc_value"": 8, ""points_per_level"": 0.0, ""radius_yards"": null, ""trigger_spell"": 0, ""type"": 6}",,,566,,,"{""AuraDescription_Lang_Mask"": 16712188, ""CastingTimeIndex"": 1, ""Description_Lang_Mask"": 16712190, ""Description_Lang_enUS"": ""Increases the damage absorbed by your Power Word: Shield by $s1%."", ""EffectChainAmplitude_1"": 1.0, ""EffectItemType_1"": 1, ""EffectSpellClassMaskA_1"": 1, ""EquippedItemClass"": -1, ""NameSubtext_Lang_Mask"": 16712190, ""NameSubtext_Lang_enUS"": ""Rank 3"", ""Name_Lang_Mask"": 16712190, ""ProcChance"": 101, ""RangeIndex"": 1, ""SpellClassSet"": 6}",pulled from existing data
14770,Improved Inner Fire,1,0,0,448,0,0,0,0,0,0,0,0.0,,,"{""amplitude"": 0, ""apply_aura"": 108, ""base_points"": 29, ""chain_targets"": 0, ""die_sides"": 1, ""implicit_target_a"": 1, ""implicit_target_b"": 0, ""mechanic"": 0, ""misc_value"": 8, ""points_per_level"": 0.0, ""radius_yards"": null, ""trigger_spell"": 0, ""type"": 6}",,"{""amplitude"": 0, ""apply_aura"": 107, ""base_points"": 7, ""chain_targets"": 0, ""die_sides"": 1, ""implicit_target_a"": 1, ""implicit_target_b"": 0, ""mechanic"": 0, ""misc_value"": 4, ""points_per_level"": 0.0, ""radius_yards"": null, ""trigger_spell"": 0, ""type"": 6}",51,,,"{""AuraDescription_Lang_Mask"": 16712188, ""CastingTimeIndex"": 1, ""Description_Lang_Mask"": 16712190, ""Description_Lang_enUS"": ""Increases the effect of your Inner Fire spell by $s1%, and increases the total number of charges by $s3."", ""EffectBasePoints_2"": -1, ""EffectChainAmplitude_1"": 1.0, ""EffectChainAmplitude_2"": 1.0, ""EffectChainAmplitude_3"": 1.0, ""EffectDieSides_2"": 1, ""EffectSpellClassMaskA_1"": 2, ""EffectSpellClassMaskB_1"": 2, ""EffectSpellClassMaskC_1"": 2, ""EquippedItemClass"": -1, ""NameSubtext_Lang_Mask"": 16712190, ""NameSubtext_Lang_enUS"": ""Rank 2"", ""Name_Lang_Mask"": 16712190, ""ProcChance"": 101, ""RangeIndex"": 1, ""SpellClassSet"": 6}",pulled from existing data
14771,Improved Inner Fire,1,0,0,448,0,0,0,0,0,0,0,0.0,,,"{""amplitude"": 0, ""apply_aura"": 108, ""base_points"": 44, ""chain_targets"": 0, ""die_sides"": 1, ""implicit_target_a"": 1, ""implicit_target_b"": 0, ""mechanic"": 0, ""misc_value"": 8, ""points_per_level"": 0.0, ""radius_yards"": null, ""trigger_spell"": 0, ""type"": 6}",,"{""amplitude"": 0, ""apply_aura"": 107, ""base_points"": 11, ""chain_targets"": 0, ""die_sides"": 1, ""implicit_target_a"": 1, ""implicit_target_b"": 0, ""mechanic"": 0, ""misc_value"": 4, ""points_per_level"": 0.0, ""radius_yards"": null, ""trigger_spell"": 0, ""type"": 6}",51,,,"{""AuraDescription_Lang_Mask"": 16712188, ""CastingTimeIndex"": 1, ""Description_Lang_Mask"": 16712190, ""Description_Lang_enUS"": ""Increases the effect of your Inner Fire spell by $s1%, and increases the total number of charges by $s3."", ""EffectBasePoints_2"": -1, ""EffectChainAmplitude_1"": 1.0, ""EffectChainAmplitude_2"": 1.0, ""EffectChainAmplitude_3"": 1.0, ""EffectDieSides_2"": 1, ""EffectSpellClassMaskA_1"": 2, ""EffectSpellClassMaskB_1"": 2, ""EffectSpellClassMaskC_1"": 2, ""EquippedItemClass"": -1, ""NameSubtext_Lang_Mask"": 16712190, ""NameSubtext_Lang_enUS"": ""Rank 3"", ""Name_Lang_Mask"": 16712190, ""ProcChance"": 101, ""RangeIndex"": 1, ""SpellClassSet"": 6}",pulled from existing data
14772,Improved Mana Burn,1,0,0,448,0,0,0,0,0,0,0,0.0,,-1,"{""amplitude"": 0, ""apply_aura"": 107, ""base_points"": -1001, ""chain_targets"": 0, ""die_sides"": 1, ""implicit_target_a"": 1, ""implicit_target_b"": 0, ""mechanic"": 0, ""misc_value"": 10, ""points_per_level"": 0.0, ""radius_yards"": null, ""trigger_spell"": 0, ""type"": 6}",,,212,,,"{""AuraDescription_Lang_Mask"": 16712188, ""CastingTimeIndex"": 1, ""Description_Lang_Mask"": 16712190, ""Description_Lang_enUS"": ""Reduces the casting time of your Mana Burn spell by $/1000;S1 sec."", ""EffectChainAmplitude_1"": 1.0, ""EffectSpellClassMaskA_1"": 16, ""EquippedItemClass"": -1, ""NameSubtext_Lang_Mask"": 16712190, ""NameSubtext_Lang_enUS"": ""Rank 2"", ""Name_Lang_Mask"": 16712190, ""ProcChance"": 101, ""RangeIndex"": 1, ""SpellClassSet"": 6}",pulled from existing data
14780,Mental Agility,1,0,0,464,0,0,0,0,0,0,0,0.0,,,"{""amplitude"": 0, ""apply_aura"": 108, ""base_points"": -8, ""chain_targets"": 0, ""die_sides"": 1, ""implicit_target_a"": 1, ""implicit_target_b"": 0, ""mechanic"": 0, ""misc_value"": 14, ""points_per_level"": 0.0, ""radius_yards"": null, ""trigger_spell"": 0, ""type"": 6}",,,157,,,"{""AuraDescription_Lang_Mask"": 16712188, ""CastingTimeIndex"": 1, ""Description_Lang_Mask"": 16712190, ""Description_Lang_enUS"": ""Reduces the mana cost of your instant cast spells by $s1%."", ""EffectChainAmplitude_1"": 1.0, ""EffectChainAmplitude_2"": 1.0, ""EffectChainAmplitude_3"": 1.0, ""EffectSpellClassMaskA_1"": 2470560111, ""EffectSpellClassMaskA_2"": 371, ""EffectSpellClassMaskA_3"": 8192, ""EquippedItemClass"": -1, ""NameSubtext_Lang_Mask"": 16712190, ""NameSubtext_Lang_enUS"": ""Rank 2"", ""Name_Lang_Mask"": 16712190, ""ProcChance"": 101, ""RangeIndex"": 1, ""SpellClassSet"": 6}",pulled from existing data
14781,Mental Agility,1,0,0,464,0,0,0,0,0,0,0,0.0,,,"{""amplitude"": 0, ""apply_aura"": 108, ""base_points"": -11, ""chain_targets"": 0, ""die_sides"": 1, ""implicit_target_a"": 1, ""implicit_target_b"": 0, ""mechanic"": 0, ""misc_value"": 14, ""points_per_level"": 0.0, ""radius_yards"": null, ""trigger_spell"": 0, ""type"": 6}",,,157,,,"{""AuraDescription_Lang_Mask"": 16712188, ""CastingTimeIndex"": 1, ""Description_Lang_Mask"": 16712190, ""Description_Lang_enUS"": ""Reduces the mana cost of your instant cast spells by $s1%."", ""EffectChainAmplitude_1"": 1.0, ""EffectChainAmplitude_2"": 1.0, ""EffectChainAmplitude_3"": 1.0, ""EffectSpellClassMaskA_1"": 2470560111, ""EffectSpellClassMaskA_2"": 371, ""EffectSpellClassMaskA_3"": 8192, ""EquippedItemClass"": -1, ""NameSubtext_Lang_Mask"": 16712190, ""NameSubtext_Lang_enUS"": ""Rank 3"", ""Name_Lang_Mask"": 16712190, ""ProcChance"": 101, ""RangeIndex"": 1, ""SpellClassSet"": 6}",pulled from existing data
14784,Silent Resolve,1,0,0,464,0,0,0,0,0,0,0,0.0,,,"{""amplitude"": 0, ""apply_aura"": 10, ""base_points"": -15, ""chain_targets"": 0, ""die_sides"": 1, ""implicit_target_a"": 1, ""implicit_target_b"": 0, ""mechanic"": 0, ""misc_value"": 66, ""points_per_level"": 0.0, ""radius_yards"": null, ""trigger_spell"": 0, ""type"": 6}","{""amplitude"": 0, ""apply_aura"": 107, ""base_points"": 19, ""chain_targets"": 0, ""die_sides"": 1, ""implicit_target_a"": 1, ""implicit_target_b"": 0, ""mechanic"": 0, ""misc_value"": 28, ""points_per_level"": 0.0, ""radius_yards"": null, ""trigger_spell"": 0, ""type"": 6}","{""amplitude"": 0, ""apply_aura"": 108, ""base_points"": -15, ""chain_targets"": 0, ""die_sides"": 1, ""implicit_target_a"": 1, ""implicit_target_b"": 0, ""mechanic"": 0, ""misc_value"": 2, ""points_per_level"": 0.0, ""radius_yards"": null, ""trigger_spell"": 0, ""type"": 6}",338,,,"{""AuraDescription_Lang_Mask"": 16712188, ""CastingTimeIndex"": 1, ""Description_Lang_Mask"": 16712190, ""Description_Lang_enUS"": ""Reduces the threat generated by your Holy and Discipline spells by $s1% and reduces the chance your helpful spells and damage over time effects will be dispelled by $s2%."", ""EffectChainAmplitude_1"": 1.0, ""EffectChainAmplitude_2"": 1.0, ""EffectChainAmplitude_3"": 1.0, ""EffectSpellClassMaskB_3"": 1024, ""EffectSpellClassMaskC_1"": 16, ""EquippedItemClass"": -1, ""NameSubtext_Lang_Mask"": 16712190, ""NameSubtext_Lang_enUS"": ""Rank 2"", ""Name_Lang_Mask"": 16712190, ""ProcChance"": 101, ""RangeIndex"": 1, ""SpellClassSet"": 6}",pulled from existing data
14785,Silent Resolve,1,0,0,464,0,0,0,0,0,0,0,0.0,,,"{""amplitude"": 0, ""apply_aura"": 10, ""base_points"": -21, ""chain_targets"": 0, ""die_sides"": 1, ""implicit_target_a"": 1, ""implicit_target_b"": 0, ""mechanic"": 0, ""misc_value"": 66, ""points_per_level"": 0.0, ""radius_yards"": null, ""trigger_spell"": 0, ""type"": 6}","{""amplitude"": 0, ""apply_aura"": 107, ""base_points"": 29, ""chain_targets"": 0, ""die_sides"": 1, ""implicit_target_a"": 1, ""implicit_target_b"": 0, ""mechanic"": 0, ""misc_value"": 28, ""points_per_level"": 0.0, ""radius_yards"": null, ""trigger_spell"": 0, ""type"": 6}","{""amplitude"": 0, ""apply_aura"": 108, ""base_points"": -21, ""chain_targets"": 0, ""die_sides"": 1, ""implicit_target_a"": 1, ""implicit_target_b"": 0, ""mechanic"": 0, ""misc_value"": 2, ""points_per_level"": 0.0, ""radius_yards"": null, ""trigger_spell"": 0, ""type"": 6}",338,,,"{""AuraDescription_Lang_Mask"": 16712188, ""CastingTimeIndex"": 1, ""Description_Lang_Mask"": 16712190, ""Description_Lang_enUS"": ""Reduces the threat generated by your Holy and Discipline spells by $s1% and reduces the chance your helpful spells and damage over time effects will be dispelled by $s2%."", ""EffectChainAmplitude_1"": 1.0, ""EffectChainAmplitude_2"": 1.0, ""EffectChainAmplitude_3"": 1.0, ""EffectSpellClassMaskB_3"": 1024, ""EffectSpellClassMaskC_1"": 16, ""EquippedItemClass"": -1, ""NameSubtext_Lang_Mask"": 16712190, ""NameSubtext_Lang_enUS"": ""Rank 3"", ""Name_Lang_Mask"": 16712190, ""ProcChance"": 101, ""RangeIndex"": 1, ""SpellClassSet"": 6}",pulled from existing data
14889,Holy Specialization,1,0,0,448,0,0,0,0,0,0,0,0.0,,-1,"{""amplitude"": 0, ""apply_aura"": 71, ""base_points"": 0, ""chain_targets"": 0, ""die_sides"": 1, ""implicit_target_a"": 1, ""implicit_target_b"": 0, ""mechanic"": 0, ""misc_value"": 2, ""points_per_level"": 0.0, ""radius_yards"": null, ""trigger_spell"": 0, ""type"": 6}",,,305,,,"{""AuraDescription_Lang_Mask"": 16712188, ""CastingTimeIndex"": 1, ""Description_Lang_Mask"": 16712190, ""Description_Lang_enUS"": ""Increases the critical effect chance of your Holy spells by $s1%."", ""EffectChainAmplitude_1"": 1.0, ""EffectSpellClassMaskA_1"": 424943232, ""EffectSpellClassMaskA_2"": 36, ""EquippedItemClass"": -1, ""NameSubtext_Lang_Mask"": 16712190, ""NameSubtext_Lang_enUS"": ""Rank 1"", ""Name_Lang_Mask"": 16712190, ""ProcChance"": 101, ""RangeIndex"": 1, ""ShapeshiftExclude"": 134217728, ""SpellClassSet"": 6}",pulled from existing data
14892,Inspiration,1,0,0,448,0,0,0,0,0,0,0,0.0,,,"{""amplitude"": 0, ""apply_aura"": 42, ""base_points"": -1, ""chain_targets"": 0, ""die_sides"": 1, ""implicit_target_a"": 21, ""implicit_target_b"": 0, ""mechanic"": 0, ""misc_value"": 0, ""points_per_level"": 0.0, ""radius_yards"": null, ""trigger_spell"": 14893, ""type"": 6}",,,79,,,"{""AuraDescription_Lang_Mask"": 16712188, ""CastingTimeIndex"": 1, ""Description_Lang_Mask"": 16712190, ""Description_Lang_enUS"": ""Reduces your target's physical damage taken by $14893s1% for $14893d after getting a critical effect from your Flash Heal, Heal, Greater Heal, Binding Heal, Penance, Prayer of Mending, Prayer of Healing, or Circle of Healing spell."", ""EffectBonusMultiplier_1"": 1.0, ""EffectChainAmplitude_1"": 1.0, ""EffectChainAmplitude_2"": 1.0, ""EffectChainAmplitude_3"": 1.0, ""EquippedItemClass"": -1, ""NameSubtext_Lang_Mask"": 16712190, ""NameSubtext_Lang_enUS"": ""Rank 1"", ""Name_Lang_Mask"": 16712190, ""ProcChance"": 100, ""ProcTypeMask"": 87376, ""RangeIndex"": 1, ""ShapeshiftExclude"": 134217728, ""SpellClassSet"": 6}",pulled from existing data
14898,Spiritual Healing,1,0,0,464,0,0,0,0,0,0,0,0.0,,,"{""amplitude"": 0, ""apply_aura"": 108, ""base_points"": 1, ""chain_targets"": 0, ""die_sides"": 1, ""implicit_target_a"": 1, ""implicit_target_b"": 0, ""mechanic"": 0, ""misc_value"": 0, ""points_per_level"": 0.0, ""radius_yards"": null, ""trigger_spell"": 0, ""type"": 6}","{""amplitude"": 0, ""apply_aura"": 108, ""base_points"": 1, ""chain_targets"": 0, ""die_sides"": 1, ""implicit_target_a"": 1, ""implicit_target_b"": 0, ""mechanic"": 0, ""misc_value"": 22, ""points_per_level"": 0.0, ""radius_yards"": null, ""trigger_spell"": 0, ""type"": 6}",,46,,,"{""AuraDescription_Lang_Mask"": 16712188, ""CastingTimeIndex"": 1, ""Description_Lang_Mask"": 16712190, ""Description_Lang_enUS"": ""Increases the amount healed by your healing spells by $s1%."", ""EffectBonusMultiplier_1"": 1.0, ""EffectBonusMultiplier_3"": 1.0, ""EffectChainAmplitude_1"": 1.0, ""EffectChainAmplitude_2"": 1.0, ""EffectChainAmplitude_3"": 1.0, ""EffectSpellClassMaskA_1"": 419700288, ""EffectSpellClassMaskA_2"": 134283268, ""EffectSpellClassMaskA_3"": 4, ""EffectSpellClassMaskB_1"": 419700288, ""EffectSpellClassMaskB_2"": 134283268, ""EffectSpellClassMaskB_3"": 4, ""EquippedItemClass"": -1, ""NameSubtext_Lang_Mask"": 16712190, ""NameSubtext_Lang_enUS"": ""Rank 1"", ""Name_Lang_Mask"": 16712190, ""ProcChance"": 101, ""RangeIndex"": 1, ""ShapeshiftExclude"": 134217728, ""SpellClassSet"": 6}",pulled from existing data
14901,Spiritual Guidance,1,0,0,464,0,0,0,0,0,0,0,0.0,,,"{""amplitude"": 0, ""apply_aura"": 174, ""base_points"": 4, ""chain_targets"": 0, ""die_sides"": 1, ""implicit_target_a"": 1, ""implicit_target_b"": 0, ""mechanic"": 0, ""misc_value"": 126, ""points_per_level"": 0.0, ""radius_yards"": null, ""trigger_spell"": 0, ""type"": 6}","{""amplitude"": 0, ""apply_aura"": 175, ""base_points"": 4, ""chain_targets"": 0, ""die_sides"": 1, ""implicit_target_a"": 1, ""implicit_target_b"": 0, ""mechanic"": 0, ""misc_value"": 4, ""points_per_level"": 0.0, ""radius_yards"": null, ""trigger_spell"": 0, ""type"": 6}",,1873,,,"{""AuraDescription_Lang_Mask"": 16712188, ""CastingTimeIndex"": 1, ""Description_Lang_Mask"": 16712190, ""Description_Lang_enUS"": ""Increases spell power by $s1% of your total Spirit."", ""EffectBonusMultiplier_3"": 1.0, ""EffectChainAmplitude_1"": 1.0, ""EffectChainAmplitude_2"": 1.0, ""EffectChainAmplitude_3"": 1.0, ""EffectMiscValueB_1"": 4, ""EquippedItemClass"": -1, ""NameSubtext_Lang_Mask"": 16712190, ""NameSubtext_Lang_enUS"": ""Rank 1"", ""Name_Lang_Mask"": 16712190, ""ProcChance"": 101, ""RangeIndex"": 1, ""SpellClassSet"": 6}",pulled from existing data
14908,Improved Renew,1,0,0,464,0,0,0,0,0,0,0,0.0,,-1,"{""amplitude"": 0, ""apply_aura"": 108, ""base_points"": 4, ""chain_targets"": 0, ""die_sides"": 1, ""implicit_target_a"": 1, ""implicit_target_b"": 0, ""mechanic"": 0, ""misc_value"": 22, ""points_per_level"": 0.0, ""radius_yards"": null, ""trigger_spell"": 0, ""type"": 6}",,,321,,,"{""AuraDescription_Lang_Mask"": 16712188, ""CastingTimeIndex"": 1, ""Description_Lang_Mask"": 16712190, ""Description_Lang_enUS"": ""Increases the amount healed by your Renew spell by $s1%."", ""EffectBonusMultiplier_2"": 1.0, ""EffectBonusMultiplier_3"": 1.0, ""EffectChainAmplitude_1"": 1.0, ""EffectSpellClassMaskA_1"": 64, ""EquippedItemClass"": -1, ""NameSubtext_Lang_Mask"": 16712190, ""NameSubtext_Lang_enUS"": ""Rank 1"", ""Name_Lang_Mask"": 16712190, ""ProcChance"": 101, ""RangeIndex"": 1, ""ShapeshiftExclude"": 134217728, ""SpellClassSet"": 6}",pulled from existing data
14909,Searing Light,1,0,0,464,0,0,0,0,0,0,0,0.0,,,"{""amplitude"": 0, ""apply_aura"": 108, ""base_points"": 4, ""chain_targets"": 0, ""die_sides"": 1, ""implicit_target_a"": 1, ""implicit_target_b"": 0, ""mechanic"": 0, ""misc_value"": 0, ""points_per_level"": 0.0, ""radius_yards"": null, ""trigger_spell"": 0, ""type"": 6}","{""amplitude"": 0, ""apply_aura"": 108, ""base_points"": 4, ""chain_targets"": 0, ""die_sides"": 1, ""implicit_target_a"": 1, ""implicit_target_b"": 0, ""mechanic"": 0, ""misc_value"": 22, ""points_per_level"": 0.0, ""radius_yards"": null, ""trigger_spell"": 0, ""type"": 6}",,1868,,,"{""AuraDescription_Lang_Mask"": 16712188, ""CastingTimeIndex"": 1, ""Description_Lang_Mask"": 16712190, ""Description_Lang_enUS"": ""Increases the damage of your Smite, Holy Fire, Holy Nova and Penance spells by $s1%."", ""EffectBonusMultiplier_3"": 1.0, ""EffectChainAmplitude_1"": 1.0, ""EffectChainAmplitude_2"": 1.0, ""EffectChainAmplitude_3"": 1.0, ""EffectSpellClassMaskA_1"": 5243008, ""EffectSpellClassMaskA_2"": 32768, ""EffectSpellClassMaskB_1"": 1048576, ""EquippedItemClass"": -1, ""NameSubtext_Lang_Mask"": 16712190, ""NameSubtext_Lang_enUS"": ""Rank 1"", ""Name_Lang_Mask"": 16712190, ""ProcChance"": 101, ""RangeIndex"": 1, ""ShapeshiftExclude"": 134217728, ""SpellClassSet"": 6}",pulled from existing data
14910,Mind Melt,1,0,0,448,0,0,0,0,0,0,0,0.0,,,"{""amplitude"": 0, ""apply_aura"": 107, ""base_points"": 1, ""chain_targets"": 0, ""die_sides"": 1, ""implicit_target_a"": 1, ""implicit_target_b"": 0, ""mechanic"": 0, ""misc_value"": 7, ""points_per_level"": 0.0, ""radius_yards"": null, ""trigger_spell"": 0, ""type"": 6}","{""amplitude"": 0, ""apply_aura"": 107, ""base_points"": 2, ""chain_targets"": 0, ""die_sides"": 1, ""implicit_target_a"": 0, ""implicit_target_b"": 0, ""mechanic"": 0, ""misc_value"": 7, ""points_per_level"": 0.0, ""radius_yards"": null, ""trigger_spell"": 0, ""type"": 6}",,3139,,,"{""AuraDescription_Lang_Mask"": 16712188, ""CastingTimeIndex"": 1, ""Description_Lang_Mask"": 16712190, ""Description_Lang_enUS"": ""Increases the critical strike chance of your Mind Blast, Mind Flay and Mind Sear spells by $s1%, and increases the periodic critical strike chance of your Vampiric Touch, Devouring Plague and Shadow Word: Pain spells by $s2%."", ""EffectBonusMultiplier_3"": 1.0, ""EffectChainAmplitude_1"": 1.0, ""EffectChainAmplitude_2"": 1.0, ""EffectChainAmplitude_3"": 1.0, ""EffectSpellClassMaskA_1"": 8396800, ""EffectSpellClassMaskA_2"": 524288, ""EffectSpellClassMaskB_1"": 33587200, ""EffectSpellClassMaskB_2"": 1024, ""EquippedItemClass"": -1, ""NameSubtext_Lang_Mask"": 16712190, ""NameSubtext_Lang_enUS"": ""Rank 1"", ""Name_Lang_Mask"": 16712190, ""ProcChance"": 101, ""RangeIndex"": 1, ""SpellClassSet"": 6}",pulled from existing data
14911,Healing Prayers,1,0,0,448,0,0,0,0,0,0,0,0.0,,-1,"{""amplitude"": 0, ""apply_aura"": 108, ""base_points"": -11, ""chain_targets"": 0, ""die_sides"": 1, ""implicit_target_a"": 1, ""implicit_target_b"": 0, ""mechanic"": 0, ""misc_value"": 14, ""points_per_level"": 0.0, ""radius_yards"": null, ""trigger_spell"": 0, ""type"": 6}",,,540,,,"{""AuraDescription_Lang_Mask"": 16712188, ""CastingTimeIndex"": 1, ""Description_Lang_Mask"": 16712190, ""Description_Lang_enUS"": ""Reduces the mana cost of your Prayer of Healing and Prayer of Mending spell by $s1%."", ""EffectBonusMultiplier_2"": 1.0, ""EffectBonusMultiplier_3"": 1.0, ""EffectChainAmplitude_1"": 1.0, ""EffectChainAmplitude_2"": 1.0, ""EffectChainAmplitude_3"": 1.0, ""EffectSpellClassMaskA_1"": 512, ""EffectSpellClassMaskA_2"": 32, ""EquippedItemClass"": -1, ""NameSubtext_Lang_Mask"": 16712190, ""NameSubtext_Lang_enUS"": ""Rank 1"", ""Name_Lang_Mask"": 16712190, ""ProcChance"": 101, ""RangeIndex"": 1, ""ShapeshiftExclude"": 134217728, ""SpellClassSet"": 6}",pulled from existing data
14912,Improved Healing,1,0,0,464,0,0,0,0,0,0,0,0.0,,,"{""amplitude"": 0, ""apply_aura"": 108, ""base_points"": -6, ""chain_targets"": 0, ""die_sides"": 1, ""implicit_target_a"": 1, ""implicit_target_b"": 0, ""mechanic"": 0, ""misc_value"": 14, ""points_per_level"": 0.0, ""radius_yards"": null, ""trigger_spell"": 0, ""type"": 6}",,,684,,,"{""AuraDescription_Lang_Mask"": 16712188, ""CastingTimeIndex"": 1, ""Description_Lang_Mask"": 16712190, ""Description_Lang_enUS"": ""Reduces the mana cost of your Lesser Heal, Heal, Greater Heal, Divine Hymn and Penance spells by $s1%."", ""EffectBonusMultiplier_2"": 1.0, ""EffectBonusMultiplier_3"": 1.0, ""EffectChainAmplitude_1"": 1.0, ""EffectChainAmplitude_2"": 1.0, ""EffectChainAmplitude_3"": 1.0, ""EffectSpellClassMaskA_1"": 267264, ""EffectSpellClassMaskA_2"": 12582912, ""EquippedItemClass"": -1, ""NameSubtext_Lang_Mask"": 16712190, ""NameSubtext_Lang_enUS"": ""Rank 1"", ""Name_Lang_Mask"": 16712190, ""ProcChance"": 101, ""RangeIndex"": 1, ""ShapeshiftExclude"": 134217728, ""SpellClassSet"": 6}",pulled from existing data
14913,Healing Focus,1,0,0,448,0,0,0,0,0,0,0,0.0,,,"{""amplitude"": 0, ""apply_aura"": 108, ""base_points"": 34, ""chain_targets"": 0, ""die_sides"": 1, ""implicit_target_a"": 1, ""implicit_target_b"": 0, ""mechanic"": 0, ""misc_value"": 9, ""points_per_level"": 0.0, ""radius_yards"": null, ""trigger_spell"": 0, ""type"": 6}",,,1871,,,"{""AuraDescription_Lang_Mask"": 16712188, ""CastingTimeIndex"": 1, ""Description_Lang_Mask"": 16712190, ""Description_Lang_enUS"": ""Reduces the pushback suffered from damaging attacks  while casting any healing spell by $s1%."", ""EffectBonusMultiplier_2"": 1.0, ""EffectBonusMultiplier_3"": 1.0, ""EffectChainAmplitude_1"": 1.0, ""EffectChainAmplitude_2"": 1.0, ""EffectChainAmplitude_3"": 1.0, ""EffectSpellClassMaskA_1"": 269824, ""EffectSpellClassMaskA_2"": 12681220, ""EffectSpellClassMaskA_3"": 128, ""EquippedItemClass"": -1, ""NameSubtext_Lang_Mask"": 16712190, ""NameSubtext_Lang_enUS"": ""Rank 1"", ""Name_Lang_Mask"": 16712190, ""ProcChance"": 101, ""RangeIndex"": 1, ""ShapeshiftExclude"": 134217728, ""SpellClassSet"": 6}",pulled from existing data
15008,Holy Specialization,1,0,0,448,0,0,0,0,0,0,0,0.0,,-1,"{""amplitude"": 0, ""apply_aura"": 71, ""base_points"": 1, ""chain_targets"": 0, ""die_sides"": 1, ""implicit_target_a"": 1, ""implicit_target_b"": 0, ""mechanic"": 0, ""misc_value"": 2, ""points_per_level"": 0.0, ""radius_yards"": null, ""trigger_spell"": 0, ""type"": 6}",,,305,,,"{""AuraDescription_Lang_Mask"": 16712188, ""CastingTimeIndex"": 1, ""Description_Lang_Mask"": 16712190, ""Description_Lang_enUS"": ""Increases the critical effect chance of your Holy spells by $s1%."", ""EffectChainAmplitude_1"": 1.0, ""EffectSpellClassMaskA_1"": 424943232, ""EffectSpellClassMaskA_2"": 36, ""EquippedItemClass"": -1, ""NameSubtext_Lang_Mask"": 16712190, ""NameSubtext_Lang_enUS"": ""Rank 2"", ""Name_Lang_Mask"": 16712190, ""ProcChance"": 101, ""RangeIndex"": 1, ""ShapeshiftExclude"": 134217728, ""SpellClassSet"": 6}",pulled from existing data
15009,Holy Specialization,1,0,0,448,0,0,0,0,0,0,0,0.0,,-1,"{""amplitude"": 0, ""apply_aura"": 71, ""base_points"": 2, ""chain_targets"": 0, ""die_sides"": 1, ""implicit_target_a"": 1, ""implicit_target_b"": 0, ""mechanic"": 0, ""misc_value"": 2, ""points_per_level"": 0.0, ""radius_yards"": null, ""trigger_spell"": 0, ""type"": 6}",,,305,,,"{""AuraDescription_Lang_Mask"": 16712188, ""CastingTimeIndex"": 1, ""Description_Lang_Mask"": 16712190, ""Description_Lang_enUS"": ""Increases the critical effect chance of your Holy spells by $s1%."", ""EffectChainAmplitude_1"": 1.0, ""EffectSpellClassMaskA_1"": 424943232, ""EffectSpellClassMaskA_2"": 36, ""EquippedItemClass"": -1, ""NameSubtext_Lang_Mask"": 16712190, ""NameSubtext_Lang_enUS"": ""Rank 3"", ""Name_Lang_Mask"": 16712190, ""ProcChance"": 101, ""RangeIndex"": 1, ""ShapeshiftExclude"": 134217728, ""SpellClassSet"": 6}",pulled from existing data
15010,Holy Specialization,1,0,0,448,0,0,0,0,0,0,0,0.0,,-1,"{""amplitude"": 0, ""apply_aura"": 71, ""base_points"": 3, ""chain_targets"": 0, ""die_sides"": 1, ""implicit_target_a"": 1, ""implicit_target_b"": 0, ""mechanic"": 0, ""misc_value"": 2, ""points_per_level"": 0.0, ""radius_yards"": null, ""trigger_spell"": 0, ""type"": 6}",,,305,,,"{""AuraDescription_Lang_Mask"": 16712188, ""CastingTimeIndex"": 1, ""Description_Lang_Mask"": 16712190, ""Description_Lang_enUS"": ""Increases the critical effect chance of your Holy spells by $s1%."", ""EffectChainAmplitude_1"": 1.0, ""EffectSpellClassMaskA_1"": 424943232, ""EffectSpellClassMaskA_2"": 36, ""EquippedItemClass"": -1, ""NameSubtext_Lang_Mask"": 16712190, ""NameSubtext_Lang_enUS"": ""Rank 4"", ""Name_Lang_Mask"": 16712190, ""ProcChance"": 101, ""RangeIndex"": 1, ""ShapeshiftExclude"": 134217728, ""SpellClassSet"": 6}",pulled from existing data
15011,Holy Specialization,1,0,0,448,0,0,0,0,0,0,0,0.0,,-1,"{""amplitude"": 0, ""apply_aura"": 71, ""base_points"": 4, ""chain_targets"": 0, ""die_sides"": 1, ""implicit_target_a"": 1, ""implicit_target_b"": 0, ""mechanic"": 0, ""misc_value"": 2, ""points_per_level"": 0.0, ""radius_yards"": null, ""trigger_spell"": 0, ""type"": 6}",,,305,,,"{""AuraDescription_Lang_Mask"": 16712188, ""CastingTimeIndex"": 1, ""Description_Lang_Mask"": 16712190, ""Description_Lang_enUS"": ""Increases the critical effect chance of your Holy spells by $s1%."", ""EffectChainAmplitude_1"": 1.0, ""EffectSpellClassMaskA_1"": 424943232, ""EffectSpellClassMaskA_2"": 36, ""EquippedItemClass"": -1, ""NameSubtext_Lang_Mask"": 16712190, ""NameSubtext_Lang_enUS"": ""Rank 5"", ""Name_Lang_Mask"": 16712190, ""ProcChance"": 101, ""RangeIndex"": 1, ""ShapeshiftExclude"": 134217728, ""SpellClassSet"": 6}",pulled from existing data
15012,Healing Focus,1,0,0,448,0,0,0,0,0,0,0,0.0,,,"{""amplitude"": 0, ""apply_aura"": 108, ""base_points"": 69, ""chain_targets"": 0, ""die_sides"": 1, ""implicit_target_a"": 1, ""implicit_target_b"": 0, ""mechanic"": 0, ""misc_value"": 9, ""points_per_level"": 0.0, ""radius_yards"": null, ""trigger_spell"": 0, ""type"": 6}",,,1871,,,"{""AuraDescription_Lang_Mask"": 16712188, ""CastingTimeIndex"": 1, ""Description_Lang_Mask"": 16712190, ""Description_Lang_enUS"": ""Reduces the pushback suffered from damaging attacks  while casting any healing spell by $s1%."", ""EffectBonusMultiplier_2"": 1.0, ""EffectBonusMultiplier_3"": 1.0, ""EffectChainAmplitude_1"": 1.0, ""EffectChainAmplitude_2"": 1.0, ""EffectChainAmplitude_3"": 1.0, ""EffectSpellClassMaskA_1"": 269824, ""EffectSpellClassMaskA_2"": 12681220, ""EffectSpellClassMaskA_3"": 128, ""EquippedItemClass"": -1, ""NameSubtext_Lang_Mask"": 16712190, ""NameSubtext_Lang_enUS"": ""Rank 2"", ""Name_Lang_Mask"": 16712190, ""ProcChance"": 101, ""RangeIndex"": 1, ""ShapeshiftExclude"": 134217728, ""SpellClassSet"": 6}",pulled from existing data
15013,Improved Healing,1,0,0,464,0,0,0,0,0,0,0,0.0,,,"{""amplitude"": 0, ""apply_aura"": 108, ""base_points"": -11, ""chain_targets"": 0, ""die_sides"": 1, ""implicit_target_a"": 1, ""implicit_target_b"": 0, ""mechanic"": 0, ""misc_value"": 14, ""points_per_level"": 0.0, ""radius_yards"": null, ""trigger_spell"": 0, ""type"": 6}",,,684,,,"{""AuraDescription_Lang_Mask"": 16712188, ""CastingTimeIndex"": 1, ""Description_Lang_Mask"": 16712190, ""Description_Lang_enUS"": ""Reduces the mana cost of your Lesser Heal, Heal, Greater Heal, Divine Hymn and Penance spells by $s1%."", ""EffectBonusMultiplier_2"": 1.0, ""EffectBonusMultiplier_3"": 1.0, ""EffectChainAmplitude_1"": 1.0, ""EffectChainAmplitude_2"": 1.0, ""EffectChainAmplitude_3"": 1.0, ""EffectSpellClassMaskA_1"": 267264, ""EffectSpellClassMaskA_2"": 12582912, ""EquippedItemClass"": -1, ""NameSubtext_Lang_Mask"": 16712190, ""NameSubtext_Lang_enUS"": ""Rank 2"", ""Name_Lang_Mask"": 16712190, ""ProcChance"": 101, ""RangeIndex"": 1, ""ShapeshiftExclude"": 134217728, ""SpellClassSet"": 6}",pulled from existing data
15014,Improved Healing,1,0,0,464,0,0,0,0,0,0,0,0.0,,,"{""amplitude"": 0, ""apply_aura"": 108, ""base_points"": -16, ""chain_targets"": 0, ""die_sides"": 1, ""implicit_target_a"": 1, ""implicit_target_b"": 0, ""mechanic"": 0, ""misc_value"": 14, ""points_per_level"": 0.0, ""radius_yards"": null, ""trigger_spell"": 0, ""type"": 6}",,,684,,,"{""AuraDescription_Lang_Mask"": 16712188, ""CastingTimeIndex"": 1, ""Description_Lang_Mask"": 16712190, ""Description_Lang_enUS"": ""Reduces the mana cost of your Lesser Heal, Heal, Greater Heal, Divine Hymn and Penance spells by $s1%."", ""EffectBonusMultiplier_2"": 1.0, ""EffectBonusMultiplier_3"": 1.0, ""EffectChainAmplitude_1"": 1.0, ""EffectChainAmplitude_2"": 1.0, ""EffectChainAmplitude_3"": 1.0, ""EffectSpellClassMaskA_1"": 267264, ""EffectSpellClassMaskA_2"": 12582912, ""EquippedItemClass"": -1, ""NameSubtext_Lang_Mask"": 16712190, ""NameSubtext_Lang_enUS"": ""Rank 3"", ""Name_Lang_Mask"": 16712190, ""ProcChance"": 101, ""RangeIndex"": 1, ""ShapeshiftExclude"": 134217728, ""SpellClassSet"": 6}",pulled from existing data
15017,Searing Light,1,0,0,464,0,0,0,0,0,0,0,0.0,,,"{""amplitude"": 0, ""apply_aura"": 108, ""base_points"": 9, ""chain_targets"": 0, ""die_sides"": 1, ""implicit_target_a"": 1, ""implicit_target_b"": 0, ""mechanic"": 0, ""misc_value"": 0, ""points_per_level"": 0.0, ""radius_yards"": null, ""trigger_spell"": 0, ""type"": 6}","{""amplitude"": 0, ""apply_aura"": 108, ""base_points"": 9, ""chain_targets"": 0, ""die_sides"": 1, ""implicit_target_a"": 1, ""implicit_target_b"": 0, ""mechanic"": 0, ""misc_value"": 22, ""points_per_level"": 0.0, ""radius_yards"": null, ""trigger_spell"": 0, ""type"": 6}",,1868,,,"{""AuraDescription_Lang_Mask"": 16712188, ""CastingTimeIndex"": 1, ""Description_Lang_Mask"": 16712190, ""Description_Lang_enUS"": ""Increases the damage of your Smite, Holy Fire, Holy Nova and Penance spells by $s1%."", ""EffectBonusMultiplier_3"": 1.0, ""EffectChainAmplitude_1"": 1.0, ""EffectChainAmplitude_2"": 1.0, ""EffectChainAmplitude_3"": 1.0, ""EffectSpellClassMaskA_1"": 5243008, ""EffectSpellClassMaskA_2"": 32768, ""EffectSpellClassMaskB_1"": 1048576, ""EquippedItemClass"": -1, ""NameSubtext_Lang_Mask"": 16712190, ""NameSubtext_Lang_enUS"": ""Rank 2"", ""Name_Lang_Mask"": 16712190, ""ProcChance"": 101, ""RangeIndex"": 1, ""ShapeshiftExclude"": 134217728, ""SpellClassSet"": 6}",pulled from existing data
15018,Healing Prayers,1,0,0,448,0,0,0,0,0,0,0,0.0,,-1,"{""amplitude"": 0, ""apply_aura"": 108, ""base_points"": -21, ""chain_targets"": 0, ""die_sides"": 1, ""implicit_target_a"": 1, ""implicit_target_b"": 0, ""mechanic"": 0, ""misc_value"": 14, ""points_per_level"": 0.0, ""radius_yards"": null, ""trigger_spell"": 0, ""type"": 6}",,,540,,,"{""AuraDescription_Lang_Mask"": 16712188, ""CastingTimeIndex"": 1, ""Description_Lang_Mask"": 16712190, ""Description_Lang_enUS"": ""Reduces the mana cost of your Prayer of Healing and Prayer of Mending spell by $s1%."", ""EffectBonusMultiplier_2"": 1.0, ""EffectBonusMultiplier_3"": 1.0, ""EffectChainAmplitude_1"": 1.0, ""EffectChainAmplitude_2"": 1.0, ""EffectChainAmplitude_3"": 1.0, ""EffectSpellClassMaskA_1"": 512, ""EffectSpellClassMaskA_2"": 32, ""EquippedItemClass"": -1, ""NameSubtext_Lang_Mask"": 16712190, ""NameSubtext_Lang_enUS"": ""Rank 2"", ""Name_Lang_Mask"": 16712190, ""ProcChance"": 101, ""RangeIndex"": 1, ""ShapeshiftExclude"": 134217728, ""SpellClassSet"": 6}",pulled from existing data
15020,Improved Renew,1,0,0,464,0,0,0,0,0,0,0,0.0,,-1,"{""amplitude"": 0, ""apply_aura"": 108, ""base_points"": 9, ""chain_targets"": 0, ""die_sides"": 1, ""implicit_target_a"": 1, ""implicit_target_b"": 0, ""mechanic"": 0, ""misc_value"": 22, ""points_per_level"": 0.0, ""radius_yards"": null, ""trigger_spell"": 0, ""type"": 6}",,,321,,,"{""AuraDescription_Lang_Mask"": 16712188, ""CastingTimeIndex"": 1, ""Description_Lang_Mask"": 16712190, ""Description_Lang_enUS"": ""Increases the amount healed by your Renew spell by $s1%."", ""EffectBonusMultiplier_2"": 1.0, ""EffectBonusMultiplier_3"": 1.0, ""EffectChainAmplitude_1"": 1.0, ""EffectSpellClassMaskA_1"": 64, ""EquippedItemClass"": -1, ""NameSubtext_Lang_Mask"": 16712190, ""NameSubtext_Lang_enUS"": ""Rank 2"", ""Name_Lang_Mask"": 16712190, ""ProcChance"": 101, ""RangeIndex"": 1, ""ShapeshiftExclude"": 134217728, ""SpellClassSet"": 6}",pulled from existing data
15028,Spiritual Guidance,1,0,0,464,0,0,0,0,0,0,0,0.0,,,"{""amplitude"": 0, ""apply_aura"": 174, ""base_points"": 9, ""chain_targets"": 0, ""die_sides"": 1, ""implicit_target_a"": 1, ""implicit_target_b"": 0, ""mechanic"": 0, ""misc_value"": 126, ""points_per_level"": 0.0, ""radius_yards"": null, ""trigger_spell"": 0, ""type"": 6}","{""amplitude"": 0, ""apply_aura"": 175, ""base_points"": 9, ""chain_targets"": 0, ""die_sides"": 1, ""implicit_target_a"": 1, ""implicit_target_b"": 0, ""mechanic"": 0, ""misc_value"": 4, ""points_per_level"": 0.0, ""radius_yards"": null, ""trigger_spell"": 0, ""type"": 6}",,1873,,,"{""AuraDescription_Lang_Mask"": 16712188, ""CastingTimeIndex"": 1, ""Description_Lang_Mask"": 16712190, ""Description_Lang_enUS"": ""Increases spell power by $s1% of your total Spirit."", ""EffectBonusMultiplier_3"": 1.0, ""EffectChainAmplitude_1"": 1.0, ""EffectChainAmplitude_2"": 1.0, ""EffectChainAmplitude_3"": 1.0, ""EffectMiscValueB_1"": 4, ""EquippedItemClass"": -1, ""NameSubtext_Lang_Mask"": 16712190, ""NameSubtext_Lang_enUS"": ""Rank 2"", ""Name_Lang_Mask"": 16712190, ""ProcChance"": 101, ""RangeIndex"": 1, ""SpellClassSet"": 6}",pulled from existing data
15029,Spiritual Guidance,1,0,0,464,0,0,0,0,0,0,0,0.0,,,"{""amplitude"": 0, ""apply_aura"": 174, ""base_points"": 14, ""chain_targets"": 0, ""die_sides"": 1, ""implicit_target_a"": 1, ""implicit_target_b"": 0, ""mechanic"": 0, ""misc_value"": 126, ""points_per_level"": 0.0, ""radius_yards"": null, ""trigger_spell"": 0, ""type"": 6}","{""amplitude"": 0, ""apply_aura"": 175, ""base_points"": 14, ""chain_targets"": 0, ""die_sides"": 1, ""implicit_target_a"": 1, ""implicit_target_b"": 0, ""mechanic"": 0, ""misc_value"": 4, ""points_per_level"": 0.0, ""radius_yards"": null, ""trigger_spell"": 0, ""type"": 6}",,1873,,,"{""AuraDescription_Lang_Mask"": 16712188, ""CastingTimeIndex"": 1, ""Description_Lang_Mask"": 16712190, ""Description_Lang_enUS"": ""Increases spell power by $s1% of your total Spirit."", ""EffectBonusMultiplier_3"": 1.0, ""EffectChainAmplitude_1"": 1.0, ""EffectChainAmplitude_2"": 1.0, ""EffectChainAmplitude_3"": 1.0, ""EffectMiscValueB_1"": 4, ""EquippedItemClass"": -1, ""NameSubtext_Lang_Mask"": 16712190, ""NameSubtext_Lang_enUS"": ""Rank 3"", ""Name_Lang_Mask"": 16712190, ""ProcChance"": 101, ""RangeIndex"": 1, ""SpellClassSet"": 6}",pulled from existing data
15030,Spiritual Guidance,1,0,0,464,0,0,0,0,0,0,0,0.0,,,"{""amplitude"": 0, ""apply_aura"": 174, ""base_points"": 19, ""chain_targets"": 0, ""die_sides"": 1, ""implicit_target_a"": 1, ""implicit_target_b"": 0, ""mechanic"": 0, ""misc_value"": 126, ""points_per_level"": 0.0, ""radius_yards"": null, ""trigger_spell"": 0, ""type"": 6}","{""amplitude"": 0, ""apply_aura"": 175, ""base_points"": 19, ""chain_targets"": 0, ""die_sides"": 1, ""implicit_target_a"": 1, ""implicit_target_b"": 0, ""mechanic"": 0, ""misc_value"": 4, ""points_per_level"": 0.0, ""radius_yards"": null, ""trigger_spell"": 0, ""type"": 6}",,1873,,,"{""AuraDescription_Lang_Mask"": 16712188, ""CastingTimeIndex"": 1, ""Description_Lang_Mask"": 16712190, ""Description_Lang_enUS"": ""Increases spell power by $s1% of your total Spirit."", ""EffectBonusMultiplier_3"": 1.0, ""EffectChainAmplitude_1"": 1.0, ""EffectChainAmplitude_2"": 1.0, ""EffectChainAmplitude_3"": 1.0, ""EffectMiscValueB_1"": 4, ""EquippedItemClass"": -1, ""NameSubtext_Lang_Mask"": 16712190, ""NameSubtext_Lang_enUS"": ""Rank 4"", ""Name_Lang_Mask"": 16712190, ""ProcChance"": 101, ""RangeIndex"": 1, ""SpellClassSet"": 6}",pulled from existing data
15031,Spiritual Guidance,1,0,0,464,0,0,0,0,0,0,0,0.0,,,"{""amplitude"": 0, ""apply_aura"": 174, ""base_points"": 24, ""chain_targets"": 0, ""die_sides"": 1, ""implicit_target_a"": 1, ""implicit_target_b"": 0, ""mechanic"": 0, ""misc_value"": 126, ""points_per_level"": 0.0, ""radius_yards"": null, ""trigger_spell"": 0, ""type"": 6}","{""amplitude"": 0, ""apply_aura"": 175, ""base_points"": 24, ""chain_targets"": 0, ""die_sides"": 1, ""implicit_target_a"": 1, ""implicit_target_b"": 0, ""mechanic"": 0, ""misc_value"": 4, ""points_per_level"": 0.0, ""radius_yards"": null, ""trigger_spell"": 0, ""type"": 6}",,1873,,,"{""AuraDescription_Lang_Mask"": 16712188, ""CastingTimeIndex"": 1, ""Description_Lang_Mask"": 16712190, ""Description_Lang_enUS"": ""Increases spell power by $s1% of your total Spirit."", ""EffectBonusMultiplier_3"": 1.0, ""EffectChainAmplitude_1"": 1.0, ""EffectChainAmplitude_2"": 1.0, ""EffectChainAmplitude_3"": 1.0, ""EffectMiscValueB_1"": 4, ""EquippedItemClass"": -1, ""NameSubtext_Lang_Mask"": 16712190, ""NameSubtext_Lang_enUS"": ""Rank 5"", ""Name_Lang_Mask"": 16712190, ""ProcChance"": 101, ""RangeIndex"": 1, ""SpellClassSet"": 6}",pulled from existing data
15257,Shadow Weaving,1,0,0,448,0,0,0,0,0,0,0,0.0,,,"{""amplitude"": 0, ""apply_aura"": 109, ""base_points"": 32, ""chain_targets"": 0, ""die_sides"": 1, ""implicit_target_a"": 6, ""implicit_target_b"": 0, ""mechanic"": 0, ""misc_value"": 0, ""points_per_level"": 0.0, ""radius_yards"": null, ""trigger_spell"": 15258, ""type"": 6}",,,9,,,"{""AttributesEx3"": 67108864, ""AuraDescription_Lang_Mask"": 16712188, ""CastingTimeIndex"": 1, ""Description_Lang_Mask"": 16712190, ""Description_Lang_enUS"": ""Your Shadow damage spells have a $s1% chance to increase the Shadow damage you deal by $15258s1% for $15258d.  Stacks up to $15258u times."", ""EffectBonusMultiplier_3"": 1.0, ""EffectChainAmplitude_1"": 1.0, ""EffectChainAmplitude_2"": 1.0, ""EffectChainAmplitude_3"": 1.0, ""EffectSpellClassMaskA_1"": 42508304, ""EffectSpellClassMaskA_2"": 525314, ""EquippedItemClass"": -1, ""NameSubtext_Lang_Mask"": 16712190, ""NameSubtext_Lang_enUS"": ""Rank 1"", ""Name_Lang_Mask"": 16712190, ""ProcChance"": 101, ""RangeIndex"": 1, ""SpellClassSet"": 6}",pulled from existing data
15259,Darkness,1,0,0,464,0,0,0,0,0,0,0,0.0,,,"{""amplitude"": 0, ""apply_aura"": 108, ""base_points"": 1, ""chain_targets"": 0, ""die_sides"": 1, ""implicit_target_a"": 1, ""implicit_target_b"": 0, ""mechanic"": 0, ""misc_value"": 0, ""points_per_level"": 0.0, ""radius_yards"": null, ""trigger_spell"": 0, ""type"": 6}","{""amplitude"": 0, ""apply_aura"": 108, ""base_points"": 1, ""chain_targets"": 0, ""die_sides"": 1, ""implicit_target_a"": 1, ""implicit_target_b"": 0, ""mechanic"": 0, ""misc_value"": 22, ""points_per_level"": 0.0, ""radius_yards"": null, ""trigger_spell"": 0, ""type"": 6}","{""amplitude"": 0, ""apply_aura"": 108, ""base_points"": 1, ""chain_targets"": 0, ""die_sides"": 1, ""implicit_target_a"": 1, ""implicit_target_b"": 0, ""mechanic"": 0, ""misc_value"": 0, ""points_per_level"": 0.0, ""radius_yards"": null, ""trigger_spell"": 0, ""type"": 6}",164,,,"{""AuraDescription_Lang_Mask"": 16712188, ""CastingTimeIndex"": 1, ""Description_Lang_Mask"": 16712190, ""Description_Lang_enUS"": ""Increases your Shadow spell damage by $s1%."", ""EffectChainAmplitude_1"": 1.0, ""EffectChainAmplitude_2"": 1.0, ""EffectChainAmplitude_3"": 1.0, ""EffectSpellClassMaskA_1"": 41951232, ""EffectSpellClassMaskA_2"": 524290, ""EffectSpellClassMaskB_1"": 33587200, ""EffectSpellClassMaskB_2"": 1024, ""EffectSpellClassMaskC_1"": 524288, ""EquippedItemClass"": -1, ""NameSubtext_Lang_Mask"": 16712190, ""NameSubtext_Lang_enUS"": ""Rank 1"", ""Name_Lang_Mask"": 16712190, ""ProcChance"": 101, ""RangeIndex"": 1, ""SpellClassSet"": 6}",pulled from existing data
15260,Shadow Focus,1,0,0,448,0,0,0,0,0,0,0,0.0,,,"{""amplitude"": 0, ""apply_aura"": 107, ""base_points"": 0, ""chain_targets"": 0, ""die_sides"": 1, ""implicit_target_a"": 1, ""implicit_target_b"": 0, ""mechanic"": 0, ""misc_value"": 16, ""points_per_level"": 0.0, ""radius_yards"": null, ""trigger_spell"": 0, ""type"": 6}","{""amplitude"": 0, ""apply_aura"": 108, ""base_points"": -3, ""chain_targets"": 0, ""die_sides"": 1, ""implicit_target_a"": 1, ""implicit_target_b"": 0, ""mechanic"": 0, ""misc_value"": 14, ""points_per_level"": 0.0, ""radius_yards"": null, ""trigger_spell"": 0, ""type"": 6}",,208,,,"{""AuraDescription_Lang_Mask"": 16712188, ""CastingTimeIndex"": 1, ""Description_Lang_Mask"": 16712190, ""Description_Lang_enUS"": ""Increases your chance to hit with your Shadow spells by $s1%, and reduces the mana cost of your Shadow spells by $s2%."", ""EffectBonusMultiplier_3"": 1.0, ""EffectChainAmplitude_1"": 1.0, ""EffectChainAmplitude_2"": 1.0, ""EffectChainAmplitude_3"": 1.0, ""EffectSpellClassMaskA_1"": 109814020, ""EffectSpellClassMaskA_2"": 3933258, ""EffectSpellClassMaskA_3"": 8520, ""EffectSpellClassMaskB_1"": 42197252, ""EffectSpellClassMaskB_2"": 2150894914, ""EffectSpellClassMaskB_3"": 8256, ""EquippedItemClass"": -1, ""NameSubtext_Lang_Mask"": 16712190, ""NameSubtext_Lang_enUS"": ""Rank 1"", ""Name_Lang_Mask"": 16712190, ""ProcChance"": 101, ""RangeIndex"": 1, ""SpellClassSet"": 6}",pulled from existing data
15272,Shadow Affinity,1,0,0,448,0,0,0,0,0,0,0,0.0,,,"{""amplitude"": 0, ""apply_aura"": 108, ""base_points"": -17, ""chain_targets"": 0, ""die_sides"": 1, ""implicit_target_a"": 1, ""implicit_target_b"": 0, ""mechanic"": 0, ""misc_value"": 2, ""points_per_level"": 0.0, ""radius_yards"": null, ""trigger_spell"": 0, ""type"": 6}","{""amplitude"": 0, ""apply_aura"": 4, ""base_points"": 9, ""chain_targets"": 0, ""die_sides"": 1, ""implicit_target_a"": 1, ""implicit_target_b"": 0, ""mechanic"": 0, ""misc_value"": 23, ""points_per_level"": 0.0, ""radius_yards"": null, ""trigger_spell"": 0, ""type"": 6}",,178,,,"{""AuraDescription_Lang_Mask"": 16712188, ""CastingTimeIndex"": 1, ""Description_Lang_Mask"": 16712190, ""Description_Lang_enUS"": ""Reduces the threat generated by your Shadow spells by $s1%, and you receive $s2% of your base mana when your Shadow Word: Pain or Vampiric Touch spells are dispelled."", ""EffectBonusMultiplier_3"": 1.0, ""EffectChainAmplitude_1"": 1.0, ""EffectChainAmplitude_2"": 1.0, ""EffectChainAmplitude_3"": 1.0, ""EffectSpellClassMaskA_1"": 109814020, ""EffectSpellClassMaskA_2"": 787530, ""EffectSpellClassMaskA_3"": 8256, ""EffectSpellClassMaskB_1"": 32768, ""EffectSpellClassMaskB_2"": 1024, ""EquippedItemClass"": -1, ""NameSubtext_Lang_Mask"": 16712190, ""NameSubtext_Lang_enUS"": ""Rank 2"", ""Name_Lang_Mask"": 16712190, ""ProcChance"": 101, ""RangeIndex"": 1, ""SpellClassSet"": 6}",pulled from existing data
15273,Improved Mind Blast,1,0,0,448,0,0,0,0,0,0,0,0.0,,,"{""amplitude"": 0, ""apply_aura"": 107, ""base_points"": -501, ""chain_targets"": 0, ""die_sides"": 1, ""implicit_target_a"": 1, ""implicit_target_b"": 0, ""mechanic"": 0, ""misc_value"": 11, ""points_per_level"": 0.0, ""radius_yards"": null, ""trigger_spell"": 0, ""type"": 6}","{""amplitude"": 0, ""apply_aura"": 0, ""base_points"": 19, ""chain_targets"": 0, ""die_sides"": 1, ""implicit_target_a"": 1, ""implicit_target_b"": 0, ""mechanic"": 0, ""misc_value"": 0, ""points_per_level"": 0.0, ""radius_yards"": null, ""trigger_spell"": 0, ""type"": 3}",,95,,,"{""AuraDescription_Lang_Mask"": 16712188, ""CastingTimeIndex"": 1, ""Description_Lang_Mask"": 16712190, ""Description_Lang_enUS"": ""Reduces the cooldown of your Mind Blast spell by $/1000;S1 sec., and while in Shadowform your Mind Blast also has a $s2% chance to reduce all healing done to the target by $48301s1% for $48301d."", ""EffectBonusMultiplier_3"": 1.0, ""EffectChainAmplitude_1"": 1.0, ""EffectChainAmplitude_2"": 1.0, ""EffectChainAmplitude_3"": 1.0, ""EffectSpellClassMaskA_1"": 8192, ""EquippedItemClass"": -1, ""NameSubtext_Lang_Mask"": 16712190, ""NameSubtext_Lang_enUS"": ""Rank 1"", ""Name_Lang_Mask"": 16712190, ""ProcChance"": 101, ""RangeIndex"": 1, ""SpellClassSet"": 6}",pulled from existing data
15274,Veiled Shadows,1,0,0,448,0,0,0,0,0,0,0,0.0,,,"{""amplitude"": 0, ""apply_aura"": 107, ""base_points"": -3001, ""chain_targets"": 0, ""die_sides"": 1, ""implicit_target_a"": 1, ""implicit_target_b"": 0, ""mechanic"": 0, ""misc_value"": 11, ""points_per_level"": 0.0, ""radius_yards"": null, ""trigger_spell"": 0, ""type"": 6}","{""amplitude"": 0, ""apply_aura"": 107, ""base_points"": -60001, ""chain_targets"": 0, ""die_sides"": 1, ""implicit_target_a"": 1, ""implicit_target_b"": 0, ""mechanic"": 0, ""misc_value"": 11, ""points_per_level"": 0.0, ""radius_yards"": null, ""trigger_spell"": 0, ""type"": 6}",,331,,,"{""AuraDescription_Lang_Mask"": 16712188, ""CastingTimeIndex"": 1, ""Description_Lang_Mask"": 16712190, ""Description_Lang_enUS"": ""Decreases the cooldown of your Fade ability by $/1000;s1 sec, and reduces the cooldown of your Shadowfiend ability by 1 minute."", ""EffectBonusMultiplier_3"": 1.0, ""EffectChainAmplitude_1"": 1.0, ""EffectChainAmplitude_2"": 1.0, ""EffectChainAmplitude_3"": 1.0, ""EffectSpellClassMaskA_1"": 16384, ""EffectSpellClassMaskB_2"": 256, ""EquippedItemClass"": -1, ""NameSubtext_Lang_Mask"": 16712190, ""NameSubtext_Lang_enUS"": ""Rank 1"", ""Name_Lang_Mask"": 16712190, ""ProcChance"": 101, ""RangeIndex"": 1, ""SpellClassSet"": 6}",pulled from existing data
15275,Improved Shadow Word: Pain,1,0,0,448,0,0,0,0,0,0,0,0.0,,,"{""amplitude"": 0, ""apply_aura"": 108, ""base_points"": 2, ""chain_targets"": 0, ""die_sides"": 1, ""implicit_target_a"": 1, ""implicit_target_b"": 0, ""mechanic"": 0, ""misc_value"": 22, ""points_per_level"": 0.0, ""radius_yards"": null, ""trigger_spell"": 0, ""type"": 6}",,,234,,,"{""AuraDescription_Lang_Mask"": 16712188, ""CastingTimeIndex"": 1, ""Description_Lang_Mask"": 16712190, ""Description_Lang_enUS"": ""Increases the damage of your Shadow Word: Pain spell by $s1%."", ""EffectBonusMultiplier_2"": 1.0, ""EffectBonusMultiplier_3"": 1.0, ""EffectChainAmplitude_1"": 1.0, ""EffectChainAmplitude_2"": 1.0, ""EffectChainAmplitude_3"": 1.0, ""EffectSpellClassMaskA_1"": 32768, ""EquippedItemClass"": -1, ""NameSubtext_Lang_Mask"": 16712190, ""NameSubtext_Lang_enUS"": ""Rank 1"", ""Name_Lang_Mask"": 16712190, ""ProcChance"": 101, ""RangeIndex"": 1, ""SpellClassSet"": 6}",pulled from existing data
15286,Vampiric Embrace,32,0,0,0,0,0,0,0,0,0,0,0.0,,1800000,"{""amplitude"": 0, ""apply_aura"": 4, ""base_points"": 14, ""chain_targets"": 0, ""die_sides"": 1, ""implicit_target_a"": 1, ""implicit_target_b"": 0, ""mechanic"": 0, ""misc_value"": 0, ""points_per_level"": 0.0, ""radius_yards"": null, ""trigger_spell"": 0, ""type"": 6}",,,150,,,"{""AttributesEx3"": 67108864, ""AuraDescription_Lang_Mask"": 16712190, ""AuraDescription_Lang_enUS"": ""$15286s1% of single-target Shadow spell damage caused by casting priest heals the priest and $/5;15286s1% heals the group."", ""BaseLevel"": 1, ""CastingTimeIndex"": 1, ""DefenseType"": 1, ""Description_Lang_Mask"": 16712190, ""Description_Lang_enUS"": ""Fills you with the embrace of Shadow energy, causing you to be healed for $15286s1% and other party members to be healed for $/5;15286s1% of any single-target Shadow spell damage you deal for $15286d."", ""EffectBonusMultiplier_1"": 1.0, ""EffectBonusMultiplier_2"": 1.0, ""EffectBonusMultiplier_3"": 1.0, ""EffectChainAmplitude_1"": 1.0, ""EffectChainAmplitude_2"": 1.0, ""EffectChainAmplitude_3"": 1.0, ""EquippedItemClass"": -1, ""NameSubtext_Lang_Mask"": 16712188, ""Name_Lang_Mask"": 16712190, ""PreventionType"": 1, ""ProcChance"": 100, ""ProcTypeMask"": 327680, ""RangeIndex"": 1, ""SpellClassMask_1"": 4, ""SpellClassSet"": 6, ""SpellLevel"": 1, ""SpellVisualID_1"": 3582, ""StartRecoveryCategory"": 133, ""StartRecoveryTime"": 1500}",pulled from existing data
15307,Darkness,1,0,0,464,0,0,0,0,0,0,0,0.0,,,"{""amplitude"": 0, ""apply_aura"": 108, ""base_points"": 3, ""chain_targets"": 0, ""die_sides"": 1, ""implicit_target_a"": 1, ""implicit_target_b"": 0, ""mechanic"": 0, ""misc_value"": 0, ""points_per_level"": 0.0, ""radius_yards"": null, ""trigger_spell"": 0, ""type"": 6}","{""amplitude"": 0, ""apply_aura"": 108, ""base_points"": 3, ""chain_targets"": 0, ""die_sides"": 1, ""implicit_target_a"": 1, ""implicit_target_b"": 0, ""mechanic"": 0, ""misc_value"": 22, ""points_per_level"": 0.0, ""radius_yards"": null, ""trigger_spell"": 0, ""type"": 6}","{""amplitude"": 0, ""apply_aura"": 108, ""base_points"": 3, ""chain_targets"": 0, ""die_sides"": 1, ""implicit_target_a"": 1, ""implicit_target_b"": 0, ""mechanic"": 0, ""misc_value"": 0, ""points_per_level"": 0.0, ""radius_yards"": null, ""trigger_spell"": 0, ""type"": 6}",164,,,"{""AuraDescription_Lang_Mask"": 16712188, ""CastingTimeIndex"": 1, ""Description_Lang_Mask"": 16712190, ""Description_Lang_enUS"": ""Increases your Shadow spell damage by $s1%."", ""EffectBonusMultiplier_2"": 1.0, ""EffectChainAmplitude_1"": 1.0, ""EffectChainAmplitude_2"": 1.0, ""EffectChainAmplitude_3"": 1.0, ""EffectSpellClassMaskA_1"": 41951232, ""EffectSpellClassMaskA_2"": 524290, ""EffectSpellClassMaskB_1"": 33587200, ""EffectSpellClassMaskB_2"": 1024, ""EffectSpellClassMaskC_1"": 524288, ""EquippedItemClass"": -1, ""NameSubtext_Lang_Mask"": 16712190, ""NameSubtext_Lang_enUS"": ""Rank 2"", ""Name_Lang_Mask"": 16712190, ""ProcChance"": 101, ""RangeIndex"": 1, ""SpellClassSet"": 6}",pulled from existing data
15308,Darkness,1,0,0,464,0,0,0,0,0,0,0,0.0,,,"{""amplitude"": 0, ""apply_aura"": 108, ""base_points"": 5, ""chain_targets"": 0, ""die_sides"": 1, ""implicit_target_a"": 1, ""implicit_target_b"": 0, ""mechanic"": 0, ""misc_value"": 0, ""points_per_level"": 0.0, ""radius_yards"": null, ""trigger_spell"": 0, ""type"": 6}","{""amplitude"": 0, ""apply_aura"": 108, ""base_points"": 5, ""chain_targets"": 0, ""die_sides"": 1, ""implicit_target_a"": 1, ""implicit_target_b"": 0, ""mechanic"": 0, ""misc_value"": 22, ""points_per_level"": 0.0, ""radius_yards"": null, ""trigger_spell"": 0, ""type"": 6}","{""amplitude"": 0, ""apply_aura"": 108, ""base_points"": 5, ""chain_targets"": 0, ""die_sides"": 1, ""implicit_target_a"": 1, ""implicit_target_b"": 0, ""mechanic"": 0, ""misc_value"": 0, ""points_per_level"": 0.0, ""radius_yards"": null, ""trigger_spell"": 0, ""type"": 6}",164,,,"{""AuraDescription_Lang_Mask"": 16712188, ""CastingTimeIndex"": 1, ""Description_Lang_Mask"": 16712190, ""Description_Lang_enUS"": ""Increases your Shadow spell damage by $s1%."", ""EffectBonusMultiplier_2"": 1.0, ""EffectChainAmplitude_1"": 1.0, ""EffectChainAmplitude_2"": 1.0, ""EffectChainAmplitude_3"": 1.0, ""EffectSpellClassMaskA_1"": 41951232, ""EffectSpellClassMaskA_2"": 524290, ""EffectSpellClassMaskB_1"": 33587200, ""EffectSpellClassMaskB_2"": 1024, ""EffectSpellClassMaskC_1"": 524288, ""EquippedItemClass"": -1, ""NameSubtext_Lang_Mask"": 16712190, ""NameSubtext_Lang_enUS"": ""Rank 3"", ""Name_Lang_Mask"": 16712190, ""ProcChance"": 101, ""RangeIndex"": 1, ""SpellClassSet"": 6}",pulled from existing data
15309,Darkness,1,0,0,464,0,0,0,0,0,0,0,0.0,,,"{""amplitude"": 0, ""apply_aura"": 108, ""base_points"": 7, ""chain_targets"": 0, ""die_sides"": 1, ""implicit_target_a"": 1, ""implicit_target_b"": 0, ""mechanic"": 0, ""misc_value"": 0, ""points_per_level"": 0.0, ""radius_yards"": null, ""trigger_spell"": 0, ""type"": 6}","{""amplitude"": 0, ""apply_aura"": 108, ""base_points"": 7, ""chain_targets"": 0, ""die_sides"": 1, ""implicit_target_a"": 1, ""implicit_target_b"": 0, ""mechanic"": 0, ""misc_value"": 22, ""points_per_level"": 0.0, ""radius_yards"": null, ""trigger_spell"": 0, ""type"": 6}","{""amplitude"": 0, ""apply_aura"": 108, ""base_points"": 7, ""chain_targets"": 0, ""die_sides"": 1, ""implicit_target_a"": 1, ""implicit_target_b"": 0, ""mechanic"": 0, ""misc_value"": 0, ""points_per_level"": 0.0, ""radius_yards"": null, ""trigger_spell"": 0, ""type"": 6}",164,,,"{""AuraDescription_Lang_Mask"": 16712188, ""CastingTimeIndex"": 1, ""Description_Lang_Mask"": 16712190, ""Description_Lang_enUS"": ""Increases your Shadow spell damage by $s1%."", ""EffectBonusMultiplier_2"": 1.0, ""EffectChainAmplitude_1"": 1.0, ""EffectChainAmplitude_2"": 1.0, ""EffectChainAmplitude_3"": 1.0, ""EffectSpellClassMaskA_1"": 41951232, ""EffectSpellClassMaskA_2"": 524290, ""EffectSpellClassMaskB_1"": 33587200, ""EffectSpellClassMaskB_2"": 1024, ""EffectSpellClassMaskC_1"": 524288, ""EquippedItemClass"": -1, ""NameSubtext_Lang_Mask"": 16712190, ""NameSubtext_Lang_enUS"": ""Rank 4"", ""Name_Lang_Mask"": 16712190, ""ProcChance"": 101, ""RangeIndex"": 1, ""SpellClassSet"": 6}",pulled from existing data
15310,Darkness,1,0,0,464,0,0,0,0,0,0,0,0.0,,,"{""amplitude"": 0, ""apply_aura"": 108, ""base_points"": 9, ""chain_targets"": 0, ""die_sides"": 1, ""implicit_target_a"": 1, ""implicit_target_b"": 0, ""mechanic"": 0, ""misc_value"": 0, ""points_per_level"": 0.0, ""radius_yards"": null, ""trigger_spell"": 0, ""type"": 6}","{""amplitude"": 0, ""apply_aura"": 108, ""base_points"": 9, ""chain_targets"": 0, ""die_sides"": 1, ""implicit_target_a"": 1, ""implicit_target_b"": 0, ""mechanic"": 0, ""misc_value"": 22, ""points_per_level"": 0.0, ""radius_yards"": null, ""trigger_spell"": 0, ""type"": 6}","{""amplitude"": 0, ""apply_aura"": 108, ""base_points"": 9, ""chain_targets"": 0, ""die_sides"": 1, ""implicit_target_a"": 1, ""implicit_target_b"": 0, ""mechanic"": 0, ""misc_value"": 0, ""points_per_level"": 0.0, ""radius_yards"": null, ""trigger_spell"": 0, ""type"": 6}",164,,,"{""AuraDescription_Lang_Mask"": 16712188, ""CastingTimeIndex"": 1, ""Description_Lang_Mask"": 16712190, ""Description_Lang_enUS"": ""Increases your Shadow spell damage by $s1%."", ""EffectBonusMultiplier_2"": 1.0, ""EffectChainAmplitude_1"": 1.0, ""EffectChainAmplitude_2"": 1.0, ""EffectChainAmplitude_3"": 1.0, ""EffectSpellClassMaskA_1"": 41951232, ""EffectSpellClassMaskA_2"": 524290, ""EffectSpellClassMaskB_1"": 33587200, ""EffectSpellClassMaskB_2"": 1024, ""EffectSpellClassMaskC_1"": 524288, ""EquippedItemClass"": -1, ""NameSubtext_Lang_Mask"": 16712190, ""NameSubtext_Lang_enUS"": ""Rank 5"", ""Name_Lang_Mask"": 16712190, ""ProcChance"": 101, ""RangeIndex"": 1, ""SpellClassSet"": 6}",pulled from existing data
15311,Veiled Shadows,1,0,0,448,0,0,0,0,0,0,0,0.0,,,"{""amplitude"": 0, ""apply_aura"": 107, ""base_points"": -6001, ""chain_targets"": 0, ""die_sides"": 1, ""implicit_target_a"": 1, ""implicit_target_b"": 0, ""mechanic"": 0, ""misc_value"": 11, ""points_per_level"": 0.0, ""radius_yards"": null, ""trigger_spell"": 0, ""type"": 6}","{""amplitude"": 0, ""apply_aura"": 107, ""base_points"": -120001, ""chain_targets"": 0, ""die_sides"": 1, ""implicit_target_a"": 1, ""implicit_target_b"": 0, ""mechanic"": 0, ""misc_value"": 11, ""points_per_level"": 0.0, ""radius_yards"": null, ""trigger_spell"": 0, ""type"": 6}",,331,,,"{""AuraDescription_Lang_Mask"": 16712188, ""CastingTimeIndex"": 1, ""Description_Lang_Mask"": 16712190, ""Description_Lang_enUS"": ""Decreases the cooldown of your Fade ability by $/1000;s1 sec, and reduces the cooldown of your Shadowfiend ability by 2 minutes."", ""EffectBonusMultiplier_3"": 1.0, ""EffectChainAmplitude_1"": 1.0, ""EffectChainAmplitude_2"": 1.0, ""EffectChainAmplitude_3"": 1.0, ""EffectSpellClassMaskA_1"": 16384, ""EffectSpellClassMaskB_2"": 256, ""EquippedItemClass"": -1, ""NameSubtext_Lang_Mask"": 16712190, ""NameSubtext_Lang_enUS"": ""Rank 2"", ""Name_Lang_Mask"": 16712190, ""ProcChance"": 101, ""RangeIndex"": 1, ""SpellClassSet"": 6}",pulled from existing data
15312,Improved Mind Blast,1,0,0,448,0,0,0,0,0,0,0,0.0,,,"{""amplitude"": 0, ""apply_aura"": 107, ""base_points"": -1001, ""chain_targets"": 0, ""die_sides"": 1, ""implicit_target_a"": 1, ""implicit_target_b"": 0, ""mechanic"": 0, ""misc_value"": 11, ""points_per_level"": 0.0, ""radius_yards"": null, ""trigger_spell"": 0, ""type"": 6}","{""amplitude"": 0, ""apply_aura"": 0, ""base_points"": 39, ""chain_targets"": 0, ""die_sides"": 1, ""implicit_target_a"": 1, ""implicit_target_b"": 0, ""mechanic"": 0, ""misc_value"": 0, ""points_per_level"": 0.0, ""radius_yards"": null, ""trigger_spell"": 0, ""type"": 3}",,95,,,"{""AuraDescription_Lang_Mask"": 16712188, ""CastingTimeIndex"": 1, ""Description_Lang_Mask"": 16712190, ""Description_Lang_enUS"": ""Reduces the cooldown of your Mind Blast spell by $/1000;S1 sec., and while in Shadowform your Mind Blast also has a $s2% chance to reduce all healing done to the target by $48301s1% for $48301d."", ""EffectBonusMultiplier_3"": 1.0, ""EffectChainAmplitude_1"": 1.0, ""EffectChainAmplitude_2"": 1.0, ""EffectChainAmplitude_3"": 1.0, ""EffectSpellClassMaskA_1"": 8192, ""EquippedItemClass"": -1, ""NameSubtext_Lang_Mask"": 16712190, ""NameSubtext_Lang_enUS"": ""Rank 2"", ""Name_Lang_Mask"": 16712190, ""ProcChance"": 101, ""RangeIndex"": 1, ""SpellClassSet"": 6}",pulled from existing data
15313,Improved Mind Blast,1,0,0,448,0,0,0,0,0,0,0,0.0,,,"{""amplitude"": 0, ""apply_aura"": 107, ""base_points"": -1501, ""chain_targets"": 0, ""die_sides"": 1, ""implicit_target_a"": 1, ""implicit_target_b"": 0, ""mechanic"": 0, ""misc_value"": 11, ""points_per_level"": 0.0, ""radius_yards"": null, ""trigger_spell"": 0, ""type"": 6}","{""amplitude"": 0, ""apply_aura"": 0, ""base_points"": 59, ""chain_targets"": 0, ""die_sides"": 1, ""implicit_target_a"": 1, ""implicit_target_b"": 0, ""mechanic"": 0, ""misc_value"": 0, ""points_per_level"": 0.0, ""radius_yards"": null, ""trigger_spell"": 0, ""type"": 3}",,95,,,"{""AuraDescription_Lang_Mask"": 16712188, ""CastingTimeIndex"": 1, ""Description_Lang_Mask"": 16712190, ""Description_Lang_enUS"": ""Reduces the cooldown of your Mind Blast spell by $/1000;S1 sec., and while in Shadowform your Mind Blast also has a $s2% chance to reduce all healing done to the target by $48301s1% for $48301d."", ""EffectBonusMultiplier_3"": 1.0, ""EffectChainAmplitude_1"": 1.0, ""EffectChainAmplitude_2"": 1.0, ""EffectChainAmplitude_3"": 1.0, ""EffectSpellClassMaskA_1"": 8192, ""EquippedItemClass"": -1, ""NameSubtext_Lang_Mask"": 16712190, ""NameSubtext_Lang_enUS"": ""Rank 3"", ""Name_Lang_Mask"": 16712190, ""ProcChance"": 101, ""RangeIndex"": 1, ""SpellClassSet"": 6}",pulled from existing data
15314,Improved Mind Blast,1,0,0,448,0,0,0,0,0,0,0,0.0,,,"{""amplitude"": 0, ""apply_aura"": 107, ""base_points"": -2001, ""chain_targets"": 0, ""die_sides"": 1, ""implicit_target_a"": 1, ""implicit_target_b"": 0, ""mechanic"": 0, ""misc_value"": 11, ""points_per_level"": 0.0, ""radius_yards"": null, ""trigger_spell"": 0, ""type"": 6}","{""amplitude"": 0, ""apply_aura"": 0, ""base_points"": 79, ""chain_targets"": 0, ""die_sides"": 1, ""implicit_target_a"": 1, ""implicit_target_b"": 0, ""mechanic"": 0, ""misc_value"": 0, ""points_per_level"": 0.0, ""radius_yards"": null, ""trigger_spell"": 0, ""type"": 3}",,95,,,"{""AuraDescription_Lang_Mask"": 16712188, ""CastingTimeIndex"": 1, ""Description_Lang_Mask"": 16712190, ""Description_Lang_enUS"": ""Reduces the cooldown of your Mind Blast spell by $/1000;S1 sec., and while in Shadowform your Mind Blast also has a $s2% chance to reduce all healing done to the target by $48301s1% for $48301d."", ""EffectBonusMultiplier_3"": 1.0, ""EffectChainAmplitude_1"": 1.0, ""EffectChainAmplitude_2"": 1.0, ""EffectChainAmplitude_3"": 1.0, ""EffectSpellClassMaskA_1"": 8192, ""EquippedItemClass"": -1, ""NameSubtext_Lang_Mask"": 16712190, ""NameSubtext_Lang_enUS"": ""Rank 4"", ""Name_Lang_Mask"": 16712190, ""ProcChance"": 101, ""RangeIndex"": 1, ""SpellClassSet"": 6}",pulled from existing data
15316,Improved Mind Blast,1,0,0,448,0,0,0,0,0,0,0,0.0,,,"{""amplitude"": 0, ""apply_aura"": 107, ""base_points"": -2501, ""chain_targets"": 0, ""die_sides"": 1, ""implicit_target_a"": 1, ""implicit_target_b"": 0, ""mechanic"": 0, ""misc_value"": 11, ""points_per_level"": 0.0, ""radius_yards"": null, ""trigger_spell"": 0, ""type"": 6}","{""amplitude"": 0, ""apply_aura"": 0, ""base_points"": 99, ""chain_targets"": 0, ""die_sides"": 1, ""implicit_target_a"": 1, ""implicit_target_b"": 0, ""mechanic"": 0, ""misc_value"": 0, ""points_per_level"": 0.0, ""radius_yards"": null, ""trigger_spell"": 0, ""type"": 3}",,95,,,"{""AuraDescription_Lang_Mask"": 16712188, ""CastingTimeIndex"": 1, ""Description_Lang_Mask"": 16712190, ""Description_Lang_enUS"": ""Reduces the cooldown of your Mind Blast spell by $/1000;S1 sec., and while in Shadowform your Mind Blast also has a $s2% chance to reduce all healing done to the target by $48301s1% for $48301d."", ""EffectBonusMultiplier_3"": 1.0, ""EffectChainAmplitude_1"": 1.0, ""EffectChainAmplitude_2"": 1.0, ""EffectChainAmplitude_3"": 1.0, ""EffectSpellClassMaskA_1"": 8192, ""EquippedItemClass"": -1, ""NameSubtext_Lang_Mask"": 16712190, ""NameSubtext_Lang_enUS"": ""Rank 5"", ""Name_Lang_Mask"": 16712190, ""ProcChance"": 101, ""RangeIndex"": 1, ""SpellClassSet"": 6}",pulled from existing data
15317,Improved Shadow Word: Pain,1,0,0,448,0,0,0,0,0,0,0,0.0,,,"{""amplitude"": 0, ""apply_aura"": 108, ""base_points"": 5, ""chain_targets"": 0, ""die_sides"": 1, ""implicit_target_a"": 1, ""implicit_target_b"": 0, ""mechanic"": 0, ""misc_value"": 22, ""points_per_level"": 0.0, ""radius_yards"": null, ""trigger_spell"": 0, ""type"": 6}",,,234,,,"{""AuraDescription_Lang_Mask"": 16712188, ""CastingTimeIndex"": 1, ""Description_Lang_Mask"": 16712190, ""Description_Lang_enUS"": ""Increases the damage of your Shadow Word: Pain spell by $s1%."", ""EffectBonusMultiplier_2"": 1.0, ""EffectBonusMultiplier_3"": 1.0, ""EffectChainAmplitude_1"": 1.0, ""EffectChainAmplitude_2"": 1.0, ""EffectChainAmplitude_3"": 1.0, ""EffectSpellClassMaskA_1"": 32768, ""EquippedItemClass"": -1, ""NameSubtext_Lang_Mask"": 16712190, ""NameSubtext_Lang_enUS"": ""Rank 2"", ""Name_Lang_Mask"": 16712190, ""ProcChance"": 101, ""RangeIndex"": 1, ""SpellClassSet"": 6}",pulled from existing data
15318,Shadow Affinity,1,0,0,448,0,0,0,0,0,0,0,0.0,,,"{""amplitude"": 0, ""apply_aura"": 108, ""base_points"": -9, ""chain_targets"": 0, ""die_sides"": 1, ""implicit_target_a"": 1, ""implicit_target_b"": 0, ""mechanic"": 0, ""misc_value"": 2, ""points_per_level"": 0.0, ""radius_yards"": null, ""trigger_spell"": 0, ""type"": 6}","{""amplitude"": 0, ""apply_aura"": 4, ""base_points"": 4, ""chain_targets"": 0, ""die_sides"": 1, ""implicit_target_a"": 1, ""implicit_target_b"": 0, ""mechanic"": 0, ""misc_value"": 23, ""points_per_level"": 0.0, ""radius_yards"": null, ""trigger_spell"": 0, ""type"": 6}",,178,,,"{""AuraDescription_Lang_Mask"": 16712188, ""CastingTimeIndex"": 1, ""Description_Lang_Mask"": 16712190, ""Description_Lang_enUS"": ""Reduces the threat generated by your Shadow spells by $s1%, and you receive $s2% of your base mana when your Shadow Word: Pain or Vampiric Touch spells are dispelled."", ""EffectBonusMultiplier_3"": 1.0, ""EffectChainAmplitude_1"": 1.0, ""EffectChainAmplitude_2"": 1.0, ""EffectChainAmplitude_3"": 1.0, ""EffectSpellClassMaskA_1"": 109814020, ""EffectSpellClassMaskA_2"": 787530, ""EffectSpellClassMaskA_3"": 8256, ""EffectSpellClassMaskB_1"": 32768, ""EffectSpellClassMaskB_2"": 1024, ""EquippedItemClass"": -1, ""NameSubtext_Lang_Mask"": 16712190, ""NameSubtext_Lang_enUS"": ""Rank 1"", ""Name_Lang_Mask"": 16712190, ""ProcChance"": 101, ""RangeIndex"": 1, ""SpellClassSet"": 6}",pulled from existing data
15320,Shadow Affinity,1,0,0,448,0,0,0,0,0,0,0,0.0,,,"{""amplitude"": 0, ""apply_aura"": 108, ""base_points"": -26, ""chain_targets"": 0, ""die_sides"": 1, ""implicit_target_a"": 1, ""implicit_target_b"": 0, ""mechanic"": 0, ""misc_value"": 2, ""points_per_level"": 0.0, ""radius_yards"": null, ""trigger_spell"": 0, ""type"": 6}","{""amplitude"": 0, ""apply_aura"": 4, ""base_points"": 14, ""chain_targets"": 0, ""die_sides"": 1, ""implicit_target_a"": 1, ""implicit_target_b"": 0, ""mechanic"": 0, ""misc_value"": 23, ""points_per_level"": 0.0, ""radius_yards"": null, ""trigger_spell"": 0, ""type"": 6}",,178,,,"{""AuraDescription_Lang_Mask"": 16712188, ""CastingTimeIndex"": 1, ""Description_Lang_Mask"": 16712190, ""Description_Lang_enUS"": ""Reduces the threat generated by your Shadow spells by $s1%, and you receive $s2% of your base mana when your Shadow Word: Pain or Vampiric Touch spells are dispelled."", ""EffectBonusMultiplier_3"": 1.0, ""EffectChainAmplitude_1"": 1.0, ""EffectChainAmplitude_2"": 1.0, ""EffectChainAmplitude_3"": 1.0, ""EffectSpellClassMaskA_1"": 109814020, ""EffectSpellClassMaskA_2"": 787530, ""EffectSpellClassMaskA_3"": 8256, ""EffectSpellClassMaskB_1"": 32768, ""EffectSpellClassMaskB_2"": 1024, ""EquippedItemClass"": -1, ""NameSubtext_Lang_Mask"": 16712190, ""NameSubtext_Lang_enUS"": ""Rank 3"", ""Name_Lang_Mask"": 16712190, ""ProcChance"": 101, ""RangeIndex"": 1, ""SpellClassSet"": 6}",pulled from existing data
15327,Shadow Focus,1,0,0,448,0,0,0,0,0,0,0,0.0,,,"{""amplitude"": 0, ""apply_aura"": 107, ""base_points"": 1, ""chain_targets"": 0, ""die_sides"": 1, ""implicit_target_a"": 1, ""implicit_target_b"": 0, ""mechanic"": 0, ""misc_value"": 16, ""points_per_level"": 0.0, ""radius_yards"": null, ""trigger_spell"": 0, ""type"": 6}","{""amplitude"": 0, ""apply_aura"": 108, ""base_points"": -5, ""chain_targets"": 0, ""die_sides"": 1, ""implicit_target_a"": 0, ""implicit_target_b"": 0, ""mechanic"": 0, ""misc_value"": 14, ""points_per_level"": 0.0, ""radius_yards"": null, ""trigger_spell"": 0, ""type"": 6}",,208,,,"{""AuraDescription_Lang_Mask"": 16712188, ""CastingTimeIndex"": 1, ""Description_Lang_Mask"": 16712190, ""Description_Lang_enUS"": ""Increases your chance to hit with your Shadow spells by $s1%, and reduces the mana cost of your Shadow spells by $s2%."", ""EffectBonusMultiplier_3"": 1.0, ""EffectChainAmplitude_1"": 1.0, ""EffectChainAmplitude_2"": 1.0, ""EffectChainAmplitude_3"": 1.0, ""EffectSpellClassMaskA_1"": 109814020, ""EffectSpellClassMaskA_2"": 3933258, ""EffectSpellClassMaskA_3"": 8520, ""EffectSpellClassMaskB_1"": 42197252, ""EffectSpellClassMaskB_2"": 2150894914, ""EffectSpellClassMaskB_3"": 8256, ""EquippedItemClass"": -1, ""NameSubtext_Lang_Mask"": 16712190, ""NameSubtext_Lang_enUS"": ""Rank 2"", ""Name_Lang_Mask"": 16712190, ""ProcChance"": 101, ""RangeIndex"": 1, ""SpellClassSet"": 6}",pulled from existing data
15328,Shadow Focus,1,0,0,448,0,0,0,0,0,0,0,0.0,,,"{""amplitude"": 0, ""apply_aura"": 107, ""base_points"": 2, ""chain_targets"": 0, ""die_sides"": 1, ""implicit_target_a"": 1, ""implicit_target_b"": 0, ""mechanic"": 0, ""misc_value"": 16, ""points_per_level"": 0.0, ""radius_yards"": null, ""trigger_spell"": 0, ""type"": 6}","{""amplitude"": 0, ""apply_aura"": 108, ""base_points"": -7, ""chain_targets"": 0, ""die_sides"": 1, ""implicit_target_a"": 1, ""implicit_target_b"": 0, ""mechanic"": 0, ""misc_value"": 14, ""points_per_level"": 0.0, ""radius_yards"": null, ""trigger_spell"": 0, ""type"": 6}",,208,,,"{""AuraDescription_Lang_Mask"": 16712188, ""CastingTimeIndex"": 1, ""Description_Lang_Mask"": 16712190, ""Description_Lang_enUS"": ""Increases your chance to hit with your Shadow spells by $s1%, and reduces the mana cost of your Shadow spells by $s2%."", ""EffectBonusMultiplier_3"": 1.0, ""EffectChainAmplitude_1"": 1.0, ""EffectChainAmplitude_2"": 1.0, ""EffectChainAmplitude_3"": 1.0, ""EffectSpellClassMaskA_1"": 109814020, ""EffectSpellClassMaskA_2"": 3933258, ""EffectSpellClassMaskA_3"": 8520, ""EffectSpellClassMaskB_1"": 42197252, ""EffectSpellClassMaskB_2"": 2150894914, ""EffectSpellClassMaskB_3"": 8256, ""EquippedItemClass"": -1, ""NameSubtext_Lang_Mask"": 16712190, ""NameSubtext_Lang_enUS"": ""Rank 3"", ""Name_Lang_Mask"": 16712190, ""ProcChance"": 101, ""RangeIndex"": 1, ""SpellClassSet"": 6}",pulled from existing data
15331,Shadow Weaving,1,0,0,448,0,0,0,0,0,0,0,0.0,,,"{""amplitude"": 0, ""apply_aura"": 109, ""base_points"": 65, ""chain_targets"": 0, ""die_sides"": 1, ""implicit_target_a"": 6, ""implicit_target_b"": 0, ""mechanic"": 0, ""misc_value"": 0, ""points_per_level"": 0.0, ""radius_yards"": null, ""trigger_spell"": 15258, ""type"": 6}",,,9,,,"{""AttributesEx3"": 67108864, ""AuraDescription_Lang_Mask"": 16712188, ""CastingTimeIndex"": 1, ""Description_Lang_Mask"": 16712190, ""Description_Lang_enUS"": ""Your Shadow damage spells have a $s1% chance to increase the Shadow damage you deal by $15258s1% for $15258d.  Stacks up to $15258u times."", ""EffectBonusMultiplier_3"": 1.0, ""EffectChainAmplitude_1"": 1.0, ""EffectChainAmplitude_2"": 1.0, ""EffectChainAmplitude_3"": 1.0, ""EffectSpellClassMaskA_1"": 42508304, ""EffectSpellClassMaskA_2"": 525314, ""EquippedItemClass"": -1, ""NameSubtext_Lang_Mask"": 16712190, ""NameSubtext_Lang_enUS"": ""Rank 2"", ""Name_Lang_Mask"": 16712190, ""ProcChance"": 101, ""RangeIndex"": 1, ""SpellClassSet"": 6}",pulled from existing data
15332,Shadow Weaving,1,0,0,448,0,0,0,0,0,0,0,0.0,,,"{""amplitude"": 0, ""apply_aura"": 109, ""base_points"": 99, ""chain_targets"": 0, ""die_sides"": 1, ""implicit_target_a"": 6, ""implicit_target_b"": 0, ""mechanic"": 0, ""misc_value"": 0, ""points_per_level"": 0.0, ""radius_yards"": null, ""trigger_spell"": 15258, ""type"": 6}",,,9,,,"{""AttributesEx3"": 67108864, ""AuraDescription_Lang_Mask"": 16712188, ""CastingTimeIndex"": 1, ""Description_Lang_Mask"": 16712190, ""Description_Lang_enUS"": ""Your Shadow damage spells have a $s1% chance to increase the Shadow damage you deal by $15258s1% for $15258d.  Stacks up to $15258u times."", ""EffectBonusMultiplier_2"": 1.0, ""EffectBonusMultiplier_3"": 1.0, ""EffectChainAmplitude_1"": 1.0, ""EffectChainAmplitude_2"": 1.0, ""EffectChainAmplitude_3"": 1.0, ""EffectSpellClassMaskA_1"": 42508304, ""EffectSpellClassMaskA_2"": 525314, ""EquippedItemClass"": -1, ""NameSubtext_Lang_Mask"": 16712190, ""NameSubtext_Lang_enUS"": ""Rank 3"", ""Name_Lang_Mask"": 16712190, ""ProcChance"": 101, ""RangeIndex"": 1, ""SpellClassSet"": 6}",pulled from existing data
15337,Improved Spirit Tap,1,0,0,464,0,0,0,0,0,0,0,0.0,,,"{""amplitude"": 0, ""apply_aura"": 42, ""base_points"": 4, ""chain_targets"": 0, ""die_sides"": 1, ""implicit_target_a"": 1, ""implicit_target_b"": 0, ""mechanic"": 0, ""misc_value"": 0, ""points_per_level"": 0.0, ""radius_yards"": null, ""trigger_spell"": 49694, ""type"": 6}",,,152,,,"{""AttributesEx3"": 67108864, ""AuraDescription_Lang_Mask"": 16712188, ""CastingTimeIndex"": 1, ""Description_Lang_Mask"": 16712190, ""Description_Lang_enUS"": ""Your Mind Blast and Shadow Word: Death critical strikes have a 100% chance and your Mind Flay critical strikes have a 50% chance to increase your total Spirit by $49694s1%. For the duration, your mana will regenerate at a $49694s2% rate while casting. Lasts $49694d."", ""EffectBasePoints_2"": 99, ""EffectBonusMultiplier_1"": 1.0, ""EffectBonusMultiplier_2"": 1.0, ""EffectBonusMultiplier_3"": 1.0, ""EffectChainAmplitude_1"": 1.0, ""EffectChainAmplitude_2"": 1.0, ""EffectChainAmplitude_3"": 1.0, ""EffectDieSides_2"": 1, ""EquippedItemClass"": -1, ""NameSubtext_Lang_Mask"": 16712190, ""NameSubtext_Lang_enUS"": ""Rank 1"", ""Name_Lang_Mask"": 16712190, ""ProcChance"": 100, ""ProcTypeMask"": 65536, ""RangeIndex"": 1, ""SpellClassSet"": 6}",pulled from existing data
15338,Improved Spirit Tap,1,0,0,464,0,0,0,0,0,0,0,0.0,,,"{""amplitude"": 0, ""apply_aura"": 42, ""base_points"": 9, ""chain_targets"": 0, ""die_sides"": 1, ""implicit_target_a"": 1, ""implicit_target_b"": 0, ""mechanic"": 0, ""misc_value"": 0, ""points_per_level"": 0.0, ""radius_yards"": null, ""trigger_spell"": 59000, ""type"": 6}",,,152,,,"{""AttributesEx3"": 67108864, ""AuraDescription_Lang_Mask"": 16712188, ""CastingTimeIndex"": 1, ""Description_Lang_Mask"": 16712190, ""Description_Lang_enUS"": ""Your Mind Blast and Shadow Word: Death critical strikes have a 100% chance and your Mind Flay critical strikes have a 50% chance to increase your total Spirit by $59000s1%. For the duration, your mana will regenerate at a $59000s2% rate while casting. Lasts $49694d."", ""EffectBonusMultiplier_1"": 1.0, ""EffectBonusMultiplier_2"": 1.0, ""EffectBonusMultiplier_3"": 1.0, ""EffectChainAmplitude_1"": 1.0, ""EffectChainAmplitude_2"": 1.0, ""EffectChainAmplitude_3"": 1.0, ""EquippedItemClass"": -1, ""NameSubtext_Lang_Mask"": 16712190, ""NameSubtext_Lang_enUS"": ""Rank 2"", ""Name_Lang_Mask"": 16712190, ""ProcChance"": 100, ""ProcTypeMask"": 65536, ""RangeIndex"": 1, ""SpellClassSet"": 6}",pulled from existing data
15349,Spiritual Healing,1,0,0,464,0,0,0,0,0,0,0,0.0,,,"{""amplitude"": 0, ""apply_aura"": 108, ""base_points"": 3, ""chain_targets"": 0, ""die_sides"": 1, ""implicit_target_a"": 1, ""implicit_target_b"": 0, ""mechanic"": 0, ""misc_value"": 0, ""points_per_level"": 0.0, ""radius_yards"": null, ""trigger_spell"": 0, ""type"": 6}","{""amplitude"": 0, ""apply_aura"": 108, ""base_points"": 3, ""chain_targets"": 0, ""die_sides"": 1, ""implicit_target_a"": 1, ""implicit_target_b"": 0, ""mechanic"": 0, ""misc_value"": 22, ""points_per_level"": 0.0, ""radius_yards"": null, ""trigger_spell"": 0, ""type"": 6}",,46,,,"{""AuraDescription_Lang_Mask"": 16712188, ""CastingTimeIndex"": 1, ""Description_Lang_Mask"": 16712190, ""Description_Lang_enUS"": ""Increases the amount healed by your healing spells by $s1%."", ""EffectBonusMultiplier_1"": 1.0, ""EffectBonusMultiplier_3"": 1.0, ""EffectChainAmplitude_1"": 1.0, ""EffectChainAmplitude_2"": 1.0, ""EffectChainAmplitude_3"": 1.0, ""EffectSpellClassMaskA_1"": 419700288, ""EffectSpellClassMaskA_2"": 134283268, ""EffectSpellClassMaskA_3"": 4, ""EffectSpellClassMaskB_1"": 419700288, ""EffectSpellClassMaskB_2"": 134283268, ""EffectSpellClassMaskB_3"": 4, ""EquippedItemClass"": -1, ""NameSubtext_Lang_Mask"": 16712190, ""NameSubtext_Lang_enUS"": ""Rank 2"", ""Name_Lang_Mask"": 16712190, ""ProcChance"": 101, ""RangeIndex"": 1, ""ShapeshiftExclude"": 134217728, ""SpellClassSet"": 6}",pulled from existing data
15354,Spiritual Healing,1,0,0,464,0,0,0,0,0,0,0,0.0,,,"{""amplitude"": 0, ""apply_aura"": 108, ""base_points"": 5, ""chain_targets"": 0, ""die_sides"": 1, ""implicit_target_a"": 1, ""implicit_target_b"": 0, ""mechanic"": 0, ""misc_value"": 0, ""points_per_level"": 0.0, ""radius_yards"": null, ""trigger_spell"": 0, ""type"": 6}","{""amplitude"": 0, ""apply_aura"": 108, ""base_points"": 5, ""chain_targets"": 0, ""die_sides"": 1, ""implicit_target_a"": 1, ""implicit_target_b"": 0, ""mechanic"": 0, ""misc_value"": 22, ""points_per_level"": 0.0, ""radius_yards"": null, ""trigger_spell"": 0, ""type"": 6}",,46,,,"{""AuraDescription_Lang_Mask"": 16712188, ""CastingTimeIndex"": 1, ""Description_Lang_Mask"": 16712190, ""Description_Lang_enUS"": ""Increases the amount healed by your healing spells by $s1%."", ""EffectBonusMultiplier_1"": 1.0, ""EffectBonusMultiplier_3"": 1.0, ""EffectChainAmplitude_1"": 1.0, ""EffectChainAmplitude_2"": 1.0, ""EffectChainAmplitude_3"": 1.0, ""EffectSpellClassMaskA_1"": 419700288, ""EffectSpellClassMaskA_2"": 134283268, ""EffectSpellClassMaskA_3"": 4, ""EffectSpellClassMaskB_1"": 419700288, ""EffectSpellClassMaskB_2"": 134283268, ""EffectSpellClassMaskB_3"": 4, ""EquippedItemClass"": -1, ""NameSubtext_Lang_Mask"": 16712190, ""NameSubtext_Lang_enUS"": ""Rank 3"", ""Name_Lang_Mask"": 16712190, ""ProcChance"": 101, ""RangeIndex"": 1, ""ShapeshiftExclude"": 134217728, ""SpellClassSet"": 6}",pulled from existing data
15355,Spiritual Healing,1,0,0,464,0,0,0,0,0,0,0,0.0,,,"{""amplitude"": 0, ""apply_aura"": 108, ""base_points"": 7, ""chain_targets"": 0, ""die_sides"": 1, ""implicit_target_a"": 1, ""implicit_target_b"": 0, ""mechanic"": 0, ""misc_value"": 0, ""points_per_level"": 0.0, ""radius_yards"": null, ""trigger_spell"": 0, ""type"": 6}","{""amplitude"": 0, ""apply_aura"": 108, ""base_points"": 7, ""chain_targets"": 0, ""die_sides"": 1, ""implicit_target_a"": 1, ""implicit_target_b"": 0, ""mechanic"": 0, ""misc_value"": 22, ""points_per_level"": 0.0, ""radius_yards"": null, ""trigger_spell"": 0, ""type"": 6}",,46,,,"{""AuraDescription_Lang_Mask"": 16712188, ""CastingTimeIndex"": 1, ""Description_Lang_Mask"": 16712190, ""Description_Lang_enUS"": ""Increases the amount healed by your healing spells by $s1%."", ""EffectBonusMultiplier_1"": 1.0, ""EffectBonusMultiplier_3"": 1.0, ""EffectChainAmplitude_1"": 1.0, ""EffectChainAmplitude_2"": 1.0, ""EffectChainAmplitude_3"": 1.0, ""EffectSpellClassMaskA_1"": 419700288, ""EffectSpellClassMaskA_2"": 134283268, ""EffectSpellClassMaskA_3"": 4, ""EffectSpellClassMaskB_1"": 419700288, ""EffectSpellClassMaskB_2"": 134283268, ""EffectSpellClassMaskB_3"": 4, ""EquippedItemClass"": -1, ""NameSubtext_Lang_Mask"": 16712190, ""NameSubtext_Lang_enUS"": ""Rank 4"", ""Name_Lang_Mask"": 16712190, ""ProcChance"": 101, ""RangeIndex"": 1, ""ShapeshiftExclude"": 134217728, ""SpellClassSet"": 6}",pulled from existing data
15356,Spiritual Healing,1,0,0,464,0,0,0,0,0,0,0,0.0,,,"{""amplitude"": 0, ""apply_aura"": 108, ""base_points"": 9, ""chain_targets"": 0, ""die_sides"": 1, ""implicit_target_a"": 1, ""implicit_target_b"": 0, ""mechanic"": 0, ""misc_value"": 0, ""points_per_level"": 0.0, ""radius_yards"": null, ""trigger_spell"": 0, ""type"": 6}","{""amplitude"": 0, ""apply_aura"": 108, ""base_points"": 9, ""chain_targets"": 0, ""die_sides"": 1, ""implicit_target_a"": 1, ""implicit_target_b"": 0, ""mechanic"": 0, ""misc_value"": 22, ""points_per_level"": 0.0, ""radius_yards"": null, ""trigger_spell"": 0, ""type"": 6}",,46,,,"{""AuraDescription_Lang_Mask"": 16712188, ""CastingTimeIndex"": 1, ""Description_Lang_Mask"": 16712190, ""Description_Lang_enUS"": ""Increases the amount healed by your healing spells by $s1%."", ""EffectBonusMultiplier_1"": 1.0, ""EffectBonusMultiplier_3"": 1.0, ""EffectChainAmplitude_1"": 1.0, ""EffectChainAmplitude_2"": 1.0, ""EffectChainAmplitude_3"": 1.0, ""EffectSpellClassMaskA_1"": 419700288, ""EffectSpellClassMaskA_2"": 134283268, ""EffectSpellClassMaskA_3"": 4, ""EffectSpellClassMaskB_1"": 419700288, ""EffectSpellClassMaskB_2"": 134283268, ""EffectSpellClassMaskB_3"": 4, ""EquippedItemClass"": -1, ""NameSubtext_Lang_Mask"": 16712190, ""NameSubtext_Lang_enUS"": ""Rank 5"", ""Name_Lang_Mask"": 16712190, ""ProcChance"": 101, ""RangeIndex"": 1, ""ShapeshiftExclude"": 134217728, ""SpellClassSet"": 6}",pulled from existing data
15362,Inspiration,1,0,0,448,0,0,0,0,0,0,0,0.0,,,"{""amplitude"": 0, ""apply_aura"": 42, ""base_points"": -1, ""chain_targets"": 0, ""die_sides"": 1, ""implicit_target_a"": 21, ""implicit_target_b"": 0, ""mechanic"": 0, ""misc_value"": 0, ""points_per_level"": 0.0, ""radius_yards"": null, ""trigger_spell"": 15357, ""type"": 6}",,,79,,,"{""AuraDescription_Lang_Mask"": 16712188, ""CastingTimeIndex"": 1, ""Description_Lang_Mask"": 16712190, ""Description_Lang_enUS"": ""Reduces your target's physical damage taken by $15357s1% for $15357d after getting a critical effect from your Flash Heal, Heal, Greater Heal, Binding Heal, Penance, Prayer of Mending, Prayer of Healing, or Circle of Healing spell."", ""EffectBonusMultiplier_1"": 1.0, ""EffectChainAmplitude_1"": 1.0, ""EffectChainAmplitude_2"": 1.0, ""EffectChainAmplitude_3"": 1.0, ""EquippedItemClass"": -1, ""NameSubtext_Lang_Mask"": 16712190, ""NameSubtext_Lang_enUS"": ""Rank 2"", ""Name_Lang_Mask"": 16712190, ""ProcChance"": 100, ""ProcTypeMask"": 87376, ""RangeIndex"": 1, ""ShapeshiftExclude"": 134217728, ""SpellClassSet"": 6}",pulled from existing data
15363,Inspiration,1,0,0,448,0,0,0,0,0,0,0,0.0,,,"{""amplitude"": 0, ""apply_aura"": 42, ""base_points"": -1, ""chain_targets"": 0, ""die_sides"": 1, ""implicit_target_a"": 21, ""implicit_target_b"": 0, ""mechanic"": 0, ""misc_value"": 0, ""points_per_level"": 0.0, ""radius_yards"": null, ""trigger_spell"": 15359, ""type"": 6}",,,79,,,"{""AuraDescription_Lang_Mask"": 16712188, ""CastingTimeIndex"": 1, ""Description_Lang_Mask"": 16712190, ""Description_Lang_enUS"": ""Reduces your target's physical damage taken by $15359s1% for $15359d after getting a critical effect from your Flash Heal, Heal, Greater Heal, Binding Heal, Penance, Prayer of Mending, Prayer of Healing, or Circle of Healing spell."", ""EffectBonusMultiplier_1"": 1.0, ""EffectChainAmplitude_1"": 1.0, ""EffectChainAmplitude_2"": 1.0, ""EffectChainAmplitude_3"": 1.0, ""EquippedItemClass"": -1, ""NameSubtext_Lang_Mask"": 16712190, ""NameSubtext_Lang_enUS"": ""Rank 3"", ""Name_Lang_Mask"": 16712190, ""ProcChance"": 100, ""ProcTypeMask"": 87376, ""RangeIndex"": 1, ""ShapeshiftExclude"": 134217728, ""SpellClassSet"": 6}",pulled from existing data
15392,Improved Psychic Scream,1,0,0,464,0,0,0,0,0,0,0,0.0,,-1,"{""amplitude"": 0, ""apply_aura"": 107, ""base_points"": -2001, ""chain_targets"": 0, ""die_sides"": 1, ""implicit_target_a"": 1, ""implicit_target_b"": 0, ""mechanic"": 0, ""misc_value"": 11, ""points_per_level"": 0.0, ""radius_yards"": null, ""trigger_spell"": 0, ""type"": 6}",,,1488,,,"{""AuraDescription_Lang_Mask"": 16712188, ""CastingTimeIndex"": 1, ""Description_Lang_Mask"": 16712190, ""Description_Lang_enUS"": ""Reduces the cooldown of your Psychic Scream spell by $/1000;s1 sec."", ""EffectBonusMultiplier_1"": 1.0, ""EffectBonusMultiplier_2"": 1.0, ""EffectBonusMultiplier_3"": 1.0, ""EffectChainAmplitude_1"": 1.0, ""EffectItemType_1"": 65536, ""EffectSpellClassMaskA_1"": 65536, ""EquippedItemClass"": -1, ""NameSubtext_Lang_Mask"": 16712190, ""NameSubtext_Lang_enUS"": ""Rank 1"", ""Name_Lang_Mask"": 16712190, ""ProcChance"": 101, ""RangeIndex"": 1, ""SpellClassSet"": 6}",pulled from existing data
15448,Improved Psychic Scream,1,0,0,464,0,0,0,0,0,0,0,0.0,,-1,"{""amplitude"": 0, ""apply_aura"": 107, ""base_points"": -4001, ""chain_targets"": 0, ""die_sides"": 1, ""implicit_target_a"": 1, ""implicit_target_b"": 0, ""mechanic"": 0, ""misc_value"": 11, ""points_per_level"": 0.0, ""radius_yards"": null, ""trigger_spell"": 0, ""type"": 6}",,,1488,,,"{""AuraDescription_Lang_Mask"": 16712188, ""CastingTimeIndex"": 1, ""Description_Lang_Mask"": 16712190, ""Description_Lang_enUS"": ""Reduces the cooldown of your Psychic Scream spell by $/1000;s1 sec."", ""EffectBonusMultiplier_1"": 1.0, ""EffectBonusMultiplier_2"": 1.0, ""EffectBonusMultiplier_3"": 1.0, ""EffectChainAmplitude_1"": 1.0, ""EffectItemType_1"": 65536, ""EffectSpellClassMaskA_1"": 65536, ""EquippedItemClass"": -1, ""NameSubtext_Lang_Mask"": 16712190, ""NameSubtext_Lang_enUS"": ""Rank 2"", ""Name_Lang_Mask"": 16712190, ""ProcChance"": 101, ""RangeIndex"": 1, ""SpellClassSet"": 6}",pulled from existing data
15473,Shadowform,32,0,0,184877056,39,0,0,1500,0,0,13,0.0,,-1,"{""amplitude"": 0, ""apply_aura"": 36, ""base_points"": 0, ""chain_targets"": 0, ""die_sides"": 0, ""implicit_target_a"": 1, ""implicit_target_b"": 0, ""mechanic"": 0, ""misc_value"": 28, ""points_per_level"": 0.0, ""radius_yards"": null, ""trigger_spell"": 0, ""type"": 6}","{""amplitude"": 0, ""apply_aura"": 79, ""base_points"": 14, ""chain_targets"": 0, ""die_sides"": 1, ""implicit_target_a"": 1, ""implicit_target_b"": 0, ""mechanic"": 0, ""misc_value"": 32, ""points_per_level"": 0.0, ""radius_yards"": null, ""trigger_spell"": 0, ""type"": 6}","{""amplitude"": 0, ""apply_aura"": 87, ""base_points"": -16, ""chain_targets"": 0, ""die_sides"": 1, ""implicit_target_a"": 1, ""implicit_target_b"": 0, ""mechanic"": 0, ""misc_value"": 127, ""points_per_level"": 0.0, ""radius_yards"": null, ""trigger_spell"": 0, ""type"": 6}",1552,,,"{""ActiveIconID"": 55, ""AttributesEx"": 131072, ""AttributesEx4"": 2621440, ""AuraDescription_Lang_Mask"": 16712190, ""AuraDescription_Lang_enUS"": ""Shadow damage you deal increased by $s2%.  All damage you take reduced by $s3% and threat generated is reduced by $49868s1%. You may not cast Holy spells except Cure Disease and Abolish Disease.  Grants the periodic damage from your Shadow Word: Pain, Devouring Plague, and Vampiric Touch spells the ability to critically hit for $49868s2% increased damage and grants Devouring Plague and Vampiric Touch the ability to benefit from haste."", ""CastingTimeIndex"": 1, ""Description_Lang_Mask"": 16712190, ""Description_Lang_enUS"": ""Assume a Shadowform, increasing your Shadow damage by $s2%, reducing all damage done to you by $s3% and threat generated by $49868s1%.  However, you may not cast Holy spells while in this form except Cure Disease and Abolish Disease.  Grants the periodic damage from your Shadow Word: Pain, Devouring Plague, and Vampiric Touch spells the ability to critically hit for $49868s2% increased damage and grants Devouring Plague and Vampiric Touch the ability to benefit from haste."", ""EffectChainAmplitude_1"": 1.0, ""EffectChainAmplitude_2"": 1.0, ""EffectChainAmplitude_3"": 1.0, ""EquippedItemClass"": -1, ""NameSubtext_Lang_Mask"": 16712188, ""Name_Lang_Mask"": 16712190, ""ProcChance"": 101, ""RangeIndex"": 1, ""SpellClassMask_1"": 2147483648, ""SpellClassMask_2"": 2048, ""SpellClassSet"": 6, ""SpellVisualID_1"": 3619, ""StartRecoveryCategory"": 133, ""StartRecoveryTime"": 1500}",pulled from existing data
15487,Silence,32,1,9,65536,0,0,45000,0,0,225,0,30.0,,5000,"{""amplitude"": 0, ""apply_aura"": 27, ""base_points"": 0, ""chain_targets"": 0, ""die_sides"": 1, ""implicit_target_a"": 6, ""implicit_target_b"": 0, ""mechanic"": 0, ""misc_value"": 0, ""points_per_level"": 0.0, ""radius_yards"": null, ""trigger_spell"": 0, ""type"": 6}",,,211,,,"{""AttributesEx2"": 524288, ""AttributesEx6"": 10485760, ""AuraDescription_Lang_Mask"": 16712190, ""AuraDescription_Lang_enUS"": ""Silenced."", ""CastingTimeIndex"": 1, ""DefenseType"": 1, ""Description_Lang_Mask"": 16712190, ""Description_Lang_enUS"": ""Silences the target, preventing them from casting spells for $d.  Non-player victim spellcasting is also interrupted for $32747d."", ""EffectBonusMultiplier_2"": 1.0, ""EffectBonusMultiplier_3"": 1.0, ""EffectChainAmplitude_1"": 1.0, ""EffectChainAmplitude_2"": 1.0, ""EffectChainAmplitude_3"": 1.0, ""EquippedItemClass"": -1, ""NameSubtext_Lang_Mask"": 16712188, ""Name_Lang_Mask"": 16712190, ""PreventionType"": 1, ""ProcChance"": 101, ""ShapeshiftMask"": 134217728, ""SpellClassMask_2"": 2101248, ""SpellClassSet"": 6, ""SpellVisualID_1"": 179}",pulled from existing data
17191,Improved Renew,1,0,0,464,0,0,0,0,0,0,0,0.0,,-1,"{""amplitude"": 0, ""apply_aura"": 108, ""base_points"": 14, ""chain_targets"": 0, ""die_sides"": 1, ""implicit_target_a"": 1, ""implicit_target_b"": 0, ""mechanic"": 0, ""misc_value"": 22, ""points_per_level"": 0.0, ""radius_yards"": null, ""trigger_spell"": 0, ""type"": 6}",,,321,,,"{""AuraDescription_Lang_Mask"": 16712188, ""CastingTimeIndex"": 1, ""Description_Lang_Mask"": 16712190, ""Description_Lang_enUS"": ""Increases the amount healed by your Renew spell by $s1%."", ""EffectBonusMultiplier_2"": 1.0, ""EffectBonusMultiplier_3"": 1.0, ""EffectChainAmplitude_1"": 1.0, ""EffectSpellClassMaskA_1"": 64, ""EquippedItemClass"": -1, ""NameSubtext_Lang_Mask"": 16712190, ""NameSubtext_Lang_enUS"": ""Rank 3"", ""Name_Lang_Mask"": 16712190, ""ProcChance"": 101, ""RangeIndex"": 1, ""ShapeshiftExclude"": 134217728, ""SpellClassSet"": 6}",pulled from existing data
17322,Shadow Reach,1,0,0,464,0,0,0,0,0,0,0,0.0,,,"{""amplitude"": 0, ""apply_aura"": 108, ""base_points"": 9, ""chain_targets"": 0, ""die_sides"": 1, ""implicit_target_a"": 1, ""implicit_target_b"": 0, ""mechanic"": 0, ""misc_value"": 5, ""points_per_level"": 0.0, ""radius_yards"": null, ""trigger_spell"": 0, ""type"": 6}",,,55,,,"{""AuraDescription_Lang_Mask"": 16712188, ""CastingTimeIndex"": 1, ""Description_Lang_Mask"": 16712190, ""Description_Lang_enUS"": ""Increases the range of your offensive Shadow spells by $s1%."", ""EffectBonusMultiplier_1"": 1.0, ""EffectBonusMultiplier_2"": 1.0, ""EffectBonusMultiplier_3"": 1.0, ""EffectChainAmplitude_1"": 1.0, ""EffectChainAmplitude_2"": 1.0, ""EffectChainAmplitude_3"": 1.0, ""EffectSpellClassMaskA_1"": 109223940, ""EffectSpellClassMaskA_2"": 3147010, ""EffectSpellClassMaskA_3"": 8256, ""EquippedItemClass"": -1, ""NameSubtext_Lang_Mask"": 16712190, ""NameSubtext_Lang_enUS"": ""Rank 1"", ""Name_Lang_Mask"": 16712190, ""ProcChance"": 101, ""RangeIndex"": 1, ""SpellClassSet"": 6}",pulled from existing data
17323,Shadow Reach,1,0,0,464,0,0,0,0,0,0,0,0.0,,,"{""amplitude"": 0, ""apply_aura"": 108, ""base_points"": 19, ""chain_targets"": 0, ""die_sides"": 1, ""implicit_target_a"": 1, ""implicit_target_b"": 0, ""mechanic"": 0, ""misc_value"": 5, ""points_per_level"": 0.0, ""radius_yards"": null, ""trigger_spell"": 0, ""type"": 6}",,,55,,,"{""AuraDescription_Lang_Mask"": 16712188, ""CastingTimeIndex"": 1, ""Description_Lang_Mask"": 16712190, ""Description_Lang_enUS"": ""Increases the range of your offensive Shadow spells by $s1%."", ""EffectBonusMultiplier_1"": 1.0, ""EffectBonusMultiplier_2"": 1.0, ""EffectBonusMultiplier_3"": 1.0, ""EffectChainAmplitude_1"": 1.0, ""EffectChainAmplitude_2"": 1.0, ""EffectChainAmplitude_3"": 1.0, ""EffectSpellClassMaskA_1"": 109223940, ""EffectSpellClassMaskA_2"": 3147010, ""EffectSpellClassMaskA_3"": 8256, ""EquippedItemClass"": -1, ""NameSubtext_Lang_Mask"": 16712190, ""NameSubtext_Lang_enUS"": ""Rank 2"", ""Name_Lang_Mask"": 16712190, ""ProcChance"": 101, ""RangeIndex"": 1, ""SpellClassSet"": 6}",pulled from existing data
18530,Divine Fury,1,0,0,464,0,0,0,0,0,0,0,0.0,,-1,"{""amplitude"": 0, ""apply_aura"": 107, ""base_points"": -101, ""chain_targets"": 0, ""die_sides"": 1, ""implicit_target_a"": 1, ""implicit_target_b"": 0, ""mechanic"": 0, ""misc_value"": 10, ""points_per_level"": 0.0, ""radius_yards"": null, ""trigger_spell"": 0, ""type"": 6}",,,307,,,"{""AuraDescription_Lang_Mask"": 16712188, ""CastingTimeIndex"": 1, ""Description_Lang_Mask"": 16712190, ""Description_Lang_enUS"": ""Reduces the casting time of your Smite, Holy Fire, Heal and Greater Heal spells by $/1000;S1 sec."", ""EffectBonusMultiplier_1"": 1.0, ""EffectBonusMultiplier_2"": 1.0, ""EffectBonusMultiplier_3"": 1.0, ""EffectChainAmplitude_1"": 1.0, ""EffectItemType_1"": 1053824, ""EffectSpellClassMaskA_1"": 1053824, ""EquippedItemClass"": -1, ""NameSubtext_Lang_Mask"": 16712190, ""NameSubtext_Lang_enUS"": ""Rank 1"", ""Name_Lang_Mask"": 16712190, ""ProcChance"": 101, ""RangeIndex"": 1, ""ShapeshiftExclude"": 134217728, ""SpellClassSet"": 6}",pulled from existing data
18531,Divine Fury,1,0,0,464,0,0,0,0,0,0,0,0.0,,-1,"{""amplitude"": 0, ""apply_aura"": 107, ""base_points"": -201, ""chain_targets"": 0, ""die_sides"": 1, ""implicit_target_a"": 1, ""implicit_target_b"": 0, ""mechanic"": 0, ""misc_value"": 10, ""points_per_level"": 0.0, ""radius_yards"": null, ""trigger_spell"": 0, ""type"": 6}",,,307,,,"{""AuraDescription_Lang_Mask"": 16712188, ""CastingTimeIndex"": 1, ""Description_Lang_Mask"": 16712190, ""Description_Lang_enUS"": ""Reduces the casting time of your Smite, Holy Fire, Heal and Greater Heal spells by $/1000;S1 sec."", ""EffectBonusMultiplier_1"": 1.0, ""EffectBonusMultiplier_2"": 1.0, ""EffectBonusMultiplier_3"": 1.0, ""EffectChainAmplitude_1"": 1.0, ""EffectItemType_1"": 1053824, ""EffectSpellClassMaskA_1"": 1053824, ""EquippedItemClass"": -1, ""NameSubtext_Lang_Mask"": 16712190, ""NameSubtext_Lang_enUS"": ""Rank 2"", ""Name_Lang_Mask"": 16712190, ""ProcChance"": 101, ""RangeIndex"": 1, ""ShapeshiftExclude"": 134217728, ""SpellClassSet"": 6}",pulled from existing data
18533,Divine Fury,1,0,0,464,0,0,0,0,0,0,0,0.0,,-1,"{""amplitude"": 0, ""apply_aura"": 107, ""base_points"": -301, ""chain_targets"": 0, ""die_sides"": 1, ""implicit_target_a"": 1, ""implicit_target_b"": 0, ""mechanic"": 0, ""misc_value"": 10, ""points_per_level"": 0.0, ""radius_yards"": null, ""trigger_spell"": 0, ""type"": 6}",,,307,,,"{""AuraDescription_Lang_Mask"": 16712188, ""CastingTimeIndex"": 1, ""Description_Lang_Mask"": 16712190, ""Description_Lang_enUS"": ""Reduces the casting time of your Smite, Holy Fire, Heal and Greater Heal spells by $/1000;S1 sec."", ""EffectBonusMultiplier_1"": 1.0, ""EffectBonusMultiplier_2"": 1.0, ""EffectBonusMultiplier_3"": 1.0, ""EffectChainAmplitude_1"": 1.0, ""EffectItemType_1"": 1053824, ""EffectSpellClassMaskA_1"": 1053824, ""EquippedItemClass"": -1, ""NameSubtext_Lang_Mask"": 16712190, ""NameSubtext_Lang_enUS"": ""Rank 3"", ""Name_Lang_Mask"": 16712190, ""ProcChance"": 101, ""RangeIndex"": 1, ""ShapeshiftExclude"": 134217728, ""SpellClassSet"": 6}",pulled from existing data
18534,Divine Fury,1,0,0,464,0,0,0,0,0,0,0,0.0,,-1,"{""amplitude"": 0, ""apply_aura"": 107, ""base_points"": -401, ""chain_targets"": 0, ""die_sides"": 1, ""implicit_target_a"": 1, ""implicit_target_b"": 0, ""mechanic"": 0, ""misc_value"": 10, ""points_per_level"": 0.0, ""radius_yards"": null, ""trigger_spell"": 0, ""type"": 6}",,,307,,,"{""AuraDescription_Lang_Mask"": 16712188, ""CastingTimeIndex"": 1, ""Description_Lang_Mask"": 16712190, ""Description_Lang_enUS"": ""Reduces the casting time of your Smite, Holy Fire, Heal and Greater Heal spells by $/1000;S1 sec."", ""EffectBonusMultiplier_1"": 1.0, ""EffectBonusMultiplier_2"": 1.0, ""EffectBonusMultiplier_3"": 1.0, ""EffectChainAmplitude_1"": 1.0, ""EffectItemType_1"": 1053824, ""EffectSpellClassMaskA_1"": 1053824, ""EquippedItemClass"": -1, ""NameSubtext_Lang_Mask"": 16712190, ""NameSubtext_Lang_enUS"": ""Rank 4"", ""Name_Lang_Mask"": 16712190, ""ProcChance"": 101, ""RangeIndex"": 1, ""ShapeshiftExclude"": 134217728, ""SpellClassSet"": 6}",pulled from existing data
18535,Divine Fury,1,0,0,464,0,0,0,0,0,0,0,0.0,,-1,"{""amplitude"": 0, ""apply_aura"": 107, ""base_points"": -501, ""chain_targets"": 0, ""die_sides"": 1, ""implicit_target_a"": 1, ""implicit_target_b"": 0, ""mechanic"": 0, ""misc_value"": 10, ""points_per_level"": 0.0, ""radius_yards"": null, ""trigger_spell"": 0, ""type"": 6}",,,307,,,"{""AuraDescription_Lang_Mask"": 16712188, ""CastingTimeIndex"": 1, ""Description_Lang_Mask"": 16712190, ""Description_Lang_enUS"": ""Reduces the casting time of your Smite, Holy Fire, Heal and Greater Heal spells by $/1000;S1 sec."", ""EffectBonusMultiplier_1"": 1.0, ""EffectBonusMultiplier_2"": 1.0, ""EffectBonusMultiplier_3"": 1.0, ""EffectChainAmplitude_1"": 1.0, ""EffectItemType_1"": 1053824, ""EffectSpellClassMaskA_1"": 1053824, ""EquippedItemClass"": -1, ""NameSubtext_Lang_Mask"": 16712190, ""NameSubtext_Lang_enUS"": ""Rank 5"", ""Name_Lang_Mask"": 16712190, ""ProcChance"": 101, ""RangeIndex"": 1, ""ShapeshiftExclude"": 134217728, ""SpellClassSet"": 6}",pulled from existing data
20711,Spirit of Redemption,1,0,0,464,0,0,0,0,0,0,0,0.0,,,"{""amplitude"": 0, ""apply_aura"": 4, ""base_points"": 0, ""chain_targets"": 0, ""die_sides"": 0, ""implicit_target_a"": 1, ""implicit_target_b"": 0, ""mechanic"": 0, ""misc_value"": 0, ""points_per_level"": 0.0, ""radius_yards"": null, ""trigger_spell"": 0, ""type"": 6}","{""amplitude"": 0, ""apply_aura"": 137, ""base_points"": 4, ""chain_targets"": 0, ""die_sides"": 1, ""implicit_target_a"": 1, ""implicit_target_b"": 0, ""mechanic"": 0, ""misc_value"": 4, ""points_per_level"": 0.0, ""radius_yards"": null, ""trigger_spell"": 0, ""type"": 6}",,1654,,,"{""AuraDescription_Lang_Mask"": 16712190, ""BaseLevel"": 30, ""CastingTimeIndex"": 1, ""Description_Lang_Mask"": 16712190, ""Description_Lang_enUS"": ""Increases total Spirit by $s2% and upon death, the priest becomes the Spirit of Redemption for $27827d.  The Spirit of Redemption cannot move, attack, be attacked or targeted by any spells or effects.  While in this form the priest can cast any healing spell free of cost.  When the effect ends, the priest dies."", ""EffectBonusMultiplier_1"": 1.0, ""EffectBonusMultiplier_3"": 1.0, ""EffectChainAmplitude_1"": 1.0, ""EffectChainAmplitude_2"": 1.0, ""EffectChainAmplitude_3"": 1.0, ""EquippedItemClass"": -1, ""NameSubtext_Lang_Mask"": 16712188, ""Name_Lang_Mask"": 16712190, ""ProcChance"": 101, ""RangeIndex"": 1, ""SpellClassMask_3"": 512, ""SpellClassSet"": 6, ""SpellLevel"": 30}",pulled from existing data
27789,Holy Reach,1,0,0,464,0,0,0,0,0,0,0,0.0,,,"{""amplitude"": 0, ""apply_aura"": 108, ""base_points"": 9, ""chain_targets"": 0, ""die_sides"": 1, ""implicit_target_a"": 1, ""implicit_target_b"": 0, ""mechanic"": 0, ""misc_value"": 5, ""points_per_level"": 0.0, ""radius_yards"": null, ""trigger_spell"": 0, ""type"": 6}","{""amplitude"": 0, ""apply_aura"": 108, ""base_points"": 9, ""chain_targets"": 0, ""die_sides"": 1, ""implicit_target_a"": 1, ""implicit_target_b"": 0, ""mechanic"": 0, ""misc_value"": 6, ""points_per_level"": 0.0, ""radius_yards"": null, ""trigger_spell"": 0, ""type"": 6}",,300,,,"{""AuraDescription_Lang_Mask"": 16712188, ""CastingTimeIndex"": 1, ""Description_Lang_Mask"": 16712190, ""Description_Lang_enUS"": ""Increases the range of your Smite and Holy Fire spells and the radius of your Prayer of Healing, Holy Nova, Divine Hymn and Circle of Healing spells by $s1%."", ""EffectBonusMultiplier_3"": 1.0, ""EffectChainAmplitude_1"": 1.0, ""EffectChainAmplitude_2"": 1.0, ""EffectChainAmplitude_3"": 1.0, ""EffectSpellClassMaskA_1"": 1048704, ""EffectSpellClassMaskB_1"": 406848000, ""EffectSpellClassMaskB_3"": 4, ""EquippedItemClass"": -1, ""NameSubtext_Lang_Mask"": 16712190, ""NameSubtext_Lang_enUS"": ""Rank 1"", ""Name_Lang_Mask"": 16712190, ""ProcChance"": 101, ""RangeIndex"": 1, ""SpellClassSet"": 6}",pulled from existing data
27790,Holy Reach,1,0,0,464,0,0,0,0,0,0,0,0.0,,,"{""amplitude"": 0, ""apply_aura"": 108, ""base_points"": 19, ""chain_targets"": 0, ""die_sides"": 1, ""implicit_target_a"": 1, ""implicit_target_b"": 0, ""mechanic"": 0, ""misc_value"": 5, ""points_per_level"": 0.0, ""radius_yards"": null, ""trigger_spell"": 0, ""type"": 6}","{""amplitude"": 0, ""apply_aura"": 108, ""base_points"": 19, ""chain_targets"": 0, ""die_sides"": 1, ""implicit_target_a"": 1, ""implicit_target_b"": 0, ""mechanic"": 0, ""misc_value"": 6, ""points_per_level"": 0.0, ""radius_yards"": null, ""trigger_spell"": 0, ""type"": 6}",,300,,,"{""AuraDescription_Lang_Mask"": 16712188, ""CastingTimeIndex"": 1, ""Description_Lang_Mask"": 16712190, ""Description_Lang_enUS"": ""Increases the range of your Smite and Holy Fire spells and the radius of your Prayer of Healing, Holy Nova, Divine Hymn and Circle of Healing spells by $s1%."", ""EffectBonusMultiplier_3"": 1.0, ""EffectChainAmplitude_1"": 1.0, ""EffectChainAmplitude_2"": 1.0, ""EffectChainAmplitude_3"": 1.0, ""EffectSpellClassMaskA_1"": 1048704, ""EffectSpellClassMaskB_1"": 406848000, ""EffectSpellClassMaskB_3"": 4, ""EquippedItemClass"": -1, ""NameSubtext_Lang_Mask"": 16712190, ""NameSubtext_Lang_enUS"": ""Rank 2"", ""Name_Lang_Mask"": 16712190, ""ProcChance"": 101, ""RangeIndex"": 1, ""SpellClassMask_2"": 4194304, ""SpellClassSet"": 6}",pulled from existing data
27811,Blessed Recovery,1,0,0,464,0,0,0,0,0,0,0,0.0,,,"{""amplitude"": 0, ""apply_aura"": 42, ""base_points"": 4, ""chain_targets"": 0, ""die_sides"": 1, ""implicit_target_a"": 1, ""implicit_target_b"": 0, ""mechanic"": 0, ""misc_value"": 0, ""points_per_level"": 0.0, ""radius_yards"": null, ""trigger_spell"": 18350, ""type"": 6}",,,1875,,,"{""AuraDescription_Lang_Mask"": 16712188, ""CastingTimeIndex"": 1, ""Description_Lang_Mask"": 16712190, ""Description_Lang_enUS"": ""After being struck by a melee or ranged critical hit, Blessed Recovery heals you for $s1% of the damage taken over $27818d.  Additional critical hits taken during the effect increase the healing received."", ""EffectBonusMultiplier_1"": 1.0, ""EffectBonusMultiplier_2"": 1.0, ""EffectBonusMultiplier_3"": 1.0, ""EffectChainAmplitude_1"": 1.0, ""EffectChainAmplitude_2"": 1.0, ""EffectChainAmplitude_3"": 1.0, ""EquippedItemClass"": -1, ""NameSubtext_Lang_Mask"": 16712190, ""NameSubtext_Lang_enUS"": ""Rank 1"", ""Name_Lang_Mask"": 16712190, ""ProcChance"": 100, ""ProcTypeMask"": 680, ""RangeIndex"": 1, ""SpellClassSet"": 6}",pulled from existing data
27815,Blessed Recovery,1,0,0,464,0,0,0,0,0,0,0,0.0,,,"{""amplitude"": 0, ""apply_aura"": 42, ""base_points"": 9, ""chain_targets"": 0, ""die_sides"": 1, ""implicit_target_a"": 1, ""implicit_target_b"": 0, ""mechanic"": 0, ""misc_value"": 0, ""points_per_level"": 0.0, ""radius_yards"": null, ""trigger_spell"": 18350, ""type"": 6}",,,1875,,,"{""AuraDescription_Lang_Mask"": 16712188, ""CastingTimeIndex"": 1, ""Description_Lang_Mask"": 16712190, ""Description_Lang_enUS"": ""After being struck by a melee or ranged critical hit, Blessed Recovery heals you for $s1% of the damage taken over $27818d.  Additional critical hits taken during the effect increase the healing received."", ""EffectBonusMultiplier_1"": 1.0, ""EffectBonusMultiplier_2"": 1.0, ""EffectBonusMultiplier_3"": 1.0, ""EffectChainAmplitude_1"": 1.0, ""EffectChainAmplitude_2"": 1.0, ""EffectChainAmplitude_3"": 1.0, ""EquippedItemClass"": -1, ""NameSubtext_Lang_Mask"": 16712190, ""NameSubtext_Lang_enUS"": ""Rank 2"", ""Name_Lang_Mask"": 16712190, ""ProcChance"": 100, ""ProcTypeMask"": 680, ""RangeIndex"": 1, ""SpellClassSet"": 6}",pulled from existing data
27816,Blessed Recovery,1,0,0,464,0,0,0,0,0,0,0,0.0,,,"{""amplitude"": 0, ""apply_aura"": 42, ""base_points"": 14, ""chain_targets"": 0, ""die_sides"": 1, ""implicit_target_a"": 1, ""implicit_target_b"": 0, ""mechanic"": 0, ""misc_value"": 0, ""points_per_level"": 0.0, ""radius_yards"": null, ""trigger_spell"": 18350, ""type"": 6}",,,1875,,,"{""AuraDescription_Lang_Mask"": 16712188, ""CastingTimeIndex"": 1, ""Description_Lang_Mask"": 16712190, ""Description_Lang_enUS"": ""After being struck by a melee or ranged critical hit, Blessed Recovery heals you for $s1% of the damage taken over $27818d.  Additional critical hits taken during the effect increase the healing received."", ""EffectBonusMultiplier_1"": 1.0, ""EffectBonusMultiplier_2"": 1.0, ""EffectBonusMultiplier_3"": 1.0, ""EffectChainAmplitude_1"": 1.0, ""EffectChainAmplitude_2"": 1.0, ""EffectChainAmplitude_3"": 1.0, ""EquippedItemClass"": -1, ""NameSubtext_Lang_Mask"": 16712190, ""NameSubtext_Lang_enUS"": ""Rank 3"", ""Name_Lang_Mask"": 16712190, ""ProcChance"": 100, ""ProcTypeMask"": 680, ""RangeIndex"": 1, ""SpellClassSet"": 6}",pulled from existing data
27839,Improved Vampiric Embrace,1,0,0,448,0,0,0,0,0,0,0,0.0,,,"{""amplitude"": 0, ""apply_aura"": 108, ""base_points"": 32, ""chain_targets"": 0, ""die_sides"": 1, ""implicit_target_a"": 1, ""implicit_target_b"": 0, ""mechanic"": 0, ""misc_value"": 8, ""points_per_level"": 0.0, ""radius_yards"": null, ""trigger_spell"": 0, ""type"": 6}",,,1876,,,"{""AuraDescription_Lang_Mask"": 16712188, ""CastingTimeIndex"": 1, ""Description_Lang_Mask"": 16712190, ""Description_Lang_enUS"": ""Increases the healing received from Vampiric Embrace by $s1%."", ""EffectChainAmplitude_1"": 1.0, ""EffectChainAmplitude_2"": 1.0, ""EffectChainAmplitude_3"": 1.0, ""EffectSpellClassMaskA_1"": 4, ""EquippedItemClass"": -1, ""NameSubtext_Lang_Mask"": 16712190, ""NameSubtext_Lang_enUS"": ""Rank 1"", ""Name_Lang_Mask"": 16712190, ""ProcChance"": 101, ""RangeIndex"": 1, ""SpellClassSet"": 6}",pulled from existing data
27840,Improved Vampiric Embrace,1,0,0,448,0,0,0,0,0,0,0,0.0,,,"{""amplitude"": 0, ""apply_aura"": 108, ""base_points"": 66, ""chain_targets"": 0, ""die_sides"": 1, ""implicit_target_a"": 1, ""implicit_target_b"": 0, ""mechanic"": 0, ""misc_value"": 8, ""points_per_level"": 0.0, ""radius_yards"": null, ""trigger_spell"": 0, ""type"": 6}",,,1876,,,"{""AuraDescription_Lang_Mask"": 16712188, ""CastingTimeIndex"": 1, ""Description_Lang_Mask"": 16712190, ""Description_Lang_enUS"": ""Increases the healing received from Vampiric Embrace by $s1%."", ""EffectChainAmplitude_1"": 1.0, ""EffectChainAmplitude_2"": 1.0, ""EffectChainAmplitude_3"": 1.0, ""EffectSpellClassMaskA_1"": 4, ""EquippedItemClass"": -1, ""NameSubtext_Lang_Mask"": 16712190, ""NameSubtext_Lang_enUS"": ""Rank 2"", ""Name_Lang_Mask"": 16712190, ""ProcChance"": 101, ""RangeIndex"": 1, ""SpellClassSet"": 6}",pulled from existing data
27900,Spell Warding,1,0,0,464,0,0,0,0,0,0,0,0.0,,-1,"{""amplitude"": 0, ""apply_aura"": 87, ""base_points"": -3, ""chain_targets"": 0, ""die_sides"": 1, ""implicit_target_a"": 1, ""implicit_target_b"": 0, ""mechanic"": 0, ""misc_value"": 126, ""points_per_level"": 0.0, ""radius_yards"": null, ""trigger_spell"": 0, ""type"": 6}",,,1880,,,"{""AuraDescription_Lang_Mask"": 16712188, ""CastingTimeIndex"": 1, ""Description_Lang_Mask"": 16712190, ""Description_Lang_enUS"": ""Reduces all spell damage taken by $s1%."", ""EffectBonusMultiplier_2"": 1.0, ""EffectBonusMultiplier_3"": 1.0, ""EffectChainAmplitude_1"": 1.0, ""EquippedItemClass"": -1, ""NameSubtext_Lang_Mask"": 16712190, ""NameSubtext_Lang_enUS"": ""Rank 1"", ""Name_Lang_Mask"": 16712190, ""ProcChance"": 101, ""RangeIndex"": 1, ""SpellClassSet"": 6}",pulled from existing data
27901,Spell Warding,1,0,0,464,0,0,0,0,0,0,0,0.0,,-1,"{""amplitude"": 0, ""apply_aura"": 87, ""base_points"": -5, ""chain_targets"": 0, ""die_sides"": 1, ""implicit_target_a"": 1, ""implicit_target_b"": 0, ""mechanic"": 0, ""misc_value"": 126, ""points_per_level"": 0.0, ""radius_yards"": null, ""trigger_spell"": 0, ""type"": 6}",,,1880,,,"{""AuraDescription_Lang_Mask"": 16712188, ""CastingTimeIndex"": 1, ""Description_Lang_Mask"": 16712190, ""Description_Lang_enUS"": ""Reduces all spell damage taken by $s1%."", ""EffectBonusMultiplier_2"": 1.0, ""EffectBonusMultiplier_3"": 1.0, ""EffectChainAmplitude_1"": 1.0, ""EquippedItemClass"": -1, ""NameSubtext_Lang_Mask"": 16712190, ""NameSubtext_Lang_enUS"": ""Rank 2"", ""Name_Lang_Mask"": 16712190, ""ProcChance"": 101, ""RangeIndex"": 1, ""SpellClassSet"": 6}",pulled from existing data
27902,Spell Warding,1,0,0,464,0,0,0,0,0,0,0,0.0,,-1,"{""amplitude"": 0, ""apply_aura"": 87, ""base_points"": -7, ""chain_targets"": 0, ""die_sides"": 1, ""implicit_target_a"": 1, ""implicit_target_b"": 0, ""mechanic"": 0, ""misc_value"": 126, ""points_per_level"": 0.0, ""radius_yards"": null, ""trigger_spell"": 0, ""type"": 6}",,,1880,,,"{""AuraDescription_Lang_Mask"": 16712188, ""CastingTimeIndex"": 1, ""Description_Lang_Mask"": 16712190, ""Description_Lang_enUS"": ""Reduces all spell damage taken by $s1%."", ""EffectBonusMultiplier_2"": 1.0, ""EffectBonusMultiplier_3"": 1.0, ""EffectChainAmplitude_1"": 1.0, ""EquippedItemClass"": -1, ""NameSubtext_Lang_Mask"": 16712190, ""NameSubtext_Lang_enUS"": ""Rank 3"", ""Name_Lang_Mask"": 16712190, ""ProcChance"": 101, ""RangeIndex"": 1, ""SpellClassSet"": 6}",pulled from existing data
27903,Spell Warding,1,0,0,464,0,0,0,0,0,0,0,0.0,,-1,"{""amplitude"": 0, ""apply_aura"": 87, ""base_points"": -9, ""chain_targets"": 0, ""die_sides"": 1, ""implicit_target_a"": 1, ""implicit_target_b"": 0, ""mechanic"": 0, ""misc_value"": 126, ""points_per_level"": 0.0, ""radius_yards"": null, ""trigger_spell"": 0, ""type"": 6}",,,1880,,,"{""AuraDescription_Lang_Mask"": 16712188, ""CastingTimeIndex"": 1, ""Description_Lang_Mask"": 16712190, ""Description_Lang_enUS"": ""Reduces all spell damage taken by $s1%."", ""EffectBonusMultiplier_2"": 1.0, ""EffectBonusMultiplier_3"": 1.0, ""EffectChainAmplitude_1"": 1.0, ""EquippedItemClass"": -1, ""NameSubtext_Lang_Mask"": 16712190, ""NameSubtext_Lang_enUS"": ""Rank 4"", ""Name_Lang_Mask"": 16712190, ""ProcChance"": 101, ""RangeIndex"": 1, ""SpellClassSet"": 6}",pulled from existing data
27904,Spell Warding,1,0,0,464,0,0,0,0,0,0,0,0.0,,-1,"{""amplitude"": 0, ""apply_aura"": 87, ""base_points"": -11, ""chain_targets"": 0, ""die_sides"": 1, ""implicit_target_a"": 1, ""implicit_target_b"": 0, ""mechanic"": 0, ""misc_value"": 126, ""points_per_level"": 0.0, ""radius_yards"": null, ""trigger_spell"": 0, ""type"": 6}",,,1880,,,"{""AuraDescription_Lang_Mask"": 16712188, ""CastingTimeIndex"": 1, ""Description_Lang_Mask"": 16712190, ""Description_Lang_enUS"": ""Reduces all spell damage taken by $s1%."", ""EffectBonusMultiplier_2"": 1.0, ""EffectBonusMultiplier_3"": 1.0, ""EffectChainAmplitude_1"": 1.0, ""EquippedItemClass"": -1, ""NameSubtext_Lang_Mask"": 16712190, ""NameSubtext_Lang_enUS"": ""Rank 5"", ""Name_Lang_Mask"": 16712190, ""ProcChance"": 101, ""RangeIndex"": 1, ""SpellClassSet"": 6}",pulled from existing data
33142,Blessed Resilience,1,0,0,464,0,0,0,0,0,0,0,0.0,,,"{""amplitude"": 0, ""apply_aura"": 42, ""base_points"": -1, ""chain_targets"": 0, ""die_sides"": 1, ""implicit_target_a"": 1, ""implicit_target_b"": 0, ""mechanic"": 0, ""misc_value"": 0, ""points_per_level"": 0.0, ""radius_yards"": null, ""trigger_spell"": 33143, ""type"": 6}","{""amplitude"": 0, ""apply_aura"": 136, ""base_points"": 0, ""chain_targets"": 0, ""die_sides"": 1, ""implicit_target_a"": 1, ""implicit_target_b"": 0, ""mechanic"": 0, ""misc_value"": 127, ""points_per_level"": 0.0, ""radius_yards"": null, ""trigger_spell"": 0, ""type"": 6}",,2177,,,"{""AuraDescription_Lang_Mask"": 16712188, ""CastingTimeIndex"": 1, ""Description_Lang_Mask"": 16712190, ""Description_Lang_enUS"": ""Increases the effectiveness of your healing spells by $s2%, and critical hits made against you have a $h% chance to prevent you from being critically hit again for $33143d."", ""EffectBonusMultiplier_1"": 1.0, ""EffectBonusMultiplier_3"": 1.0, ""EffectChainAmplitude_1"": 1.0, ""EffectChainAmplitude_2"": 1.0, ""EffectChainAmplitude_3"": 1.0, ""EquippedItemClass"": -1, ""NameSubtext_Lang_Mask"": 16712190, ""NameSubtext_Lang_enUS"": ""Rank 1"", ""Name_Lang_Mask"": 16712190, ""ProcChance"": 20, ""ProcTypeMask"": 664232, ""RangeIndex"": 1, ""SpellClassSet"": 6}",pulled from existing data
33145,Blessed Resilience,1,0,0,464,0,0,0,0,0,0,0,0.0,,,"{""amplitude"": 0, ""apply_aura"": 42, ""base_points"": -1, ""chain_targets"": 0, ""die_sides"": 1, ""implicit_target_a"": 1, ""implicit_target_b"": 0, ""mechanic"": 0, ""misc_value"": 0, ""points_per_level"": 0.0, ""radius_yards"": null, ""trigger_spell"": 33143, ""type"": 6}","{""amplitude"": 0, ""apply_aura"": 136, ""base_points"": 1, ""chain_targets"": 0, ""die_sides"": 1, ""implicit_target_a"": 1, ""implicit_target_b"": 0, ""mechanic"": 0, ""misc_value"": 127, ""points_per_level"": 0.0, ""radius_yards"": null, ""trigger_spell"": 0, ""type"": 6}",,2177,,,"{""AuraDescription_Lang_Mask"": 16712188, ""CastingTimeIndex"": 1, ""Description_Lang_Mask"": 16712190, ""Description_Lang_enUS"": ""Increases the effectiveness of your healing spells by $s2%, and critical hits made against you have a $h% chance to prevent you from being critically hit again for $33143d."", ""EffectBonusMultiplier_1"": 1.0, ""EffectBonusMultiplier_3"": 1.0, ""EffectChainAmplitude_1"": 1.0, ""EffectChainAmplitude_2"": 1.0, ""EffectChainAmplitude_3"": 1.0, ""EquippedItemClass"": -1, ""NameSubtext_Lang_Mask"": 16712190, ""NameSubtext_Lang_enUS"": ""Rank 2"", ""Name_Lang_Mask"": 16712190, ""ProcChance"": 40, ""ProcTypeMask"": 664232, ""RangeIndex"": 1, ""SpellClassSet"": 6}",pulled from existing data
33146,Blessed Resilience,1,0,0,464,0,0,0,0,0,0,0,0.0,,,"{""amplitude"": 0, ""apply_aura"": 42, ""base_points"": -1, ""chain_targets"": 0, ""die_sides"": 1, ""implicit_target_a"": 1, ""implicit_target_b"": 0, ""mechanic"": 0, ""misc_value"": 0, ""points_per_level"": 0.0, ""radius_yards"": null, ""trigger_spell"": 33143, ""type"": 6}","{""amplitude"": 0, ""apply_aura"": 136, ""base_points"": 2, ""chain_targets"": 0, ""die_sides"": 1, ""implicit_target_a"": 1, ""implicit_target_b"": 0, ""mechanic"": 0, ""misc_value"": 127, ""points_per_level"": 0.0, ""radius_yards"": null, ""trigger_spell"": 0, ""type"": 6}",,2177,,,"{""AuraDescription_Lang_Mask"": 16712188, ""CastingTimeIndex"": 1, ""Description_Lang_Mask"": 16712190, ""Description_Lang_enUS"": ""Increases the effectiveness of your healing spells by $s2%, and critical hits made against you have a $h% chance to prevent you from being critically hit again for $33143d."", ""EffectBonusMultiplier_1"": 1.0, ""EffectBonusMultiplier_3"": 1.0, ""EffectChainAmplitude_1"": 1.0, ""EffectChainAmplitude_2"": 1.0, ""EffectChainAmplitude_3"": 1.0, ""EquippedItemClass"": -1, ""NameSubtext_Lang_Mask"": 16712190, ""NameSubtext_Lang_enUS"": ""Rank 3"", ""Name_Lang_Mask"": 16712190, ""ProcChance"": 60, ""ProcTypeMask"": 664232, ""RangeIndex"": 1, ""SpellClassSet"": 6}",pulled from existing data
33150,Surge of Light,1,0,0,464,0,0,0,0,0,0,0,0.0,,,"{""amplitude"": 0, ""apply_aura"": 42, ""base_points"": -1, ""chain_targets"": 0, ""die_sides"": 1, ""implicit_target_a"": 1, ""implicit_target_b"": 0, ""mechanic"": 0, ""misc_value"": 0, ""points_per_level"": 0.0, ""radius_yards"": null, ""trigger_spell"": 33151, ""type"": 6}",,,2176,,,"{""AttributesEx3"": 67633152, ""AuraDescription_Lang_Mask"": 16712188, ""CastingTimeIndex"": 1, ""Description_Lang_Mask"": 16712190, ""Description_Lang_enUS"": ""Your spell criticals have a $h% chance to cause your next Smite or Flash Heal spell to be instant cast, cost no mana but be incapable of a critical hit.  This effect lasts $33151d."", ""EffectBonusMultiplier_1"": 1.0, ""EffectBonusMultiplier_2"": 1.0, ""EffectBonusMultiplier_3"": 1.0, ""EffectChainAmplitude_1"": 1.0, ""EffectChainAmplitude_2"": 1.0, ""EffectChainAmplitude_3"": 1.0, ""EquippedItemClass"": -1, ""NameSubtext_Lang_Mask"": 16712190, ""NameSubtext_Lang_enUS"": ""Rank 1"", ""Name_Lang_Mask"": 16712190, ""ProcChance"": 25, ""ProcTypeMask"": 344064, ""RangeIndex"": 1, ""SpellClassSet"": 6}",pulled from existing data
33154,Surge of Light,1,0,0,464,0,0,0,0,0,0,0,0.0,,,"{""amplitude"": 0, ""apply_aura"": 42, ""base_points"": -1, ""chain_targets"": 0, ""die_sides"": 1, ""implicit_target_a"": 1, ""implicit_target_b"": 0, ""mechanic"": 0, ""misc_value"": 0, ""points_per_level"": 0.0, ""radius_yards"": null, ""trigger_spell"": 33151, ""type"": 6}",,,2176,,,"{""AttributesEx3"": 67633152, ""AuraDescription_Lang_Mask"": 16712188, ""CastingTimeIndex"": 1, ""Description_Lang_Mask"": 16712190, ""Description_Lang_enUS"": ""Your spell criticals have a $h% chance to cause your next Smite or Flash Heal spell to be instant cast, cost no mana but be incapable of a critical hit.  This effect lasts $33151d."", ""EffectBonusMultiplier_1"": 1.0, ""EffectBonusMultiplier_2"": 1.0, ""EffectBonusMultiplier_3"": 1.0, ""EffectChainAmplitude_1"": 1.0, ""EffectChainAmplitude_2"": 1.0, ""EffectChainAmplitude_3"": 1.0, ""EquippedItemClass"": -1, ""NameSubtext_Lang_Mask"": 16712190, ""NameSubtext_Lang_enUS"": ""Rank 2"", ""Name_Lang_Mask"": 16712190, ""ProcChance"": 50, ""ProcTypeMask"": 81920, ""RangeIndex"": 1, ""SpellClassSet"": 6}",pulled from existing data
33158,Empowered Healing,1,0,0,464,0,0,0,0,0,0,0,0.0,,,"{""amplitude"": 0, ""apply_aura"": 107, ""base_points"": 7, ""chain_targets"": 0, ""die_sides"": 1, ""implicit_target_a"": 1, ""implicit_target_b"": 0, ""mechanic"": 0, ""misc_value"": 24, ""points_per_level"": 0.0, ""radius_yards"": null, ""trigger_spell"": 0, ""type"": 6}","{""amplitude"": 0, ""apply_aura"": 107, ""base_points"": 3, ""chain_targets"": 0, ""die_sides"": 1, ""implicit_target_a"": 1, ""implicit_target_b"": 0, ""mechanic"": 0, ""misc_value"": 24, ""points_per_level"": 0.0, ""radius_yards"": null, ""trigger_spell"": 0, ""type"": 6}",,241,,,"{""AuraDescription_Lang_Mask"": 16712188, ""CastingTimeIndex"": 1, ""Description_Lang_Mask"": 16712190, ""Description_Lang_enUS"": ""Your Greater Heal spell gains an additional $s1% and your Flash Heal and Binding Heal gain an additional $s2% of your bonus healing effects."", ""EffectBonusMultiplier_1"": 1.0, ""EffectBonusMultiplier_3"": 1.0, ""EffectChainAmplitude_1"": 1.0, ""EffectChainAmplitude_2"": 1.0, ""EffectChainAmplitude_3"": 1.0, ""EffectSpellClassMaskA_1"": 4096, ""EffectSpellClassMaskB_1"": 2048, ""EffectSpellClassMaskB_2"": 4, ""EquippedItemClass"": -1, ""NameSubtext_Lang_Mask"": 16712190, ""NameSubtext_Lang_enUS"": ""Rank 1"", ""Name_Lang_Mask"": 16712190, ""ProcChance"": 101, ""RangeIndex"": 1, ""SpellClassSet"": 6}",pulled from existing data
33159,Empowered Healing,1,0,0,464,0,0,0,0,0,0,0,0.0,,,"{""amplitude"": 0, ""apply_aura"": 107, ""base_points"": 15, ""chain_targets"": 0, ""die_sides"": 1, ""implicit_target_a"": 1, ""implicit_target_b"": 0, ""mechanic"": 0, ""misc_value"": 24, ""points_per_level"": 0.0, ""radius_yards"": null, ""trigger_spell"": 0, ""type"": 6}","{""amplitude"": 0, ""apply_aura"": 107, ""base_points"": 7, ""chain_targets"": 0, ""die_sides"": 1, ""implicit_target_a"": 1, ""implicit_target_b"": 0, ""mechanic"": 0, ""misc_value"": 24, ""points_per_level"": 0.0, ""radius_yards"": null, ""trigger_spell"": 0, ""type"": 6}",,241,,,"{""AuraDescription_Lang_Mask"": 16712188, ""CastingTimeIndex"": 1, ""Description_Lang_Mask"": 16712190, ""Description_Lang_enUS"": ""Your Greater Heal spell gains an additional $s1% and your Flash Heal and Binding Heal gain an additional $s2% of your bonus healing effects."", ""EffectBonusMultiplier_1"": 1.0, ""EffectBonusMultiplier_3"": 1.0, ""EffectChainAmplitude_1"": 1.0, ""EffectChainAmplitude_2"": 1.0, ""EffectChainAmplitude_3"": 1.0, ""EffectSpellClassMaskA_1"": 4096, ""EffectSpellClassMaskB_1"": 2048, ""EffectSpellClassMaskB_2"": 4, ""EquippedItemClass"": -1, ""NameSubtext_Lang_Mask"": 16712190, ""NameSubtext_Lang_enUS"": ""Rank 2"", ""Name_Lang_Mask"": 16712190, ""ProcChance"": 101, ""RangeIndex"": 1, ""SpellClassSet"": 6}",pulled from existing data
33160,Empowered Healing,1,0,0,464,0,0,0,0,0,0,0,0.0,,,"{""amplitude"": 0, ""apply_aura"": 107, ""base_points"": 23, ""chain_targets"": 0, ""die_sides"": 1, ""implicit_target_a"": 1, ""implicit_target_b"": 0, ""mechanic"": 0, ""misc_value"": 24, ""points_per_level"": 0.0, ""radius_yards"": null, ""trigger_spell"": 0, ""type"": 6}","{""amplitude"": 0, ""apply_aura"": 107, ""base_points"": 11, ""chain_targets"": 0, ""die_sides"": 1, ""implicit_target_a"": 1, ""implicit_target_b"": 0, ""mechanic"": 0, ""misc_value"": 24, ""points_per_level"": 0.0, ""radius_yards"": null, ""trigger_spell"": 0, ""type"": 6}",,241,,,"{""AuraDescription_Lang_Mask"": 16712188, ""CastingTimeIndex"": 1, ""Description_Lang_Mask"": 16712190, ""Description_Lang_enUS"": ""Your Greater Heal spell gains an additional $s1% and your Flash Heal and Binding Heal gain an additional $s2% of your bonus healing effects."", ""EffectBonusMultiplier_1"": 1.0, ""EffectBonusMultiplier_3"": 1.0, ""EffectChainAmplitude_1"": 1.0, ""EffectChainAmplitude_2"": 1.0, ""EffectChainAmplitude_3"": 1.0, ""EffectSpellClassMaskA_1"": 4096, ""EffectSpellClassMaskB_1"": 2048, ""EffectSpellClassMaskB_2"": 4, ""EquippedItemClass"": -1, ""NameSubtext_Lang_Mask"": 16712190, ""NameSubtext_Lang_enUS"": ""Rank 3"", ""Name_Lang_Mask"": 16712190, ""ProcChance"": 101, ""RangeIndex"": 1, ""SpellClassSet"": 6}",pulled from existing data
33161,Empowered Healing,1,0,0,464,0,0,0,0,0,0,0,0.0,,,"{""amplitude"": 0, ""apply_aura"": 107, ""base_points"": 31, ""chain_targets"": 0, ""die_sides"": 1, ""implicit_target_a"": 1, ""implicit_target_b"": 0, ""mechanic"": 0, ""misc_value"": 24, ""points_per_level"": 0.0, ""radius_yards"": null, ""trigger_spell"": 0, ""type"": 6}","{""amplitude"": 0, ""apply_aura"": 107, ""base_points"": 15, ""chain_targets"": 0, ""die_sides"": 1, ""implicit_target_a"": 1, ""implicit_target_b"": 0, ""mechanic"": 0, ""misc_value"": 24, ""points_per_level"": 0.0, ""radius_yards"": null, ""trigger_spell"": 0, ""type"": 6}",,241,,,"{""AuraDescription_Lang_Mask"": 16712188, ""CastingTimeIndex"": 1, ""Description_Lang_Mask"": 16712190, ""Description_Lang_enUS"": ""Your Greater Heal spell gains an additional $s1% and your Flash Heal and Binding Heal gain an additional $s2% of your bonus healing effects."", ""EffectBonusMultiplier_1"": 1.0, ""EffectBonusMultiplier_3"": 1.0, ""EffectChainAmplitude_1"": 1.0, ""EffectChainAmplitude_2"": 1.0, ""EffectChainAmplitude_3"": 1.0, ""EffectSpellClassMaskA_1"": 4096, ""EffectSpellClassMaskB_1"": 2048, ""EffectSpellClassMaskB_2"": 4, ""EquippedItemClass"": -1, ""NameSubtext_Lang_Mask"": 16712190, ""NameSubtext_Lang_enUS"": ""Rank 4"", ""Name_Lang_Mask"": 16712190, ""ProcChance"": 101, ""RangeIndex"": 1, ""SpellClassSet"": 6}",pulled from existing data
33162,Empowered Healing,1,0,0,464,0,0,0,0,0,0,0,0.0,,,"{""amplitude"": 0, ""apply_aura"": 107, ""base_points"": 39, ""chain_targets"": 0, ""die_sides"": 1, ""implicit_target_a"": 1, ""implicit_target_b"": 0, ""mechanic"": 0, ""misc_value"": 24, ""points_per_level"": 0.0, ""radius_yards"": null, ""trigger_spell"": 0, ""type"": 6}","{""amplitude"": 0, ""apply_aura"": 107, ""base_points"": 19, ""chain_targets"": 0, ""die_sides"": 1, ""implicit_target_a"": 1, ""implicit_target_b"": 0, ""mechanic"": 0, ""misc_value"": 24, ""points_per_level"": 0.0, ""radius_yards"": null, ""trigger_spell"": 0, ""type"": 6}",,241,,,"{""AuraDescription_Lang_Mask"": 16712188, ""CastingTimeIndex"": 1, ""Description_Lang_Mask"": 16712190, ""Description_Lang_enUS"": ""Your Greater Heal spell gains an additional $s1% and your Flash Heal and Binding Heal gain an additional $s2% of your bonus healing effects."", ""EffectBonusMultiplier_1"": 1.0, ""EffectBonusMultiplier_3"": 1.0, ""EffectChainAmplitude_1"": 1.0, ""EffectChainAmplitude_2"": 1.0, ""EffectChainAmplitude_3"": 1.0, ""EffectSpellClassMaskA_1"": 4096, ""EffectSpellClassMaskB_1"": 2048, ""EffectSpellClassMaskB_2"": 4, ""EquippedItemClass"": -1, ""NameSubtext_Lang_Mask"": 16712190, ""NameSubtext_Lang_enUS"": ""Rank 5"", ""Name_Lang_Mask"": 16712190, ""ProcChance"": 101, ""RangeIndex"": 1, ""SpellClassSet"": 6}",pulled from existing data
33167,Absolution,1,0,0,464,0,0,0,0,0,0,0,0.0,,-1,"{""amplitude"": 0, ""apply_aura"": 108, ""base_points"": -6, ""chain_targets"": 0, ""die_sides"": 1, ""implicit_target_a"": 1, ""implicit_target_b"": 0, ""mechanic"": 0, ""misc_value"": 14, ""points_per_level"": 0.0, ""radius_yards"": null, ""trigger_spell"": 0, ""type"": 6}",,,2212,,,"{""AuraDescription_Lang_Mask"": 16712188, ""CastingTimeIndex"": 1, ""Description_Lang_Mask"": 16712190, ""Description_Lang_enUS"": ""Reduces the mana cost of your Dispel Magic, Cure Disease, Abolish Disease and Mass Dispel spells by $s1%."", ""EffectChainAmplitude_1"": 1.0, ""EffectSpellClassMaskA_2"": 129, ""EquippedItemClass"": -1, ""NameSubtext_Lang_Mask"": 16712190, ""NameSubtext_Lang_enUS"": ""Rank 1"", ""Name_Lang_Mask"": 16712190, ""ProcChance"": 101, ""RangeIndex"": 1, ""SpellClassSet"": 6}",pulled from existing data
33171,Absolution,1,0,0,464,0,0,0,0,0,0,0,0.0,,-1,"{""amplitude"": 0, ""apply_aura"": 108, ""base_points"": -11, ""chain_targets"": 0, ""die_sides"": 1, ""implicit_target_a"": 1, ""implicit_target_b"": 0, ""mechanic"": 0, ""misc_value"": 14, ""points_per_level"": 0.0, ""radius_yards"": null, ""trigger_spell"": 0, ""type"": 6}",,,2212,,,"{""AuraDescription_Lang_Mask"": 16712188, ""CastingTimeIndex"": 1, ""Description_Lang_Mask"": 16712190, ""Description_Lang_enUS"": ""Reduces the mana cost of your Dispel Magic, Cure Disease, Abolish Disease and Mass Dispel spells by $s1%."", ""EffectChainAmplitude_1"": 1.0, ""EffectSpellClassMaskA_2"": 129, ""EquippedItemClass"": -1, ""NameSubtext_Lang_Mask"": 16712190, ""NameSubtext_Lang_enUS"": ""Rank 2"", ""Name_Lang_Mask"": 16712190, ""ProcChance"": 101, ""RangeIndex"": 1, ""SpellClassSet"": 6}",pulled from existing data
33172,Absolution,1,0,0,464,0,0,0,0,0,0,0,0.0,,-1,"{""amplitude"": 0, ""apply_aura"": 108, ""base_points"": -16, ""chain_targets"": 0, ""die_sides"": 1, ""implicit_target_a"": 1, ""implicit_target_b"": 0, ""mechanic"": 0, ""misc_value"": 14, ""points_per_level"": 0.0, ""radius_yards"": null, ""trigger_spell"": 0, ""type"": 6}",,,2212,,,"{""AuraDescription_Lang_Mask"": 16712188, ""CastingTimeIndex"": 1, ""Description_Lang_Mask"": 16712190, ""Description_Lang_enUS"": ""Reduces the mana cost of your Dispel Magic, Cure Disease, Abolish Disease and Mass Dispel spells by $s1%."", ""EffectChainAmplitude_1"": 1.0, ""EffectSpellClassMaskA_2"": 129, ""EquippedItemClass"": -1, ""NameSubtext_Lang_Mask"": 16712190, ""NameSubtext_Lang_enUS"": ""Rank 3"", ""Name_Lang_Mask"": 16712190, ""ProcChance"": 101, ""RangeIndex"": 1, ""SpellClassSet"": 6}",pulled from existing data
33186,Focused Power,1,0,0,464,0,0,0,0,0,0,0,0.0,,,"{""amplitude"": 0, ""apply_aura"": 107, ""base_points"": -501, ""chain_targets"": 0, ""die_sides"": 1, ""implicit_target_a"": 1, ""implicit_target_b"": 0, ""mechanic"": 0, ""misc_value"": 10, ""points_per_level"": 0.0, ""radius_yards"": null, ""trigger_spell"": 0, ""type"": 6}","{""amplitude"": 0, ""apply_aura"": 79, ""base_points"": 1, ""chain_targets"": 0, ""die_sides"": 1, ""implicit_target_a"": 1, ""implicit_target_b"": 0, ""mechanic"": 0, ""misc_value"": 126, ""points_per_level"": 0.0, ""radius_yards"": null, ""trigger_spell"": 0, ""type"": 6}","{""amplitude"": 0, ""apply_aura"": 136, ""base_points"": 1, ""chain_targets"": 0, ""die_sides"": 1, ""implicit_target_a"": 1, ""implicit_target_b"": 0, ""mechanic"": 0, ""misc_value"": 127, ""points_per_level"": 0.0, ""radius_yards"": null, ""trigger_spell"": 0, ""type"": 6}",2210,,,"{""AuraDescription_Lang_Mask"": 16712188, ""CastingTimeIndex"": 1, ""Description_Lang_Mask"": 16712190, ""Description_Lang_enUS"": ""Increases damage and healing done by your spells by $s2%. In addition, your Mass Dispel cast time is reduced by $/1000;S1 sec."", ""EffectChainAmplitude_1"": 1.0, ""EffectChainAmplitude_2"": 1.0, ""EffectChainAmplitude_3"": 1.0, ""EffectSpellClassMaskA_2"": 128, ""EffectSpellClassMaskB_1"": 8320, ""EffectSpellClassMaskB_2"": 128, ""EffectSpellClassMaskC_2"": 128, ""EquippedItemClass"": -1, ""NameSubtext_Lang_Mask"": 16712190, ""NameSubtext_Lang_enUS"": ""Rank 1"", ""Name_Lang_Mask"": 16712190, ""ProcChance"": 101, ""RangeIndex"": 1, ""SpellClassSet"": 6}",pulled from existing data
33190,Focused Power,1,0,0,464,0,0,0,0,0,0,0,0.0,,,"{""amplitude"": 0, ""apply_aura"": 107, ""base_points"": -1001, ""chain_targets"": 0, ""die_sides"": 1, ""implicit_target_a"": 1, ""implicit_target_b"": 0, ""mechanic"": 0, ""misc_value"": 10, ""points_per_level"": 0.0, ""radius_yards"": null, ""trigger_spell"": 0, ""type"": 6}","{""amplitude"": 0, ""apply_aura"": 79, ""base_points"": 3, ""chain_targets"": 0, ""die_sides"": 1, ""implicit_target_a"": 1, ""implicit_target_b"": 0, ""mechanic"": 0, ""misc_value"": 126, ""points_per_level"": 0.0, ""radius_yards"": null, ""trigger_spell"": 0, ""type"": 6}","{""amplitude"": 0, ""apply_aura"": 136, ""base_points"": 3, ""chain_targets"": 0, ""die_sides"": 1, ""implicit_target_a"": 1, ""implicit_target_b"": 0, ""mechanic"": 0, ""misc_value"": 127, ""points_per_level"": 0.0, ""radius_yards"": null, ""trigger_spell"": 0, ""type"": 6}",2210,,,"{""AuraDescription_Lang_Mask"": 16712188, ""CastingTimeIndex"": 1, ""Description_Lang_Mask"": 16712190, ""Description_Lang_enUS"": ""Increases damage and healing done by your spells by $s2%. In addition, your Mass Dispel cast time is reduced by $/1000;S1 sec."", ""EffectChainAmplitude_1"": 1.0, ""EffectChainAmplitude_2"": 1.0, ""EffectChainAmplitude_3"": 1.0, ""EffectSpellClassMaskA_2"": 128, ""EffectSpellClassMaskB_1"": 8320, ""EffectSpellClassMaskB_2"": 128, ""EffectSpellClassMaskC_2"": 128, ""EquippedItemClass"": -1, ""NameSubtext_Lang_Mask"": 16712190, ""NameSubtext_Lang_enUS"": ""Rank 2"", ""Name_Lang_Mask"": 16712190, ""ProcChance"": 101, ""RangeIndex"": 1, ""SpellClassSet"": 6}",pulled from existing data
33191,Misery,1,0,0,464,0,0,0,0,0,0,0,0.0,,,"{""amplitude"": 0, ""apply_aura"": 42, ""base_points"": 99, ""chain_targets"": 0, ""die_sides"": 1, ""implicit_target_a"": 1, ""implicit_target_b"": 0, ""mechanic"": 0, ""misc_value"": 0, ""points_per_level"": 0.0, ""radius_yards"": null, ""trigger_spell"": 33196, ""type"": 6}",,"{""amplitude"": 0, ""apply_aura"": 108, ""base_points"": 4, ""chain_targets"": 0, ""die_sides"": 1, ""implicit_target_a"": 1, ""implicit_target_b"": 0, ""mechanic"": 0, ""misc_value"": 24, ""points_per_level"": 0.0, ""radius_yards"": null, ""trigger_spell"": 0, ""type"": 6}",2211,,,"{""AuraDescription_Lang_Mask"": 16712188, ""CastingTimeIndex"": 1, ""Description_Lang_Mask"": 16712190, ""Description_Lang_enUS"": ""Your Shadow Word: Pain, Mind Flay and Vampiric Touch spells also increase the chance for harmful spells to hit by $33196s1% lasting $33196d, and increases the benefit from spell power gained by your Mind Blast, Mind Flay and Mind Sear spells by $s3%."", ""EffectChainAmplitude_1"": 1.0, ""EffectChainAmplitude_2"": 1.0, ""EffectChainAmplitude_3"": 1.0, ""EffectSpellClassMaskA_1"": 9469952, ""EffectSpellClassMaskB_1"": 8421376, ""EffectSpellClassMaskB_2"": 1024, ""EffectSpellClassMaskC_1"": 8396800, ""EffectSpellClassMaskC_2"": 524288, ""EquippedItemClass"": -1, ""NameSubtext_Lang_Mask"": 16712190, ""NameSubtext_Lang_enUS"": ""Rank 1"", ""Name_Lang_Mask"": 16712190, ""ProcChance"": 100, ""ProcTypeMask"": 65536, ""RangeIndex"": 1, ""SpellClassSet"": 6}",pulled from existing data
33192,Misery,1,0,0,464,0,0,0,0,0,0,0,0.0,,,"{""amplitude"": 0, ""apply_aura"": 42, ""base_points"": 99, ""chain_targets"": 0, ""die_sides"": 1, ""implicit_target_a"": 1, ""implicit_target_b"": 0, ""mechanic"": 0, ""misc_value"": 0, ""points_per_level"": 0.0, ""radius_yards"": null, ""trigger_spell"": 33197, ""type"": 6}",,"{""amplitude"": 0, ""apply_aura"": 108, ""base_points"": 9, ""chain_targets"": 0, ""die_sides"": 1, ""implicit_target_a"": 1, ""implicit_target_b"": 0, ""mechanic"": 0, ""misc_value"": 24, ""points_per_level"": 0.0, ""radius_yards"": null, ""trigger_spell"": 0, ""type"": 6}",2211,,,"{""AuraDescription_Lang_Mask"": 16712188, ""CastingTimeIndex"": 1, ""Description_Lang_Mask"": 16712190, ""Description_Lang_enUS"": ""Your Shadow Word: Pain, Mind Flay and Vampiric Touch spells also increase the chance for harmful spells to hit by $33197s1% lasting $33197d, and increases the benefit from spell power gained by your Mind Blast, Mind Flay and Mind Sear spells by $s3%."", ""EffectChainAmplitude_1"": 1.0, ""EffectChainAmplitude_2"": 1.0, ""EffectChainAmplitude_3"": 1.0, ""EffectSpellClassMaskA_1"": 9469952, ""EffectSpellClassMaskB_1"": 8421376, ""EffectSpellClassMaskB_2"": 1024, ""EffectSpellClassMaskC_1"": 8396800, ""EffectSpellClassMaskC_2"": 524288, ""EquippedItemClass"": -1, ""NameSubtext_Lang_Mask"": 16712190, ""NameSubtext_Lang_enUS"": ""Rank 2"", ""Name_Lang_Mask"": 16712190, ""ProcChance"": 100, ""ProcTypeMask"": 65536, ""RangeIndex"": 1, ""SpellClassSet"": 6}",pulled from existing data
33193,Misery,1,0,0,464,0,0,0,0,0,0,0,0.0,,,"{""amplitude"": 0, ""apply_aura"": 42, ""base_points"": 99, ""chain_targets"": 0, ""die_sides"": 1, ""implicit_target_a"": 1, ""implicit_target_b"": 0, ""mechanic"": 0, ""misc_value"": 0, ""points_per_level"": 0.0, ""radius_yards"": null, ""trigger_spell"": 33198, ""type"": 6}",,"{""amplitude"": 0, ""apply_aura"": 108, ""base_points"": 14, ""chain_targets"": 0, ""die_sides"": 1, ""implicit_target_a"": 1, ""implicit_target_b"": 0, ""mechanic"": 0, ""misc_value"": 24, ""points_per_level"": 0.0, ""radius_yards"": null, ""trigger_spell"": 0, ""type"": 6}",2211,,,"{""AuraDescription_Lang_Mask"": 16712188, ""CastingTimeIndex"": 1, ""Description_Lang_Mask"": 16712190, ""Description_Lang_enUS"": ""Your Shadow Word: Pain, Mind Flay and Vampiric Touch spells also increase the chance for harmful spells to hit by $33198s1% lasting $33198d, and increases the benefit from spell power gained by your Mind Blast, Mind Flay and Mind Sear spells by $s3%."", ""EffectChainAmplitude_1"": 1.0, ""EffectChainAmplitude_2"": 1.0, ""EffectChainAmplitude_3"": 1.0, ""EffectSpellClassMaskA_1"": 9469952, ""EffectSpellClassMaskB_1"": 8421376, ""EffectSpellClassMaskB_2"": 1024, ""EffectSpellClassMaskC_1"": 8396800, ""EffectSpellClassMaskC_2"": 524288, ""EquippedItemClass"": -1, ""NameSubtext_Lang_Mask"": 16712190, ""NameSubtext_Lang_enUS"": ""Rank 3"", ""Name_Lang_Mask"": 16712190, ""ProcChance"": 100, ""ProcTypeMask"": 65536, ""RangeIndex"": 1, ""SpellClassSet"": 6}",pulled from existing data
33201,Reflective Shield,1,0,0,464,0,0,0,0,0,0,0,0.0,,,"{""amplitude"": 0, ""apply_aura"": 4, ""base_points"": 21, ""chain_targets"": 0, ""die_sides"": 1, ""implicit_target_a"": 1, ""implicit_target_b"": 0, ""mechanic"": 0, ""misc_value"": 5065, ""points_per_level"": 0.0, ""radius_yards"": null, ""trigger_spell"": 0, ""type"": 6}",,,566,,,"{""AuraDescription_Lang_Mask"": 16712188, ""CastingTimeIndex"": 1, ""Description_Lang_Mask"": 16712190, ""Description_Lang_enUS"": ""Causes $s1% of the damage you absorb with Power Word: Shield to reflect back at the attacker.  This damage causes no threat."", ""EffectChainAmplitude_1"": 1.0, ""EffectChainAmplitude_2"": 1.0, ""EffectChainAmplitude_3"": 1.0, ""EffectSpellClassMaskA_1"": 1, ""EquippedItemClass"": -1, ""NameSubtext_Lang_Mask"": 16712190, ""NameSubtext_Lang_enUS"": ""Rank 1"", ""Name_Lang_Mask"": 16712190, ""ProcChance"": 101, ""RangeIndex"": 1, ""SpellClassSet"": 6}",pulled from existing data
33202,Reflective Shield,1,0,0,464,0,0,0,0,0,0,0,0.0,,,"{""amplitude"": 0, ""apply_aura"": 4, ""base_points"": 44, ""chain_targets"": 0, ""die_sides"": 1, ""implicit_target_a"": 1, ""implicit_target_b"": 0, ""mechanic"": 0, ""misc_value"": 5064, ""points_per_level"": 0.0, ""radius_yards"": null, ""trigger_spell"": 0, ""type"": 6}",,,566,,,"{""AuraDescription_Lang_Mask"": 16712188, ""CastingTimeIndex"": 1, ""Description_Lang_Mask"": 16712190, ""Description_Lang_enUS"": ""Causes $s1% of the damage you absorb with Power Word: Shield to reflect back at the attacker.  This damage causes no threat."", ""EffectChainAmplitude_1"": 1.0, ""EffectChainAmplitude_2"": 1.0, ""EffectChainAmplitude_3"": 1.0, ""EffectSpellClassMaskA_1"": 1, ""EquippedItemClass"": -1, ""NameSubtext_Lang_Mask"": 16712190, ""NameSubtext_Lang_enUS"": ""Rank 2"", ""Name_Lang_Mask"": 16712190, ""ProcChance"": 101, ""RangeIndex"": 1, ""SpellClassSet"": 6}",pulled from existing data
33206,Pain Suppression,2,1,0,327680,0,0,180000,0,0,0,8,40.0,,8000,"{""amplitude"": 0, ""apply_aura"": 87, ""base_points"": -41, ""chain_targets"": 0, ""die_sides"": 1, ""implicit_target_a"": 21, ""implicit_target_b"": 0, ""mechanic"": 0, ""misc_value"": 127, ""points_per_level"": 0.0, ""radius_yards"": null, ""trigger_spell"": 0, ""type"": 6}","{""amplitude"": 0, ""apply_aura"": 235, ""base_points"": 64, ""chain_targets"": 0, ""die_sides"": 1, ""implicit_target_a"": 21, ""implicit_target_b"": 0, ""mechanic"": 0, ""misc_value"": 0, ""points_per_level"": 0.0, ""radius_yards"": null, ""trigger_spell"": 0, ""type"": 6}",,2178,,,"{""AttributesEx5"": 8, ""AttributesEx6"": 67108864, ""AuraDescription_Lang_Mask"": 16712190, ""AuraDescription_Lang_enUS"": ""All damage taken reduced by $s1% and resistance to Dispel mechanics increased by $s2%."", ""CastingTimeIndex"": 1, ""Description_Lang_Mask"": 16712190, ""Description_Lang_enUS"": ""Instantly reduces a friendly target's threat by $44416s1%, reduces all damage taken by $s1% and increases resistance to Dispel mechanics by $s2% for $d."", ""EffectChainAmplitude_1"": 1.0, ""EffectChainAmplitude_2"": 1.0, ""EffectChainAmplitude_3"": 1.0, ""EffectSpellClassMaskA_1"": 1, ""EffectSpellClassMaskB_1"": 45859183, ""EffectSpellClassMaskB_2"": 5705, ""EquippedItemClass"": -1, ""ImplicitTargetA_3"": 21, ""InterruptFlags"": 8, ""NameSubtext_Lang_Mask"": 16712172, ""Name_Lang_Mask"": 16712190, ""PreventionType"": 1, ""ProcChance"": 101, ""SpellClassMask_1"": 2147483648, ""SpellClassMask_2"": 268439552, ""SpellClassMask_3"": 1024, ""SpellClassSet"": 6, ""SpellVisualID_1"": 8039, ""StartRecoveryCategory"": 133, ""StartRecoveryTime"": 1500}",pulled from existing data
33213,Focused Mind,1,0,0,448,0,0,0,0,0,0,0,0.0,,,"{""amplitude"": 0, ""apply_aura"": 108, ""base_points"": -6, ""chain_targets"": 0, ""die_sides"": 1, ""implicit_target_a"": 1, ""implicit_target_b"": 0, ""mechanic"": 0, ""misc_value"": 14, ""points_per_level"": 0.0, ""radius_yards"": null, ""trigger_spell"": 0, ""type"": 6}",,,2014,,,"{""AttributesEx3"": 67108864, ""AuraDescription_Lang_Mask"": 16712188, ""CastingTimeIndex"": 1, ""Description_Lang_Mask"": 16712190, ""Description_Lang_enUS"": ""Reduces the mana cost of your Mind Blast, Mind Control, Mind Flay and Mind Sear spells by $s1%."", ""EffectBonusMultiplier_2"": 1.0, ""EffectBonusMultiplier_3"": 1.0, ""EffectChainAmplitude_1"": 1.0, ""EffectChainAmplitude_2"": 1.0, ""EffectChainAmplitude_3"": 1.0, ""EffectSpellClassMaskA_1"": 139264, ""EffectSpellClassMaskA_2"": 1048576, ""EffectSpellClassMaskA_3"": 64, ""EquippedItemClass"": -1, ""NameSubtext_Lang_Mask"": 16712190, ""NameSubtext_Lang_enUS"": ""Rank 1"", ""Name_Lang_Mask"": 16712190, ""ProcChance"": 101, ""RangeIndex"": 1, ""SpellClassSet"": 6}",pulled from existing data
33214,Focused Mind,1,0,0,448,0,0,0,0,0,0,0,0.0,,,"{""amplitude"": 0, ""apply_aura"": 108, ""base_points"": -11, ""chain_targets"": 0, ""die_sides"": 1, ""implicit_target_a"": 1, ""implicit_target_b"": 0, ""mechanic"": 0, ""misc_value"": 14, ""points_per_level"": 0.0, ""radius_yards"": null, ""trigger_spell"": 0, ""type"": 6}",,,2014,,,"{""AttributesEx3"": 67108864, ""AuraDescription_Lang_Mask"": 16712188, ""CastingTimeIndex"": 1, ""Description_Lang_Mask"": 16712190, ""Description_Lang_enUS"": ""Reduces the mana cost of your Mind Blast, Mind Control, Mind Flay and Mind Sear spells by $s1%."", ""EffectBonusMultiplier_2"": 1.0, ""EffectBonusMultiplier_3"": 1.0, ""EffectChainAmplitude_1"": 1.0, ""EffectChainAmplitude_2"": 1.0, ""EffectChainAmplitude_3"": 1.0, ""EffectSpellClassMaskA_1"": 139264, ""EffectSpellClassMaskA_2"": 1048576, ""EffectSpellClassMaskA_3"": 64, ""EquippedItemClass"": -1, ""NameSubtext_Lang_Mask"": 16712190, ""NameSubtext_Lang_enUS"": ""Rank 2"", ""Name_Lang_Mask"": 16712190, ""ProcChance"": 101, ""RangeIndex"": 1, ""SpellClassSet"": 6}",pulled from existing data
33215,Focused Mind,1,0,0,448,0,0,0,0,0,0,0,0.0,,,"{""amplitude"": 0, ""apply_aura"": 108, ""base_points"": -16, ""chain_targets"": 0, ""die_sides"": 1, ""implicit_target_a"": 1, ""implicit_target_b"": 0, ""mechanic"": 0, ""misc_value"": 14, ""points_per_level"": 0.0, ""radius_yards"": null, ""trigger_spell"": 0, ""type"": 6}",,,2014,,,"{""AttributesEx3"": 67108864, ""AuraDescription_Lang_Mask"": 16712188, ""CastingTimeIndex"": 1, ""Description_Lang_Mask"": 16712190, ""Description_Lang_enUS"": ""Reduces the mana cost of your Mind Blast, Mind Control, Mind Flay and Mind Sear spells by $s1%."", ""EffectBonusMultiplier_2"": 1.0, ""EffectBonusMultiplier_3"": 1.0, ""EffectChainAmplitude_1"": 1.0, ""EffectChainAmplitude_2"": 1.0, ""EffectChainAmplitude_3"": 1.0, ""EffectSpellClassMaskA_1"": 139264, ""EffectSpellClassMaskA_2"": 1048576, ""EffectSpellClassMaskA_3"": 64, ""EquippedItemClass"": -1, ""NameSubtext_Lang_Mask"": 16712190, ""NameSubtext_Lang_enUS"": ""Rank 3"", ""Name_Lang_Mask"": 16712190, ""ProcChance"": 101, ""RangeIndex"": 1, ""SpellClassSet"": 6}",pulled from existing data
33221,Shadow Power,1,0,0,448,0,0,0,0,0,0,0,0.0,,,,"{""amplitude"": 0, ""apply_aura"": 108, ""base_points"": 19, ""chain_targets"": 0, ""die_sides"": 1, ""implicit_target_a"": 1, ""implicit_target_b"": 0, ""mechanic"": 0, ""misc_value"": 15, ""points_per_level"": 0.0, ""radius_yards"": null, ""trigger_spell"": 0, ""type"": 6}",,2179,,,"{""AttributesEx3"": 67108864, ""AuraDescription_Lang_Mask"": 16712188, ""CastingTimeIndex"": 1, ""Description_Lang_Mask"": 16712190, ""Description_Lang_enUS"": ""Increases the critical strike damage bonus of your Mind Blast, Mind Flay, and Shadow Word: Death spells by $s2%."", ""EffectBonusMultiplier_3"": 1.0, ""EffectChainAmplitude_1"": 1.0, ""EffectChainAmplitude_2"": 1.0, ""EffectChainAmplitude_3"": 1.0, ""EffectSpellClassMaskA_1"": 8192, ""EffectSpellClassMaskA_2"": 2, ""EffectSpellClassMaskB_1"": 8396800, ""EffectSpellClassMaskB_2"": 2, ""EquippedItemClass"": -1, ""NameSubtext_Lang_Mask"": 16712190, ""NameSubtext_Lang_enUS"": ""Rank 1"", ""Name_Lang_Mask"": 16712190, ""ProcChance"": 101, ""RangeIndex"": 1, ""SpellClassSet"": 6}",pulled from existing data
33222,Shadow Power,1,0,0,448,0,0,0,0,0,0,0,0.0,,,,"{""amplitude"": 0, ""apply_aura"": 108, ""base_points"": 39, ""chain_targets"": 0, ""die_sides"": 1, ""implicit_target_a"": 1, ""implicit_target_b"": 0, ""mechanic"": 0, ""misc_value"": 15, ""points_per_level"": 0.0, ""radius_yards"": null, ""trigger_spell"": 0, ""type"": 6}",,2179,,,"{""AttributesEx3"": 67108864, ""AuraDescription_Lang_Mask"": 16712188, ""CastingTimeIndex"": 1, ""Description_Lang_Mask"": 16712190, ""Description_Lang_enUS"": ""Increases the critical strike damage bonus of your Mind Blast, Mind Flay, and Shadow Word: Death spells by $s2%."", ""EffectBonusMultiplier_3"": 1.0, ""EffectChainAmplitude_1"": 1.0, ""EffectChainAmplitude_2"": 1.0, ""EffectChainAmplitude_3"": 1.0, ""EffectSpellClassMaskA_1"": 8192, ""EffectSpellClassMaskA_2"": 2, ""EffectSpellClassMaskB_1"": 8396800, ""EffectSpellClassMaskB_2"": 2, ""EquippedItemClass"": -1, ""NameSubtext_Lang_Mask"": 16712190, ""NameSubtext_Lang_enUS"": ""Rank 2"", ""Name_Lang_Mask"": 16712190, ""ProcChance"": 101, ""RangeIndex"": 1, ""SpellClassSet"": 6}",pulled from existing data
33223,Shadow Power,1,0,0,448,0,0,0,0,0,0,0,0.0,,,,"{""amplitude"": 0, ""apply_aura"": 108, ""base_points"": 59, ""chain_targets"": 0, ""die_sides"": 1, ""implicit_target_a"": 1, ""implicit_target_b"": 0, ""mechanic"": 0, ""misc_value"": 15, ""points_per_level"": 0.0, ""radius_yards"": null, ""trigger_spell"": 0, ""type"": 6}",,2179,,,"{""AttributesEx3"": 67108864, ""AuraDescription_Lang_Mask"": 16712188, ""CastingTimeIndex"": 1, ""Description_Lang_Mask"": 16712190, ""Description_Lang_enUS"": ""Increases the critical strike damage bonus of your Mind Blast, Mind Flay, and Shadow Word: Death spells by $s2%."", ""EffectBonusMultiplier_3"": 1.0, ""EffectChainAmplitude_1"": 1.0, ""EffectChainAmplitude_2"": 1.0, ""EffectChainAmplitude_3"": 1.0, ""EffectSpellClassMaskA_1"": 8192, ""EffectSpellClassMaskA_2"": 2, ""EffectSpellClassMaskB_1"": 8396800, ""EffectSpellClassMaskB_2"": 2, ""EquippedItemClass"": -1, ""NameSubtext_Lang_Mask"": 16712190, ""NameSubtext_Lang_enUS"": ""Rank 3"", ""Name_Lang_Mask"": 16712190, ""ProcChance"": 101, ""RangeIndex"": 1, ""SpellClassSet"": 6}",pulled from existing data
33224,Shadow Power,1,0,0,448,0,0,0,0,0,0,0,0.0,,,,"{""amplitude"": 0, ""apply_aura"": 108, ""base_points"": 79, ""chain_targets"": 0, ""die_sides"": 1, ""implicit_target_a"": 1, ""implicit_target_b"": 0, ""mechanic"": 0, ""misc_value"": 15, ""points_per_level"": 0.0, ""radius_yards"": null, ""trigger_spell"": 0, ""type"": 6}",,2179,,,"{""AttributesEx3"": 67108864, ""AuraDescription_Lang_Mask"": 16712188, ""CastingTimeIndex"": 1, ""Description_Lang_Mask"": 16712190, ""Description_Lang_enUS"": ""Increases the critical strike damage bonus of your Mind Blast, Mind Flay, and Shadow Word: Death spells by $s2%."", ""EffectBonusMultiplier_3"": 1.0, ""EffectChainAmplitude_1"": 1.0, ""EffectChainAmplitude_2"": 1.0, ""EffectChainAmplitude_3"": 1.0, ""EffectSpellClassMaskA_1"": 8192, ""EffectSpellClassMaskA_2"": 2, ""EffectSpellClassMaskB_1"": 8396800, ""EffectSpellClassMaskB_2"": 2, ""EquippedItemClass"": -1, ""NameSubtext_Lang_Mask"": 16712190, ""NameSubtext_Lang_enUS"": ""Rank 4"", ""Name_Lang_Mask"": 16712190, ""ProcChance"": 101, ""RangeIndex"": 1, ""SpellClassSet"": 6}",pulled from existing data
33225,Shadow Power,1,0,0,448,0,0,0,0,0,0,0,0.0,,,,"{""amplitude"": 0, ""apply_aura"": 108, ""base_points"": 99, ""chain_targets"": 0, ""die_sides"": 1, ""implicit_target_a"": 1, ""implicit_target_b"": 0, ""mechanic"": 0, ""misc_value"": 15, ""points_per_level"": 0.0, ""radius_yards"": null, ""trigger_spell"": 0, ""type"": 6}",,2179,,,"{""AttributesEx3"": 67108864, ""AuraDescription_Lang_Mask"": 16712188, ""CastingTimeIndex"": 1, ""Description_Lang_Mask"": 16712190, ""Description_Lang_enUS"": ""Increases the critical strike damage bonus of your Mind Blast, Mind Flay, and Shadow Word: Death spells by $s2%."", ""EffectBonusMultiplier_3"": 1.0, ""EffectChainAmplitude_1"": 1.0, ""EffectChainAmplitude_2"": 1.0, ""EffectChainAmplitude_3"": 1.0, ""EffectSpellClassMaskA_1"": 8192, ""EffectSpellClassMaskA_2"": 2, ""EffectSpellClassMaskB_1"": 8396800, ""EffectSpellClassMaskB_2"": 2, ""EquippedItemClass"": -1, ""NameSubtext_Lang_Mask"": 16712190, ""NameSubtext_Lang_enUS"": ""Rank 5"", ""Name_Lang_Mask"": 16712190, ""ProcChance"": 101, ""RangeIndex"": 1, ""SpellClassSet"": 6}",pulled from existing data
33371,Mind Melt,1,0,0,448,0,0,0,0,0,0,0,0.0,,,"{""amplitude"": 0, ""apply_aura"": 107, ""base_points"": 3, ""chain_targets"": 0, ""die_sides"": 1, ""implicit_target_a"": 1, ""implicit_target_b"": 0, ""mechanic"": 0, ""misc_value"": 7, ""points_per_level"": 0.0, ""radius_yards"": null, ""trigger_spell"": 0, ""type"": 6}","{""amplitude"": 0, ""apply_aura"": 107, ""base_points"": 5, ""chain_targets"": 0, ""die_sides"": 1, ""implicit_target_a"": 1, ""implicit_target_b"": 0, ""mechanic"": 0, ""misc_value"": 7, ""points_per_level"": 0.0, ""radius_yards"": null, ""trigger_spell"": 0, ""type"": 6}",,3139,,,"{""AuraDescription_Lang_Mask"": 16712188, ""CastingTimeIndex"": 1, ""Description_Lang_Mask"": 16712190, ""Description_Lang_enUS"": ""Increases the critical strike chance of your Mind Blast, Mind Flay and Mind Sear spells by $s1%, and increases the periodic critical strike chance of your Vampiric Touch, Devouring Plague and Shadow Word: Pain spells by $s2%."", ""EffectBonusMultiplier_3"": 1.0, ""EffectChainAmplitude_1"": 1.0, ""EffectChainAmplitude_2"": 1.0, ""EffectChainAmplitude_3"": 1.0, ""EffectSpellClassMaskA_1"": 8396800, ""EffectSpellClassMaskA_2"": 524288, ""EffectSpellClassMaskB_1"": 33587200, ""EffectSpellClassMaskB_2"": 1024, ""EquippedItemClass"": -1, ""NameSubtext_Lang_Mask"": 16712190, ""NameSubtext_Lang_enUS"": ""Rank 2"", ""Name_Lang_Mask"": 16712190, ""ProcChance"": 101, ""RangeIndex"": 1, ""SpellClassSet"": 6}",pulled from existing data
34753,Holy Concentration,1,0,0,464,0,0,0,0,0,0,0,0.0,,,"{""amplitude"": 0, ""apply_aura"": 42, ""base_points"": -1, ""chain_targets"": 0, ""die_sides"": 1, ""implicit_target_a"": 1, ""implicit_target_b"": 0, ""mechanic"": 0, ""misc_value"": 0, ""points_per_level"": 0.0, ""radius_yards"": null, ""trigger_spell"": 34754, ""type"": 6}",,,2169,,,"{""AttributesEx3"": 67108864, ""AuraDescription_Lang_Mask"": 16712188, ""CastingTimeIndex"": 1, ""Description_Lang_Mask"": 16712190, ""Description_Lang_enUS"": ""Your mana regeneration from spirit is increased by $34754s1% for $34754d after you critically heal with Flash Heal, Greater Heal, Binding Heal or Empowered Renew."", ""EffectChainAmplitude_1"": 1.0, ""EffectChainAmplitude_2"": 1.0, ""EffectChainAmplitude_3"": 1.0, ""EquippedItemClass"": -1, ""NameSubtext_Lang_Mask"": 16712190, ""NameSubtext_Lang_enUS"": ""Rank 1"", ""Name_Lang_Mask"": 16712190, ""ProcChance"": 100, ""ProcTypeMask"": 16384, ""RangeIndex"": 1, ""SpellClassMask_2"": 131072, ""SpellClassSet"": 6, ""SpellLevel"": 1, ""SpellPriority"": 50}",pulled from existing data
34859,Holy Concentration,1,0,0,464,0,0,0,0,0,0,0,0.0,,,"{""amplitude"": 0, ""apply_aura"": 42, ""base_points"": -1, ""chain_targets"": 0, ""die_sides"": 1, ""implicit_target_a"": 1, ""implicit_target_b"": 0, ""mechanic"": 0, ""misc_value"": 0, ""points_per_level"": 0.0, ""radius_yards"": null, ""trigger_spell"": 63724, ""type"": 6}",,,2169,,,"{""AttributesEx3"": 67108864, ""AuraDescription_Lang_Mask"": 16712188, ""CastingTimeIndex"": 1, ""Description_Lang_Mask"": 16712190, ""Description_Lang_enUS"": ""Your mana regeneration from spirit is increased by $63724s1% for $63724d after you critically heal with Flash Heal, Greater Heal, Binding Heal or Empowered Renew."", ""EffectChainAmplitude_1"": 1.0, ""EffectChainAmplitude_2"": 1.0, ""EffectChainAmplitude_3"": 1.0, ""EquippedItemClass"": -1, ""NameSubtext_Lang_Mask"": 16712190, ""NameSubtext_Lang_enUS"": ""Rank 2"", ""Name_Lang_Mask"": 16712190, ""ProcChance"": 100, ""ProcTypeMask"": 16384, ""RangeIndex"": 1, ""SpellClassMask_2"": 131072, ""SpellClassSet"": 6, ""SpellLevel"": 1, ""SpellPriority"": 50}",pulled from existing data
34860,Holy Concentration,1,0,0,464,0,0,0,0,0,0,0,0.0,,,"{""amplitude"": 0, ""apply_aura"": 42, ""base_points"": -1, ""chain_targets"": 0, ""die_sides"": 1, ""implicit_target_a"": 1, ""implicit_target_b"": 0, ""mechanic"": 0, ""misc_value"": 0, ""points_per_level"": 0.0, ""radius_yards"": null, ""trigger_spell"": 63725, ""type"": 6}",,,2169,,,"{""AttributesEx3"": 67108864, ""AuraDescription_Lang_Mask"": 16712188, ""CastingTimeIndex"": 1, ""Description_Lang_Mask"": 16712190, ""Description_Lang_enUS"": ""Your mana regeneration from spirit is increased by $63725s1% for $63725d after you critically heal with Flash Heal, Greater Heal, Binding Heal or Empowered Renew."", ""EffectChainAmplitude_1"": 1.0, ""EffectChainAmplitude_2"": 1.0, ""EffectChainAmplitude_3"": 1.0, ""EquippedItemClass"": -1, ""NameSubtext_Lang_Mask"": 16712190, ""NameSubtext_Lang_enUS"": ""Rank 3"", ""Name_Lang_Mask"": 16712190, ""ProcChance"": 100, ""ProcTypeMask"": 16384, ""RangeIndex"": 1, ""SpellClassMask_2"": 131072, ""SpellClassSet"": 6, ""SpellLevel"": 1, ""SpellPriority"": 50}",pulled from existing data
34908,Enlightenment,1,0,0,464,0,0,0,0,0,0,0,0.0,,,"{""amplitude"": 0, ""apply_aura"": 137, ""base_points"": 1, ""chain_targets"": 0, ""die_sides"": 1, ""implicit_target_a"": 1, ""implicit_target_b"": 0, ""mechanic"": 0, ""misc_value"": 4, ""points_per_level"": 0.0, ""radius_yards"": null, ""trigger_spell"": 0, ""type"": 6}","{""amplitude"": 0, ""apply_aura"": 65, ""base_points"": 1, ""chain_targets"": 0, ""die_sides"": 1, ""implicit_target_a"": 1, ""implicit_target_b"": 0, ""mechanic"": 0, ""misc_value"": 127, ""points_per_level"": 0.0, ""radius_yards"": null, ""trigger_spell"": 0, ""type"": 6}",,2121,,,"{""AuraDescription_Lang_Mask"": 16712188, ""CastingTimeIndex"": 1, ""Description_Lang_Mask"": 16712190, ""Description_Lang_enUS"": ""Increases your total Spirit by $s1% and increases your spell haste by $s2%."", ""EffectBasePoints_3"": -1, ""EffectBonusMultiplier_1"": 1.0, ""EffectChainAmplitude_1"": 1.0, ""EffectChainAmplitude_2"": 1.0, ""EffectChainAmplitude_3"": 1.0, ""EffectDieSides_3"": 1, ""EffectSpellClassMaskA_1"": 139993232, ""EffectSpellClassMaskA_2"": 2, ""EffectSpellClassMaskB_1"": 39329936, ""EffectSpellClassMaskB_2"": 2, ""EffectSpellClassMaskC_1"": 44072960, ""EquippedItemClass"": -1, ""NameSubtext_Lang_Mask"": 16712190, ""NameSubtext_Lang_enUS"": ""Rank 1"", ""Name_Lang_Mask"": 16712190, ""ProcChance"": 101, ""RangeIndex"": 1, ""SpellClassSet"": 6}",pulled from existing data
34909,Enlightenment,1,0,0,464,0,0,0,0,0,0,0,0.0,,,"{""amplitude"": 0, ""apply_aura"": 137, ""base_points"": 3, ""chain_targets"": 0, ""die_sides"": 1, ""implicit_target_a"": 1, ""implicit_target_b"": 0, ""mechanic"": 0, ""misc_value"": 4, ""points_per_level"": 0.0, ""radius_yards"": null, ""trigger_spell"": 0, ""type"": 6}","{""amplitude"": 0, ""apply_aura"": 65, ""base_points"": 3, ""chain_targets"": 0, ""die_sides"": 1, ""implicit_target_a"": 1, ""implicit_target_b"": 0, ""mechanic"": 0, ""misc_value"": 4, ""points_per_level"": 0.0, ""radius_yards"": null, ""trigger_spell"": 0, ""type"": 6}",,2121,,,"{""AuraDescription_Lang_Mask"": 16712188, ""CastingTimeIndex"": 1, ""Description_Lang_Mask"": 16712190, ""Description_Lang_enUS"": ""Increases your total Spirit by $s1% and increases your spell haste by $s2%."", ""EffectBasePoints_3"": -1, ""EffectBonusMultiplier_1"": 1.0, ""EffectBonusMultiplier_2"": 1.0, ""EffectChainAmplitude_1"": 1.0, ""EffectChainAmplitude_2"": 1.0, ""EffectChainAmplitude_3"": 1.0, ""EffectDieSides_3"": 1, ""EffectSpellClassMaskA_1"": 139993232, ""EffectSpellClassMaskA_2"": 2, ""EffectSpellClassMaskB_1"": 39329936, ""EffectSpellClassMaskB_2"": 2, ""EffectSpellClassMaskC_1"": 44072960, ""EquippedItemClass"": -1, ""NameSubtext_Lang_Mask"": 16712190, ""NameSubtext_Lang_enUS"": ""Rank 2"", ""Name_Lang_Mask"": 16712190, ""ProcChance"": 101, ""RangeIndex"": 1, ""SpellClassSet"": 6}",pulled from existing data
34910,Enlightenment,1,0,0,464,0,0,0,0,0,0,0,0.0,,,"{""amplitude"": 0, ""apply_aura"": 137, ""base_points"": 5, ""chain_targets"": 0, ""die_sides"": 1, ""implicit_target_a"": 1, ""implicit_target_b"": 0, ""mechanic"": 0, ""misc_value"": 4, ""points_per_level"": 0.0, ""radius_yards"": null, ""trigger_spell"": 0, ""type"": 6}","{""amplitude"": 0, ""apply_aura"": 65, ""base_points"": 5, ""chain_targets"": 0, ""die_sides"": 1, ""implicit_target_a"": 1, ""implicit_target_b"": 0, ""mechanic"": 0, ""misc_value"": 4, ""points_per_level"": 0.0, ""radius_yards"": null, ""trigger_spell"": 0, ""type"": 6}",,2121,,,"{""AuraDescription_Lang_Mask"": 16712188, ""CastingTimeIndex"": 1, ""Description_Lang_Mask"": 16712190, ""Description_Lang_enUS"": ""Increases your total Spirit by $s1% and increases your spell haste by $s2%."", ""EffectBasePoints_3"": -1, ""EffectBonusMultiplier_1"": 1.0, ""EffectBonusMultiplier_2"": 1.0, ""EffectChainAmplitude_1"": 1.0, ""EffectChainAmplitude_2"": 1.0, ""EffectChainAmplitude_3"": 1.0, ""EffectDieSides_3"": 1, ""EffectSpellClassMaskA_1"": 139993232, ""EffectSpellClassMaskA_2"": 2, ""EffectSpellClassMaskB_1"": 39329936, ""EffectSpellClassMaskB_2"": 2, ""EffectSpellClassMaskC_1"": 44072960, ""EquippedItemClass"": -1, ""NameSubtext_Lang_Mask"": 16712190, ""NameSubtext_Lang_enUS"": ""Rank 3"", ""Name_Lang_Mask"": 16712190, ""ProcChance"": 101, ""RangeIndex"": 1, ""SpellClassSet"": 6}",pulled from existing data
47507,Aspiration,1,0,0,464,0,0,0,0,0,0,0,0.0,,,"{""amplitude"": 0, ""apply_aura"": 108, ""base_points"": -11, ""chain_targets"": 0, ""die_sides"": 1, ""implicit_target_a"": 1, ""implicit_target_b"": 0, ""mechanic"": 0, ""misc_value"": 11, ""points_per_level"": 0.0, ""radius_yards"": null, ""trigger_spell"": 0, ""type"": 6}",,,2821,,,"{""AuraDescription_Lang_Mask"": 16712188, ""CastingTimeIndex"": 1, ""Description_Lang_Mask"": 16712190, ""Description_Lang_enUS"": ""Reduces the cooldown of your Inner Focus, Power Infusion, Pain Suppression and Penance spells by $s1%."", ""EffectBonusMultiplier_1"": 1.0, ""EffectBonusMultiplier_3"": 1.0, ""EffectChainAmplitude_1"": 1.0, ""EffectChainAmplitude_2"": 1.0, ""EffectChainAmplitude_3"": 1.0, ""EffectSpellClassMaskA_2"": 1887436800, ""EffectSpellClassMaskB_1"": 576, ""EquippedItemClass"": -1, ""NameSubtext_Lang_Mask"": 16712190, ""NameSubtext_Lang_enUS"": ""Rank 1"", ""Name_Lang_Mask"": 16712190, ""ProcChance"": 101, ""RangeIndex"": 1, ""SpellClassSet"": 6}",pulled from existing data
47508,Aspiration,1,0,0,464,0,0,0,0,0,0,0,0.0,,,"{""amplitude"": 0, ""apply_aura"": 108, ""base_points"": -21, ""chain_targets"": 0, ""die_sides"": 1, ""implicit_target_a"": 1, ""implicit_target_b"": 0, ""mechanic"": 0, ""misc_value"": 11, ""points_per_level"": 0.0, ""radius_yards"": null, ""trigger_spell"": 0, ""type"": 6}",,,2821,,,"{""AuraDescription_Lang_Mask"": 16712188, ""CastingTimeIndex"": 1, ""Description_Lang_Mask"": 16712190, ""Description_Lang_enUS"": ""Reduces the cooldown of your Inner Focus, Power Infusion, Pain Suppression and Penance spells by $s1%."", ""EffectBonusMultiplier_1"": 1.0, ""EffectBonusMultiplier_3"": 1.0, ""EffectChainAmplitude_1"": 1.0, ""EffectChainAmplitude_2"": 1.0, ""EffectChainAmplitude_3"": 1.0, ""EffectSpellClassMaskA_2"": 1887436800, ""EffectSpellClassMaskB_1"": 576, ""EquippedItemClass"": -1, ""NameSubtext_Lang_Mask"": 16712190, ""NameSubtext_Lang_enUS"": ""Rank 2"", ""Name_Lang_Mask"": 16712190, ""ProcChance"": 101, ""RangeIndex"": 1, ""SpellClassSet"": 6}",pulled from existing data
47509,Divine Aegis,1,0,0,448,0,0,0,0,0,0,0,0.0,,,"{""amplitude"": 0, ""apply_aura"": 4, ""base_points"": 9, ""chain_targets"": 0, ""die_sides"": 1, ""implicit_target_a"": 1, ""implicit_target_b"": 0, ""mechanic"": 0, ""misc_value"": 0, ""points_per_level"": 0.0, ""radius_yards"": null, ""trigger_spell"": 0, ""type"": 6}",,,2820,,,"{""AttributesEx3"": 67108864, ""AuraDescription_Lang_Mask"": 16712188, ""CastingTimeIndex"": 1, ""Description_Lang_Mask"": 16712190, ""Description_Lang_enUS"": ""Critical heals create a protective shield on the target, absorbing $s1% of the amount healed. Lasts $47753d."", ""EffectBonusMultiplier_1"": 1.0, ""EffectChainAmplitude_1"": 1.0, ""EffectChainAmplitude_2"": 1.0, ""EffectChainAmplitude_3"": 1.0, ""EquippedItemClass"": -1, ""NameSubtext_Lang_Mask"": 16712190, ""NameSubtext_Lang_enUS"": ""Rank 1"", ""Name_Lang_Mask"": 16712190, ""ProcChance"": 100, ""ProcTypeMask"": 16384, ""RangeIndex"": 1, ""ShapeshiftExclude"": 134217728, ""SpellClassSet"": 6}",pulled from existing data
47511,Divine Aegis,1,0,0,448,0,0,0,0,0,0,0,0.0,,,"{""amplitude"": 0, ""apply_aura"": 4, ""base_points"": 19, ""chain_targets"": 0, ""die_sides"": 1, ""implicit_target_a"": 1, ""implicit_target_b"": 0, ""mechanic"": 0, ""misc_value"": 0, ""points_per_level"": 0.0, ""radius_yards"": null, ""trigger_spell"": 0, ""type"": 6}",,,2820,,,"{""AttributesEx3"": 67108864, ""AuraDescription_Lang_Mask"": 16712188, ""CastingTimeIndex"": 1, ""Description_Lang_Mask"": 16712190, ""Description_Lang_enUS"": ""Critical heals create a protective shield on the target, absorbing $s1% of the amount healed. Lasts $47753d."", ""EffectBonusMultiplier_1"": 1.0, ""EffectChainAmplitude_1"": 1.0, ""EffectChainAmplitude_2"": 1.0, ""EffectChainAmplitude_3"": 1.0, ""EquippedItemClass"": -1, ""NameSubtext_Lang_Mask"": 16712190, ""NameSubtext_Lang_enUS"": ""Rank 2"", ""Name_Lang_Mask"": 16712190, ""ProcChance"": 100, ""ProcTypeMask"": 16384, ""RangeIndex"": 1, ""ShapeshiftExclude"": 134217728, ""SpellClassSet"": 6}",pulled from existing data
47515,Divine Aegis,1,0,0,448,0,0,0,0,0,0,0,0.0,,,"{""amplitude"": 0, ""apply_aura"": 4, ""base_points"": 29, ""chain_targets"": 0, ""die_sides"": 1, ""implicit_target_a"": 1, ""implicit_target_b"": 0, ""mechanic"": 0, ""misc_value"": 0, ""points_per_level"": 0.0, ""radius_yards"": null, ""trigger_spell"": 0, ""type"": 6}",,,2820,,,"{""AttributesEx3"": 67108864, ""AuraDescription_Lang_Mask"": 16712188, ""CastingTimeIndex"": 1, ""Description_Lang_Mask"": 16712190, ""Description_Lang_enUS"": ""Critical heals create a protective shield on the target, absorbing $s1% of the amount healed. Lasts $47753d."", ""EffectBonusMultiplier_1"": 1.0, ""EffectChainAmplitude_1"": 1.0, ""EffectChainAmplitude_2"": 1.0, ""EffectChainAmplitude_3"": 1.0, ""EquippedItemClass"": -1, ""NameSubtext_Lang_Mask"": 16712190, ""NameSubtext_Lang_enUS"": ""Rank 3"", ""Name_Lang_Mask"": 16712190, ""ProcChance"": 100, ""ProcTypeMask"": 17408, ""RangeIndex"": 1, ""ShapeshiftExclude"": 134217728, ""SpellClassSet"": 6}",pulled from existing data
47516,Grace,1,0,0,448,0,0,0,0,0,0,0,0.0,,,"{""amplitude"": 0, ""apply_aura"": 42, ""base_points"": 0, ""chain_targets"": 0, ""die_sides"": 1, ""implicit_target_a"": 21, ""implicit_target_b"": 0, ""mechanic"": 0, ""misc_value"": 0, ""points_per_level"": 0.0, ""radius_yards"": null, ""trigger_spell"": 47930, ""type"": 6}",,,2819,,,"{""AuraDescription_Lang_Mask"": 16712188, ""CastingTimeIndex"": 1, ""CumulativeAura"": 3, ""Description_Lang_Mask"": 16712190, ""Description_Lang_enUS"": ""Your Flash Heal, Greater Heal, and Penance spells have a $h% chance to bless the target with Grace, increasing all healing received from the Priest by $47930s2%. This effect will stack up to 3 times. Effect lasts $47930d. Grace can only be active on one target at a time."", ""EffectBasePoints_2"": -1, ""EffectBonusMultiplier_3"": 1.0, ""EffectChainAmplitude_1"": 1.0, ""EffectChainAmplitude_2"": 1.0, ""EffectChainAmplitude_3"": 1.0, ""EffectDieSides_2"": 1, ""EffectSpellClassMaskA_1"": 6144, ""EffectSpellClassMaskA_2"": 65536, ""EquippedItemClass"": -1, ""NameSubtext_Lang_Mask"": 16712190, ""NameSubtext_Lang_enUS"": ""Rank 1"", ""Name_Lang_Mask"": 16712190, ""ProcChance"": 50, ""ProcTypeMask"": 16384, ""RangeIndex"": 1, ""SpellClassSet"": 6}",pulled from existing data
47517,Grace,1,0,0,448,0,0,0,0,0,0,0,0.0,,,"{""amplitude"": 0, ""apply_aura"": 42, ""base_points"": 1, ""chain_targets"": 0, ""die_sides"": 1, ""implicit_target_a"": 21, ""implicit_target_b"": 0, ""mechanic"": 0, ""misc_value"": 0, ""points_per_level"": 0.0, ""radius_yards"": null, ""trigger_spell"": 47930, ""type"": 6}",,,2819,,,"{""AuraDescription_Lang_Mask"": 16712188, ""CastingTimeIndex"": 1, ""CumulativeAura"": 3, ""Description_Lang_Mask"": 16712190, ""Description_Lang_enUS"": ""Your Flash Heal, Greater Heal, and Penance spells have a $h% chance to bless the target with Grace, increasing all healing received from the Priest by $47930s2%. This effect will stack up to 3 times. Effect lasts $47930d. Grace can only be active on one target at a time."", ""EffectBasePoints_2"": -1, ""EffectBonusMultiplier_3"": 1.0, ""EffectChainAmplitude_1"": 1.0, ""EffectChainAmplitude_2"": 1.0, ""EffectChainAmplitude_3"": 1.0, ""EffectDieSides_2"": 1, ""EffectSpellClassMaskA_1"": 6144, ""EffectSpellClassMaskA_2"": 65536, ""EquippedItemClass"": -1, ""NameSubtext_Lang_Mask"": 16712190, ""NameSubtext_Lang_enUS"": ""Rank 2"", ""Name_Lang_Mask"": 16712190, ""ProcChance"": 100, ""ProcTypeMask"": 16384, ""RangeIndex"": 1, ""SpellClassSet"": 6}",pulled from existing data
47535,Rapture,1,0,0,448,0,0,0,0,0,0,0,0.0,,,"{""amplitude"": 0, ""apply_aura"": 4, ""base_points"": 1, ""chain_targets"": 0, ""die_sides"": 1, ""implicit_target_a"": 1, ""implicit_target_b"": 0, ""mechanic"": 0, ""misc_value"": 0, ""points_per_level"": 0.0, ""radius_yards"": null, ""trigger_spell"": 0, ""type"": 6}","{""amplitude"": 0, ""apply_aura"": 4, ""base_points"": 32, ""chain_targets"": 0, ""die_sides"": 1, ""implicit_target_a"": 1, ""implicit_target_b"": 0, ""mechanic"": 0, ""misc_value"": 0, ""points_per_level"": 0.0, ""radius_yards"": null, ""trigger_spell"": 0, ""type"": 6}",,2894,,,"{""AttributesEx3"": 67108864, ""AttributesEx4"": 524288, ""AuraDescription_Lang_Mask"": 16712188, ""CastingTimeIndex"": 1, ""Description_Lang_Mask"": 16712190, ""Description_Lang_enUS"": ""When your Power Word: Shield is completely absorbed or dispelled you are instantly energized with 1.5% of your total mana, and you have a $s2% chance to energize your shielded target with $s1% total mana, $/10;63653s1 rage, $63655s1 energy or $/10;63652s1 runic power. This effect can only occur once every $63853d."", ""EffectBonusMultiplier_3"": 1.0, ""EffectChainAmplitude_1"": 1.0, ""EffectChainAmplitude_2"": 1.0, ""EffectChainAmplitude_3"": 1.0, ""EffectSpellClassMaskA_1"": 64, ""EffectSpellClassMaskB_1"": 1, ""EffectSpellClassMaskB_2"": 16777216, ""EquippedItemClass"": -1, ""NameSubtext_Lang_Mask"": 16712190, ""NameSubtext_Lang_enUS"": ""Rank 1"", ""Name_Lang_Mask"": 16712190, ""ProcChance"": 101, ""RangeIndex"": 1, ""SpellClassSet"": 6}",pulled from existing data
47536,Rapture,1,0,0,448,0,0,0,0,0,0,0,0.0,,,"{""amplitude"": 0, ""apply_aura"": 4, ""base_points"": 1, ""chain_targets"": 0, ""die_sides"": 1, ""implicit_target_a"": 1, ""implicit_target_b"": 0, ""mechanic"": 0, ""misc_value"": 0, ""points_per_level"": 0.0, ""radius_yards"": null, ""trigger_spell"": 0, ""type"": 6}","{""amplitude"": 0, ""apply_aura"": 4, ""base_points"": 65, ""chain_targets"": 0, ""die_sides"": 1, ""implicit_target_a"": 1, ""implicit_target_b"": 0, ""mechanic"": 0, ""misc_value"": 0, ""points_per_level"": 0.0, ""radius_yards"": null, ""trigger_spell"": 0, ""type"": 6}",,2894,,,"{""AttributesEx3"": 67108864, ""AttributesEx4"": 524288, ""AuraDescription_Lang_Mask"": 16712188, ""CastingTimeIndex"": 1, ""Description_Lang_Mask"": 16712190, ""Description_Lang_enUS"": ""When your Power Word: Shield is completely absorbed or dispelled you are instantly energized with 2% of your total mana, and you have a $s2% chance to energize your shielded target with $s1% total mana, $/10;63653s1 rage, $63655s1 energy or $/10;63652s1 runic power. This effect can only occur once every $63853d."", ""EffectBonusMultiplier_3"": 1.0, ""EffectChainAmplitude_1"": 1.0, ""EffectChainAmplitude_2"": 1.0, ""EffectChainAmplitude_3"": 1.0, ""EffectSpellClassMaskA_1"": 64, ""EffectSpellClassMaskB_1"": 1, ""EffectSpellClassMaskB_2"": 16777216, ""EquippedItemClass"": -1, ""NameSubtext_Lang_Mask"": 16712190, ""NameSubtext_Lang_enUS"": ""Rank 2"", ""Name_Lang_Mask"": 16712190, ""ProcChance"": 101, ""RangeIndex"": 1, ""SpellClassMask_1"": 6144, ""SpellClassMask_2"": 65536, ""SpellClassSet"": 6}",pulled from existing data
47537,Rapture,1,0,0,448,0,0,0,0,0,0,0,0.0,,,"{""amplitude"": 0, ""apply_aura"": 4, ""base_points"": 1, ""chain_targets"": 0, ""die_sides"": 1, ""implicit_target_a"": 1, ""implicit_target_b"": 0, ""mechanic"": 0, ""misc_value"": 0, ""points_per_level"": 0.0, ""radius_yards"": null, ""trigger_spell"": 0, ""type"": 6}","{""amplitude"": 0, ""apply_aura"": 4, ""base_points"": 99, ""chain_targets"": 0, ""die_sides"": 1, ""implicit_target_a"": 1, ""implicit_target_b"": 0, ""mechanic"": 0, ""misc_value"": 0, ""points_per_level"": 0.0, ""radius_yards"": null, ""trigger_spell"": 0, ""type"": 6}",,2894,,,"{""AttributesEx3"": 67108864, ""AttributesEx4"": 524288, ""AuraDescription_Lang_Mask"": 16712188, ""CastingTimeIndex"": 1, ""Description_Lang_Mask"": 16712190, ""Description_Lang_enUS"": ""When your Power Word: Shield is completely absorbed or dispelled you are instantly energized with 2.5% of your total mana, and you have a $s2% chance to energize your shielded target with $s1% total mana, $/10;63653s1 rage, $63655s1 energy or $/10;63652s1 runic power. This effect can only occur once every $63853d."", ""EffectBonusMultiplier_3"": 1.0, ""EffectChainAmplitude_1"": 1.0, ""EffectChainAmplitude_2"": 1.0, ""EffectChainAmplitude_3"": 1.0, ""EffectSpellClassMaskA_1"": 64, ""EffectSpellClassMaskB_1"": 1, ""EffectSpellClassMaskB_2"": 16777216, ""EquippedItemClass"": -1, ""NameSubtext_Lang_Mask"": 16712190, ""NameSubtext_Lang_enUS"": ""Rank 3"", ""Name_Lang_Mask"": 16712190, ""ProcChance"": 101, ""RangeIndex"": 1, ""SpellClassSet"": 6}",pulled from existing data
47558,Test of Faith,1,0,0,448,0,0,0,0,0,0,0,0.0,,,"{""amplitude"": 0, ""apply_aura"": 112, ""base_points"": 3, ""chain_targets"": 0, ""die_sides"": 1, ""implicit_target_a"": 1, ""implicit_target_b"": 0, ""mechanic"": 0, ""misc_value"": 21, ""points_per_level"": 0.0, ""radius_yards"": null, ""trigger_spell"": 0, ""type"": 6}","{""amplitude"": 0, ""apply_aura"": 0, ""base_points"": 1, ""chain_targets"": 0, ""die_sides"": 1, ""implicit_target_a"": 1, ""implicit_target_b"": 0, ""mechanic"": 0, ""misc_value"": 0, ""points_per_level"": 0.0, ""radius_yards"": null, ""trigger_spell"": 0, ""type"": 3}",,2844,,,"{""AttributesEx3"": 67108864, ""AuraDescription_Lang_Mask"": 16712188, ""CastingTimeIndex"": 1, ""Description_Lang_Mask"": 16712190, ""Description_Lang_enUS"": ""Increases healing by $s1% on friendly targets at or below 50% health."", ""EffectBonusMultiplier_3"": 1.0, ""EffectChainAmplitude_1"": 1.0, ""EffectChainAmplitude_2"": 1.0, ""EffectChainAmplitude_3"": 1.0, ""EffectSpellClassMaskA_1"": 419700288, ""EffectSpellClassMaskA_2"": 134283300, ""EffectSpellClassMaskA_3"": 4100, ""EquippedItemClass"": -1, ""NameSubtext_Lang_Mask"": 16712190, ""NameSubtext_Lang_enUS"": ""Rank 1"", ""Name_Lang_Mask"": 16712190, ""ProcChance"": 101, ""RangeIndex"": 1, ""SpellClassSet"": 6}",pulled from existing data
47559,Test of Faith,1,0,0,448,0,0,0,0,0,0,0,0.0,,,"{""amplitude"": 0, ""apply_aura"": 112, ""base_points"": 7, ""chain_targets"": 0, ""die_sides"": 1, ""implicit_target_a"": 1, ""implicit_target_b"": 0, ""mechanic"": 0, ""misc_value"": 6935, ""points_per_level"": 0.0, ""radius_yards"": null, ""trigger_spell"": 0, ""type"": 6}","{""amplitude"": 0, ""apply_aura"": 0, ""base_points"": 3, ""chain_targets"": 0, ""die_sides"": 1, ""implicit_target_a"": 1, ""implicit_target_b"": 0, ""mechanic"": 0, ""misc_value"": 0, ""points_per_level"": 0.0, ""radius_yards"": null, ""trigger_spell"": 0, ""type"": 3}",,2844,,,"{""AttributesEx3"": 67108864, ""AuraDescription_Lang_Mask"": 16712188, ""CastingTimeIndex"": 1, ""Description_Lang_Mask"": 16712190, ""Description_Lang_enUS"": ""Increases healing by $s1% on friendly targets at or below 50% health."", ""EffectBonusMultiplier_3"": 1.0, ""EffectChainAmplitude_1"": 1.0, ""EffectChainAmplitude_2"": 1.0, ""EffectChainAmplitude_3"": 1.0, ""EffectSpellClassMaskA_1"": 419700288, ""EffectSpellClassMaskA_2"": 134283300, ""EffectSpellClassMaskA_3"": 4100, ""EquippedItemClass"": -1, ""NameSubtext_Lang_Mask"": 16712190, ""NameSubtext_Lang_enUS"": ""Rank 2"", ""Name_Lang_Mask"": 16712190, ""ProcChance"": 101, ""RangeIndex"": 1, ""SpellClassSet"": 6}",pulled from existing data
47560,Test of Faith,1,0,0,448,0,0,0,0,0,0,0,0.0,,,"{""amplitude"": 0, ""apply_aura"": 112, ""base_points"": 11, ""chain_targets"": 0, ""die_sides"": 1, ""implicit_target_a"": 1, ""implicit_target_b"": 0, ""mechanic"": 0, ""misc_value"": 6918, ""points_per_level"": 0.0, ""radius_yards"": null, ""trigger_spell"": 0, ""type"": 6}","{""amplitude"": 0, ""apply_aura"": 0, ""base_points"": 5, ""chain_targets"": 0, ""die_sides"": 1, ""implicit_target_a"": 1, ""implicit_target_b"": 0, ""mechanic"": 0, ""misc_value"": 0, ""points_per_level"": 0.0, ""radius_yards"": null, ""trigger_spell"": 0, ""type"": 3}",,2844,,,"{""AttributesEx3"": 67108864, ""AuraDescription_Lang_Mask"": 16712188, ""CastingTimeIndex"": 1, ""Description_Lang_Mask"": 16712190, ""Description_Lang_enUS"": ""Increases healing by $s1% on friendly targets at or below 50% health."", ""EffectBonusMultiplier_3"": 1.0, ""EffectChainAmplitude_1"": 1.0, ""EffectChainAmplitude_2"": 1.0, ""EffectChainAmplitude_3"": 1.0, ""EffectSpellClassMaskA_1"": 419700288, ""EffectSpellClassMaskA_2"": 134283300, ""EffectSpellClassMaskA_3"": 4100, ""EquippedItemClass"": -1, ""NameSubtext_Lang_Mask"": 16712190, ""NameSubtext_Lang_enUS"": ""Rank 3"", ""Name_Lang_Mask"": 16712190, ""ProcChance"": 101, ""RangeIndex"": 1, ""SpellClassSet"": 6}",pulled from existing data
47562,Divine Providence,1,0,0,464,0,0,0,0,0,0,0,0.0,,,"{""amplitude"": 0, ""apply_aura"": 108, ""base_points"": 1, ""chain_targets"": 0, ""die_sides"": 1, ""implicit_target_a"": 1, ""implicit_target_b"": 0, ""mechanic"": 0, ""misc_value"": 0, ""points_per_level"": 0.0, ""radius_yards"": null, ""trigger_spell"": 0, ""type"": 6}","{""amplitude"": 0, ""apply_aura"": 108, ""base_points"": 1, ""chain_targets"": 0, ""die_sides"": 1, ""implicit_target_a"": 1, ""implicit_target_b"": 0, ""mechanic"": 0, ""misc_value"": 22, ""points_per_level"": 0.0, ""radius_yards"": null, ""trigger_spell"": 0, ""type"": 6}","{""amplitude"": 0, ""apply_aura"": 108, ""base_points"": -7, ""chain_targets"": 0, ""die_sides"": 1, ""implicit_target_a"": 1, ""implicit_target_b"": 0, ""mechanic"": 0, ""misc_value"": 11, ""points_per_level"": 0.0, ""radius_yards"": null, ""trigger_spell"": 0, ""type"": 6}",2845,,,"{""AuraDescription_Lang_Mask"": 16712188, ""CastingTimeIndex"": 1, ""Description_Lang_Mask"": 16712190, ""Description_Lang_enUS"": ""Increases the amount healed by Circle of Healing, Binding Heal, Holy Nova, Prayer of Healing, Divine Hymn and Prayer of Mending by $s1%, and reduces the cooldown of your Prayer of Mending by $s3%."", ""EffectBonusMultiplier_1"": 1.0, ""EffectChainAmplitude_1"": 1.0, ""EffectChainAmplitude_2"": 1.0, ""EffectChainAmplitude_3"": 1.0, ""EffectSpellClassMaskA_1"": 402653696, ""EffectSpellClassMaskA_2"": 4, ""EffectSpellClassMaskA_3"": 4, ""EffectSpellClassMaskB_3"": 4, ""EffectSpellClassMaskC_2"": 32, ""EquippedItemClass"": -1, ""NameSubtext_Lang_Mask"": 16712190, ""NameSubtext_Lang_enUS"": ""Rank 1"", ""Name_Lang_Mask"": 16712190, ""ProcChance"": 101, ""RangeIndex"": 1, ""ShapeshiftExclude"": 134217728, ""SpellClassSet"": 6}",pulled from existing data
47564,Divine Providence,1,0,0,464,0,0,0,0,0,0,0,0.0,,,"{""amplitude"": 0, ""apply_aura"": 108, ""base_points"": 3, ""chain_targets"": 0, ""die_sides"": 1, ""implicit_target_a"": 1, ""implicit_target_b"": 0, ""mechanic"": 0, ""misc_value"": 0, ""points_per_level"": 0.0, ""radius_yards"": null, ""trigger_spell"": 0, ""type"": 6}","{""amplitude"": 0, ""apply_aura"": 108, ""base_points"": 3, ""chain_targets"": 0, ""die_sides"": 1, ""implicit_target_a"": 1, ""implicit_target_b"": 0, ""mechanic"": 0, ""misc_value"": 22, ""points_per_level"": 0.0, ""radius_yards"": null, ""trigger_spell"": 0, ""type"": 6}","{""amplitude"": 0, ""apply_aura"": 108, ""base_points"": -13, ""chain_targets"": 0, ""die_sides"": 1, ""implicit_target_a"": 1, ""implicit_target_b"": 0, ""mechanic"": 0, ""misc_value"": 11, ""points_per_level"": 0.0, ""radius_yards"": null, ""trigger_spell"": 0, ""type"": 6}",2845,,,"{""AuraDescription_Lang_Mask"": 16712188, ""CastingTimeIndex"": 1, ""Description_Lang_Mask"": 16712190, ""Description_Lang_enUS"": ""Increases the amount healed by Circle of Healing, Binding Heal, Holy Nova, Prayer of Healing, Divine Hymn and Prayer of Mending by $s1%, and reduces the cooldown of your Prayer of Mending by $s3%."", ""EffectBonusMultiplier_1"": 1.0, ""EffectChainAmplitude_1"": 1.0, ""EffectChainAmplitude_2"": 1.0, ""EffectChainAmplitude_3"": 1.0, ""EffectSpellClassMaskA_1"": 402653696, ""EffectSpellClassMaskA_2"": 4, ""EffectSpellClassMaskA_3"": 4, ""EffectSpellClassMaskB_3"": 4, ""EffectSpellClassMaskC_2"": 32, ""EquippedItemClass"": -1, ""NameSubtext_Lang_Mask"": 16712190, ""NameSubtext_Lang_enUS"": ""Rank 2"", ""Name_Lang_Mask"": 16712190, ""ProcChance"": 101, ""RangeIndex"": 1, ""ShapeshiftExclude"": 134217728, ""SpellClassSet"": 6}",pulled from existing data
47565,Divine Providence,1,0,0,464,0,0,0,0,0,0,0,0.0,,,"{""amplitude"": 0, ""apply_aura"": 108, ""base_points"": 5, ""chain_targets"": 0, ""die_sides"": 1, ""implicit_target_a"": 1, ""implicit_target_b"": 0, ""mechanic"": 0, ""misc_value"": 0, ""points_per_level"": 0.0, ""radius_yards"": null, ""trigger_spell"": 0, ""type"": 6}","{""amplitude"": 0, ""apply_aura"": 108, ""base_points"": 5, ""chain_targets"": 0, ""die_sides"": 1, ""implicit_target_a"": 1, ""implicit_target_b"": 0, ""mechanic"": 0, ""misc_value"": 22, ""points_per_level"": 0.0, ""radius_yards"": null, ""trigger_spell"": 0, ""type"": 6}","{""amplitude"": 0, ""apply_aura"": 108, ""base_points"": -19, ""chain_targets"": 0, ""die_sides"": 1, ""implicit_target_a"": 1, ""implicit_target_b"": 0, ""mechanic"": 0, ""misc_value"": 11, ""points_per_level"": 0.0, ""radius_yards"": null, ""trigger_spell"": 0, ""type"": 6}",2845,,,"{""AuraDescription_Lang_Mask"": 16712188, ""CastingTimeIndex"": 1, ""Description_Lang_Mask"": 16712190, ""Description_Lang_enUS"": ""Increases the amount healed by Circle of Healing, Binding Heal, Holy Nova, Prayer of Healing, Divine Hymn and Prayer of Mending by $s1%, and reduces the cooldown of your Prayer of Mending by $s3%."", ""EffectBonusMultiplier_1"": 1.0, ""EffectChainAmplitude_1"": 1.0, ""EffectChainAmplitude_2"": 1.0, ""EffectChainAmplitude_3"": 1.0, ""EffectSpellClassMaskA_1"": 402653696, ""EffectSpellClassMaskA_2"": 4, ""EffectSpellClassMaskA_3"": 4, ""EffectSpellClassMaskB_3"": 4, ""EffectSpellClassMaskC_2"": 32, ""EquippedItemClass"": -1, ""NameSubtext_Lang_Mask"": 16712190, ""NameSubtext_Lang_enUS"": ""Rank 3"", ""Name_Lang_Mask"": 16712190, ""ProcChance"": 101, ""RangeIndex"": 1, ""ShapeshiftExclude"": 134217728, ""SpellClassSet"": 6}",pulled from existing data
47566,Divine Providence,1,0,0,464,0,0,0,0,0,0,0,0.0,,,"{""amplitude"": 0, ""apply_aura"": 108, ""base_points"": 7, ""chain_targets"": 0, ""die_sides"": 1, ""implicit_target_a"": 1, ""implicit_target_b"": 0, ""mechanic"": 0, ""misc_value"": 0, ""points_per_level"": 0.0, ""radius_yards"": null, ""trigger_spell"": 0, ""type"": 6}","{""amplitude"": 0, ""apply_aura"": 108, ""base_points"": 7, ""chain_targets"": 0, ""die_sides"": 1, ""implicit_target_a"": 1, ""implicit_target_b"": 0, ""mechanic"": 0, ""misc_value"": 22, ""points_per_level"": 0.0, ""radius_yards"": null, ""trigger_spell"": 0, ""type"": 6}","{""amplitude"": 0, ""apply_aura"": 108, ""base_points"": -25, ""chain_targets"": 0, ""die_sides"": 1, ""implicit_target_a"": 1, ""implicit_target_b"": 0, ""mechanic"": 0, ""misc_value"": 11, ""points_per_level"": 0.0, ""radius_yards"": null, ""trigger_spell"": 0, ""type"": 6}",2845,,,"{""AuraDescription_Lang_Mask"": 16712188, ""CastingTimeIndex"": 1, ""Description_Lang_Mask"": 16712190, ""Description_Lang_enUS"": ""Increases the amount healed by Circle of Healing, Binding Heal, Holy Nova, Prayer of Healing, Divine Hymn and Prayer of Mending by $s1%, and reduces the cooldown of your Prayer of Mending by $s3%."", ""EffectBonusMultiplier_1"": 1.0, ""EffectChainAmplitude_1"": 1.0, ""EffectChainAmplitude_2"": 1.0, ""EffectChainAmplitude_3"": 1.0, ""EffectSpellClassMaskA_1"": 402653696, ""EffectSpellClassMaskA_2"": 4, ""EffectSpellClassMaskA_3"": 4, ""EffectSpellClassMaskB_3"": 4, ""EffectSpellClassMaskC_2"": 32, ""EquippedItemClass"": -1, ""NameSubtext_Lang_Mask"": 16712190, ""NameSubtext_Lang_enUS"": ""Rank 4"", ""Name_Lang_Mask"": 16712190, ""ProcChance"": 101, ""RangeIndex"": 1, ""ShapeshiftExclude"": 134217728, ""SpellClassSet"": 6}",pulled from existing data
47567,Divine Providence,1,0,0,464,0,0,0,0,0,0,0,0.0,,,"{""amplitude"": 0, ""apply_aura"": 108, ""base_points"": 9, ""chain_targets"": 0, ""die_sides"": 1, ""implicit_target_a"": 1, ""implicit_target_b"": 0, ""mechanic"": 0, ""misc_value"": 0, ""points_per_level"": 0.0, ""radius_yards"": null, ""trigger_spell"": 0, ""type"": 6}","{""amplitude"": 0, ""apply_aura"": 108, ""base_points"": 9, ""chain_targets"": 0, ""die_sides"": 1, ""implicit_target_a"": 1, ""implicit_target_b"": 0, ""mechanic"": 0, ""misc_value"": 22, ""points_per_level"": 0.0, ""radius_yards"": null, ""trigger_spell"": 0, ""type"": 6}","{""amplitude"": 0, ""apply_aura"": 108, ""base_points"": -31, ""chain_targets"": 0, ""die_sides"": 1, ""implicit_target_a"": 1, ""implicit_target_b"": 0, ""mechanic"": 0, ""misc_value"": 11, ""points_per_level"": 0.0, ""radius_yards"": null, ""trigger_spell"": 0, ""type"": 6}",2845,,,"{""AuraDescription_Lang_Mask"": 16712188, ""CastingTimeIndex"": 1, ""Description_Lang_Mask"": 16712190, ""Description_Lang_enUS"": ""Increases the amount healed by Circle of Healing, Binding Heal, Holy Nova, Prayer of Healing, Divine Hymn and Prayer of Mending by $s1%, and reduces the cooldown of your Prayer of Mending by $s3%."", ""EffectBonusMultiplier_1"": 1.0, ""EffectChainAmplitude_1"": 1.0, ""EffectChainAmplitude_2"": 1.0, ""EffectChainAmplitude_3"": 1.0, ""EffectSpellClassMaskA_1"": 402653696, ""EffectSpellClassMaskA_2"": 4, ""EffectSpellClassMaskA_3"": 4, ""EffectSpellClassMaskB_3"": 4, ""EffectSpellClassMaskC_2"": 32, ""EquippedItemClass"": -1, ""NameSubtext_Lang_Mask"": 16712190, ""NameSubtext_Lang_enUS"": ""Rank 5"", ""Name_Lang_Mask"": 16712190, ""ProcChance"": 101, ""RangeIndex"": 1, ""ShapeshiftExclude"": 134217728, ""SpellClassSet"": 6}",pulled from existing data
47569,Improved Shadowform,1,0,0,65984,0,0,0,0,0,0,0,0.0,,,"{""amplitude"": 0, ""apply_aura"": 4, ""base_points"": 49, ""chain_targets"": 0, ""die_sides"": 1, ""implicit_target_a"": 1, ""implicit_target_b"": 0, ""mechanic"": 0, ""misc_value"": 8, ""points_per_level"": 0.0, ""radius_yards"": null, ""trigger_spell"": 0, ""type"": 6}","{""amplitude"": 0, ""apply_aura"": 149, ""base_points"": 34, ""chain_targets"": 0, ""die_sides"": 1, ""implicit_target_a"": 1, ""implicit_target_b"": 0, ""mechanic"": 0, ""misc_value"": 32, ""points_per_level"": 0.0, ""radius_yards"": null, ""trigger_spell"": 0, ""type"": 6}",,217,,,"{""AuraDescription_Lang_Mask"": 16712188, ""CastingTimeIndex"": 1, ""Description_Lang_Mask"": 16712190, ""Description_Lang_enUS"": ""Your Fade ability now has a $s1% chance to remove all movement impairing effects when used while in Shadowform, and reduces casting or channeling time lost when damaged by $s2% when casting any Shadow spell while in Shadowform."", ""EffectChainAmplitude_1"": 1.0, ""EffectChainAmplitude_2"": 1.0, ""EffectChainAmplitude_3"": 1.0, ""EffectSpellClassMaskA_1"": 4, ""EquippedItemClass"": -1, ""NameSubtext_Lang_Mask"": 16712190, ""NameSubtext_Lang_enUS"": ""Rank 1"", ""Name_Lang_Mask"": 16712190, ""ProcChance"": 101, ""RangeIndex"": 1, ""ShapeshiftMask"": 134217728, ""SpellClassSet"": 6}",pulled from existing data
47570,Improved Shadowform,1,0,0,448,0,0,0,0,0,0,0,0.0,,,"{""amplitude"": 0, ""apply_aura"": 4, ""base_points"": 99, ""chain_targets"": 0, ""die_sides"": 1, ""implicit_target_a"": 1, ""implicit_target_b"": 0, ""mechanic"": 0, ""misc_value"": 8, ""points_per_level"": 0.0, ""radius_yards"": null, ""trigger_spell"": 0, ""type"": 6}","{""amplitude"": 0, ""apply_aura"": 149, ""base_points"": 69, ""chain_targets"": 0, ""die_sides"": 1, ""implicit_target_a"": 1, ""implicit_target_b"": 0, ""mechanic"": 0, ""misc_value"": 32, ""points_per_level"": 0.0, ""radius_yards"": null, ""trigger_spell"": 0, ""type"": 6}",,217,,,"{""AuraDescription_Lang_Mask"": 16712188, ""CastingTimeIndex"": 1, ""Description_Lang_Mask"": 16712190, ""Description_Lang_enUS"": ""Your Fade ability now has a $s1% chance to remove all movement impairing effects when used while in Shadowform, and reduces casting or channeling time lost when damaged by $s2% when casting any Shadow spell while in Shadowform."", ""EffectChainAmplitude_1"": 1.0, ""EffectChainAmplitude_2"": 1.0, ""EffectChainAmplitude_3"": 1.0, ""EffectSpellClassMaskA_1"": 4, ""EquippedItemClass"": -1, ""NameSubtext_Lang_Mask"": 16712190, ""NameSubtext_Lang_enUS"": ""Rank 2"", ""Name_Lang_Mask"": 16712190, ""ProcChance"": 101, ""RangeIndex"": 1, ""ShapeshiftMask"": 134217728, ""SpellClassSet"": 6}",pulled from existing data
47573,Twisted Faith,1,0,0,192,0,0,0,0,0,0,0,0.0,,,"{""amplitude"": 0, ""apply_aura"": 174, ""base_points"": 3, ""chain_targets"": 0, ""die_sides"": 1, ""implicit_target_a"": 1, ""implicit_target_b"": 0, ""mechanic"": 0, ""misc_value"": 126, ""points_per_level"": 0.0, ""radius_yards"": null, ""trigger_spell"": 0, ""type"": 6}","{""amplitude"": 0, ""apply_aura"": 112, ""base_points"": 1, ""chain_targets"": 0, ""die_sides"": 1, ""implicit_target_a"": 1, ""implicit_target_b"": 0, ""mechanic"": 0, ""misc_value"": 7377, ""points_per_level"": 0.0, ""radius_yards"": null, ""trigger_spell"": 0, ""type"": 6}","{""amplitude"": 0, ""apply_aura"": 175, ""base_points"": 3, ""chain_targets"": 0, ""die_sides"": 1, ""implicit_target_a"": 1, ""implicit_target_b"": 0, ""mechanic"": 0, ""misc_value"": 4, ""points_per_level"": 0.0, ""radius_yards"": null, ""trigger_spell"": 0, ""type"": 6}",2848,,,"{""AuraDescription_Lang_Mask"": 16712188, ""CastingTimeIndex"": 1, ""Description_Lang_Mask"": 16712190, ""Description_Lang_enUS"": ""Increases your spell power by $s1% of your total Spirit, and your damage done by your Mind Flay and Mind Blast is increased by $s2% if your target is afflicted by your Shadow Word: Pain."", ""EffectChainAmplitude_1"": 1.0, ""EffectChainAmplitude_2"": 1.0, ""EffectChainAmplitude_3"": 1.0, ""EffectMiscValueB_1"": 4, ""EffectMiscValueB_3"": 4, ""EffectSpellClassMaskA_1"": 1026, ""EffectSpellClassMaskA_2"": 1, ""EffectSpellClassMaskB_1"": 8192, ""EquippedItemClass"": -1, ""NameSubtext_Lang_Mask"": 16712190, ""NameSubtext_Lang_enUS"": ""Rank 1"", ""Name_Lang_Mask"": 16712190, ""RangeIndex"": 1, ""SpellClassSet"": 6}",pulled from existing data
47577,Twisted Faith,1,0,0,192,0,0,0,0,0,0,0,0.0,,,"{""amplitude"": 0, ""apply_aura"": 174, ""base_points"": 7, ""chain_targets"": 0, ""die_sides"": 1, ""implicit_target_a"": 1, ""implicit_target_b"": 0, ""mechanic"": 0, ""misc_value"": 126, ""points_per_level"": 0.0, ""radius_yards"": null, ""trigger_spell"": 0, ""type"": 6}","{""amplitude"": 0, ""apply_aura"": 112, ""base_points"": 3, ""chain_targets"": 0, ""die_sides"": 1, ""implicit_target_a"": 1, ""implicit_target_b"": 0, ""mechanic"": 0, ""misc_value"": 7377, ""points_per_level"": 0.0, ""radius_yards"": null, ""trigger_spell"": 0, ""type"": 6}","{""amplitude"": 0, ""apply_aura"": 175, ""base_points"": 7, ""chain_targets"": 0, ""die_sides"": 1, ""implicit_target_a"": 1, ""implicit_target_b"": 0, ""mechanic"": 0, ""misc_value"": 4, ""points_per_level"": 0.0, ""radius_yards"": null, ""trigger_spell"": 0, ""type"": 6}",2848,,,"{""AuraDescription_Lang_Mask"": 16712188, ""CastingTimeIndex"": 1, ""Description_Lang_Mask"": 16712190, ""Description_Lang_enUS"": ""Increases your spell power by $s1% of your total Spirit, and your damage done by your Mind Flay and Mind Blast is increased by $s2% if your target is afflicted by your Shadow Word: Pain."", ""EffectChainAmplitude_1"": 1.0, ""EffectChainAmplitude_2"": 1.0, ""EffectChainAmplitude_3"": 1.0, ""EffectMiscValueB_1"": 4, ""EffectSpellClassMaskA_1"": 1026, ""EffectSpellClassMaskA_2"": 1, ""EffectSpellClassMaskB_1"": 8192, ""EquippedItemClass"": -1, ""NameSubtext_Lang_Mask"": 16712190, ""NameSubtext_Lang_enUS"": ""Rank 2"", ""Name_Lang_Mask"": 16712190, ""RangeIndex"": 1, ""SpellClassSet"": 6}",pulled from existing data
47578,Twisted Faith,1,0,0,192,0,0,0,0,0,0,0,0.0,,,"{""amplitude"": 0, ""apply_aura"": 174, ""base_points"": 11, ""chain_targets"": 0, ""die_sides"": 1, ""implicit_target_a"": 1, ""implicit_target_b"": 0, ""mechanic"": 0, ""misc_value"": 126, ""points_per_level"": 0.0, ""radius_yards"": null, ""trigger_spell"": 0, ""type"": 6}","{""amplitude"": 0, ""apply_aura"": 112, ""base_points"": 5, ""chain_targets"": 0, ""die_sides"": 1, ""implicit_target_a"": 1, ""implicit_target_b"": 0, ""mechanic"": 0, ""misc_value"": 7377, ""points_per_level"": 0.0, ""radius_yards"": null, ""trigger_spell"": 0, ""type"": 6}","{""amplitude"": 0, ""apply_aura"": 175, ""base_points"": 11, ""chain_targets"": 0, ""die_sides"": 1, ""implicit_target_a"": 1, ""implicit_target_b"": 0, ""mechanic"": 0, ""misc_value"": 4, ""points_per_level"": 0.0, ""radius_yards"": null, ""trigger_spell"": 0, ""type"": 6}",2848,,,"{""AuraDescription_Lang_Mask"": 16712188, ""CastingTimeIndex"": 1, ""Description_Lang_Mask"": 16712190, ""Description_Lang_enUS"": ""Increases your spell power by $s1% of your total Spirit, and your damage done by your Mind Flay and Mind Blast is increased by $s2% if your target is afflicted by your Shadow Word: Pain."", ""EffectChainAmplitude_1"": 1.0, ""EffectChainAmplitude_2"": 1.0, ""EffectChainAmplitude_3"": 1.0, ""EffectMiscValueB_1"": 4, ""EffectSpellClassMaskA_1"": 1026, ""EffectSpellClassMaskA_2"": 1, ""EffectSpellClassMaskB_1"": 8192, ""EquippedItemClass"": -1, ""NameSubtext_Lang_Mask"": 16712190, ""NameSubtext_Lang_enUS"": ""Rank 3"", ""Name_Lang_Mask"": 16712190, ""RangeIndex"": 1, ""SpellClassSet"": 6}",pulled from existing data
47580,Pain and Suffering,1,0,0,192,0,0,0,0,0,0,0,0.0,,,"{""amplitude"": 0, ""apply_aura"": 42, ""base_points"": 0, ""chain_targets"": 0, ""die_sides"": 1, ""implicit_target_a"": 1, ""implicit_target_b"": 0, ""mechanic"": 0, ""misc_value"": 0, ""points_per_level"": 0.0, ""radius_yards"": null, ""trigger_spell"": 47948, ""type"": 6}","{""amplitude"": 0, ""apply_aura"": 4, ""base_points"": -11, ""chain_targets"": 0, ""die_sides"": 1, ""implicit_target_a"": 1, ""implicit_target_b"": 0, ""mechanic"": 0, ""misc_value"": 0, ""points_per_level"": 0.0, ""radius_yards"": null, ""trigger_spell"": 0, ""type"": 6}",,2874,,,"{""AuraDescription_Lang_Mask"": 16712188, ""CastingTimeIndex"": 1, ""Description_Lang_Mask"": 16712190, ""Description_Lang_enUS"": ""Your Mind Flay has a $h% chance to refresh the duration of your Shadow Word: Pain on the target, and reduces the damage you take from your own Shadow Word: Death by $s2%."", ""EffectChainAmplitude_1"": 1.0, ""EffectChainAmplitude_2"": 1.0, ""EffectChainAmplitude_3"": 1.0, ""EffectSpellClassMaskB_1"": 2, ""EffectSpellClassMaskB_2"": 32785, ""EquippedItemClass"": -1, ""NameSubtext_Lang_Mask"": 16712190, ""NameSubtext_Lang_enUS"": ""Rank 1"", ""Name_Lang_Mask"": 16712190, ""ProcChance"": 33, ""ProcTypeMask"": 65536, ""RangeIndex"": 1, ""SpellClassSet"": 6}",pulled from existing data
47581,Pain and Suffering,1,0,0,192,0,0,0,0,0,0,0,0.0,,,"{""amplitude"": 0, ""apply_aura"": 42, ""base_points"": 0, ""chain_targets"": 0, ""die_sides"": 1, ""implicit_target_a"": 1, ""implicit_target_b"": 0, ""mechanic"": 0, ""misc_value"": 0, ""points_per_level"": 0.0, ""radius_yards"": null, ""trigger_spell"": 47948, ""type"": 6}","{""amplitude"": 0, ""apply_aura"": 4, ""base_points"": -21, ""chain_targets"": 0, ""die_sides"": 1, ""implicit_target_a"": 1, ""implicit_target_b"": 0, ""mechanic"": 0, ""misc_value"": 0, ""points_per_level"": 0.0, ""radius_yards"": null, ""trigger_spell"": 0, ""type"": 6}",,2874,,,"{""AuraDescription_Lang_Mask"": 16712188, ""CastingTimeIndex"": 1, ""Description_Lang_Mask"": 16712190, ""Description_Lang_enUS"": ""Your Mind Flay has a $h% chance to refresh the duration of your Shadow Word: Pain on the target, and reduces the damage you take from your own Shadow Word: Death by $s2%."", ""EffectChainAmplitude_1"": 1.0, ""EffectChainAmplitude_2"": 1.0, ""EffectChainAmplitude_3"": 1.0, ""EffectSpellClassMaskB_1"": 2, ""EffectSpellClassMaskB_2"": 32785, ""EquippedItemClass"": -1, ""NameSubtext_Lang_Mask"": 16712190, ""NameSubtext_Lang_enUS"": ""Rank 2"", ""Name_Lang_Mask"": 16712190, ""ProcChance"": 66, ""ProcTypeMask"": 65536, ""RangeIndex"": 1, ""SpellClassMask_1"": 8388608, ""SpellClassSet"": 6}",pulled from existing data
47582,Pain and Suffering,1,0,0,192,0,0,0,0,0,0,0,0.0,,,"{""amplitude"": 0, ""apply_aura"": 42, ""base_points"": 0, ""chain_targets"": 0, ""die_sides"": 1, ""implicit_target_a"": 1, ""implicit_target_b"": 0, ""mechanic"": 0, ""misc_value"": 0, ""points_per_level"": 0.0, ""radius_yards"": null, ""trigger_spell"": 47948, ""type"": 6}","{""amplitude"": 0, ""apply_aura"": 4, ""base_points"": -31, ""chain_targets"": 0, ""die_sides"": 1, ""implicit_target_a"": 1, ""implicit_target_b"": 0, ""mechanic"": 0, ""misc_value"": 0, ""points_per_level"": 0.0, ""radius_yards"": null, ""trigger_spell"": 0, ""type"": 6}",,2874,,,"{""AuraDescription_Lang_Mask"": 16712188, ""CastingTimeIndex"": 1, ""Description_Lang_Mask"": 16712190, ""Description_Lang_enUS"": ""Your Mind Flay has a $h% chance to refresh the duration of your Shadow Word: Pain on the target, and reduces the damage you take from your own Shadow Word: Death by $s2%."", ""EffectChainAmplitude_1"": 1.0, ""EffectChainAmplitude_2"": 1.0, ""EffectChainAmplitude_3"": 1.0, ""EffectSpellClassMaskB_1"": 2, ""EffectSpellClassMaskB_2"": 32785, ""EquippedItemClass"": -1, ""NameSubtext_Lang_Mask"": 16712190, ""NameSubtext_Lang_enUS"": ""Rank 3"", ""Name_Lang_Mask"": 16712190, ""ProcChance"": 100, ""ProcTypeMask"": 65536, ""RangeIndex"": 1, ""SpellClassSet"": 6}",pulled from existing data
47585,Dispersion,1,0,0,17039376,0,0,120000,0,0,0,0,0.0,,6000,"{""amplitude"": 0, ""apply_aura"": 87, ""base_points"": -91, ""chain_targets"": 0, ""die_sides"": 1, ""implicit_target_a"": 1, ""implicit_target_b"": 0, ""mechanic"": 0, ""misc_value"": 127, ""points_per_level"": 0.0, ""radius_yards"": null, ""trigger_spell"": 0, ""type"": 6}",,"{""amplitude"": 0, ""apply_aura"": 60, ""base_points"": -1, ""chain_targets"": 0, ""die_sides"": 1, ""implicit_target_a"": 1, ""implicit_target_b"": 0, ""mechanic"": 0, ""misc_value"": 0, ""points_per_level"": 0.0, ""radius_yards"": null, ""trigger_spell"": 0, ""type"": 6}",2875,,,"{""AttributesEx"": 131104, ""AttributesEx5"": 131080, ""AuraDescription_Lang_Mask"": 16712190, ""AuraDescription_Lang_enUS"": ""Reduces all damage by $s1%, and you regenerate $49766s1% mana every $60069t1 sec for $d.  Cannot attack or cast spells. Immune to snare and movement impairing effects."", ""BaseLevel"": 60, ""CastingTimeIndex"": 1, ""Description_Lang_Mask"": 16712190, ""Description_Lang_enUS"": ""You disperse into pure Shadow energy, reducing all damage taken by $47585s1%.  You are unable to attack or cast spells, but you regenerate $49766s1% mana every $60069t1 sec for $d. Dispersion can be cast while stunned, feared or silenced and clears all snare and movement impairing effects when cast, and makes you immune to them while dispersed."", ""EffectBasePoints_2"": 5, ""EffectChainAmplitude_1"": 1.0, ""EffectChainAmplitude_2"": 1.0, ""EffectChainAmplitude_3"": 1.0, ""EffectDieSides_2"": 1, ""EquippedItemClass"": -1, ""NameSubtext_Lang_Mask"": 16712172, ""Name_Lang_Mask"": 16712190, ""ProcChance"": 101, ""RangeIndex"": 1, ""SpellClassMask_2"": 262144, ""SpellClassMask_3"": 1024, ""SpellClassSet"": 6, ""SpellLevel"": 60, ""SpellVisualID_1"": 11005, ""StartRecoveryCategory"": 133, ""StartRecoveryTime"": 1500}",pulled from existing data
47586,Twin Disciplines,1,0,0,464,0,0,0,0,0,0,0,0.0,,,"{""amplitude"": 0, ""apply_aura"": 108, ""base_points"": 0, ""chain_targets"": 0, ""die_sides"": 1, ""implicit_target_a"": 1, ""implicit_target_b"": 0, ""mechanic"": 0, ""misc_value"": 0, ""points_per_level"": 0.0, ""radius_yards"": null, ""trigger_spell"": 0, ""type"": 6}","{""amplitude"": 0, ""apply_aura"": 108, ""base_points"": 0, ""chain_targets"": 0, ""die_sides"": 1, ""implicit_target_a"": 1, ""implicit_target_b"": 0, ""mechanic"": 0, ""misc_value"": 22, ""points_per_level"": 0.0, ""radius_yards"": null, ""trigger_spell"": 0, ""type"": 6}",,2292,,,"{""AttributesEx3"": 67633152, ""AuraDescription_Lang_Mask"": 16712188, ""CastingTimeIndex"": 1, ""Description_Lang_Mask"": 16712190, ""Description_Lang_enUS"": ""Increases the damage and healing done by your instant spells by $s1%."", ""EffectBonusMultiplier_3"": 1.0, ""EffectChainAmplitude_1"": 1.0, ""EffectChainAmplitude_2"": 1.0, ""EffectChainAmplitude_3"": 1.0, ""EffectSpellClassMaskA_1"": 2581594112, ""EffectSpellClassMaskA_2"": 622610, ""EffectSpellClassMaskB_1"": 35684416, ""EquippedItemClass"": -1, ""NameSubtext_Lang_Mask"": 16712190, ""NameSubtext_Lang_enUS"": ""Rank 1"", ""Name_Lang_Mask"": 16712190, ""ProcChance"": 101, ""RangeIndex"": 1, ""SpellClassMask_1"": 4194304, ""SpellClassSet"": 6}",pulled from existing data
47587,Twin Disciplines,1,0,0,464,0,0,0,0,0,0,0,0.0,,,"{""amplitude"": 0, ""apply_aura"": 108, ""base_points"": 1, ""chain_targets"": 0, ""die_sides"": 1, ""implicit_target_a"": 1, ""implicit_target_b"": 0, ""mechanic"": 0, ""misc_value"": 0, ""points_per_level"": 0.0, ""radius_yards"": null, ""trigger_spell"": 0, ""type"": 6}","{""amplitude"": 0, ""apply_aura"": 108, ""base_points"": 1, ""chain_targets"": 0, ""die_sides"": 1, ""implicit_target_a"": 1, ""implicit_target_b"": 0, ""mechanic"": 0, ""misc_value"": 22, ""points_per_level"": 0.0, ""radius_yards"": null, ""trigger_spell"": 0, ""type"": 6}",,2292,,,"{""AttributesEx3"": 67633152, ""AuraDescription_Lang_Mask"": 16712188, ""CastingTimeIndex"": 1, ""Description_Lang_Mask"": 16712190, ""Description_Lang_enUS"": ""Increases the damage and healing done by your instant spells by $s1%."", ""EffectBonusMultiplier_3"": 1.0, ""EffectChainAmplitude_1"": 1.0, ""EffectChainAmplitude_2"": 1.0, ""EffectChainAmplitude_3"": 1.0, ""EffectSpellClassMaskA_1"": 2581594112, ""EffectSpellClassMaskA_2"": 622610, ""EffectSpellClassMaskB_1"": 35684416, ""EquippedItemClass"": -1, ""NameSubtext_Lang_Mask"": 16712190, ""NameSubtext_Lang_enUS"": ""Rank 2"", ""Name_Lang_Mask"": 16712190, ""ProcChance"": 101, ""RangeIndex"": 1, ""SpellClassMask_1"": 4194304, ""SpellClassSet"": 6}",pulled from existing data
47588,Twin Disciplines,1,0,0,464,0,0,0,0,0,0,0,0.0,,,"{""amplitude"": 0, ""apply_aura"": 108, ""base_points"": 2, ""chain_targets"": 0, ""die_sides"": 1, ""implicit_target_a"": 1, ""implicit_target_b"": 0, ""mechanic"": 0, ""misc_value"": 0, ""points_per_level"": 0.0, ""radius_yards"": null, ""trigger_spell"": 0, ""type"": 6}","{""amplitude"": 0, ""apply_aura"": 108, ""base_points"": 2, ""chain_targets"": 0, ""die_sides"": 1, ""implicit_target_a"": 1, ""implicit_target_b"": 0, ""mechanic"": 0, ""misc_value"": 22, ""points_per_level"": 0.0, ""radius_yards"": null, ""trigger_spell"": 0, ""type"": 6}",,2292,,,"{""AttributesEx3"": 67633152, ""AuraDescription_Lang_Mask"": 16712188, ""CastingTimeIndex"": 1, ""Description_Lang_Mask"": 16712190, ""Description_Lang_enUS"": ""Increases the damage and healing done by your instant spells by $s1%."", ""EffectBonusMultiplier_3"": 1.0, ""EffectChainAmplitude_1"": 1.0, ""EffectChainAmplitude_2"": 1.0, ""EffectChainAmplitude_3"": 1.0, ""EffectSpellClassMaskA_1"": 2581594112, ""EffectSpellClassMaskA_2"": 622610, ""EffectSpellClassMaskB_1"": 35684416, ""EquippedItemClass"": -1, ""NameSubtext_Lang_Mask"": 16712190, ""NameSubtext_Lang_enUS"": ""Rank 3"", ""Name_Lang_Mask"": 16712190, ""ProcChance"": 101, ""RangeIndex"": 1, ""SpellClassMask_1"": 4194304, ""SpellClassSet"": 6}",pulled from existing data
47788,Guardian Spirit,2,0,0,327680,0,0,180000,0,0,0,6,40.0,,10000,"{""amplitude"": 0, ""apply_aura"": 118, ""base_points"": 39, ""chain_targets"": 0, ""die_sides"": 1, ""implicit_target_a"": 21, ""implicit_target_b"": 0, ""mechanic"": 0, ""misc_value"": 127, ""points_per_level"": 0.0, ""radius_yards"": null, ""trigger_spell"": 0, ""type"": 6}","{""amplitude"": 0, ""apply_aura"": 69, ""base_points"": 49, ""chain_targets"": 0, ""die_sides"": 1, ""implicit_target_a"": 21, ""implicit_target_b"": 0, ""mechanic"": 0, ""misc_value"": 127, ""points_per_level"": 0.0, ""radius_yards"": null, ""trigger_spell"": 0, ""type"": 6}",,2873,,,"{""AttributesEx"": 131072, ""AttributesEx2"": 524288, ""AttributesEx6"": 67108864, ""AuraDescription_Lang_Mask"": 16712190, ""AuraDescription_Lang_enUS"": ""Increased healing received by $s1% and will prevent 1 killing blow."", ""BaseLevel"": 60, ""CastingTimeIndex"": 1, ""Description_Lang_Mask"": 16712190, ""Description_Lang_enUS"": ""Calls upon a guardian spirit to watch over the friendly target. The spirit increases the healing received by the target by $s1%, and also prevents the target from dying by sacrificing itself.  This sacrifice terminates the effect but heals the target of $s2% of their maximum health. Lasts $d."", ""EffectBasePoints_3"": -1, ""EffectChainAmplitude_1"": 1.0, ""EffectChainAmplitude_2"": 1.0, ""EffectChainAmplitude_3"": 1.0, ""EffectDieSides_3"": 1, ""EquippedItemClass"": -1, ""NameSubtext_Lang_Mask"": 16712190, ""Name_Lang_Mask"": 16712190, ""PreventionType"": 1, ""ProcChance"": 101, ""ShapeshiftMask"": 2281701376, ""SpellClassMask_1"": 3221225472, ""SpellClassMask_3"": 3072, ""SpellClassSet"": 6, ""SpellLevel"": 60, ""SpellVisualID_1"": 12114}",pulled from existing data
51166,Twisted Faith,1,0,0,192,0,0,0,0,0,0,0,0.0,,,"{""amplitude"": 0, ""apply_aura"": 174, ""base_points"": 15, ""chain_targets"": 0, ""die_sides"": 1, ""implicit_target_a"": 1, ""implicit_target_b"": 0, ""mechanic"": 0, ""misc_value"": 126, ""points_per_level"": 0.0, ""radius_yards"": null, ""trigger_spell"": 0, ""type"": 6}","{""amplitude"": 0, ""apply_aura"": 112, ""base_points"": 7, ""chain_targets"": 0, ""die_sides"": 1, ""implicit_target_a"": 1, ""implicit_target_b"": 0, ""mechanic"": 0, ""misc_value"": 7377, ""points_per_level"": 0.0, ""radius_yards"": null, ""trigger_spell"": 0, ""type"": 6}","{""amplitude"": 0, ""apply_aura"": 175, ""base_points"": 15, ""chain_targets"": 0, ""die_sides"": 1, ""implicit_target_a"": 1, ""implicit_target_b"": 0, ""mechanic"": 0, ""misc_value"": 4, ""points_per_level"": 0.0, ""radius_yards"": null, ""trigger_spell"": 0, ""type"": 6}",2848,,,"{""AuraDescription_Lang_Mask"": 16712188, ""CastingTimeIndex"": 1, ""Description_Lang_Mask"": 16712190, ""Description_Lang_enUS"": ""Increases your spell power by $s1% of your total Spirit, and your damage done by your Mind Flay and Mind Blast is increased by $s2% if your target is afflicted by your Shadow Word: Pain."", ""EffectChainAmplitude_1"": 1.0, ""EffectChainAmplitude_2"": 1.0, ""EffectChainAmplitude_3"": 1.0, ""EffectMiscValueB_1"": 4, ""EffectSpellClassMaskA_1"": 1026, ""EffectSpellClassMaskA_2"": 1, ""EffectSpellClassMaskB_1"": 8192, ""EquippedItemClass"": -1, ""NameSubtext_Lang_Mask"": 16712190, ""NameSubtext_Lang_enUS"": ""Rank 4"", ""Name_Lang_Mask"": 16712190, ""RangeIndex"": 1, ""SpellClassSet"": 6}",pulled from existing data
51167,Twisted Faith,1,0,0,192,0,0,0,0,0,0,0,0.0,,,"{""amplitude"": 0, ""apply_aura"": 174, ""base_points"": 19, ""chain_targets"": 0, ""die_sides"": 1, ""implicit_target_a"": 1, ""implicit_target_b"": 0, ""mechanic"": 0, ""misc_value"": 126, ""points_per_level"": 0.0, ""radius_yards"": null, ""trigger_spell"": 0, ""type"": 6}","{""amplitude"": 0, ""apply_aura"": 112, ""base_points"": 9, ""chain_targets"": 0, ""die_sides"": 1, ""implicit_target_a"": 1, ""implicit_target_b"": 0, ""mechanic"": 0, ""misc_value"": 7377, ""points_per_level"": 0.0, ""radius_yards"": null, ""trigger_spell"": 0, ""type"": 6}","{""amplitude"": 0, ""apply_aura"": 175, ""base_points"": 19, ""chain_targets"": 0, ""die_sides"": 1, ""implicit_target_a"": 1, ""implicit_target_b"": 0, ""mechanic"": 0, ""misc_value"": 4, ""points_per_level"": 0.0, ""radius_yards"": null, ""trigger_spell"": 0, ""type"": 6}",2848,,,"{""AuraDescription_Lang_Mask"": 16712188, ""CastingTimeIndex"": 1, ""Description_Lang_Mask"": 16712190, ""Description_Lang_enUS"": ""Increases your spell power by $s1% of your total Spirit, and your damage done by your Mind Flay and Mind Blast is increased by $s2% if your target is afflicted by your Shadow Word: Pain."", ""EffectChainAmplitude_1"": 1.0, ""EffectChainAmplitude_2"": 1.0, ""EffectChainAmplitude_3"": 1.0, ""EffectMiscValueB_1"": 4, ""EffectSpellClassMaskA_1"": 1026, ""EffectSpellClassMaskA_2"": 1, ""EffectSpellClassMaskB_1"": 8192, ""EquippedItemClass"": -1, ""NameSubtext_Lang_Mask"": 16712190, ""NameSubtext_Lang_enUS"": ""Rank 5"", ""Name_Lang_Mask"": 16712190, ""RangeIndex"": 1, ""SpellClassSet"": 6}",pulled from existing data
52795,Borrowed Time,1,0,0,464,0,0,0,0,0,0,0,0.0,,,"{""amplitude"": 0, ""apply_aura"": 42, ""base_points"": 4, ""chain_targets"": 0, ""die_sides"": 1, ""implicit_target_a"": 1, ""implicit_target_b"": 0, ""mechanic"": 0, ""misc_value"": 21, ""points_per_level"": 0.0, ""radius_yards"": null, ""trigger_spell"": 59887, ""type"": 6}","{""amplitude"": 0, ""apply_aura"": 4, ""base_points"": 7, ""chain_targets"": 0, ""die_sides"": 1, ""implicit_target_a"": 1, ""implicit_target_b"": 0, ""mechanic"": 0, ""misc_value"": 24, ""points_per_level"": 0.0, ""radius_yards"": null, ""trigger_spell"": 0, ""type"": 6}",,2899,,,"{""AuraDescription_Lang_Mask"": 16712188, ""CastingTimeIndex"": 1, ""Description_Lang_Mask"": 16712190, ""Description_Lang_enUS"": ""Grants $s1% spell haste for your next spell after casting Power Word: Shield, and increases the amount absorbed by your Power Word: Shield equal to $s2% of your spell power."", ""EffectBonusMultiplier_2"": 1.0, ""EffectBonusMultiplier_3"": 1.0, ""EffectChainAmplitude_1"": 1.0, ""EffectChainAmplitude_2"": 1.0, ""EffectChainAmplitude_3"": 1.0, ""EffectSpellClassMaskA_1"": 1, ""EffectSpellClassMaskB_1"": 1, ""EquippedItemClass"": -1, ""NameSubtext_Lang_Mask"": 16712190, ""NameSubtext_Lang_enUS"": ""Rank 1"", ""Name_Lang_Mask"": 16712190, ""ProcChance"": 100, ""ProcTypeMask"": 16384, ""RangeIndex"": 1, ""SpellClassSet"": 6}",pulled from existing data
52797,Borrowed Time,1,0,0,464,0,0,0,0,0,0,0,0.0,,,"{""amplitude"": 0, ""apply_aura"": 42, ""base_points"": 9, ""chain_targets"": 0, ""die_sides"": 1, ""implicit_target_a"": 1, ""implicit_target_b"": 0, ""mechanic"": 0, ""misc_value"": 21, ""points_per_level"": 0.0, ""radius_yards"": null, ""trigger_spell"": 59888, ""type"": 6}","{""amplitude"": 0, ""apply_aura"": 4, ""base_points"": 15, ""chain_targets"": 0, ""die_sides"": 1, ""implicit_target_a"": 1, ""implicit_target_b"": 0, ""mechanic"": 0, ""misc_value"": 24, ""points_per_level"": 0.0, ""radius_yards"": null, ""trigger_spell"": 0, ""type"": 6}",,2899,,,"{""AuraDescription_Lang_Mask"": 16712188, ""CastingTimeIndex"": 1, ""Description_Lang_Mask"": 16712190, ""Description_Lang_enUS"": ""Grants $s1% spell haste for your next spell after casting Power Word: Shield, and increases the amount absorbed by your Power Word: Shield equal to $s2% of your spell power."", ""EffectBonusMultiplier_2"": 1.0, ""EffectBonusMultiplier_3"": 1.0, ""EffectChainAmplitude_1"": 1.0, ""EffectChainAmplitude_2"": 1.0, ""EffectChainAmplitude_3"": 1.0, ""EffectSpellClassMaskA_1"": 1, ""EffectSpellClassMaskB_1"": 1, ""EquippedItemClass"": -1, ""NameSubtext_Lang_Mask"": 16712190, ""NameSubtext_Lang_enUS"": ""Rank 2"", ""Name_Lang_Mask"": 16712190, ""ProcChance"": 100, ""ProcTypeMask"": 16384, ""RangeIndex"": 1, ""SpellClassSet"": 6}",pulled from existing data
52798,Borrowed Time,1,0,0,464,0,0,0,0,0,0,0,0.0,,,"{""amplitude"": 0, ""apply_aura"": 42, ""base_points"": 14, ""chain_targets"": 0, ""die_sides"": 1, ""implicit_target_a"": 1, ""implicit_target_b"": 0, ""mechanic"": 0, ""misc_value"": 21, ""points_per_level"": 0.0, ""radius_yards"": null, ""trigger_spell"": 59889, ""type"": 6}","{""amplitude"": 0, ""apply_aura"": 4, ""base_points"": 23, ""chain_targets"": 0, ""die_sides"": 1, ""implicit_target_a"": 1, ""implicit_target_b"": 0, ""mechanic"": 0, ""misc_value"": 24, ""points_per_level"": 0.0, ""radius_yards"": null, ""trigger_spell"": 0, ""type"": 6}",,2899,,,"{""AuraDescription_Lang_Mask"": 16712188, ""CastingTimeIndex"": 1, ""Description_Lang_Mask"": 16712190, ""Description_Lang_enUS"": ""Grants $s1% spell haste for your next spell after casting Power Word: Shield, and increases the amount absorbed by your Power Word: Shield equal to $s2% of your spell power."", ""EffectBonusMultiplier_2"": 1.0, ""EffectBonusMultiplier_3"": 1.0, ""EffectChainAmplitude_1"": 1.0, ""EffectChainAmplitude_2"": 1.0, ""EffectChainAmplitude_3"": 1.0, ""EffectSpellClassMaskA_1"": 1, ""EffectSpellClassMaskB_1"": 1, ""EquippedItemClass"": -1, ""NameSubtext_Lang_Mask"": 16712190, ""NameSubtext_Lang_enUS"": ""Rank 3"", ""Name_Lang_Mask"": 16712190, ""ProcChance"": 100, ""ProcTypeMask"": 16384, ""RangeIndex"": 1, ""SpellClassSet"": 6}",pulled from existing data
52799,Borrowed Time,1,0,0,464,0,0,0,0,0,0,0,0.0,,,"{""amplitude"": 0, ""apply_aura"": 42, ""base_points"": 19, ""chain_targets"": 0, ""die_sides"": 1, ""implicit_target_a"": 1, ""implicit_target_b"": 0, ""mechanic"": 0, ""misc_value"": 21, ""points_per_level"": 0.0, ""radius_yards"": null, ""trigger_spell"": 59890, ""type"": 6}","{""amplitude"": 0, ""apply_aura"": 4, ""base_points"": 31, ""chain_targets"": 0, ""die_sides"": 1, ""implicit_target_a"": 1, ""implicit_target_b"": 0, ""mechanic"": 0, ""misc_value"": 24, ""points_per_level"": 0.0, ""radius_yards"": null, ""trigger_spell"": 0, ""type"": 6}",,2899,,,"{""AuraDescription_Lang_Mask"": 16712188, ""CastingTimeIndex"": 1, ""Description_Lang_Mask"": 16712190, ""Description_Lang_enUS"": ""Grants $s1% spell haste for your next spell after casting Power Word: Shield, and increases the amount absorbed by your Power Word: Shield equal to $s2% of your spell power."", ""EffectBonusMultiplier_2"": 1.0, ""EffectBonusMultiplier_3"": 1.0, ""EffectChainAmplitude_1"": 1.0, ""EffectChainAmplitude_2"": 1.0, ""EffectChainAmplitude_3"": 1.0, ""EffectSpellClassMaskA_1"": 1, ""EffectSpellClassMaskB_1"": 1, ""EquippedItemClass"": -1, ""NameSubtext_Lang_Mask"": 16712190, ""NameSubtext_Lang_enUS"": ""Rank 4"", ""Name_Lang_Mask"": 16712190, ""ProcChance"": 100, ""ProcTypeMask"": 16384, ""RangeIndex"": 1, ""SpellClassSet"": 6}",pulled from existing data
52800,Borrowed Time,1,0,0,464,0,0,0,0,0,0,0,0.0,,,"{""amplitude"": 0, ""apply_aura"": 42, ""base_points"": 24, ""chain_targets"": 0, ""die_sides"": 1, ""implicit_target_a"": 1, ""implicit_target_b"": 0, ""mechanic"": 0, ""misc_value"": 21, ""points_per_level"": 0.0, ""radius_yards"": null, ""trigger_spell"": 59891, ""type"": 6}","{""amplitude"": 0, ""apply_aura"": 4, ""base_points"": 39, ""chain_targets"": 0, ""die_sides"": 1, ""implicit_target_a"": 1, ""implicit_target_b"": 0, ""mechanic"": 0, ""misc_value"": 24, ""points_per_level"": 0.0, ""radius_yards"": null, ""trigger_spell"": 0, ""type"": 6}",,2899,,,"{""AuraDescription_Lang_Mask"": 16712188, ""CastingTimeIndex"": 1, ""Description_Lang_Mask"": 16712190, ""Description_Lang_enUS"": ""Grants $s1% spell haste for your next spell after casting Power Word: Shield, and increases the amount absorbed by your Power Word: Shield equal to $s2% of your spell power."", ""EffectBonusMultiplier_2"": 1.0, ""EffectBonusMultiplier_3"": 1.0, ""EffectChainAmplitude_1"": 1.0, ""EffectChainAmplitude_2"": 1.0, ""EffectChainAmplitude_3"": 1.0, ""EffectSpellClassMaskA_1"": 1, ""EffectSpellClassMaskB_1"": 1, ""EquippedItemClass"": -1, ""NameSubtext_Lang_Mask"": 16712190, ""NameSubtext_Lang_enUS"": ""Rank 5"", ""Name_Lang_Mask"": 16712190, ""ProcChance"": 100, ""ProcTypeMask"": 16384, ""RangeIndex"": 1, ""SpellClassSet"": 6}",pulled from existing data
52802,Twin Disciplines,1,0,0,464,0,0,0,0,0,0,0,0.0,,,"{""amplitude"": 0, ""apply_aura"": 108, ""base_points"": 3, ""chain_targets"": 0, ""die_sides"": 1, ""implicit_target_a"": 1, ""implicit_target_b"": 0, ""mechanic"": 0, ""misc_value"": 0, ""points_per_level"": 0.0, ""radius_yards"": null, ""trigger_spell"": 0, ""type"": 6}","{""amplitude"": 0, ""apply_aura"": 108, ""base_points"": 3, ""chain_targets"": 0, ""die_sides"": 1, ""implicit_target_a"": 1, ""implicit_target_b"": 0, ""mechanic"": 0, ""misc_value"": 22, ""points_per_level"": 0.0, ""radius_yards"": null, ""trigger_spell"": 0, ""type"": 6}",,2292,,,"{""AttributesEx3"": 67633152, ""AuraDescription_Lang_Mask"": 16712188, ""CastingTimeIndex"": 1, ""Description_Lang_Mask"": 16712190, ""Description_Lang_enUS"": ""Increases the damage and healing done by your instant spells by $s1%."", ""EffectBonusMultiplier_3"": 1.0, ""EffectChainAmplitude_1"": 1.0, ""EffectChainAmplitude_2"": 1.0, ""EffectChainAmplitude_3"": 1.0, ""EffectSpellClassMaskA_1"": 2581594112, ""EffectSpellClassMaskA_2"": 622610, ""EffectSpellClassMaskB_1"": 35684416, ""EquippedItemClass"": -1, ""NameSubtext_Lang_Mask"": 16712190, ""NameSubtext_Lang_enUS"": ""Rank 4"", ""Name_Lang_Mask"": 16712190, ""ProcChance"": 101, ""RangeIndex"": 1, ""SpellClassMask_1"": 4194304, ""SpellClassSet"": 6}",pulled from existing data
52803,Twin Disciplines,1,0,0,464,0,0,0,0,0,0,0,0.0,,,"{""amplitude"": 0, ""apply_aura"": 108, ""base_points"": 4, ""chain_targets"": 0, ""die_sides"": 1, ""implicit_target_a"": 1, ""implicit_target_b"": 0, ""mechanic"": 0, ""misc_value"": 0, ""points_per_level"": 0.0, ""radius_yards"": null, ""trigger_spell"": 0, ""type"": 6}","{""amplitude"": 0, ""apply_aura"": 108, ""base_points"": 4, ""chain_targets"": 0, ""die_sides"": 1, ""implicit_target_a"": 1, ""implicit_target_b"": 0, ""mechanic"": 0, ""misc_value"": 22, ""points_per_level"": 0.0, ""radius_yards"": null, ""trigger_spell"": 0, ""type"": 6}",,2292,,,"{""AuraDescription_Lang_Mask"": 16712188, ""CastingTimeIndex"": 1, ""Description_Lang_Mask"": 16712190, ""Description_Lang_enUS"": ""Increases the damage and healing done by your instant spells by $s1%."", ""EffectBonusMultiplier_3"": 1.0, ""EffectChainAmplitude_1"": 1.0, ""EffectChainAmplitude_2"": 1.0, ""EffectChainAmplitude_3"": 1.0, ""EffectSpellClassMaskA_1"": 2581594112, ""EffectSpellClassMaskA_2"": 1146898, ""EffectSpellClassMaskB_1"": 35684416, ""EquippedItemClass"": -1, ""NameSubtext_Lang_Mask"": 16712190, ""NameSubtext_Lang_enUS"": ""Rank 5"", ""Name_Lang_Mask"": 16712190, ""ProcChance"": 101, ""RangeIndex"": 1, ""SpellClassMask_1"": 4194304, ""SpellClassSet"": 6}",pulled from existing data
57470,Renewed Hope,1,0,0,464,0,0,0,0,0,0,0,0.0,,,"{""amplitude"": 0, ""apply_aura"": 112, ""base_points"": 1, ""chain_targets"": 0, ""die_sides"": 1, ""implicit_target_a"": 1, ""implicit_target_b"": 0, ""mechanic"": 0, ""misc_value"": 7997, ""points_per_level"": 0.0, ""radius_yards"": null, ""trigger_spell"": 0, ""type"": 6}","{""amplitude"": 0, ""apply_aura"": 42, ""base_points"": -1, ""chain_targets"": 0, ""die_sides"": 1, ""implicit_target_a"": 1, ""implicit_target_b"": 0, ""mechanic"": 0, ""misc_value"": 0, ""points_per_level"": 0.0, ""radius_yards"": null, ""trigger_spell"": 63944, ""type"": 6}",,329,,,"{""AuraDescription_Lang_Mask"": 16712188, ""CastingTimeIndex"": 1, ""Description_Lang_Mask"": 16712190, ""Description_Lang_enUS"": ""Increases the critical effect chance of your Flash Heal, Greater Heal and Penance (Heal) spells by $s1% on targets afflicted by the Weakened Soul effect, and you have a $h% chance to reduce all damage taken by $63944s1% for $63944d to all friendly party and raid targets when you cast Power Word: Shield. This effect has a $57470s3 sec cooldown."", ""EffectBasePoints_3"": 14, ""EffectBonusMultiplier_3"": 1.0, ""EffectChainAmplitude_1"": 1.0, ""EffectChainAmplitude_2"": 1.0, ""EffectChainAmplitude_3"": 1.0, ""EffectDieSides_3"": 1, ""EffectSpellClassMaskA_1"": 4096, ""EffectSpellClassMaskA_2"": 65536, ""EffectSpellClassMaskB_1"": 1, ""EquippedItemClass"": -1, ""NameSubtext_Lang_Mask"": 16712190, ""NameSubtext_Lang_enUS"": ""Rank 1"", ""Name_Lang_Mask"": 16712190, ""ProcChance"": 50, ""ProcTypeMask"": 16384, ""RangeIndex"": 1, ""SpellClassSet"": 6}",pulled from existing data
57472,Renewed Hope,1,0,0,464,0,0,0,0,0,0,0,0.0,,,"{""amplitude"": 0, ""apply_aura"": 112, ""base_points"": 3, ""chain_targets"": 0, ""die_sides"": 1, ""implicit_target_a"": 1, ""implicit_target_b"": 0, ""mechanic"": 0, ""misc_value"": 7998, ""points_per_level"": 0.0, ""radius_yards"": null, ""trigger_spell"": 0, ""type"": 6}","{""amplitude"": 0, ""apply_aura"": 42, ""base_points"": -1, ""chain_targets"": 0, ""die_sides"": 1, ""implicit_target_a"": 1, ""implicit_target_b"": 0, ""mechanic"": 0, ""misc_value"": 0, ""points_per_level"": 0.0, ""radius_yards"": null, ""trigger_spell"": 63944, ""type"": 6}",,329,,,"{""AuraDescription_Lang_Mask"": 16712188, ""CastingTimeIndex"": 1, ""Description_Lang_Mask"": 16712190, ""Description_Lang_enUS"": ""Increases the critical effect chance of your Flash Heal, Greater Heal and Penance (Heal) spells by $s1% on targets afflicted by the Weakened Soul effect, and you have a $h% chance to reduce all damage taken by $63944s1% for $63944d to all friendly party and raid targets when you cast Power Word: Shield. This effect has a $57470s3 sec cooldown."", ""EffectBasePoints_3"": 14, ""EffectBonusMultiplier_3"": 1.0, ""EffectChainAmplitude_1"": 1.0, ""EffectChainAmplitude_2"": 1.0, ""EffectChainAmplitude_3"": 1.0, ""EffectDieSides_3"": 1, ""EffectSpellClassMaskA_1"": 4096, ""EffectSpellClassMaskA_2"": 65536, ""EffectSpellClassMaskB_1"": 1, ""EquippedItemClass"": -1, ""NameSubtext_Lang_Mask"": 16712190, ""NameSubtext_Lang_enUS"": ""Rank 2"", ""Name_Lang_Mask"": 16712190, ""ProcChance"": 100, ""ProcTypeMask"": 16384, ""RangeIndex"": 1, ""SpellClassSet"": 6}",pulled from existing data
63504,Improved Flash Heal,1,0,0,464,0,0,0,0,0,0,0,0.0,,,"{""amplitude"": 0, ""apply_aura"": 4, ""base_points"": 3, ""chain_targets"": 0, ""die_sides"": 1, ""implicit_target_a"": 1, ""implicit_target_b"": 0, ""mechanic"": 0, ""misc_value"": 7997, ""points_per_level"": 0.0, ""radius_yards"": null, ""trigger_spell"": 0, ""type"": 6}","{""amplitude"": 0, ""apply_aura"": 108, ""base_points"": -6, ""chain_targets"": 0, ""die_sides"": 1, ""implicit_target_a"": 1, ""implicit_target_b"": 0, ""mechanic"": 0, ""misc_value"": 14, ""points_per_level"": 0.0, ""radius_yards"": null, ""trigger_spell"": 0, ""type"": 6}",,2542,,,"{""AuraDescription_Lang_Mask"": 16712188, ""CastingTimeIndex"": 1, ""Description_Lang_Mask"": 16712190, ""Description_Lang_enUS"": ""Reduces the mana cost of your Flash Heal by $s2%, and increases the critical effect chance of your Flash Heal by $s1% on friendly targets at or below 50% health."", ""EffectBonusMultiplier_3"": 1.0, ""EffectChainAmplitude_1"": 1.0, ""EffectChainAmplitude_2"": 1.0, ""EffectChainAmplitude_3"": 1.0, ""EffectSpellClassMaskA_1"": 4096, ""EffectSpellClassMaskA_2"": 65536, ""EffectSpellClassMaskB_1"": 2048, ""EquippedItemClass"": -1, ""NameSubtext_Lang_Mask"": 16712190, ""NameSubtext_Lang_enUS"": ""Rank 1"", ""Name_Lang_Mask"": 16712190, ""ProcChance"": 101, ""RangeIndex"": 1, ""SpellClassSet"": 6}",pulled from existing data
63505,Improved Flash Heal,1,0,0,464,0,0,0,0,0,0,0,0.0,,,"{""amplitude"": 0, ""apply_aura"": 4, ""base_points"": 6, ""chain_targets"": 0, ""die_sides"": 1, ""implicit_target_a"": 1, ""implicit_target_b"": 0, ""mechanic"": 0, ""misc_value"": 7997, ""points_per_level"": 0.0, ""radius_yards"": null, ""trigger_spell"": 0, ""type"": 6}","{""amplitude"": 0, ""apply_aura"": 108, ""base_points"": -11, ""chain_targets"": 0, ""die_sides"": 1, ""implicit_target_a"": 1, ""implicit_target_b"": 0, ""mechanic"": 0, ""misc_value"": 14, ""points_per_level"": 0.0, ""radius_yards"": null, ""trigger_spell"": 0, ""type"": 6}",,2542,,,"{""AuraDescription_Lang_Mask"": 16712188, ""CastingTimeIndex"": 1, ""Description_Lang_Mask"": 16712190, ""Description_Lang_enUS"": ""Reduces the mana cost of your Flash Heal by $s2%, and increases the critical effect chance of your Flash Heal by $s1% on friendly targets at or below 50% health."", ""EffectBonusMultiplier_3"": 1.0, ""EffectChainAmplitude_1"": 1.0, ""EffectChainAmplitude_2"": 1.0, ""EffectChainAmplitude_3"": 1.0, ""EffectSpellClassMaskA_1"": 4096, ""EffectSpellClassMaskA_2"": 65536, ""EffectSpellClassMaskB_1"": 2048, ""EquippedItemClass"": -1, ""NameSubtext_Lang_Mask"": 16712190, ""NameSubtext_Lang_enUS"": ""Rank 1"", ""Name_Lang_Mask"": 16712190, ""ProcChance"": 101, ""RangeIndex"": 1, ""SpellClassSet"": 6}",pulled from existing data
63506,Improved Flash Heal,1,0,0,464,0,0,0,0,0,0,0,0.0,,,"{""amplitude"": 0, ""apply_aura"": 4, ""base_points"": 9, ""chain_targets"": 0, ""die_sides"": 1, ""implicit_target_a"": 1, ""implicit_target_b"": 0, ""mechanic"": 0, ""misc_value"": 7997, ""points_per_level"": 0.0, ""radius_yards"": null, ""trigger_spell"": 0, ""type"": 6}","{""amplitude"": 0, ""apply_aura"": 108, ""base_points"": -16, ""chain_targets"": 0, ""die_sides"": 1, ""implicit_target_a"": 1, ""implicit_target_b"": 0, ""mechanic"": 0, ""misc_value"": 14, ""points_per_level"": 0.0, ""radius_yards"": null, ""trigger_spell"": 0, ""type"": 6}",,2542,,,"{""AuraDescription_Lang_Mask"": 16712188, ""CastingTimeIndex"": 1, ""Description_Lang_Mask"": 16712190, ""Description_Lang_enUS"": ""Reduces the mana cost of your Flash Heal by $s2%, and increases the critical effect chance of your Flash Heal by $s1% on friendly targets at or below 50% health."", ""EffectBonusMultiplier_3"": 1.0, ""EffectChainAmplitude_1"": 1.0, ""EffectChainAmplitude_2"": 1.0, ""EffectChainAmplitude_3"": 1.0, ""EffectSpellClassMaskA_1"": 4096, ""EffectSpellClassMaskA_2"": 65536, ""EffectSpellClassMaskB_1"": 2048, ""EquippedItemClass"": -1, ""NameSubtext_Lang_Mask"": 16712190, ""NameSubtext_Lang_enUS"": ""Rank 1"", ""Name_Lang_Mask"": 16712190, ""ProcChance"": 101, ""RangeIndex"": 1, ""SpellClassSet"": 6}",pulled from existing data
63534,Empowered Renew,1,0,0,464,0,0,0,0,0,0,0,0.0,,,"{""amplitude"": 0, ""apply_aura"": 108, ""base_points"": 4, ""chain_targets"": 0, ""die_sides"": 1, ""implicit_target_a"": 1, ""implicit_target_b"": 0, ""mechanic"": 0, ""misc_value"": 24, ""points_per_level"": 0.0, ""radius_yards"": null, ""trigger_spell"": 0, ""type"": 6}","{""amplitude"": 0, ""apply_aura"": 4, ""base_points"": 4, ""chain_targets"": 0, ""die_sides"": 1, ""implicit_target_a"": 1, ""implicit_target_b"": 0, ""mechanic"": 0, ""misc_value"": 7997, ""points_per_level"": 0.0, ""radius_yards"": null, ""trigger_spell"": 0, ""type"": 6}",,3021,,,"{""AuraDescription_Lang_Mask"": 16712188, ""CastingTimeIndex"": 1, ""Description_Lang_Mask"": 16712190, ""Description_Lang_enUS"": ""Your Renew spell gains an additional $s1% of your bonus healing effects, and your Renew will instantly heal the target for $s2% of the total periodic effect."", ""EffectBonusMultiplier_3"": 1.0, ""EffectChainAmplitude_1"": 1.0, ""EffectChainAmplitude_2"": 1.0, ""EffectChainAmplitude_3"": 1.0, ""EffectSpellClassMaskA_1"": 64, ""EffectSpellClassMaskB_1"": 1, ""EquippedItemClass"": -1, ""NameSubtext_Lang_Mask"": 16712190, ""NameSubtext_Lang_enUS"": ""Rank 1"", ""Name_Lang_Mask"": 16712190, ""ProcChance"": 101, ""RangeIndex"": 1, ""SpellClassSet"": 6}",pulled from existing data
63542,Empowered Renew,1,0,0,464,0,0,0,0,0,0,0,0.0,,,"{""amplitude"": 0, ""apply_aura"": 108, ""base_points"": 9, ""chain_targets"": 0, ""die_sides"": 1, ""implicit_target_a"": 1, ""implicit_target_b"": 0, ""mechanic"": 0, ""misc_value"": 24, ""points_per_level"": 0.0, ""radius_yards"": null, ""trigger_spell"": 0, ""type"": 6}","{""amplitude"": 0, ""apply_aura"": 4, ""base_points"": 9, ""chain_targets"": 0, ""die_sides"": 1, ""implicit_target_a"": 1, ""implicit_target_b"": 0, ""mechanic"": 0, ""misc_value"": 7997, ""points_per_level"": 0.0, ""radius_yards"": null, ""trigger_spell"": 0, ""type"": 6}",,3021,,,"{""AuraDescription_Lang_Mask"": 16712188, ""CastingTimeIndex"": 1, ""Description_Lang_Mask"": 16712190, ""Description_Lang_enUS"": ""Your Renew spell gains an additional $s1% of your bonus healing effects, and your Renew will instantly heal the target for $s2% of the total periodic effect."", ""EffectBonusMultiplier_3"": 1.0, ""EffectChainAmplitude_1"": 1.0, ""EffectChainAmplitude_2"": 1.0, ""EffectChainAmplitude_3"": 1.0, ""EffectSpellClassMaskA_1"": 64, ""EffectSpellClassMaskB_1"": 1, ""EquippedItemClass"": -1, ""NameSubtext_Lang_Mask"": 16712190, ""NameSubtext_Lang_enUS"": ""Rank 2"", ""Name_Lang_Mask"": 16712190, ""ProcChance"": 101, ""RangeIndex"": 1, ""SpellClassSet"": 6}",pulled from existing data
63543,Empowered Renew,1,0,0,464,0,0,0,0,0,0,0,0.0,,,"{""amplitude"": 0, ""apply_aura"": 108, ""base_points"": 14, ""chain_targets"": 0, ""die_sides"": 1, ""implicit_target_a"": 1, ""implicit_target_b"": 0, ""mechanic"": 0, ""misc_value"": 24, ""points_per_level"": 0.0, ""radius_yards"": null, ""trigger_spell"": 0, ""type"": 6}","{""amplitude"": 0, ""apply_aura"": 4, ""base_points"": 14, ""chain_targets"": 0, ""die_sides"": 1, ""implicit_target_a"": 1, ""implicit_target_b"": 0, ""mechanic"": 0, ""misc_value"": 7997, ""points_per_level"": 0.0, ""radius_yards"": null, ""trigger_spell"": 0, ""type"": 6}",,3021,,,"{""AuraDescription_Lang_Mask"": 16712188, ""CastingTimeIndex"": 1, ""Description_Lang_Mask"": 16712190, ""Description_Lang_enUS"": ""Your Renew spell gains an additional $s1% of your bonus healing effects, and your Renew will instantly heal the target for $s2% of the total periodic effect."", ""EffectBonusMultiplier_3"": 1.0, ""EffectChainAmplitude_1"": 1.0, ""EffectChainAmplitude_2"": 1.0, ""EffectChainAmplitude_3"": 1.0, ""EffectSpellClassMaskA_1"": 64, ""EffectSpellClassMaskB_1"": 64, ""EquippedItemClass"": -1, ""NameSubtext_Lang_Mask"": 16712190, ""NameSubtext_Lang_enUS"": ""Rank 3"", ""Name_Lang_Mask"": 16712190, ""ProcChance"": 101, ""RangeIndex"": 1, ""SpellClassSet"": 6}",pulled from existing data
63574,Soul Warding,1,0,0,464,0,0,0,0,0,0,0,0.0,,,"{""amplitude"": 0, ""apply_aura"": 107, ""base_points"": -4001, ""chain_targets"": 0, ""die_sides"": 1, ""implicit_target_a"": 1, ""implicit_target_b"": 0, ""mechanic"": 0, ""misc_value"": 11, ""points_per_level"": 0.0, ""radius_yards"": null, ""trigger_spell"": 0, ""type"": 6}","{""amplitude"": 0, ""apply_aura"": 108, ""base_points"": -16, ""chain_targets"": 0, ""die_sides"": 1, ""implicit_target_a"": 1, ""implicit_target_b"": 0, ""mechanic"": 0, ""misc_value"": 14, ""points_per_level"": 0.0, ""radius_yards"": null, ""trigger_spell"": 0, ""type"": 6}",,2142,,,"{""AuraDescription_Lang_Mask"": 16712188, ""CastingTimeIndex"": 1, ""Description_Lang_Mask"": 16712190, ""Description_Lang_enUS"": ""Reduces the cooldown of your Power Word: Shield ability by $/1000;s1 sec, and reduces the mana cost of your Power Word: Shield by $s2%."", ""EffectChainAmplitude_1"": 1.0, ""EffectChainAmplitude_2"": 1.0, ""EffectChainAmplitude_3"": 1.0, ""EffectSpellClassMaskA_1"": 1, ""EffectSpellClassMaskB_1"": 1, ""EquippedItemClass"": -1, ""NameSubtext_Lang_Mask"": 16712190, ""NameSubtext_Lang_enUS"": ""Rank 1"", ""Name_Lang_Mask"": 16712190, ""ProcChance"": 101, ""RangeIndex"": 1, ""SpellClassSet"": 6}",pulled from existing data
63625,Improved Devouring Plague,1,0,0,448,0,0,0,0,0,0,0,0.0,,,"{""amplitude"": 0, ""apply_aura"": 108, ""base_points"": 4, ""chain_targets"": 0, ""die_sides"": 1, ""implicit_target_a"": 1, ""implicit_target_b"": 0, ""mechanic"": 0, ""misc_value"": 22, ""points_per_level"": 0.0, ""radius_yards"": null, ""trigger_spell"": 0, ""type"": 6}","{""amplitude"": 0, ""apply_aura"": 4, ""base_points"": 9, ""chain_targets"": 0, ""die_sides"": 1, ""implicit_target_a"": 1, ""implicit_target_b"": 0, ""mechanic"": 0, ""misc_value"": 27, ""points_per_level"": 0.0, ""radius_yards"": null, ""trigger_spell"": 0, ""type"": 6}",,3790,,,"{""AuraDescription_Lang_Mask"": 16712188, ""CastingTimeIndex"": 1, ""Description_Lang_Mask"": 16712190, ""Description_Lang_enUS"": ""Increases the periodic damage done by your Devouring Plague by $s1%, and when you cast Devouring Plague you instantly deal damage equal to $s2% of its total periodic effect."", ""EffectBonusMultiplier_3"": 1.0, ""EffectChainAmplitude_1"": 1.0, ""EffectChainAmplitude_2"": 1.0, ""EffectChainAmplitude_3"": 1.0, ""EffectSpellClassMaskA_1"": 33554432, ""EffectSpellClassMaskB_1"": 33554432, ""EquippedItemClass"": -1, ""NameSubtext_Lang_Mask"": 16712190, ""NameSubtext_Lang_enUS"": ""Rank 1"", ""Name_Lang_Mask"": 16712190, ""ProcChance"": 101, ""RangeIndex"": 1, ""SpellClassSet"": 6}",pulled from existing data
63626,Improved Devouring Plague,1,0,0,448,0,0,0,0,0,0,0,0.0,,,"{""amplitude"": 0, ""apply_aura"": 108, ""base_points"": 9, ""chain_targets"": 0, ""die_sides"": 1, ""implicit_target_a"": 1, ""implicit_target_b"": 0, ""mechanic"": 0, ""misc_value"": 22, ""points_per_level"": 0.0, ""radius_yards"": null, ""trigger_spell"": 0, ""type"": 6}","{""amplitude"": 0, ""apply_aura"": 4, ""base_points"": 19, ""chain_targets"": 0, ""die_sides"": 1, ""implicit_target_a"": 1, ""implicit_target_b"": 0, ""mechanic"": 0, ""misc_value"": 27, ""points_per_level"": 0.0, ""radius_yards"": null, ""trigger_spell"": 0, ""type"": 6}",,3790,,,"{""AuraDescription_Lang_Mask"": 16712188, ""CastingTimeIndex"": 1, ""Description_Lang_Mask"": 16712190, ""Description_Lang_enUS"": ""Increases the periodic damage done by your Devouring Plague by $s1%, and when you cast Devouring Plague you instantly deal damage equal to $s2% of its total periodic effect."", ""EffectBonusMultiplier_3"": 1.0, ""EffectChainAmplitude_1"": 1.0, ""EffectChainAmplitude_2"": 1.0, ""EffectChainAmplitude_3"": 1.0, ""EffectSpellClassMaskA_1"": 33554432, ""EffectSpellClassMaskB_1"": 33554432, ""EquippedItemClass"": -1, ""NameSubtext_Lang_Mask"": 16712190, ""NameSubtext_Lang_enUS"": ""Rank 2"", ""Name_Lang_Mask"": 16712190, ""ProcChance"": 101, ""RangeIndex"": 1, ""SpellClassSet"": 6}",pulled from existing data
63627,Improved Devouring Plague,1,0,0,448,0,0,0,0,0,0,0,0.0,,,"{""amplitude"": 0, ""apply_aura"": 108, ""base_points"": 14, ""chain_targets"": 0, ""die_sides"": 1, ""implicit_target_a"": 1, ""implicit_target_b"": 0, ""mechanic"": 0, ""misc_value"": 22, ""points_per_level"": 0.0, ""radius_yards"": null, ""trigger_spell"": 0, ""type"": 6}","{""amplitude"": 0, ""apply_aura"": 4, ""base_points"": 29, ""chain_targets"": 0, ""die_sides"": 1, ""implicit_target_a"": 1, ""implicit_target_b"": 0, ""mechanic"": 0, ""misc_value"": 27, ""points_per_level"": 0.0, ""radius_yards"": null, ""trigger_spell"": 0, ""type"": 6}",,3790,,,"{""AuraDescription_Lang_Mask"": 16712188, ""CastingTimeIndex"": 1, ""Description_Lang_Mask"": 16712190, ""Description_Lang_enUS"": ""Increases the periodic damage done by your Devouring Plague by $s1%, and when you cast Devouring Plague you instantly deal damage equal to $s2% of its total periodic effect."", ""EffectBonusMultiplier_3"": 1.0, ""EffectChainAmplitude_1"": 1.0, ""EffectChainAmplitude_2"": 1.0, ""EffectChainAmplitude_3"": 1.0, ""EffectSpellClassMaskA_1"": 33554432, ""EffectSpellClassMaskB_1"": 33554432, ""EquippedItemClass"": -1, ""NameSubtext_Lang_Mask"": 16712190, ""NameSubtext_Lang_enUS"": ""Rank 3"", ""Name_Lang_Mask"": 16712190, ""ProcChance"": 101, ""RangeIndex"": 1, ""SpellClassSet"": 6}",pulled from existing data
63730,Serendipity,1,0,0,448,0,0,0,0,0,0,0,0.0,,,"{""amplitude"": 0, ""apply_aura"": 42, ""base_points"": 0, ""chain_targets"": 0, ""die_sides"": 1, ""implicit_target_a"": 1, ""implicit_target_b"": 0, ""mechanic"": 0, ""misc_value"": 8152, ""points_per_level"": 0.0, ""radius_yards"": null, ""trigger_spell"": 63731, ""type"": 6}",,,2900,,,"{""AttributesEx3"": 67633152, ""AuraDescription_Lang_Mask"": 16712188, ""CastingTimeIndex"": 1, ""Description_Lang_Mask"": 16712190, ""Description_Lang_enUS"": ""When you heal with Binding Heal or Flash Heal, the cast time of your next Greater Heal or Prayer of Healing spell is reduced by $63731s1%. Stacks up to 3 times. Lasts $63731d."", ""EffectBasePoints_2"": -1, ""EffectBonusMultiplier_3"": 1.0, ""EffectChainAmplitude_1"": 1.0, ""EffectChainAmplitude_2"": 1.0, ""EffectChainAmplitude_3"": 1.0, ""EffectDieSides_2"": 1, ""EffectSpellClassMaskA_1"": 6144, ""EquippedItemClass"": -1, ""NameSubtext_Lang_Mask"": 16712190, ""NameSubtext_Lang_enUS"": ""Rank 1"", ""Name_Lang_Mask"": 16712190, ""ProcChance"": 100, ""ProcTypeMask"": 16384, ""RangeIndex"": 1, ""SpellClassSet"": 6}",pulled from existing data
63733,Serendipity,1,0,0,448,0,0,0,0,0,0,0,0.0,,,"{""amplitude"": 0, ""apply_aura"": 42, ""base_points"": 0, ""chain_targets"": 0, ""die_sides"": 1, ""implicit_target_a"": 1, ""implicit_target_b"": 0, ""mechanic"": 0, ""misc_value"": 8152, ""points_per_level"": 0.0, ""radius_yards"": null, ""trigger_spell"": 63735, ""type"": 6}",,,2900,,,"{""AttributesEx3"": 67633152, ""AuraDescription_Lang_Mask"": 16712188, ""CastingTimeIndex"": 1, ""Description_Lang_Mask"": 16712190, ""Description_Lang_enUS"": ""When you heal with Binding Heal or Flash Heal, the cast time of your next Greater Heal or Prayer of Healing spell is reduced by $63735s1%. Stacks up to 3 times. Lasts $63735d."", ""EffectBasePoints_2"": -1, ""EffectBonusMultiplier_3"": 1.0, ""EffectChainAmplitude_1"": 1.0, ""EffectChainAmplitude_2"": 1.0, ""EffectChainAmplitude_3"": 1.0, ""EffectDieSides_2"": 1, ""EffectSpellClassMaskA_1"": 6144, ""EquippedItemClass"": -1, ""NameSubtext_Lang_Mask"": 16712190, ""NameSubtext_Lang_enUS"": ""Rank 2"", ""Name_Lang_Mask"": 16712190, ""ProcChance"": 100, ""ProcTypeMask"": 16384, ""RangeIndex"": 1, ""SpellClassSet"": 6}",pulled from existing data
63737,Serendipity,1,0,0,448,0,0,0,0,0,0,0,0.0,,,"{""amplitude"": 0, ""apply_aura"": 42, ""base_points"": 0, ""chain_targets"": 0, ""die_sides"": 1, ""implicit_target_a"": 1, ""implicit_target_b"": 0, ""mechanic"": 0, ""misc_value"": 8152, ""points_per_level"": 0.0, ""radius_yards"": null, ""trigger_spell"": 63734, ""type"": 6}",,,2900,,,"{""AttributesEx3"": 67633152, ""AuraDescription_Lang_Mask"": 16712188, ""CastingTimeIndex"": 1, ""Description_Lang_Mask"": 16712190, ""Description_Lang_enUS"": ""When you heal with Binding Heal or Flash Heal, the cast time of your next Greater Heal or Prayer of Healing spell is reduced by $63734s1%. Stacks up to 3 times. Lasts $63734d."", ""EffectBasePoints_2"": -1, ""EffectBonusMultiplier_3"": 1.0, ""EffectChainAmplitude_1"": 1.0, ""EffectChainAmplitude_2"": 1.0, ""EffectChainAmplitude_3"": 1.0, ""EffectDieSides_2"": 1, ""EffectSpellClassMaskA_1"": 6144, ""EquippedItemClass"": -1, ""NameSubtext_Lang_Mask"": 16712190, ""NameSubtext_Lang_enUS"": ""Rank 3"", ""Name_Lang_Mask"": 16712190, ""ProcChance"": 100, ""ProcTypeMask"": 16384, ""RangeIndex"": 1, ""SpellClassSet"": 6}",pulled from existing data
64044,Psychic Horror,32,1,0,65536,0,0,120000,0,0,0,16,30.0,,3000,"{""amplitude"": 0, ""apply_aura"": 12, ""base_points"": -1, ""chain_targets"": 0, ""die_sides"": 1, ""implicit_target_a"": 6, ""implicit_target_b"": 0, ""mechanic"": 24, ""misc_value"": 0, ""points_per_level"": 0.0, ""radius_yards"": null, ""trigger_spell"": 0, ""type"": 6}","{""amplitude"": 0, ""apply_aura"": 0, ""base_points"": 0, ""chain_targets"": 0, ""die_sides"": 1, ""implicit_target_a"": 6, ""implicit_target_b"": 0, ""mechanic"": 0, ""misc_value"": 0, ""points_per_level"": 0.0, ""radius_yards"": null, ""trigger_spell"": 64058, ""type"": 64}",,2847,,,"{""AuraDescription_Lang_Mask"": 16712190, ""AuraDescription_Lang_enUS"": ""Horrified."", ""CastingTimeIndex"": 1, ""DefenseType"": 1, ""Description_Lang_Mask"": 16712190, ""Description_Lang_enUS"": ""You terrify the target, causing them to tremble in horror for $d and drop their main hand and ranged weapons for $64058d."", ""EffectBasePoints_3"": -1, ""EffectChainAmplitude_1"": 1.0, ""EffectChainAmplitude_2"": 1.0, ""EffectChainAmplitude_3"": 1.0, ""EffectDieSides_3"": 1, ""EffectMechanic_3"": 24, ""EquippedItemClass"": -1, ""FacingCasterFlags"": 1, ""InterruptFlags"": 8, ""NameSubtext_Lang_Mask"": 16712172, ""Name_Lang_Mask"": 16712190, ""PreventionType"": 1, ""ProcChance"": 101, ""SpellClassMask_3"": 8192, ""SpellClassSet"": 6, ""SpellPriority"": 50, ""SpellVisualID_1"": 13757, ""StartRecoveryCategory"": 133, ""StartRecoveryTime"": 1500}",pulled from existing data
64127,Body and Soul,1,0,0,448,0,0,0,0,0,0,0,0.0,,,"{""amplitude"": 0, ""apply_aura"": 42, ""base_points"": 29, ""chain_targets"": 0, ""die_sides"": 1, ""implicit_target_a"": 1, ""implicit_target_b"": 0, ""mechanic"": 0, ""misc_value"": 0, ""points_per_level"": 0.0, ""radius_yards"": null, ""trigger_spell"": 64128, ""type"": 6}","{""amplitude"": 0, ""apply_aura"": 4, ""base_points"": 49, ""chain_targets"": 0, ""die_sides"": 1, ""implicit_target_a"": 1, ""implicit_target_b"": 0, ""mechanic"": 0, ""misc_value"": 0, ""points_per_level"": 0.0, ""radius_yards"": null, ""trigger_spell"": 0, ""type"": 6}",,2218,,,"{""AuraDescription_Lang_Mask"": 16712188, ""CastingTimeIndex"": 1, ""Description_Lang_Mask"": 16712190, ""Description_Lang_enUS"": ""When you cast Power Word: Shield, you increase the target's movement speed by $s1% for $64128d, and you have a $s2% chance when you cast Abolish Disease on yourself to also cleanse 1 poison effect in addition to diseases."", ""EffectBasePoints_3"": -1, ""EffectBonusMultiplier_1"": 1.0, ""EffectChainAmplitude_1"": 1.0, ""EffectChainAmplitude_2"": 1.0, ""EffectChainAmplitude_3"": 1.0, ""EffectDieSides_3"": 1, ""EffectSpellClassMaskA_1"": 402653696, ""EffectSpellClassMaskA_2"": 4, ""EffectSpellClassMaskB_3"": 4, ""EffectSpellClassMaskC_2"": 32, ""EquippedItemClass"": -1, ""NameSubtext_Lang_Mask"": 16712190, ""NameSubtext_Lang_enUS"": ""Rank 1"", ""Name_Lang_Mask"": 16712190, ""ProcChance"": 100, ""ProcTypeMask"": 16384, ""RangeIndex"": 1, ""SpellClassSet"": 6}",pulled from existing data
64129,Body and Soul,1,0,0,448,0,0,0,0,0,0,0,0.0,,,"{""amplitude"": 0, ""apply_aura"": 42, ""base_points"": 59, ""chain_targets"": 0, ""die_sides"": 1, ""implicit_target_a"": 1, ""implicit_target_b"": 0, ""mechanic"": 0, ""misc_value"": 0, ""points_per_level"": 0.0, ""radius_yards"": null, ""trigger_spell"": 65081, ""type"": 6}","{""amplitude"": 0, ""apply_aura"": 4, ""base_points"": 99, ""chain_targets"": 0, ""die_sides"": 1, ""implicit_target_a"": 1, ""implicit_target_b"": 0, ""mechanic"": 0, ""misc_value"": 0, ""points_per_level"": 0.0, ""radius_yards"": null, ""trigger_spell"": 0, ""type"": 6}",,2218,,,"{""AuraDescription_Lang_Mask"": 16712188, ""CastingTimeIndex"": 1, ""Description_Lang_Mask"": 16712190, ""Description_Lang_enUS"": ""When you cast Power Word: Shield, you increase the target's movement speed by $s1% for $64128d, and you have a $s2% chance when you cast Abolish Disease on yourself to also cleanse 1 poison effect in addition to diseases."", ""EffectBasePoints_3"": -1, ""EffectBonusMultiplier_1"": 1.0, ""EffectChainAmplitude_1"": 1.0, ""EffectChainAmplitude_2"": 1.0, ""EffectChainAmplitude_3"": 1.0, ""EffectDieSides_3"": 1, ""EffectSpellClassMaskA_1"": 402653696, ""EffectSpellClassMaskA_2"": 4, ""EffectSpellClassMaskB_3"": 4, ""EffectSpellClassMaskC_2"": 32, ""EquippedItemClass"": -1, ""NameSubtext_Lang_Mask"": 16712190, ""NameSubtext_Lang_enUS"": ""Rank 2"", ""Name_Lang_Mask"": 16712190, ""ProcChance"": 100, ""ProcTypeMask"": 16384, ""RangeIndex"": 1, ""SpellClassSet"": 6}",pulled from existing data
