id,name,school,dispel,mechanic,attributes,category,cast_time_ms,cooldown_ms,category_cooldown_ms,power_type,mana_cost,mana_cost_pct,range_yards,radius_yards,duration_ms,effect1,effect2,effect3,spell_icon_id,spell_weight,coeff_weight,raw_overrides,notes
1329,Mutilate,1,0,0,327696,0,0,0,0,3,60,0,5.0,,,"{""amplitude"": 0, ""apply_aura"": 0, ""base_points"": 1, ""chain_targets"": 0, ""die_sides"": 1, ""implicit_target_a"": 6, ""implicit_target_b"": 0, ""mechanic"": 0, ""misc_value"": 0, ""points_per_level"": 0.0, ""radius_yards"": null, ""trigger_spell"": 0, ""type"": 80}","{""amplitude"": 0, ""apply_aura"": 0, ""base_points"": 0, ""chain_targets"": 0, ""die_sides"": 0, ""implicit_target_a"": 6, ""implicit_target_b"": 0, ""mechanic"": 0, ""misc_value"": 0, ""points_per_level"": 0.0, ""radius_yards"": null, ""trigger_spell"": 5374, ""type"": 64}","{""amplitude"": 0, ""apply_aura"": 0, ""base_points"": 0, ""chain_targets"": 0, ""die_sides"": 0, ""implicit_target_a"": 6, ""implicit_target_b"": 0, ""mechanic"": 0, ""misc_value"": 0, ""points_per_level"": 0.0, ""radius_yards"": null, ""trigger_spell"": 27576, ""type"": 64}",2117,,,"{""AttributesEx"": 134218240, ""AttributesEx2"": 1048576, ""AttributesEx3"": 16843776, ""AuraDescription_Lang_Mask"": 16712188, ""BaseLevel"": 40, ""CastingTimeIndex"": 1, ""DefenseType"": 2, ""Description_Lang_Mask"": 16712190, ""Description_Lang_enUS"": ""Instantly attacks with both weapons for $<percent>% weapon damage plus an additional $5374s1 with each weapon.  Damage is increased by 20% against Poisoned targets.  Awards 2 combo points."", ""EffectBonusMultiplier_1"": 1.0, ""EffectBonusMultiplier_2"": 1.0, ""EffectBonusMultiplier_3"": 1.0, ""EffectChainAmplitude_1"": 1.0, ""EffectChainAmplitude_2"": 1.0, ""EffectChainAmplitude_3"": 1.0, ""EquippedItemClass"": 2, ""EquippedItemSubclass"": 32768, ""FacingCasterFlags"": 1, ""MaxLevel"": 80, ""NameSubtext_Lang_Mask"": 16712190, ""NameSubtext_Lang_enUS"": """", ""Name_Lang_Mask"": 16712190, ""PreventionType"": 2, ""ProcChance"": 101, ""RangeIndex"": 2, ""SpellClassMask_2"": 2097152, ""SpellClassSet"": 8, ""SpellDescriptionVariableID"": 172, ""SpellLevel"": 40, ""SpellVisualID_1"": 7913, ""StartRecoveryCategory"": 133, ""StartRecoveryTime"": 1000}","single-rank bootstrap: BasePoints/BaseLevel/SpellLevel kept from rank 1 (learn level 40); RealPointsPerLevel from rank1→level-60 slope (anchor 34412, rank 3); coefficient/cast_time_ms/mana_cost_pct from max rank (48666, rank 6); MaxLevel set to 80; flat energy cost kept as-is (Rogue is Energy-based, not Mana)"
16511,Hemorrhage,1,0,0,67436560,0,0,0,0,3,35,0,5.0,,15000,"{""amplitude"": 0, ""apply_aura"": 0, ""base_points"": 0, ""chain_targets"": 0, ""die_sides"": 0, ""implicit_target_a"": 6, ""implicit_target_b"": 0, ""mechanic"": 0, ""misc_value"": 0, ""points_per_level"": 0.0, ""radius_yards"": null, ""trigger_spell"": 0, ""type"": 121}","{""amplitude"": 0, ""apply_aura"": 0, ""base_points"": 109, ""chain_targets"": 0, ""die_sides"": 1, ""implicit_target_a"": 6, ""implicit_target_b"": 0, ""mechanic"": 0, ""misc_value"": 0, ""points_per_level"": 0.0, ""radius_yards"": null, ""trigger_spell"": 0, ""type"": 31}","{""amplitude"": 0, ""apply_aura"": 14, ""base_points"": 12, ""chain_targets"": 0, ""die_sides"": 1, ""implicit_target_a"": 6, ""implicit_target_b"": 0, ""mechanic"": 0, ""misc_value"": 1, ""points_per_level"": 0.5333333333333333, ""radius_yards"": null, ""trigger_spell"": 0, ""type"": 6}",153,,,"{""AttributesEx"": 134218240, ""AttributesEx3"": 1026, ""AuraDescription_Lang_Mask"": 16712190, ""AuraDescription_Lang_enUS"": ""Increases damage taken by $s3."", ""BaseLevel"": 30, ""CastingTimeIndex"": 1, ""DefenseType"": 2, ""Description_Lang_Mask"": 16712190, ""Description_Lang_enUS"": ""An instant strike that deals $s2% weapon damage (${$m2*1.45}% if a dagger is equipped) and causes the target to hemorrhage, increasing any Physical damage dealt to the target by up to $<bonus>.  Lasts $n charges or $d.  Awards 1 combo point."", ""EffectBonusMultiplier_1"": 1.0, ""EffectChainAmplitude_1"": 1.0, ""EffectChainAmplitude_2"": 1.0, ""EffectChainAmplitude_3"": 1.0, ""EquippedItemClass"": 2, ""EquippedItemSubclass"": 173555, ""FacingCasterFlags"": 1, ""MaxLevel"": 80, ""NameSubtext_Lang_Mask"": 16712190, ""NameSubtext_Lang_enUS"": """", ""Name_Lang_Mask"": 16712190, ""PreventionType"": 2, ""ProcChance"": 100, ""ProcCharges"": 10, ""ProcTypeMask"": 139944, ""RangeIndex"": 2, ""SpellClassMask_1"": 41943040, ""SpellClassSet"": 8, ""SpellDescriptionVariableID"": 64, ""SpellLevel"": 30, ""SpellVisualID_1"": 5119, ""StanceBarOrder"": 4294967295, ""StartRecoveryCategory"": 133, ""StartRecoveryTime"": 1000}","single-rank bootstrap: BasePoints/BaseLevel/SpellLevel kept from rank 1 (learn level 30); RealPointsPerLevel from rank1→level-60 slope (anchor 17348, rank 3); coefficient/cast_time_ms/mana_cost_pct from max rank (48660, rank 5); MaxLevel set to 80; flat energy cost kept as-is (Rogue is Energy-based, not Mana)"
5952,Throwing Specialization,1,0,0,262352,0,0,0,0,0,0,0,0.0,,,"{""amplitude"": 0, ""apply_aura"": 107, ""base_points"": 1, ""chain_targets"": 0, ""die_sides"": 1, ""implicit_target_a"": 1, ""implicit_target_b"": 0, ""mechanic"": 0, ""misc_value"": 5, ""points_per_level"": 0.0, ""radius_yards"": null, ""trigger_spell"": 0, ""type"": 6}","{""amplitude"": 0, ""apply_aura"": 42, ""base_points"": -1, ""chain_targets"": 0, ""die_sides"": 1, ""implicit_target_a"": 1, ""implicit_target_b"": 0, ""mechanic"": 0, ""misc_value"": 0, ""points_per_level"": 0.0, ""radius_yards"": null, ""trigger_spell"": 51680, ""type"": 6}",,2910,,,"{""AuraDescription_Lang_Mask"": 16712188, ""CastingTimeIndex"": 1, ""Description_Lang_Mask"": 16712190, ""Description_Lang_enUS"": ""Increases the range of Throw and Deadly Throw by $s1 yards and gives your Deadly Throw a $h% chance to interrupt the target for $51680d."", ""EffectChainAmplitude_1"": 1.0, ""EffectChainAmplitude_2"": 1.0, ""EffectChainAmplitude_3"": 1.0, ""EffectSpellClassMaskA_1"": 1, ""EffectSpellClassMaskA_2"": 1, ""EquippedItemClass"": -1, ""NameSubtext_Lang_Mask"": 16712190, ""NameSubtext_Lang_enUS"": ""Rank 1"", ""Name_Lang_Mask"": 16712190, ""ProcChance"": 50, ""ProcTypeMask"": 349456, ""RangeIndex"": 1, ""SpellClassSet"": 8}",pulled from existing data
13715,Dual Wield Specialization,1,0,0,464,0,0,0,0,0,0,0,0.0,,-1,"{""amplitude"": 0, ""apply_aura"": 122, ""base_points"": 9, ""chain_targets"": 0, ""die_sides"": 1, ""implicit_target_a"": 1, ""implicit_target_b"": 0, ""mechanic"": 0, ""misc_value"": 0, ""points_per_level"": 0.0, ""radius_yards"": null, ""trigger_spell"": 0, ""type"": 6}",,,533,,,"{""AuraDescription_Lang_Mask"": 16712188, ""CastingTimeIndex"": 1, ""Description_Lang_Mask"": 16712190, ""Description_Lang_enUS"": ""Increases the damage done by your offhand weapon by $s1%."", ""EffectBonusMultiplier_1"": 1.0, ""EffectChainAmplitude_1"": 1.0, ""EquippedItemClass"": -1, ""NameSubtext_Lang_Mask"": 16712190, ""NameSubtext_Lang_enUS"": ""Rank 1"", ""Name_Lang_Mask"": 16712190, ""ProcChance"": 101, ""RangeIndex"": 1, ""SpellClassSet"": 8}",pulled from existing data
13732,Improved Sinister Strike,1,0,0,464,0,0,0,0,3,0,0,0.0,,-1,"{""amplitude"": 0, ""apply_aura"": 107, ""base_points"": -4, ""chain_targets"": 0, ""die_sides"": 1, ""implicit_target_a"": 1, ""implicit_target_b"": 0, ""mechanic"": 0, ""misc_value"": 14, ""points_per_level"": 0.0, ""radius_yards"": null, ""trigger_spell"": 0, ""type"": 6}",,,130,,,"{""AuraDescription_Lang_Mask"": 16712188, ""CastingTimeIndex"": 1, ""Description_Lang_Mask"": 16712190, ""Description_Lang_enUS"": ""Reduces the Energy cost of your Sinister Strike ability by $s1."", ""EffectBonusMultiplier_1"": 1.0, ""EffectChainAmplitude_1"": 1.0, ""EffectItemType_1"": 2, ""EffectSpellClassMaskA_1"": 2, ""EquippedItemClass"": -1, ""NameSubtext_Lang_Mask"": 16712190, ""NameSubtext_Lang_enUS"": ""Rank 1"", ""Name_Lang_Mask"": 16712190, ""ProcChance"": 101, ""RangeIndex"": 1, ""SpellClassSet"": 8}",pulled from existing data
13733,Puncturing Wounds,1,0,0,464,0,0,0,0,0,0,0,0.0,,,"{""amplitude"": 0, ""apply_aura"": 107, ""base_points"": 9, ""chain_targets"": 0, ""die_sides"": 1, ""implicit_target_a"": 1, ""implicit_target_b"": 0, ""mechanic"": 0, ""misc_value"": 7, ""points_per_level"": 0.0, ""radius_yards"": null, ""trigger_spell"": 0, ""type"": 6}","{""amplitude"": 0, ""apply_aura"": 107, ""base_points"": 4, ""chain_targets"": 0, ""die_sides"": 1, ""implicit_target_a"": 1, ""implicit_target_b"": 0, ""mechanic"": 0, ""misc_value"": 7, ""points_per_level"": 0.0, ""radius_yards"": null, ""trigger_spell"": 0, ""type"": 6}",,243,,,"{""AuraDescription_Lang_Mask"": 16712188, ""CastingTimeIndex"": 1, ""Description_Lang_Mask"": 16712190, ""Description_Lang_enUS"": ""Increases the critical strike chance of your Backstab ability by $s1%, and the critical strike chance of your Mutilate ability by $s2%."", ""EffectBonusMultiplier_1"": 1.0, ""EffectChainAmplitude_1"": 1.0, ""EffectChainAmplitude_2"": 1.0, ""EffectChainAmplitude_3"": 1.0, ""EffectSpellClassMaskA_1"": 4, ""EffectSpellClassMaskB_2"": 6, ""EquippedItemClass"": -1, ""NameSubtext_Lang_Mask"": 16712190, ""NameSubtext_Lang_enUS"": ""Rank 1"", ""Name_Lang_Mask"": 16712190, ""ProcChance"": 101, ""RangeIndex"": 1, ""SpellClassSet"": 8}",pulled from existing data
13741,Improved Gouge,1,0,0,464,0,0,0,0,0,0,0,0.0,,-1,"{""amplitude"": 0, ""apply_aura"": 107, ""base_points"": 499, ""chain_targets"": 0, ""die_sides"": 1, ""implicit_target_a"": 1, ""implicit_target_b"": 0, ""mechanic"": 0, ""misc_value"": 1, ""points_per_level"": 0.0, ""radius_yards"": null, ""trigger_spell"": 0, ""type"": 6}",,,245,,,"{""AuraDescription_Lang_Mask"": 16712188, ""CastingTimeIndex"": 1, ""Description_Lang_Mask"": 16712190, ""Description_Lang_enUS"": ""Increases the effect duration of your Gouge ability by $/1000;S1 sec."", ""EffectBonusMultiplier_1"": 1.0, ""EffectChainAmplitude_1"": 1.0, ""EffectItemType_1"": 8, ""EffectSpellClassMaskA_1"": 8, ""EquippedItemClass"": -1, ""NameSubtext_Lang_Mask"": 16712190, ""NameSubtext_Lang_enUS"": ""Rank 1"", ""Name_Lang_Mask"": 16712190, ""ProcChance"": 101, ""RangeIndex"": 1, ""SpellClassSet"": 8}",pulled from existing data
13742,Endurance,1,0,0,464,0,0,0,0,0,0,0,0.0,,,"{""amplitude"": 0, ""apply_aura"": 107, ""base_points"": -30001, ""chain_targets"": 0, ""die_sides"": 1, ""implicit_target_a"": 1, ""implicit_target_b"": 0, ""mechanic"": 0, ""misc_value"": 11, ""points_per_level"": 0.0, ""radius_yards"": null, ""trigger_spell"": 0, ""type"": 6}","{""amplitude"": 0, ""apply_aura"": 137, ""base_points"": 1, ""chain_targets"": 0, ""die_sides"": 1, ""implicit_target_a"": 1, ""implicit_target_b"": 0, ""mechanic"": 0, ""misc_value"": 2, ""points_per_level"": 0.0, ""radius_yards"": null, ""trigger_spell"": 0, ""type"": 6}",,178,,,"{""AuraDescription_Lang_Mask"": 16712188, ""CastingTimeIndex"": 1, ""Description_Lang_Mask"": 16712190, ""Description_Lang_enUS"": ""Reduces the cooldown of your Sprint and Evasion abilities by $/1000;s1 sec and increases your total Stamina by $s2%."", ""EffectChainAmplitude_1"": 1.0, ""EffectChainAmplitude_2"": 1.0, ""EffectChainAmplitude_3"": 1.0, ""EffectSpellClassMaskA_1"": 96, ""EffectSpellClassMaskB_1"": 32, ""EquippedItemClass"": -1, ""NameSubtext_Lang_Mask"": 16712190, ""NameSubtext_Lang_enUS"": ""Rank 1"", ""Name_Lang_Mask"": 16712190, ""ProcChance"": 101, ""RangeIndex"": 1, ""SpellClassSet"": 8}",pulled from existing data
13743,Improved Sprint,1,0,0,464,0,0,0,0,0,0,0,0.0,,-1,"{""amplitude"": 0, ""apply_aura"": 109, ""base_points"": 49, ""chain_targets"": 0, ""die_sides"": 1, ""implicit_target_a"": 1, ""implicit_target_b"": 0, ""mechanic"": 0, ""misc_value"": 0, ""points_per_level"": 0.0, ""radius_yards"": null, ""trigger_spell"": 30918, ""type"": 6}",,,516,,,"{""AuraDescription_Lang_Mask"": 16712188, ""CastingTimeIndex"": 1, ""Description_Lang_Mask"": 16712190, ""Description_Lang_enUS"": ""Gives a $s1% chance to remove all Movement Impairing effects when you activate your Sprint ability."", ""EffectBonusMultiplier_1"": 1.0, ""EffectChainAmplitude_1"": 1.0, ""EffectSpellClassMaskA_1"": 64, ""EquippedItemClass"": -1, ""NameSubtext_Lang_Mask"": 16712190, ""NameSubtext_Lang_enUS"": ""Rank 1"", ""Name_Lang_Mask"": 16712190, ""ProcChance"": 101, ""RangeIndex"": 1, ""SpellClassSet"": 8}",pulled from existing data
13750,Adrenaline Rush,1,0,0,65552,0,0,180000,0,3,0,0,0.0,,15000,"{""amplitude"": 0, ""apply_aura"": 110, ""base_points"": 99, ""chain_targets"": 0, ""die_sides"": 1, ""implicit_target_a"": 1, ""implicit_target_b"": 0, ""mechanic"": 0, ""misc_value"": 3, ""points_per_level"": 0.0, ""radius_yards"": null, ""trigger_spell"": 0, ""type"": 6}",,,235,,,"{""AuraDescription_Lang_Mask"": 16712190, ""AuraDescription_Lang_enUS"": ""Energy regeneration increased by $s1%."", ""CastingTimeIndex"": 1, ""Description_Lang_Mask"": 16712190, ""Description_Lang_enUS"": ""Increases your Energy regeneration rate by $s1% for $d."", ""EffectBonusMultiplier_1"": 1.0, ""EffectChainAmplitude_1"": 1.0, ""EffectChainAmplitude_2"": 1.0, ""EffectChainAmplitude_3"": 1.0, ""EquippedItemClass"": -1, ""NameSubtext_Lang_Mask"": 16712188, ""Name_Lang_Mask"": 16712190, ""ProcChance"": 101, ""RangeIndex"": 1, ""SpellClassMask_2"": 128, ""SpellClassSet"": 8, ""SpellVisualID_1"": 8996, ""StartRecoveryCategory"": 133, ""StartRecoveryTime"": 1000}",pulled from existing data
13754,Improved Kick,1,0,0,464,0,0,0,0,0,0,0,0.0,,-1,"{""amplitude"": 0, ""apply_aura"": 42, ""base_points"": -1, ""chain_targets"": 0, ""die_sides"": 1, ""implicit_target_a"": 1, ""implicit_target_b"": 0, ""mechanic"": 0, ""misc_value"": 0, ""points_per_level"": 0.0, ""radius_yards"": null, ""trigger_spell"": 18425, ""type"": 6}",,,246,,,"{""AttributesEx3"": 524288, ""AuraDescription_Lang_Mask"": 16712188, ""CastingTimeIndex"": 1, ""Description_Lang_Mask"": 16712190, ""Description_Lang_enUS"": ""Gives your Kick ability a $h% chance to silence the target for $18425d."", ""EffectBonusMultiplier_1"": 1.0, ""EffectChainAmplitude_1"": 1.0, ""EquippedItemClass"": -1, ""NameSubtext_Lang_Mask"": 16712190, ""NameSubtext_Lang_enUS"": ""Rank 1"", ""Name_Lang_Mask"": 16712190, ""ProcChance"": 50, ""ProcTypeMask"": 87376, ""RangeIndex"": 1, ""SpellClassSet"": 8}",pulled from existing data
13792,Improved Gouge,1,0,0,464,0,0,0,0,0,0,0,0.0,,-1,"{""amplitude"": 0, ""apply_aura"": 107, ""base_points"": 1499, ""chain_targets"": 0, ""die_sides"": 1, ""implicit_target_a"": 1, ""implicit_target_b"": 0, ""mechanic"": 0, ""misc_value"": 1, ""points_per_level"": 0.0, ""radius_yards"": null, ""trigger_spell"": 0, ""type"": 6}",,,245,,,"{""AuraDescription_Lang_Mask"": 16712188, ""CastingTimeIndex"": 1, ""Description_Lang_Mask"": 16712190, ""Description_Lang_enUS"": ""Increases the effect duration of your Gouge ability by $/1000;S1 sec."", ""EffectBonusMultiplier_1"": 1.0, ""EffectChainAmplitude_1"": 1.0, ""EffectItemType_1"": 8, ""EffectSpellClassMaskA_1"": 8, ""EquippedItemClass"": -1, ""NameSubtext_Lang_Mask"": 16712190, ""NameSubtext_Lang_enUS"": ""Rank 3"", ""Name_Lang_Mask"": 16712190, ""ProcChance"": 101, ""RangeIndex"": 1, ""SpellClassSet"": 8}",pulled from existing data
13793,Improved Gouge,1,0,0,464,0,0,0,0,0,0,0,0.0,,-1,"{""amplitude"": 0, ""apply_aura"": 107, ""base_points"": 999, ""chain_targets"": 0, ""die_sides"": 1, ""implicit_target_a"": 1, ""implicit_target_b"": 0, ""mechanic"": 0, ""misc_value"": 1, ""points_per_level"": 0.0, ""radius_yards"": null, ""trigger_spell"": 0, ""type"": 6}",,,245,,,"{""AuraDescription_Lang_Mask"": 16712188, ""CastingTimeIndex"": 1, ""Description_Lang_Mask"": 16712190, ""Description_Lang_enUS"": ""Increases the effect duration of your Gouge ability by $/1000;S1 sec."", ""EffectBonusMultiplier_1"": 1.0, ""EffectChainAmplitude_1"": 1.0, ""EffectItemType_1"": 8, ""EffectSpellClassMaskA_1"": 8, ""EquippedItemClass"": -1, ""NameSubtext_Lang_Mask"": 16712190, ""NameSubtext_Lang_enUS"": ""Rank 2"", ""Name_Lang_Mask"": 16712190, ""ProcChance"": 101, ""RangeIndex"": 1, ""SpellClassSet"": 8}",pulled from existing data
13848,Dual Wield Specialization,1,0,0,464,0,0,0,0,0,0,0,0.0,,-1,"{""amplitude"": 0, ""apply_aura"": 122, ""base_points"": 19, ""chain_targets"": 0, ""die_sides"": 1, ""implicit_target_a"": 1, ""implicit_target_b"": 0, ""mechanic"": 0, ""misc_value"": 0, ""points_per_level"": 0.0, ""radius_yards"": null, ""trigger_spell"": 0, ""type"": 6}",,,533,,,"{""AuraDescription_Lang_Mask"": 16712188, ""CastingTimeIndex"": 1, ""Description_Lang_Mask"": 16712190, ""Description_Lang_enUS"": ""Increases the damage done by your offhand weapon by $s1%."", ""EffectBonusMultiplier_1"": 1.0, ""EffectChainAmplitude_1"": 1.0, ""EquippedItemClass"": -1, ""NameSubtext_Lang_Mask"": 16712190, ""NameSubtext_Lang_enUS"": ""Rank 2"", ""Name_Lang_Mask"": 16712190, ""ProcChance"": 101, ""RangeIndex"": 1, ""SpellClassSet"": 8}",pulled from existing data
13849,Dual Wield Specialization,1,0,0,464,0,0,0,0,0,0,0,0.0,,-1,"{""amplitude"": 0, ""apply_aura"": 122, ""base_points"": 29, ""chain_targets"": 0, ""die_sides"": 1, ""implicit_target_a"": 1, ""implicit_target_b"": 0, ""mechanic"": 0, ""misc_value"": 0, ""points_per_level"": 0.0, ""radius_yards"": null, ""trigger_spell"": 0, ""type"": 6}",,,533,,,"{""AuraDescription_Lang_Mask"": 16712188, ""CastingTimeIndex"": 1, ""Description_Lang_Mask"": 16712190, ""Description_Lang_enUS"": ""Increases the damage done by your offhand weapon by $s1%."", ""EffectBonusMultiplier_1"": 1.0, ""EffectChainAmplitude_1"": 1.0, ""EquippedItemClass"": -1, ""NameSubtext_Lang_Mask"": 16712190, ""NameSubtext_Lang_enUS"": ""Rank 3"", ""Name_Lang_Mask"": 16712190, ""ProcChance"": 101, ""RangeIndex"": 1, ""SpellClassSet"": 8}",pulled from existing data
13851,Dual Wield Specialization,1,0,0,464,0,0,0,0,0,0,0,0.0,,-1,"{""amplitude"": 0, ""apply_aura"": 122, ""base_points"": 39, ""chain_targets"": 0, ""die_sides"": 1, ""implicit_target_a"": 1, ""implicit_target_b"": 0, ""mechanic"": 0, ""misc_value"": 0, ""points_per_level"": 0.0, ""radius_yards"": null, ""trigger_spell"": 0, ""type"": 6}",,,533,,,"{""AuraDescription_Lang_Mask"": 16712188, ""CastingTimeIndex"": 1, ""Description_Lang_Mask"": 16712190, ""Description_Lang_enUS"": ""Increases the damage done by your offhand weapon by $s1%."", ""EffectBonusMultiplier_1"": 1.0, ""EffectChainAmplitude_1"": 1.0, ""EquippedItemClass"": -1, ""NameSubtext_Lang_Mask"": 16712190, ""NameSubtext_Lang_enUS"": ""Rank 4"", ""Name_Lang_Mask"": 16712190, ""ProcChance"": 101, ""RangeIndex"": 1, ""SpellClassSet"": 8}",pulled from existing data
13852,Dual Wield Specialization,1,0,0,464,0,0,0,0,0,0,0,0.0,,-1,"{""amplitude"": 0, ""apply_aura"": 122, ""base_points"": 49, ""chain_targets"": 0, ""die_sides"": 1, ""implicit_target_a"": 1, ""implicit_target_b"": 0, ""mechanic"": 0, ""misc_value"": 0, ""points_per_level"": 0.0, ""radius_yards"": null, ""trigger_spell"": 0, ""type"": 6}",,,533,,,"{""AuraDescription_Lang_Mask"": 16712188, ""CastingTimeIndex"": 1, ""Description_Lang_Mask"": 16712190, ""Description_Lang_enUS"": ""Increases the damage done by your offhand weapon by $s1%."", ""EffectBonusMultiplier_1"": 1.0, ""EffectChainAmplitude_1"": 1.0, ""EquippedItemClass"": -1, ""NameSubtext_Lang_Mask"": 16712190, ""NameSubtext_Lang_enUS"": ""Rank 5"", ""Name_Lang_Mask"": 16712190, ""ProcChance"": 101, ""RangeIndex"": 1, ""SpellClassSet"": 8}",pulled from existing data
13863,Improved Sinister Strike,1,0,0,464,0,0,0,0,3,0,0,0.0,,-1,"{""amplitude"": 0, ""apply_aura"": 107, ""base_points"": -6, ""chain_targets"": 0, ""die_sides"": 1, ""implicit_target_a"": 1, ""implicit_target_b"": 0, ""mechanic"": 0, ""misc_value"": 14, ""points_per_level"": 0.0, ""radius_yards"": null, ""trigger_spell"": 0, ""type"": 6}",,,130,,,"{""AuraDescription_Lang_Mask"": 16712188, ""CastingTimeIndex"": 1, ""Description_Lang_Mask"": 16712190, ""Description_Lang_enUS"": ""Reduces the Energy cost of your Sinister Strike ability by $s1."", ""EffectBonusMultiplier_1"": 1.0, ""EffectChainAmplitude_1"": 1.0, ""EffectItemType_1"": 2, ""EffectSpellClassMaskA_1"": 2, ""EquippedItemClass"": -1, ""NameSubtext_Lang_Mask"": 16712190, ""NameSubtext_Lang_enUS"": ""Rank 2"", ""Name_Lang_Mask"": 16712190, ""ProcChance"": 101, ""RangeIndex"": 1, ""SpellClassSet"": 8}",pulled from existing data
13865,Puncturing Wounds,1,0,0,464,0,0,0,0,0,0,0,0.0,,,"{""amplitude"": 0, ""apply_aura"": 107, ""base_points"": 19, ""chain_targets"": 0, ""die_sides"": 1, ""implicit_target_a"": 1, ""implicit_target_b"": 0, ""mechanic"": 0, ""misc_value"": 7, ""points_per_level"": 0.0, ""radius_yards"": null, ""trigger_spell"": 0, ""type"": 6}","{""amplitude"": 0, ""apply_aura"": 107, ""base_points"": 9, ""chain_targets"": 0, ""die_sides"": 1, ""implicit_target_a"": 1, ""implicit_target_b"": 0, ""mechanic"": 0, ""misc_value"": 7, ""points_per_level"": 0.0, ""radius_yards"": null, ""trigger_spell"": 0, ""type"": 6}",,243,,,"{""AuraDescription_Lang_Mask"": 16712188, ""CastingTimeIndex"": 1, ""Description_Lang_Mask"": 16712190, ""Description_Lang_enUS"": ""Increases the critical strike chance of your Backstab ability by $s1%, and the critical strike chance of your Mutilate ability by $s2%."", ""EffectBonusMultiplier_1"": 1.0, ""EffectChainAmplitude_1"": 1.0, ""EffectChainAmplitude_2"": 1.0, ""EffectChainAmplitude_3"": 1.0, ""EffectSpellClassMaskA_1"": 4, ""EffectSpellClassMaskB_2"": 6, ""EquippedItemClass"": -1, ""NameSubtext_Lang_Mask"": 16712190, ""NameSubtext_Lang_enUS"": ""Rank 2"", ""Name_Lang_Mask"": 16712190, ""ProcChance"": 101, ""RangeIndex"": 1, ""SpellClassSet"": 8}",pulled from existing data
13866,Puncturing Wounds,1,0,0,464,0,0,0,0,0,0,0,0.0,,,"{""amplitude"": 0, ""apply_aura"": 107, ""base_points"": 29, ""chain_targets"": 0, ""die_sides"": 1, ""implicit_target_a"": 1, ""implicit_target_b"": 0, ""mechanic"": 0, ""misc_value"": 7, ""points_per_level"": 0.0, ""radius_yards"": null, ""trigger_spell"": 0, ""type"": 6}","{""amplitude"": 0, ""apply_aura"": 107, ""base_points"": 14, ""chain_targets"": 0, ""die_sides"": 1, ""implicit_target_a"": 1, ""implicit_target_b"": 0, ""mechanic"": 0, ""misc_value"": 7, ""points_per_level"": 0.0, ""radius_yards"": null, ""trigger_spell"": 0, ""type"": 6}",,243,,,"{""AuraDescription_Lang_Mask"": 16712188, ""CastingTimeIndex"": 1, ""Description_Lang_Mask"": 16712190, ""Description_Lang_enUS"": ""Increases the critical strike chance of your Backstab ability by $s1%, and the critical strike chance of your Mutilate ability by $s2%."", ""EffectBonusMultiplier_1"": 1.0, ""EffectChainAmplitude_1"": 1.0, ""EffectChainAmplitude_2"": 1.0, ""EffectChainAmplitude_3"": 1.0, ""EffectSpellClassMaskA_1"": 4, ""EffectSpellClassMaskB_2"": 6, ""EquippedItemClass"": -1, ""NameSubtext_Lang_Mask"": 16712190, ""NameSubtext_Lang_enUS"": ""Rank 3"", ""Name_Lang_Mask"": 16712190, ""ProcChance"": 101, ""RangeIndex"": 1, ""SpellClassSet"": 8}",pulled from existing data
13867,Improved Kick,1,0,0,464,0,0,0,0,0,0,0,0.0,,-1,"{""amplitude"": 0, ""apply_aura"": 42, ""base_points"": -1, ""chain_targets"": 0, ""die_sides"": 1, ""implicit_target_a"": 1, ""implicit_target_b"": 0, ""mechanic"": 0, ""misc_value"": 0, ""points_per_level"": 0.0, ""radius_yards"": null, ""trigger_spell"": 18425, ""type"": 6}",,,246,,,"{""AttributesEx3"": 524288, ""AuraDescription_Lang_Mask"": 16712188, ""CastingTimeIndex"": 1, ""Description_Lang_Mask"": 16712190, ""Description_Lang_enUS"": ""Gives your Kick ability a $h% chance to silence the target for $18425d."", ""EffectBonusMultiplier_1"": 1.0, ""EffectChainAmplitude_1"": 1.0, ""EquippedItemClass"": -1, ""NameSubtext_Lang_Mask"": 16712190, ""NameSubtext_Lang_enUS"": ""Rank 2"", ""Name_Lang_Mask"": 16712190, ""ProcChance"": 100, ""ProcTypeMask"": 87376, ""RangeIndex"": 1, ""SpellClassSet"": 8}",pulled from existing data
13872,Endurance,1,0,0,464,0,0,0,0,0,0,0,0.0,,,"{""amplitude"": 0, ""apply_aura"": 107, ""base_points"": -60001, ""chain_targets"": 0, ""die_sides"": 1, ""implicit_target_a"": 1, ""implicit_target_b"": 0, ""mechanic"": 0, ""misc_value"": 11, ""points_per_level"": 0.0, ""radius_yards"": null, ""trigger_spell"": 0, ""type"": 6}","{""amplitude"": 0, ""apply_aura"": 137, ""base_points"": 3, ""chain_targets"": 0, ""die_sides"": 1, ""implicit_target_a"": 1, ""implicit_target_b"": 0, ""mechanic"": 0, ""misc_value"": 2, ""points_per_level"": 0.0, ""radius_yards"": null, ""trigger_spell"": 0, ""type"": 6}",,178,,,"{""AuraDescription_Lang_Mask"": 16712188, ""CastingTimeIndex"": 1, ""Description_Lang_Mask"": 16712190, ""Description_Lang_enUS"": ""Reduces the cooldown of your Sprint and Evasion abilities by $/1000;s1 sec and increases your total Stamina by $s2%."", ""EffectBonusMultiplier_1"": 1.0, ""EffectChainAmplitude_1"": 1.0, ""EffectChainAmplitude_2"": 1.0, ""EffectChainAmplitude_3"": 1.0, ""EffectSpellClassMaskA_1"": 96, ""EffectSpellClassMaskB_1"": 32, ""EquippedItemClass"": -1, ""NameSubtext_Lang_Mask"": 16712190, ""NameSubtext_Lang_enUS"": ""Rank 2"", ""Name_Lang_Mask"": 16712190, ""ProcChance"": 101, ""RangeIndex"": 1, ""SpellClassSet"": 8}",pulled from existing data
13875,Improved Sprint,1,0,0,464,0,0,0,0,0,0,0,0.0,,-1,"{""amplitude"": 0, ""apply_aura"": 109, ""base_points"": 99, ""chain_targets"": 0, ""die_sides"": 1, ""implicit_target_a"": 1, ""implicit_target_b"": 0, ""mechanic"": 0, ""misc_value"": 0, ""points_per_level"": 0.0, ""radius_yards"": null, ""trigger_spell"": 30918, ""type"": 6}",,,516,,,"{""AuraDescription_Lang_Mask"": 16712188, ""CastingTimeIndex"": 1, ""Description_Lang_Mask"": 16712190, ""Description_Lang_enUS"": ""Gives a $s1% chance to remove all Movement Impairing effects when you activate your Sprint ability."", ""EffectBonusMultiplier_1"": 1.0, ""EffectChainAmplitude_1"": 1.0, ""EffectSpellClassMaskA_1"": 64, ""EquippedItemClass"": -1, ""NameSubtext_Lang_Mask"": 16712190, ""NameSubtext_Lang_enUS"": ""Rank 2"", ""Name_Lang_Mask"": 16712190, ""ProcChance"": 101, ""RangeIndex"": 1, ""SpellClassSet"": 8}",pulled from existing data
13877,Blade Flurry,1,0,0,262160,0,0,120000,0,3,25,0,0.0,,15000,"{""amplitude"": 0, ""apply_aura"": 138, ""base_points"": 19, ""chain_targets"": 0, ""die_sides"": 1, ""implicit_target_a"": 1, ""implicit_target_b"": 0, ""mechanic"": 0, ""misc_value"": 0, ""points_per_level"": 0.0, ""radius_yards"": null, ""trigger_spell"": 0, ""type"": 6}",,,1477,,,"{""AuraDescription_Lang_Mask"": 16712190, ""AuraDescription_Lang_enUS"": ""Attack speed increased by $s1%.  Weapon attacks strike an additional nearby opponent."", ""CastingTimeIndex"": 1, ""Description_Lang_Mask"": 16712190, ""Description_Lang_enUS"": ""Increases your attack speed by $s1%.  In addition, attacks strike an additional nearby opponent.  Lasts $d."", ""EffectChainAmplitude_1"": 1.0, ""EffectChainAmplitude_2"": 1.0, ""EffectChainAmplitude_3"": 1.0, ""EquippedItemClass"": -1, ""NameSubtext_Lang_Mask"": 16712188, ""Name_Lang_Mask"": 16712190, ""ProcChance"": 100, ""ProcTypeMask"": 20, ""RangeIndex"": 1, ""SpellClassMask_1"": 1073741824, ""SpellClassMask_2"": 2048, ""SpellClassSet"": 8, ""SpellLevel"": 1, ""SpellPriority"": 50, ""SpellVisualID_1"": 211, ""StartRecoveryCategory"": 133, ""StartRecoveryTime"": 1000}",pulled from existing data
13975,Camouflage,1,0,0,464,0,0,0,0,0,0,0,0.0,,,"{""amplitude"": 0, ""apply_aura"": 107, ""base_points"": 4, ""chain_targets"": 0, ""die_sides"": 1, ""implicit_target_a"": 1, ""implicit_target_b"": 0, ""mechanic"": 0, ""misc_value"": 23, ""points_per_level"": 0.0, ""radius_yards"": null, ""trigger_spell"": 0, ""type"": 6}","{""amplitude"": 0, ""apply_aura"": 107, ""base_points"": -2001, ""chain_targets"": 0, ""die_sides"": 1, ""implicit_target_a"": 1, ""implicit_target_b"": 0, ""mechanic"": 0, ""misc_value"": 11, ""points_per_level"": 0.0, ""radius_yards"": null, ""trigger_spell"": 0, ""type"": 6}",,250,,,"{""AuraDescription_Lang_Mask"": 16712188, ""CastingTimeIndex"": 1, ""Description_Lang_Mask"": 16712190, ""Description_Lang_enUS"": ""Increases your speed while stealthed by $s1% and reduces the cooldown of your Stealth ability by $/1000;s2 sec."", ""EffectBonusMultiplier_1"": 1.0, ""EffectChainAmplitude_1"": 1.0, ""EffectChainAmplitude_2"": 1.0, ""EffectChainAmplitude_3"": 1.0, ""EffectSpellClassMaskA_1"": 4194304, ""EffectSpellClassMaskB_1"": 4194304, ""EquippedItemClass"": -1, ""NameSubtext_Lang_Mask"": 16712190, ""NameSubtext_Lang_enUS"": ""Rank 1"", ""Name_Lang_Mask"": 16712190, ""ProcChance"": 101, ""RangeIndex"": 1, ""SpellClassSet"": 8, ""SpellVisualID_1"": 11336}",pulled from existing data
13976,Initiative,1,0,0,464,0,0,0,0,0,0,0,0.0,,,"{""amplitude"": 0, ""apply_aura"": 109, ""base_points"": 32, ""chain_targets"": 0, ""die_sides"": 1, ""implicit_target_a"": 1, ""implicit_target_b"": 0, ""mechanic"": 0, ""misc_value"": 0, ""points_per_level"": 0.0, ""radius_yards"": null, ""trigger_spell"": 13977, ""type"": 6}",,,233,,,"{""AuraDescription_Lang_Mask"": 16712188, ""CastingTimeIndex"": 1, ""Description_Lang_Mask"": 16712190, ""Description_Lang_enUS"": ""Gives you a $s1% chance to add an additional combo point to your target when using your Ambush, Garrote, or Cheap Shot ability."", ""EffectBonusMultiplier_1"": 1.0, ""EffectChainAmplitude_1"": 1.0, ""EffectChainAmplitude_2"": 1.0, ""EffectChainAmplitude_3"": 1.0, ""EffectSpellClassMaskA_1"": 1792, ""EquippedItemClass"": -1, ""NameSubtext_Lang_Mask"": 16712190, ""NameSubtext_Lang_enUS"": ""Rank 1"", ""Name_Lang_Mask"": 16712190, ""ProcChance"": 101, ""RangeIndex"": 1, ""SpellClassSet"": 8}",pulled from existing data
13979,Initiative,1,0,0,464,0,0,0,0,0,0,0,0.0,,,"{""amplitude"": 0, ""apply_aura"": 109, ""base_points"": 65, ""chain_targets"": 0, ""die_sides"": 1, ""implicit_target_a"": 1, ""implicit_target_b"": 0, ""mechanic"": 0, ""misc_value"": 0, ""points_per_level"": 0.0, ""radius_yards"": null, ""trigger_spell"": 13977, ""type"": 6}",,,233,,,"{""AuraDescription_Lang_Mask"": 16712188, ""CastingTimeIndex"": 1, ""Description_Lang_Mask"": 16712190, ""Description_Lang_enUS"": ""Gives you a $s1% chance to add an additional combo point to your target when using your Ambush, Garrote, or Cheap Shot ability."", ""EffectBonusMultiplier_1"": 1.0, ""EffectChainAmplitude_1"": 1.0, ""EffectChainAmplitude_2"": 1.0, ""EffectChainAmplitude_3"": 1.0, ""EffectSpellClassMaskA_1"": 1792, ""EquippedItemClass"": -1, ""NameSubtext_Lang_Mask"": 16712190, ""NameSubtext_Lang_enUS"": ""Rank 2"", ""Name_Lang_Mask"": 16712190, ""ProcChance"": 101, ""RangeIndex"": 1, ""SpellClassSet"": 8}",pulled from existing data
13980,Initiative,1,0,0,464,0,0,0,0,0,0,0,0.0,,,"{""amplitude"": 0, ""apply_aura"": 109, ""base_points"": 99, ""chain_targets"": 0, ""die_sides"": 1, ""implicit_target_a"": 1, ""implicit_target_b"": 0, ""mechanic"": 0, ""misc_value"": 0, ""points_per_level"": 0.0, ""radius_yards"": null, ""trigger_spell"": 13977, ""type"": 6}",,,233,,,"{""AuraDescription_Lang_Mask"": 16712188, ""CastingTimeIndex"": 1, ""Description_Lang_Mask"": 16712190, ""Description_Lang_enUS"": ""Gives you a $s1% chance to add an additional combo point to your target when using your Ambush, Garrote, or Cheap Shot ability."", ""EffectBonusMultiplier_1"": 1.0, ""EffectChainAmplitude_1"": 1.0, ""EffectChainAmplitude_2"": 1.0, ""EffectChainAmplitude_3"": 1.0, ""EffectSpellClassMaskA_1"": 1792, ""EquippedItemClass"": -1, ""NameSubtext_Lang_Mask"": 16712190, ""NameSubtext_Lang_enUS"": ""Rank 3"", ""Name_Lang_Mask"": 16712190, ""ProcChance"": 101, ""RangeIndex"": 1, ""SpellClassSet"": 8}",pulled from existing data
13981,Elusiveness,1,0,0,464,0,0,0,0,0,0,0,0.0,,,"{""amplitude"": 0, ""apply_aura"": 107, ""base_points"": -30001, ""chain_targets"": 0, ""die_sides"": 1, ""implicit_target_a"": 1, ""implicit_target_b"": 0, ""mechanic"": 0, ""misc_value"": 11, ""points_per_level"": 0.0, ""radius_yards"": null, ""trigger_spell"": 0, ""type"": 6}","{""amplitude"": 0, ""apply_aura"": 107, ""base_points"": -15001, ""chain_targets"": 0, ""die_sides"": 1, ""implicit_target_a"": 1, ""implicit_target_b"": 0, ""mechanic"": 0, ""misc_value"": 11, ""points_per_level"": 0.0, ""radius_yards"": null, ""trigger_spell"": 0, ""type"": 6}",,331,,,"{""AuraDescription_Lang_Mask"": 16712188, ""CastingTimeIndex"": 1, ""Description_Lang_Mask"": 16712190, ""Description_Lang_enUS"": ""Reduces the cooldown of your Vanish and Blind abilities by $/1000;S1 sec and your Cloak of Shadows ability by $/1000;S2 sec."", ""EffectBonusMultiplier_1"": 1.0, ""EffectChainAmplitude_1"": 1.0, ""EffectChainAmplitude_2"": 1.0, ""EffectChainAmplitude_3"": 1.0, ""EffectSpellClassMaskA_1"": 16779264, ""EffectSpellClassMaskB_2"": 65536, ""EquippedItemClass"": -1, ""NameSubtext_Lang_Mask"": 16712190, ""NameSubtext_Lang_enUS"": ""Rank 1"", ""Name_Lang_Mask"": 16712190, ""ProcChance"": 101, ""RangeIndex"": 1, ""SpellClassSet"": 8}",pulled from existing data
14057,Opportunity,1,0,0,464,0,0,0,0,0,0,0,0.0,,,"{""amplitude"": 0, ""apply_aura"": 108, ""base_points"": 9, ""chain_targets"": 0, ""die_sides"": 1, ""implicit_target_a"": 1, ""implicit_target_b"": 0, ""mechanic"": 0, ""misc_value"": 0, ""points_per_level"": 0.0, ""radius_yards"": null, ""trigger_spell"": 0, ""type"": 6}","{""amplitude"": 0, ""apply_aura"": 108, ""base_points"": 9, ""chain_targets"": 0, ""die_sides"": 1, ""implicit_target_a"": 1, ""implicit_target_b"": 0, ""mechanic"": 0, ""misc_value"": 22, ""points_per_level"": 0.0, ""radius_yards"": null, ""trigger_spell"": 0, ""type"": 6}",,282,,,"{""AuraDescription_Lang_Mask"": 16712188, ""CastingTimeIndex"": 1, ""Description_Lang_Mask"": 16712190, ""Description_Lang_enUS"": ""Increases the damage dealt with your Backstab, Mutilate, Garrote and Ambush abilities by $s1%."", ""EffectBonusMultiplier_1"": 1.0, ""EffectBonusMultiplier_2"": 1.0, ""EffectChainAmplitude_1"": 1.0, ""EffectChainAmplitude_2"": 1.0, ""EffectChainAmplitude_3"": 1.0, ""EffectSpellClassMaskA_1"": 516, ""EffectSpellClassMaskA_2"": 6, ""EffectSpellClassMaskB_1"": 256, ""EquippedItemClass"": -1, ""NameSubtext_Lang_Mask"": 16712190, ""NameSubtext_Lang_enUS"": ""Rank 1"", ""Name_Lang_Mask"": 16712190, ""ProcChance"": 101, ""RangeIndex"": 1, ""SpellClassSet"": 8}",pulled from existing data
14062,Camouflage,1,0,0,464,0,0,0,0,0,0,0,0.0,,,"{""amplitude"": 0, ""apply_aura"": 107, ""base_points"": 9, ""chain_targets"": 0, ""die_sides"": 1, ""implicit_target_a"": 1, ""implicit_target_b"": 0, ""mechanic"": 0, ""misc_value"": 23, ""points_per_level"": 0.0, ""radius_yards"": null, ""trigger_spell"": 0, ""type"": 6}","{""amplitude"": 0, ""apply_aura"": 107, ""base_points"": -4001, ""chain_targets"": 0, ""die_sides"": 1, ""implicit_target_a"": 1, ""implicit_target_b"": 0, ""mechanic"": 0, ""misc_value"": 11, ""points_per_level"": 0.0, ""radius_yards"": null, ""trigger_spell"": 0, ""type"": 6}",,250,,,"{""AuraDescription_Lang_Mask"": 16712188, ""CastingTimeIndex"": 1, ""Description_Lang_Mask"": 16712190, ""Description_Lang_enUS"": ""Increases your speed while stealthed by $s1% and reduces the cooldown of your Stealth ability by $/1000;s2 sec."", ""EffectBonusMultiplier_1"": 1.0, ""EffectChainAmplitude_1"": 1.0, ""EffectChainAmplitude_2"": 1.0, ""EffectChainAmplitude_3"": 1.0, ""EffectSpellClassMaskA_1"": 4194304, ""EffectSpellClassMaskB_1"": 4194304, ""EquippedItemClass"": -1, ""NameSubtext_Lang_Mask"": 16712190, ""NameSubtext_Lang_enUS"": ""Rank 2"", ""Name_Lang_Mask"": 16712190, ""ProcChance"": 101, ""RangeIndex"": 1, ""SpellClassSet"": 8, ""SpellVisualID_1"": 11335}",pulled from existing data
14063,Camouflage,1,0,0,464,0,0,0,0,0,0,0,0.0,,,"{""amplitude"": 0, ""apply_aura"": 107, ""base_points"": 14, ""chain_targets"": 0, ""die_sides"": 1, ""implicit_target_a"": 1, ""implicit_target_b"": 0, ""mechanic"": 0, ""misc_value"": 23, ""points_per_level"": 0.0, ""radius_yards"": null, ""trigger_spell"": 0, ""type"": 6}","{""amplitude"": 0, ""apply_aura"": 107, ""base_points"": -6001, ""chain_targets"": 0, ""die_sides"": 1, ""implicit_target_a"": 0, ""implicit_target_b"": 0, ""mechanic"": 0, ""misc_value"": 11, ""points_per_level"": 0.0, ""radius_yards"": null, ""trigger_spell"": 0, ""type"": 6}",,250,,,"{""AuraDescription_Lang_Mask"": 16712188, ""CastingTimeIndex"": 1, ""Description_Lang_Mask"": 16712190, ""Description_Lang_enUS"": ""Increases your speed while stealthed by $s1% and reduces the cooldown of your Stealth ability by $/1000;s2 sec."", ""EffectBonusMultiplier_1"": 1.0, ""EffectChainAmplitude_1"": 1.0, ""EffectChainAmplitude_2"": 1.0, ""EffectChainAmplitude_3"": 1.0, ""EffectSpellClassMaskA_1"": 4194304, ""EffectSpellClassMaskB_1"": 4194304, ""EquippedItemClass"": -1, ""NameSubtext_Lang_Mask"": 16712190, ""NameSubtext_Lang_enUS"": ""Rank 3"", ""Name_Lang_Mask"": 16712190, ""ProcChance"": 101, ""RangeIndex"": 1, ""SpellClassSet"": 8, ""SpellVisualID_1"": 11335}",pulled from existing data
14066,Elusiveness,1,0,0,464,0,0,0,0,0,0,0,0.0,,,"{""amplitude"": 0, ""apply_aura"": 107, ""base_points"": -60001, ""chain_targets"": 0, ""die_sides"": 1, ""implicit_target_a"": 1, ""implicit_target_b"": 0, ""mechanic"": 0, ""misc_value"": 11, ""points_per_level"": 0.0, ""radius_yards"": null, ""trigger_spell"": 0, ""type"": 6}","{""amplitude"": 0, ""apply_aura"": 107, ""base_points"": -30001, ""chain_targets"": 0, ""die_sides"": 1, ""implicit_target_a"": 1, ""implicit_target_b"": 0, ""mechanic"": 0, ""misc_value"": 11, ""points_per_level"": 0.0, ""radius_yards"": null, ""trigger_spell"": 0, ""type"": 6}",,331,,,"{""AuraDescription_Lang_Mask"": 16712188, ""CastingTimeIndex"": 1, ""Description_Lang_Mask"": 16712190, ""Description_Lang_enUS"": ""Reduces the cooldown of your Vanish and Blind abilities by $/1000;S1 sec and your Cloak of Shadows ability by $/1000;S2 sec."", ""EffectBonusMultiplier_1"": 1.0, ""EffectChainAmplitude_1"": 1.0, ""EffectChainAmplitude_2"": 1.0, ""EffectChainAmplitude_3"": 1.0, ""EffectSpellClassMaskA_1"": 16779264, ""EffectSpellClassMaskB_2"": 65536, ""EquippedItemClass"": -1, ""NameSubtext_Lang_Mask"": 16712190, ""NameSubtext_Lang_enUS"": ""Rank 2"", ""Name_Lang_Mask"": 16712190, ""ProcChance"": 101, ""RangeIndex"": 1, ""SpellClassSet"": 8}",pulled from existing data
14072,Opportunity,1,0,0,464,0,0,0,0,0,0,0,0.0,,,"{""amplitude"": 0, ""apply_aura"": 108, ""base_points"": 19, ""chain_targets"": 0, ""die_sides"": 1, ""implicit_target_a"": 1, ""implicit_target_b"": 0, ""mechanic"": 0, ""misc_value"": 0, ""points_per_level"": 0.0, ""radius_yards"": null, ""trigger_spell"": 0, ""type"": 6}","{""amplitude"": 0, ""apply_aura"": 108, ""base_points"": 19, ""chain_targets"": 0, ""die_sides"": 1, ""implicit_target_a"": 1, ""implicit_target_b"": 0, ""mechanic"": 0, ""misc_value"": 22, ""points_per_level"": 0.0, ""radius_yards"": null, ""trigger_spell"": 0, ""type"": 6}",,282,,,"{""AuraDescription_Lang_Mask"": 16712188, ""CastingTimeIndex"": 1, ""Description_Lang_Mask"": 16712190, ""Description_Lang_enUS"": ""Increases the damage dealt with your Backstab, Mutilate, Garrote and Ambush abilities by $s1%."", ""EffectBonusMultiplier_1"": 1.0, ""EffectBonusMultiplier_2"": 1.0, ""EffectChainAmplitude_1"": 1.0, ""EffectChainAmplitude_2"": 1.0, ""EffectChainAmplitude_3"": 1.0, ""EffectSpellClassMaskA_1"": 516, ""EffectSpellClassMaskA_2"": 6, ""EffectSpellClassMaskB_1"": 256, ""EquippedItemClass"": -1, ""NameSubtext_Lang_Mask"": 16712190, ""NameSubtext_Lang_enUS"": ""Rank 2"", ""Name_Lang_Mask"": 16712190, ""ProcChance"": 101, ""RangeIndex"": 1, ""SpellClassSet"": 8}",pulled from existing data
14076,Dirty Tricks,1,0,0,464,0,0,0,0,0,0,0,0.0,,-1,"{""amplitude"": 0, ""apply_aura"": 107, ""base_points"": 1, ""chain_targets"": 0, ""die_sides"": 1, ""implicit_target_a"": 1, ""implicit_target_b"": 0, ""mechanic"": 0, ""misc_value"": 5, ""points_per_level"": 0.0, ""radius_yards"": null, ""trigger_spell"": 0, ""type"": 6}","{""amplitude"": 0, ""apply_aura"": 108, ""base_points"": -26, ""chain_targets"": 0, ""die_sides"": 1, ""implicit_target_a"": 1, ""implicit_target_b"": 0, ""mechanic"": 0, ""misc_value"": 14, ""points_per_level"": 0.0, ""radius_yards"": null, ""trigger_spell"": 0, ""type"": 6}",,249,,,"{""AuraDescription_Lang_Mask"": 16712188, ""CastingTimeIndex"": 1, ""Description_Lang_Mask"": 16712190, ""Description_Lang_enUS"": ""Increases the range of your Blind and Sap abilities by $s1 yards and reduces the energy cost of your Blind and Sap abilities by $s2%."", ""EffectBonusMultiplier_1"": 1.0, ""EffectChainAmplitude_1"": 1.0, ""EffectChainAmplitude_2"": 1.0, ""EffectSpellClassMaskA_1"": 16777344, ""EffectSpellClassMaskB_1"": 16777344, ""EquippedItemClass"": -1, ""NameSubtext_Lang_Mask"": 16712190, ""NameSubtext_Lang_enUS"": ""Rank 1"", ""Name_Lang_Mask"": 16712190, ""ProcChance"": 101, ""RangeIndex"": 1, ""SpellClassSet"": 8}",pulled from existing data
14079,Improved Ambush,1,0,0,464,0,0,0,0,0,0,0,0.0,,,"{""amplitude"": 0, ""apply_aura"": 107, ""base_points"": 24, ""chain_targets"": 0, ""die_sides"": 1, ""implicit_target_a"": 1, ""implicit_target_b"": 0, ""mechanic"": 0, ""misc_value"": 7, ""points_per_level"": 0.0, ""radius_yards"": null, ""trigger_spell"": 0, ""type"": 6}",,,856,,,"{""AuraDescription_Lang_Mask"": 16712188, ""CastingTimeIndex"": 1, ""Description_Lang_Mask"": 16712190, ""Description_Lang_enUS"": ""Increases the critical strike chance of your Ambush ability by $s1%."", ""EffectBonusMultiplier_1"": 1.0, ""EffectChainAmplitude_1"": 1.0, ""EffectChainAmplitude_2"": 1.0, ""EffectChainAmplitude_3"": 1.0, ""EffectSpellClassMaskA_1"": 512, ""EquippedItemClass"": -1, ""NameSubtext_Lang_Mask"": 16712190, ""NameSubtext_Lang_enUS"": ""Rank 1"", ""Name_Lang_Mask"": 16712190, ""ProcChance"": 101, ""RangeIndex"": 1, ""SpellClassSet"": 8}",pulled from existing data
14080,Improved Ambush,1,0,0,464,0,0,0,0,0,0,0,0.0,,,"{""amplitude"": 0, ""apply_aura"": 107, ""base_points"": 49, ""chain_targets"": 0, ""die_sides"": 1, ""implicit_target_a"": 1, ""implicit_target_b"": 0, ""mechanic"": 0, ""misc_value"": 7, ""points_per_level"": 0.0, ""radius_yards"": null, ""trigger_spell"": 0, ""type"": 6}",,,856,,,"{""AuraDescription_Lang_Mask"": 16712188, ""CastingTimeIndex"": 1, ""Description_Lang_Mask"": 16712190, ""Description_Lang_enUS"": ""Increases the critical strike chance of your Ambush ability by $s1%."", ""EffectBonusMultiplier_1"": 1.0, ""EffectChainAmplitude_1"": 1.0, ""EffectChainAmplitude_2"": 1.0, ""EffectChainAmplitude_3"": 1.0, ""EffectSpellClassMaskA_1"": 512, ""EquippedItemClass"": -1, ""NameSubtext_Lang_Mask"": 16712190, ""NameSubtext_Lang_enUS"": ""Rank 2"", ""Name_Lang_Mask"": 16712190, ""ProcChance"": 101, ""RangeIndex"": 1, ""SpellClassSet"": 8}",pulled from existing data
14082,Dirty Deeds,1,0,0,464,0,0,0,0,0,0,0,0.0,,,"{""amplitude"": 0, ""apply_aura"": 107, ""base_points"": -11, ""chain_targets"": 0, ""die_sides"": 1, ""implicit_target_a"": 1, ""implicit_target_b"": 0, ""mechanic"": 0, ""misc_value"": 14, ""points_per_level"": 0.0, ""radius_yards"": null, ""trigger_spell"": 0, ""type"": 6}","{""amplitude"": 0, ""apply_aura"": 112, ""base_points"": 0, ""chain_targets"": 0, ""die_sides"": 0, ""implicit_target_a"": 1, ""implicit_target_b"": 0, ""mechanic"": 0, ""misc_value"": 6427, ""points_per_level"": 0.0, ""radius_yards"": null, ""trigger_spell"": 0, ""type"": 6}","{""amplitude"": 0, ""apply_aura"": 112, ""base_points"": 0, ""chain_targets"": 0, ""die_sides"": 0, ""implicit_target_a"": 1, ""implicit_target_b"": 0, ""mechanic"": 0, ""misc_value"": 6580, ""points_per_level"": 0.0, ""radius_yards"": null, ""trigger_spell"": 0, ""type"": 6}",216,,,"{""AuraDescription_Lang_Mask"": 16712188, ""CastingTimeIndex"": 1, ""Description_Lang_Mask"": 16712190, ""Description_Lang_enUS"": ""Reduces the Energy cost of your Cheap Shot and Garrote abilities by $s1.  Additionally, your special abilities cause 10% more damage against targets below 35% health."", ""EffectBonusMultiplier_1"": 1.0, ""EffectChainAmplitude_1"": 1.0, ""EffectChainAmplitude_2"": 1.0, ""EffectChainAmplitude_3"": 1.0, ""EffectSpellClassMaskA_1"": 1280, ""EffectSpellClassMaskB_1"": 646054430, ""EffectSpellClassMaskB_2"": 271, ""EffectSpellClassMaskC_1"": 1048832, ""EquippedItemClass"": -1, ""NameSubtext_Lang_Mask"": 16712190, ""NameSubtext_Lang_enUS"": ""Rank 1"", ""Name_Lang_Mask"": 16712190, ""ProcChance"": 101, ""RangeIndex"": 1, ""SpellClassSet"": 8}",pulled from existing data
14083,Dirty Deeds,1,0,0,464,0,0,0,0,0,0,0,0.0,,,"{""amplitude"": 0, ""apply_aura"": 107, ""base_points"": -21, ""chain_targets"": 0, ""die_sides"": 1, ""implicit_target_a"": 1, ""implicit_target_b"": 0, ""mechanic"": 0, ""misc_value"": 14, ""points_per_level"": 0.0, ""radius_yards"": null, ""trigger_spell"": 0, ""type"": 6}","{""amplitude"": 0, ""apply_aura"": 112, ""base_points"": 0, ""chain_targets"": 0, ""die_sides"": 0, ""implicit_target_a"": 1, ""implicit_target_b"": 0, ""mechanic"": 0, ""misc_value"": 6428, ""points_per_level"": 0.0, ""radius_yards"": null, ""trigger_spell"": 0, ""type"": 6}","{""amplitude"": 0, ""apply_aura"": 112, ""base_points"": 0, ""chain_targets"": 0, ""die_sides"": 0, ""implicit_target_a"": 1, ""implicit_target_b"": 0, ""mechanic"": 0, ""misc_value"": 6579, ""points_per_level"": 0.0, ""radius_yards"": null, ""trigger_spell"": 0, ""type"": 6}",216,,,"{""AuraDescription_Lang_Mask"": 16712188, ""CastingTimeIndex"": 1, ""Description_Lang_Mask"": 16712190, ""Description_Lang_enUS"": ""Reduces the Energy cost of your Cheap Shot and Garrote abilities by $s1.  Additionally, your special abilities cause 20% more damage against targets below 35% health."", ""EffectBonusMultiplier_1"": 1.0, ""EffectChainAmplitude_1"": 1.0, ""EffectChainAmplitude_2"": 1.0, ""EffectChainAmplitude_3"": 1.0, ""EffectSpellClassMaskA_1"": 1280, ""EffectSpellClassMaskB_1"": 646054430, ""EffectSpellClassMaskB_2"": 271, ""EffectSpellClassMaskC_1"": 1048832, ""EquippedItemClass"": -1, ""NameSubtext_Lang_Mask"": 16712190, ""NameSubtext_Lang_enUS"": ""Rank 2"", ""Name_Lang_Mask"": 16712190, ""ProcChance"": 101, ""RangeIndex"": 1, ""SpellClassSet"": 8, ""TargetAuraState"": 13}",pulled from existing data
14094,Dirty Tricks,1,0,0,464,0,0,0,0,0,0,0,0.0,,-1,"{""amplitude"": 0, ""apply_aura"": 107, ""base_points"": 4, ""chain_targets"": 0, ""die_sides"": 1, ""implicit_target_a"": 1, ""implicit_target_b"": 0, ""mechanic"": 0, ""misc_value"": 5, ""points_per_level"": 0.0, ""radius_yards"": null, ""trigger_spell"": 0, ""type"": 6}","{""amplitude"": 0, ""apply_aura"": 108, ""base_points"": -51, ""chain_targets"": 0, ""die_sides"": 1, ""implicit_target_a"": 1, ""implicit_target_b"": 0, ""mechanic"": 0, ""misc_value"": 14, ""points_per_level"": 0.0, ""radius_yards"": null, ""trigger_spell"": 0, ""type"": 6}",,249,,,"{""AuraDescription_Lang_Mask"": 16712188, ""CastingTimeIndex"": 1, ""Description_Lang_Mask"": 16712190, ""Description_Lang_enUS"": ""Increases the range of your Blind and Sap abilities by $s1 yards and reduces the energy cost of your Blind and Sap abilities by $s2%."", ""EffectBonusMultiplier_1"": 1.0, ""EffectChainAmplitude_1"": 1.0, ""EffectChainAmplitude_2"": 1.0, ""EffectSpellClassMaskA_1"": 16777344, ""EffectSpellClassMaskB_1"": 16777344, ""EquippedItemClass"": -1, ""NameSubtext_Lang_Mask"": 16712190, ""NameSubtext_Lang_enUS"": ""Rank 2"", ""Name_Lang_Mask"": 16712190, ""ProcChance"": 101, ""RangeIndex"": 1, ""SpellClassSet"": 8}",pulled from existing data
14113,Improved Poisons,1,0,0,464,0,0,0,0,0,0,0,0.0,,,"{""amplitude"": 0, ""apply_aura"": 107, ""base_points"": 3, ""chain_targets"": 0, ""die_sides"": 1, ""implicit_target_a"": 1, ""implicit_target_b"": 0, ""mechanic"": 0, ""misc_value"": 18, ""points_per_level"": 0.0, ""radius_yards"": null, ""trigger_spell"": 0, ""type"": 6}","{""amplitude"": 0, ""apply_aura"": 108, ""base_points"": 9, ""chain_targets"": 0, ""die_sides"": 1, ""implicit_target_a"": 1, ""implicit_target_b"": 0, ""mechanic"": 0, ""misc_value"": 26, ""points_per_level"": 0.0, ""radius_yards"": null, ""trigger_spell"": 0, ""type"": 6}",,247,,,"{""AuraDescription_Lang_Mask"": 16712188, ""CastingTimeIndex"": 1, ""Description_Lang_Mask"": 16712190, ""Description_Lang_enUS"": ""Increases the chance to apply Deadly Poison to your target by $s1% and the frequency of applying Instant Poison to your target by $s2%."", ""EffectChainAmplitude_1"": 1.0, ""EffectChainAmplitude_2"": 1.0, ""EffectChainAmplitude_3"": 1.0, ""EffectSpellClassMaskA_1"": 65536, ""EffectSpellClassMaskB_1"": 8192, ""EquippedItemClass"": -1, ""NameSubtext_Lang_Mask"": 16712190, ""NameSubtext_Lang_enUS"": ""Rank 1"", ""Name_Lang_Mask"": 16712190, ""ProcChance"": 101, ""RangeIndex"": 1, ""SpellClassSet"": 8}",pulled from existing data
14114,Improved Poisons,1,0,0,464,0,0,0,0,0,0,0,0.0,,,"{""amplitude"": 0, ""apply_aura"": 107, ""base_points"": 7, ""chain_targets"": 0, ""die_sides"": 1, ""implicit_target_a"": 1, ""implicit_target_b"": 0, ""mechanic"": 0, ""misc_value"": 18, ""points_per_level"": 0.0, ""radius_yards"": null, ""trigger_spell"": 0, ""type"": 6}","{""amplitude"": 0, ""apply_aura"": 108, ""base_points"": 19, ""chain_targets"": 0, ""die_sides"": 1, ""implicit_target_a"": 1, ""implicit_target_b"": 0, ""mechanic"": 0, ""misc_value"": 26, ""points_per_level"": 0.0, ""radius_yards"": null, ""trigger_spell"": 0, ""type"": 6}",,247,,,"{""AuraDescription_Lang_Mask"": 16712188, ""CastingTimeIndex"": 1, ""Description_Lang_Mask"": 16712190, ""Description_Lang_enUS"": ""Increases the chance to apply Deadly Poison to your target by $s1% and the frequency of applying Instant Poison to your target by $s2%."", ""EffectChainAmplitude_1"": 1.0, ""EffectChainAmplitude_2"": 1.0, ""EffectChainAmplitude_3"": 1.0, ""EffectSpellClassMaskA_1"": 65536, ""EffectSpellClassMaskB_1"": 8192, ""EquippedItemClass"": -1, ""NameSubtext_Lang_Mask"": 16712190, ""NameSubtext_Lang_enUS"": ""Rank 2"", ""Name_Lang_Mask"": 16712190, ""ProcChance"": 101, ""RangeIndex"": 1, ""SpellClassSet"": 8}",pulled from existing data
14115,Improved Poisons,1,0,0,464,0,0,0,0,0,0,0,0.0,,,"{""amplitude"": 0, ""apply_aura"": 107, ""base_points"": 11, ""chain_targets"": 0, ""die_sides"": 1, ""implicit_target_a"": 1, ""implicit_target_b"": 0, ""mechanic"": 0, ""misc_value"": 18, ""points_per_level"": 0.0, ""radius_yards"": null, ""trigger_spell"": 0, ""type"": 6}","{""amplitude"": 0, ""apply_aura"": 108, ""base_points"": 29, ""chain_targets"": 0, ""die_sides"": 1, ""implicit_target_a"": 1, ""implicit_target_b"": 0, ""mechanic"": 0, ""misc_value"": 26, ""points_per_level"": 0.0, ""radius_yards"": null, ""trigger_spell"": 0, ""type"": 6}",,247,,,"{""AuraDescription_Lang_Mask"": 16712188, ""CastingTimeIndex"": 1, ""Description_Lang_Mask"": 16712190, ""Description_Lang_enUS"": ""Increases the chance to apply Deadly Poison to your target by $s1% and the frequency of applying Instant Poison to your target by $s2%."", ""EffectChainAmplitude_1"": 1.0, ""EffectChainAmplitude_2"": 1.0, ""EffectChainAmplitude_3"": 1.0, ""EffectSpellClassMaskA_1"": 65536, ""EffectSpellClassMaskB_1"": 8192, ""EquippedItemClass"": -1, ""NameSubtext_Lang_Mask"": 16712190, ""NameSubtext_Lang_enUS"": ""Rank 3"", ""Name_Lang_Mask"": 16712190, ""ProcChance"": 101, ""RangeIndex"": 1, ""SpellClassSet"": 8}",pulled from existing data
14116,Improved Poisons,1,0,0,464,0,0,0,0,0,0,0,0.0,,,"{""amplitude"": 0, ""apply_aura"": 107, ""base_points"": 15, ""chain_targets"": 0, ""die_sides"": 1, ""implicit_target_a"": 1, ""implicit_target_b"": 0, ""mechanic"": 0, ""misc_value"": 18, ""points_per_level"": 0.0, ""radius_yards"": null, ""trigger_spell"": 0, ""type"": 6}","{""amplitude"": 0, ""apply_aura"": 108, ""base_points"": 39, ""chain_targets"": 0, ""die_sides"": 1, ""implicit_target_a"": 1, ""implicit_target_b"": 0, ""mechanic"": 0, ""misc_value"": 26, ""points_per_level"": 0.0, ""radius_yards"": null, ""trigger_spell"": 0, ""type"": 6}",,247,,,"{""AuraDescription_Lang_Mask"": 16712188, ""CastingTimeIndex"": 1, ""Description_Lang_Mask"": 16712190, ""Description_Lang_enUS"": ""Increases the chance to apply Deadly Poison to your target by $s1% and the frequency of applying Instant Poison to your target by $s2%."", ""EffectChainAmplitude_1"": 1.0, ""EffectChainAmplitude_2"": 1.0, ""EffectChainAmplitude_3"": 1.0, ""EffectSpellClassMaskA_1"": 65536, ""EffectSpellClassMaskB_1"": 8192, ""EquippedItemClass"": -1, ""NameSubtext_Lang_Mask"": 16712190, ""NameSubtext_Lang_enUS"": ""Rank 4"", ""Name_Lang_Mask"": 16712190, ""ProcChance"": 101, ""RangeIndex"": 1, ""SpellClassSet"": 8}",pulled from existing data
14117,Improved Poisons,1,0,0,464,0,0,0,0,0,0,0,0.0,,,"{""amplitude"": 0, ""apply_aura"": 107, ""base_points"": 19, ""chain_targets"": 0, ""die_sides"": 1, ""implicit_target_a"": 1, ""implicit_target_b"": 0, ""mechanic"": 0, ""misc_value"": 18, ""points_per_level"": 0.0, ""radius_yards"": null, ""trigger_spell"": 0, ""type"": 6}","{""amplitude"": 0, ""apply_aura"": 108, ""base_points"": 49, ""chain_targets"": 0, ""die_sides"": 1, ""implicit_target_a"": 1, ""implicit_target_b"": 0, ""mechanic"": 0, ""misc_value"": 26, ""points_per_level"": 0.0, ""radius_yards"": null, ""trigger_spell"": 0, ""type"": 6}",,247,,,"{""AuraDescription_Lang_Mask"": 16712188, ""CastingTimeIndex"": 1, ""Description_Lang_Mask"": 16712190, ""Description_Lang_enUS"": ""Increases the chance to apply Deadly Poison to your target by $s1% and the frequency of applying Instant Poison to your target by $s2%."", ""EffectChainAmplitude_1"": 1.0, ""EffectChainAmplitude_2"": 1.0, ""EffectChainAmplitude_3"": 1.0, ""EffectSpellClassMaskA_1"": 65536, ""EffectSpellClassMaskB_1"": 8192, ""EquippedItemClass"": -1, ""NameSubtext_Lang_Mask"": 16712190, ""NameSubtext_Lang_enUS"": ""Rank 5"", ""Name_Lang_Mask"": 16712190, ""ProcChance"": 101, ""RangeIndex"": 1, ""SpellClassSet"": 8}",pulled from existing data
14128,Lethality,1,0,0,464,0,0,0,0,0,0,0,0.0,,,"{""amplitude"": 0, ""apply_aura"": 108, ""base_points"": 5, ""chain_targets"": 0, ""die_sides"": 1, ""implicit_target_a"": 1, ""implicit_target_b"": 0, ""mechanic"": 0, ""misc_value"": 15, ""points_per_level"": 0.0, ""radius_yards"": null, ""trigger_spell"": 0, ""type"": 6}",,,138,,,"{""AuraDescription_Lang_Mask"": 16712188, ""CastingTimeIndex"": 1, ""Description_Lang_Mask"": 16712190, ""Description_Lang_enUS"": ""Increases the critical strike damage bonus of all combo point-generating abilities that do not require stealth by $s1%."", ""EffectBonusMultiplier_1"": 1.0, ""EffectChainAmplitude_1"": 1.0, ""EffectChainAmplitude_2"": 1.0, ""EffectChainAmplitude_3"": 1.0, ""EffectSpellClassMaskA_1"": 637534222, ""EffectSpellClassMaskA_2"": 262, ""EquippedItemClass"": -1, ""NameSubtext_Lang_Mask"": 16712190, ""NameSubtext_Lang_enUS"": ""Rank 1"", ""Name_Lang_Mask"": 16712190, ""ProcChance"": 101, ""RangeIndex"": 1, ""SpellClassSet"": 8}",pulled from existing data
14132,Lethality,1,0,0,464,0,0,0,0,0,0,0,0.0,,,"{""amplitude"": 0, ""apply_aura"": 108, ""base_points"": 11, ""chain_targets"": 0, ""die_sides"": 1, ""implicit_target_a"": 1, ""implicit_target_b"": 0, ""mechanic"": 0, ""misc_value"": 15, ""points_per_level"": 0.0, ""radius_yards"": null, ""trigger_spell"": 0, ""type"": 6}",,,138,,,"{""AuraDescription_Lang_Mask"": 16712188, ""CastingTimeIndex"": 1, ""Description_Lang_Mask"": 16712190, ""Description_Lang_enUS"": ""Increases the critical strike damage bonus of all combo point-generating abilities that do not require stealth by $s1%."", ""EffectBonusMultiplier_1"": 1.0, ""EffectChainAmplitude_1"": 1.0, ""EffectChainAmplitude_2"": 1.0, ""EffectChainAmplitude_3"": 1.0, ""EffectSpellClassMaskA_1"": 637534222, ""EffectSpellClassMaskA_2"": 262, ""EquippedItemClass"": -1, ""NameSubtext_Lang_Mask"": 16712190, ""NameSubtext_Lang_enUS"": ""Rank 2"", ""Name_Lang_Mask"": 16712190, ""ProcChance"": 101, ""RangeIndex"": 1, ""SpellClassSet"": 8}",pulled from existing data
14135,Lethality,1,0,0,464,0,0,0,0,0,0,0,0.0,,,"{""amplitude"": 0, ""apply_aura"": 108, ""base_points"": 17, ""chain_targets"": 0, ""die_sides"": 1, ""implicit_target_a"": 1, ""implicit_target_b"": 0, ""mechanic"": 0, ""misc_value"": 15, ""points_per_level"": 0.0, ""radius_yards"": null, ""trigger_spell"": 0, ""type"": 6}",,,138,,,"{""AuraDescription_Lang_Mask"": 16712188, ""CastingTimeIndex"": 1, ""Description_Lang_Mask"": 16712190, ""Description_Lang_enUS"": ""Increases the critical strike damage bonus of all combo point-generating abilities that do not require stealth by $s1%."", ""EffectBonusMultiplier_1"": 1.0, ""EffectChainAmplitude_1"": 1.0, ""EffectChainAmplitude_2"": 1.0, ""EffectChainAmplitude_3"": 1.0, ""EffectSpellClassMaskA_1"": 637534222, ""EffectSpellClassMaskA_2"": 262, ""EquippedItemClass"": -1, ""NameSubtext_Lang_Mask"": 16712190, ""NameSubtext_Lang_enUS"": ""Rank 3"", ""Name_Lang_Mask"": 16712190, ""ProcChance"": 101, ""RangeIndex"": 1, ""SpellClassSet"": 8}",pulled from existing data
14136,Lethality,1,0,0,464,0,0,0,0,0,0,0,0.0,,,"{""amplitude"": 0, ""apply_aura"": 108, ""base_points"": 23, ""chain_targets"": 0, ""die_sides"": 1, ""implicit_target_a"": 1, ""implicit_target_b"": 0, ""mechanic"": 0, ""misc_value"": 15, ""points_per_level"": 0.0, ""radius_yards"": null, ""trigger_spell"": 0, ""type"": 6}",,,138,,,"{""AuraDescription_Lang_Mask"": 16712188, ""CastingTimeIndex"": 1, ""Description_Lang_Mask"": 16712190, ""Description_Lang_enUS"": ""Increases the critical strike damage bonus of all combo point-generating abilities that do not require stealth by $s1%."", ""EffectBonusMultiplier_1"": 1.0, ""EffectChainAmplitude_1"": 1.0, ""EffectChainAmplitude_2"": 1.0, ""EffectChainAmplitude_3"": 1.0, ""EffectSpellClassMaskA_1"": 637534222, ""EffectSpellClassMaskA_2"": 262, ""EquippedItemClass"": -1, ""NameSubtext_Lang_Mask"": 16712190, ""NameSubtext_Lang_enUS"": ""Rank 4"", ""Name_Lang_Mask"": 16712190, ""ProcChance"": 101, ""RangeIndex"": 1, ""SpellClassSet"": 8}",pulled from existing data
14137,Lethality,1,0,0,464,0,0,0,0,0,0,0,0.0,,,"{""amplitude"": 0, ""apply_aura"": 108, ""base_points"": 29, ""chain_targets"": 0, ""die_sides"": 1, ""implicit_target_a"": 1, ""implicit_target_b"": 0, ""mechanic"": 0, ""misc_value"": 15, ""points_per_level"": 0.0, ""radius_yards"": null, ""trigger_spell"": 0, ""type"": 6}",,,138,,,"{""AuraDescription_Lang_Mask"": 16712188, ""CastingTimeIndex"": 1, ""Description_Lang_Mask"": 16712190, ""Description_Lang_enUS"": ""Increases the critical strike damage bonus of all combo point-generating abilities that do not require stealth by $s1%."", ""EffectBonusMultiplier_1"": 1.0, ""EffectChainAmplitude_1"": 1.0, ""EffectChainAmplitude_2"": 1.0, ""EffectChainAmplitude_3"": 1.0, ""EffectSpellClassMaskA_1"": 637534222, ""EffectSpellClassMaskA_2"": 262, ""EquippedItemClass"": -1, ""NameSubtext_Lang_Mask"": 16712190, ""NameSubtext_Lang_enUS"": ""Rank 5"", ""Name_Lang_Mask"": 16712190, ""ProcChance"": 101, ""RangeIndex"": 1, ""SpellClassSet"": 8}",pulled from existing data
14156,Ruthlessness,1,0,0,464,0,0,0,0,0,0,0,0.0,,-1,"{""amplitude"": 0, ""apply_aura"": 42, ""base_points"": -1, ""chain_targets"": 0, ""die_sides"": 1, ""implicit_target_a"": 6, ""implicit_target_b"": 0, ""mechanic"": 0, ""misc_value"": 0, ""points_per_level"": 0.0, ""radius_yards"": null, ""trigger_spell"": 14157, ""type"": 6}",,,494,,,"{""AuraDescription_Lang_Mask"": 16712188, ""CastingTimeIndex"": 1, ""Description_Lang_Mask"": 16712190, ""Description_Lang_enUS"": ""Gives your melee finishing moves a $h1% chance to add a combo point to your target."", ""EffectBonusMultiplier_1"": 1.0, ""EffectChainAmplitude_1"": 1.0, ""EffectChainAmplitude_2"": 1.0, ""EffectChainAmplitude_3"": 1.0, ""EquippedItemClass"": -1, ""NameSubtext_Lang_Mask"": 16712190, ""NameSubtext_Lang_enUS"": ""Rank 1"", ""Name_Lang_Mask"": 16712190, ""ProcChance"": 20, ""ProcTypeMask"": 87376, ""RangeIndex"": 1, ""SpellClassSet"": 8}",pulled from existing data
14158,Murder,1,0,0,464,0,0,0,0,0,0,0,0.0,,,"{""amplitude"": 0, ""apply_aura"": 79, ""base_points"": 1, ""chain_targets"": 0, ""die_sides"": 1, ""implicit_target_a"": 1, ""implicit_target_b"": 0, ""mechanic"": 0, ""misc_value"": 255, ""points_per_level"": 0.0, ""radius_yards"": null, ""trigger_spell"": 0, ""type"": 6}",,,134,,,"{""AuraDescription_Lang_Mask"": 16712188, ""CastingTimeIndex"": 1, ""Description_Lang_Mask"": 16712190, ""Description_Lang_enUS"": ""Increases all damage caused by $s1%."", ""EffectBonusMultiplier_1"": 1.0, ""EffectChainAmplitude_1"": 1.0, ""EffectChainAmplitude_2"": 1.0, ""EffectChainAmplitude_3"": 1.0, ""EffectSpellClassMaskA_1"": 4065152, ""EquippedItemClass"": -1, ""NameSubtext_Lang_Mask"": 16712190, ""NameSubtext_Lang_enUS"": ""Rank 1"", ""Name_Lang_Mask"": 16712190, ""ProcChance"": 101, ""RangeIndex"": 1, ""SpellClassSet"": 8}",pulled from existing data
14159,Murder,1,0,0,464,0,0,0,0,0,0,0,0.0,,,"{""amplitude"": 0, ""apply_aura"": 79, ""base_points"": 3, ""chain_targets"": 0, ""die_sides"": 1, ""implicit_target_a"": 1, ""implicit_target_b"": 0, ""mechanic"": 0, ""misc_value"": 255, ""points_per_level"": 0.0, ""radius_yards"": null, ""trigger_spell"": 0, ""type"": 6}",,,134,,,"{""AuraDescription_Lang_Mask"": 16712188, ""CastingTimeIndex"": 1, ""Description_Lang_Mask"": 16712190, ""Description_Lang_enUS"": ""Increases all damage caused by $s1%."", ""EffectBonusMultiplier_1"": 1.0, ""EffectChainAmplitude_1"": 1.0, ""EffectChainAmplitude_2"": 1.0, ""EffectChainAmplitude_3"": 1.0, ""EffectSpellClassMaskA_1"": 4065152, ""EquippedItemClass"": -1, ""NameSubtext_Lang_Mask"": 16712190, ""NameSubtext_Lang_enUS"": ""Rank 2"", ""Name_Lang_Mask"": 16712190, ""ProcChance"": 101, ""RangeIndex"": 1, ""SpellClassSet"": 8}",pulled from existing data
14160,Ruthlessness,1,0,0,464,0,0,0,0,0,0,0,0.0,,-1,"{""amplitude"": 0, ""apply_aura"": 42, ""base_points"": -1, ""chain_targets"": 0, ""die_sides"": 1, ""implicit_target_a"": 6, ""implicit_target_b"": 0, ""mechanic"": 0, ""misc_value"": 0, ""points_per_level"": 0.0, ""radius_yards"": null, ""trigger_spell"": 14157, ""type"": 6}",,,494,,,"{""AuraDescription_Lang_Mask"": 16712188, ""CastingTimeIndex"": 1, ""Description_Lang_Mask"": 16712190, ""Description_Lang_enUS"": ""Gives your melee finishing moves a $h1% chance to add a combo point to your target."", ""EffectBonusMultiplier_1"": 1.0, ""EffectChainAmplitude_1"": 1.0, ""EffectChainAmplitude_2"": 1.0, ""EffectChainAmplitude_3"": 1.0, ""EquippedItemClass"": -1, ""NameSubtext_Lang_Mask"": 16712190, ""NameSubtext_Lang_enUS"": ""Rank 2"", ""Name_Lang_Mask"": 16712190, ""ProcChance"": 40, ""ProcTypeMask"": 87376, ""RangeIndex"": 1, ""SpellClassSet"": 8}",pulled from existing data
14161,Ruthlessness,1,0,0,464,0,0,0,0,0,0,0,0.0,,-1,"{""amplitude"": 0, ""apply_aura"": 42, ""base_points"": -1, ""chain_targets"": 0, ""die_sides"": 1, ""implicit_target_a"": 1, ""implicit_target_b"": 0, ""mechanic"": 0, ""misc_value"": 0, ""points_per_level"": 0.0, ""radius_yards"": null, ""trigger_spell"": 14157, ""type"": 6}",,,494,,,"{""AuraDescription_Lang_Mask"": 16712188, ""CastingTimeIndex"": 1, ""Description_Lang_Mask"": 16712190, ""Description_Lang_enUS"": ""Gives your melee finishing moves a $h1% chance to add a combo point to your target."", ""EffectBonusMultiplier_1"": 1.0, ""EffectChainAmplitude_1"": 1.0, ""EffectChainAmplitude_2"": 1.0, ""EffectChainAmplitude_3"": 1.0, ""EquippedItemClass"": -1, ""NameSubtext_Lang_Mask"": 16712190, ""NameSubtext_Lang_enUS"": ""Rank 3"", ""Name_Lang_Mask"": 16712190, ""ProcChance"": 60, ""ProcTypeMask"": 87376, ""RangeIndex"": 1, ""SpellClassSet"": 8}",pulled from existing data
14162,Improved Eviscerate,1,0,0,464,0,0,0,0,0,0,0,0.0,,,"{""amplitude"": 0, ""apply_aura"": 108, ""base_points"": 6, ""chain_targets"": 0, ""die_sides"": 1, ""implicit_target_a"": 1, ""implicit_target_b"": 0, ""mechanic"": 0, ""misc_value"": 0, ""points_per_level"": 0.0, ""radius_yards"": null, ""trigger_spell"": 0, ""type"": 6}",,,514,,,"{""AuraDescription_Lang_Mask"": 16712188, ""CastingTimeIndex"": 1, ""Description_Lang_Mask"": 16712190, ""Description_Lang_enUS"": ""Increases the damage done by your Eviscerate ability by $s1%."", ""EffectBonusMultiplier_1"": 1.0, ""EffectChainAmplitude_1"": 1.0, ""EffectChainAmplitude_2"": 1.0, ""EffectChainAmplitude_3"": 1.0, ""EffectSpellClassMaskA_1"": 131072, ""EquippedItemClass"": -1, ""NameSubtext_Lang_Mask"": 16712190, ""NameSubtext_Lang_enUS"": ""Rank 1"", ""Name_Lang_Mask"": 16712190, ""ProcChance"": 101, ""RangeIndex"": 1, ""SpellClassSet"": 8}",pulled from existing data
14163,Improved Eviscerate,1,0,0,464,0,0,0,0,0,0,0,0.0,,,"{""amplitude"": 0, ""apply_aura"": 108, ""base_points"": 13, ""chain_targets"": 0, ""die_sides"": 1, ""implicit_target_a"": 1, ""implicit_target_b"": 0, ""mechanic"": 0, ""misc_value"": 0, ""points_per_level"": 0.0, ""radius_yards"": null, ""trigger_spell"": 0, ""type"": 6}",,,514,,,"{""AuraDescription_Lang_Mask"": 16712188, ""CastingTimeIndex"": 1, ""Description_Lang_Mask"": 16712190, ""Description_Lang_enUS"": ""Increases the damage done by your Eviscerate ability by $s1%."", ""EffectBonusMultiplier_1"": 1.0, ""EffectChainAmplitude_1"": 1.0, ""EffectChainAmplitude_2"": 1.0, ""EffectChainAmplitude_3"": 1.0, ""EffectSpellClassMaskA_1"": 131072, ""EquippedItemClass"": -1, ""NameSubtext_Lang_Mask"": 16712190, ""NameSubtext_Lang_enUS"": ""Rank 2"", ""Name_Lang_Mask"": 16712190, ""ProcChance"": 101, ""RangeIndex"": 1, ""SpellClassSet"": 8}",pulled from existing data
14164,Improved Eviscerate,1,0,0,464,0,0,0,0,0,0,0,0.0,,,"{""amplitude"": 0, ""apply_aura"": 108, ""base_points"": 19, ""chain_targets"": 0, ""die_sides"": 1, ""implicit_target_a"": 1, ""implicit_target_b"": 0, ""mechanic"": 0, ""misc_value"": 0, ""points_per_level"": 0.0, ""radius_yards"": null, ""trigger_spell"": 0, ""type"": 6}",,,514,,,"{""AuraDescription_Lang_Mask"": 16712188, ""CastingTimeIndex"": 1, ""Description_Lang_Mask"": 16712190, ""Description_Lang_enUS"": ""Increases the damage done by your Eviscerate ability by $s1%."", ""EffectBonusMultiplier_1"": 1.0, ""EffectChainAmplitude_1"": 1.0, ""EffectChainAmplitude_2"": 1.0, ""EffectChainAmplitude_3"": 1.0, ""EffectSpellClassMaskA_1"": 131072, ""EquippedItemClass"": -1, ""NameSubtext_Lang_Mask"": 16712190, ""NameSubtext_Lang_enUS"": ""Rank 3"", ""Name_Lang_Mask"": 16712190, ""ProcChance"": 101, ""RangeIndex"": 1, ""SpellClassSet"": 8}",pulled from existing data
14165,Improved Slice and Dice,1,0,0,464,0,0,0,0,0,0,0,0.0,,,"{""amplitude"": 0, ""apply_aura"": 108, ""base_points"": 24, ""chain_targets"": 0, ""die_sides"": 1, ""implicit_target_a"": 1, ""implicit_target_b"": 0, ""mechanic"": 0, ""misc_value"": 1, ""points_per_level"": 0.0, ""radius_yards"": null, ""trigger_spell"": 0, ""type"": 6}",,,515,,,"{""AuraDescription_Lang_Mask"": 16712188, ""CastingTimeIndex"": 1, ""Description_Lang_Mask"": 16712190, ""Description_Lang_enUS"": ""Increases the duration of your Slice and Dice ability by $s1%."", ""EffectBonusMultiplier_1"": 1.0, ""EffectChainAmplitude_1"": 1.0, ""EffectChainAmplitude_2"": 1.0, ""EffectChainAmplitude_3"": 1.0, ""EffectSpellClassMaskA_1"": 262144, ""EquippedItemClass"": -1, ""NameSubtext_Lang_Mask"": 16712190, ""NameSubtext_Lang_enUS"": ""Rank 1"", ""Name_Lang_Mask"": 16712190, ""ProcChance"": 101, ""RangeIndex"": 1, ""SpellClassSet"": 8}",pulled from existing data
14166,Improved Slice and Dice,1,0,0,464,0,0,0,0,0,0,0,0.0,,,"{""amplitude"": 0, ""apply_aura"": 108, ""base_points"": 49, ""chain_targets"": 0, ""die_sides"": 1, ""implicit_target_a"": 1, ""implicit_target_b"": 0, ""mechanic"": 0, ""misc_value"": 1, ""points_per_level"": 0.0, ""radius_yards"": null, ""trigger_spell"": 0, ""type"": 6}",,,515,,,"{""AuraDescription_Lang_Mask"": 16712188, ""CastingTimeIndex"": 1, ""Description_Lang_Mask"": 16712190, ""Description_Lang_enUS"": ""Increases the duration of your Slice and Dice ability by $s1%."", ""EffectBonusMultiplier_1"": 1.0, ""EffectChainAmplitude_1"": 1.0, ""EffectChainAmplitude_2"": 1.0, ""EffectChainAmplitude_3"": 1.0, ""EffectSpellClassMaskA_1"": 262144, ""EquippedItemClass"": -1, ""NameSubtext_Lang_Mask"": 16712190, ""NameSubtext_Lang_enUS"": ""Rank 2"", ""Name_Lang_Mask"": 16712190, ""ProcChance"": 101, ""RangeIndex"": 1, ""SpellClassSet"": 8}",pulled from existing data
14168,Improved Expose Armor,1,0,0,448,0,0,0,0,0,0,0,0.0,,,"{""amplitude"": 0, ""apply_aura"": 107, ""base_points"": -6, ""chain_targets"": 0, ""die_sides"": 1, ""implicit_target_a"": 1, ""implicit_target_b"": 0, ""mechanic"": 0, ""misc_value"": 14, ""points_per_level"": 0.0, ""radius_yards"": null, ""trigger_spell"": 0, ""type"": 6}",,,563,,,"{""AuraDescription_Lang_Mask"": 16712188, ""CastingTimeIndex"": 1, ""Description_Lang_Mask"": 16712190, ""Description_Lang_enUS"": ""Reduces the energy cost of your Expose Armor ability by $s1."", ""EffectBonusMultiplier_1"": 1.0, ""EffectChainAmplitude_1"": 1.0, ""EffectChainAmplitude_2"": 1.0, ""EffectChainAmplitude_3"": 1.0, ""EffectSpellClassMaskA_1"": 524288, ""EquippedItemClass"": -1, ""NameSubtext_Lang_Mask"": 16712190, ""NameSubtext_Lang_enUS"": ""Rank 1"", ""Name_Lang_Mask"": 16712190, ""ProcChance"": 101, ""RangeIndex"": 1, ""SpellClassSet"": 8}",pulled from existing data
14169,Improved Expose Armor,1,0,0,448,0,0,0,0,0,0,0,0.0,,,"{""amplitude"": 0, ""apply_aura"": 107, ""base_points"": -11, ""chain_targets"": 0, ""die_sides"": 1, ""implicit_target_a"": 1, ""implicit_target_b"": 0, ""mechanic"": 0, ""misc_value"": 14, ""points_per_level"": 0.0, ""radius_yards"": null, ""trigger_spell"": 0, ""type"": 6}",,,563,,,"{""AuraDescription_Lang_Mask"": 16712188, ""CastingTimeIndex"": 1, ""Description_Lang_Mask"": 16712190, ""Description_Lang_enUS"": ""Reduces the energy cost of your Expose Armor ability by $s1."", ""EffectBonusMultiplier_1"": 1.0, ""EffectChainAmplitude_1"": 1.0, ""EffectChainAmplitude_2"": 1.0, ""EffectChainAmplitude_3"": 1.0, ""EffectSpellClassMaskA_1"": 524288, ""EquippedItemClass"": -1, ""NameSubtext_Lang_Mask"": 16712190, ""NameSubtext_Lang_enUS"": ""Rank 2"", ""Name_Lang_Mask"": 16712190, ""ProcChance"": 101, ""RangeIndex"": 1, ""SpellClassSet"": 8}",pulled from existing data
14171,Serrated Blades,1,0,0,464,0,0,0,0,0,0,0,0.0,,,"{""amplitude"": 0, ""apply_aura"": 108, ""base_points"": 9, ""chain_targets"": 0, ""die_sides"": 1, ""implicit_target_a"": 1, ""implicit_target_b"": 0, ""mechanic"": 0, ""misc_value"": 22, ""points_per_level"": 0.0, ""radius_yards"": null, ""trigger_spell"": 0, ""type"": 6}","{""amplitude"": 0, ""apply_aura"": 280, ""base_points"": 2, ""chain_targets"": 0, ""die_sides"": 1, ""implicit_target_a"": 1, ""implicit_target_b"": 0, ""mechanic"": 0, ""misc_value"": 1, ""points_per_level"": 0.0, ""radius_yards"": null, ""trigger_spell"": 0, ""type"": 6}",,2004,,,"{""AuraDescription_Lang_Mask"": 16712188, ""CastingTimeIndex"": 1, ""Description_Lang_Mask"": 16712190, ""Description_Lang_enUS"": ""Causes your attacks to ignore up to $s2% of your target's Armor and increases the damage dealt by your Rupture ability by $s1%."", ""EffectBonusMultiplier_1"": 1.0, ""EffectChainAmplitude_1"": 1.0, ""EffectChainAmplitude_2"": 1.0, ""EffectChainAmplitude_3"": 1.0, ""EffectSpellClassMaskA_1"": 1048576, ""EquippedItemClass"": -1, ""NameSubtext_Lang_Mask"": 16712190, ""NameSubtext_Lang_enUS"": ""Rank 1"", ""Name_Lang_Mask"": 16712190, ""ProcChance"": 101, ""RangeIndex"": 1, ""SpellClassSet"": 8}",pulled from existing data
14172,Serrated Blades,1,0,0,464,0,0,0,0,0,0,0,0.0,,,"{""amplitude"": 0, ""apply_aura"": 108, ""base_points"": 19, ""chain_targets"": 0, ""die_sides"": 1, ""implicit_target_a"": 1, ""implicit_target_b"": 0, ""mechanic"": 0, ""misc_value"": 22, ""points_per_level"": 0.0, ""radius_yards"": null, ""trigger_spell"": 0, ""type"": 6}","{""amplitude"": 0, ""apply_aura"": 280, ""base_points"": 5, ""chain_targets"": 0, ""die_sides"": 1, ""implicit_target_a"": 1, ""implicit_target_b"": 0, ""mechanic"": 0, ""misc_value"": 1, ""points_per_level"": 0.0, ""radius_yards"": null, ""trigger_spell"": 0, ""type"": 6}",,2004,,,"{""AuraDescription_Lang_Mask"": 16712188, ""CastingTimeIndex"": 1, ""Description_Lang_Mask"": 16712190, ""Description_Lang_enUS"": ""Causes your attacks to ignore up to $s2% of your target's Armor and increases the damage dealt by your Rupture ability by $s1%."", ""EffectBonusMultiplier_1"": 1.0, ""EffectChainAmplitude_1"": 1.0, ""EffectChainAmplitude_2"": 1.0, ""EffectChainAmplitude_3"": 1.0, ""EffectSpellClassMaskA_1"": 1048576, ""EquippedItemClass"": -1, ""NameSubtext_Lang_Mask"": 16712190, ""NameSubtext_Lang_enUS"": ""Rank 2"", ""Name_Lang_Mask"": 16712190, ""ProcChance"": 101, ""RangeIndex"": 1, ""SpellClassSet"": 8}",pulled from existing data
14173,Serrated Blades,1,0,0,464,0,0,0,0,0,0,0,0.0,,,"{""amplitude"": 0, ""apply_aura"": 108, ""base_points"": 29, ""chain_targets"": 0, ""die_sides"": 1, ""implicit_target_a"": 1, ""implicit_target_b"": 0, ""mechanic"": 0, ""misc_value"": 22, ""points_per_level"": 0.0, ""radius_yards"": null, ""trigger_spell"": 0, ""type"": 6}","{""amplitude"": 0, ""apply_aura"": 280, ""base_points"": 8, ""chain_targets"": 0, ""die_sides"": 1, ""implicit_target_a"": 1, ""implicit_target_b"": 0, ""mechanic"": 0, ""misc_value"": 1, ""points_per_level"": 0.0, ""radius_yards"": null, ""trigger_spell"": 0, ""type"": 6}",,2004,,,"{""AuraDescription_Lang_Mask"": 16712188, ""CastingTimeIndex"": 1, ""Description_Lang_Mask"": 16712190, ""Description_Lang_enUS"": ""Causes your attacks to ignore up to $s2% of your target's Armor and increases the damage dealt by your Rupture ability by $s1%."", ""EffectBonusMultiplier_1"": 1.0, ""EffectChainAmplitude_1"": 1.0, ""EffectChainAmplitude_2"": 1.0, ""EffectChainAmplitude_3"": 1.0, ""EffectSpellClassMaskA_1"": 1048576, ""EquippedItemClass"": -1, ""NameSubtext_Lang_Mask"": 16712190, ""NameSubtext_Lang_enUS"": ""Rank 3"", ""Name_Lang_Mask"": 16712190, ""ProcChance"": 101, ""RangeIndex"": 1, ""SpellClassSet"": 8}",pulled from existing data
14174,Improved Kidney Shot,1,0,0,464,0,0,0,0,0,0,0,0.0,,-1,"{""amplitude"": 0, ""apply_aura"": 107, ""base_points"": 2, ""chain_targets"": 0, ""die_sides"": 1, ""implicit_target_a"": 1, ""implicit_target_b"": 0, ""mechanic"": 0, ""misc_value"": 8, ""points_per_level"": 0.0, ""radius_yards"": null, ""trigger_spell"": 0, ""type"": 6}",,,499,,,"{""AuraDescription_Lang_Mask"": 16712188, ""CastingTimeIndex"": 1, ""Description_Lang_Mask"": 16712190, ""Description_Lang_enUS"": ""While affected by your Kidney Shot ability, the target receives an additional $s1% damage from all sources."", ""EffectBonusMultiplier_1"": 1.0, ""EffectChainAmplitude_1"": 1.0, ""EffectSpellClassMaskA_1"": 2097152, ""EquippedItemClass"": -1, ""NameSubtext_Lang_Mask"": 16712190, ""NameSubtext_Lang_enUS"": ""Rank 1"", ""Name_Lang_Mask"": 16712190, ""ProcChance"": 101, ""RangeIndex"": 1, ""SpellClassSet"": 8}",pulled from existing data
14175,Improved Kidney Shot,1,0,0,464,0,0,0,0,0,0,0,0.0,,-1,"{""amplitude"": 0, ""apply_aura"": 107, ""base_points"": 5, ""chain_targets"": 0, ""die_sides"": 1, ""implicit_target_a"": 1, ""implicit_target_b"": 0, ""mechanic"": 0, ""misc_value"": 8, ""points_per_level"": 0.0, ""radius_yards"": null, ""trigger_spell"": 0, ""type"": 6}",,,499,,,"{""AuraDescription_Lang_Mask"": 16712188, ""CastingTimeIndex"": 1, ""Description_Lang_Mask"": 16712190, ""Description_Lang_enUS"": ""While affected by your Kidney Shot ability, the target receives an additional $s1% damage from all sources."", ""EffectBonusMultiplier_1"": 1.0, ""EffectChainAmplitude_1"": 1.0, ""EffectSpellClassMaskA_1"": 2097152, ""EquippedItemClass"": -1, ""NameSubtext_Lang_Mask"": 16712190, ""NameSubtext_Lang_enUS"": ""Rank 2"", ""Name_Lang_Mask"": 16712190, ""ProcChance"": 101, ""RangeIndex"": 1, ""SpellClassSet"": 8}",pulled from existing data
14176,Improved Kidney Shot,1,0,0,464,0,0,0,0,0,0,0,0.0,,-1,"{""amplitude"": 0, ""apply_aura"": 107, ""base_points"": 8, ""chain_targets"": 0, ""die_sides"": 1, ""implicit_target_a"": 1, ""implicit_target_b"": 0, ""mechanic"": 0, ""misc_value"": 8, ""points_per_level"": 0.0, ""radius_yards"": null, ""trigger_spell"": 0, ""type"": 6}",,,499,,,"{""AuraDescription_Lang_Mask"": 16712188, ""CastingTimeIndex"": 1, ""Description_Lang_Mask"": 16712190, ""Description_Lang_enUS"": ""While affected by your Kidney Shot ability, the target receives an additional $s1% damage from all sources."", ""EffectBonusMultiplier_1"": 1.0, ""EffectChainAmplitude_1"": 1.0, ""EffectSpellClassMaskA_1"": 2097152, ""EquippedItemClass"": -1, ""NameSubtext_Lang_Mask"": 16712190, ""NameSubtext_Lang_enUS"": ""Rank 3"", ""Name_Lang_Mask"": 16712190, ""ProcChance"": 101, ""RangeIndex"": 1, ""SpellClassSet"": 8}",pulled from existing data
14177,Cold Blood,1,0,0,33882128,0,0,180000,0,0,0,0,0.0,,-1,"{""amplitude"": 0, ""apply_aura"": 107, ""base_points"": 99, ""chain_targets"": 0, ""die_sides"": 1, ""implicit_target_a"": 1, ""implicit_target_b"": 0, ""mechanic"": 0, ""misc_value"": 7, ""points_per_level"": 0.0, ""radius_yards"": null, ""trigger_spell"": 0, ""type"": 6}",,,32,,,"{""AttributesEx"": 32, ""AttributesEx3"": 67108864, ""AuraDescription_Lang_Mask"": 16712190, ""AuraDescription_Lang_enUS"": ""Critical strike chance of your next offensive ability increased by $s1%."", ""CastingTimeIndex"": 1, ""Description_Lang_Mask"": 16712190, ""Description_Lang_enUS"": ""When activated, increases the critical strike chance of your next offensive ability by $s1%."", ""EffectBonusMultiplier_1"": 1.0, ""EffectBonusMultiplier_2"": 1.0, ""EffectChainAmplitude_1"": 1.0, ""EffectChainAmplitude_2"": 1.0, ""EffectChainAmplitude_3"": 1.0, ""EffectSpellClassMaskA_1"": 100794886, ""EffectSpellClassMaskA_2"": 262415, ""EquippedItemClass"": -1, ""NameSubtext_Lang_Mask"": 16712188, ""Name_Lang_Mask"": 16712190, ""ProcChance"": 100, ""ProcCharges"": 1, ""ProcTypeMask"": 87376, ""RangeIndex"": 1, ""SpellClassMask_2"": 64, ""SpellClassSet"": 8, ""SpellVisualID_1"": 4371}",pulled from existing data
14179,Relentless Strikes,1,0,0,464,0,0,0,0,0,0,0,0.0,,,"{""amplitude"": 0, ""apply_aura"": 109, ""base_points"": -1, ""chain_targets"": 0, ""die_sides"": 1, ""implicit_target_a"": 1, ""implicit_target_b"": 0, ""mechanic"": 0, ""misc_value"": 0, ""points_per_level"": 0.0, ""radius_yards"": null, ""trigger_spell"": 14181, ""type"": 6}",,,559,,,"{""AttributesEx"": 1048576, ""AttributesEx4"": 2, ""AuraDescription_Lang_Mask"": 16712188, ""CastingTimeIndex"": 1, ""Description_Lang_Mask"": 16712190, ""Description_Lang_enUS"": ""Your finishing moves have a $b1% chance per combo point to restore $14181s1 energy."", ""EffectBonusMultiplier_1"": 1.0, ""EffectChainAmplitude_1"": 1.0, ""EffectChainAmplitude_2"": 1.0, ""EffectChainAmplitude_3"": 1.0, ""EffectPointsPerCombo_1"": 4.0, ""EffectSpellClassMaskA_1"": 4063232, ""EffectSpellClassMaskA_2"": 9, ""EquippedItemClass"": -1, ""NameSubtext_Lang_Mask"": 16712190, ""NameSubtext_Lang_enUS"": ""Rank 1"", ""Name_Lang_Mask"": 16712190, ""ProcChance"": 101, ""RangeIndex"": 1, ""SpellClassSet"": 8}",pulled from existing data
14183,Premeditation,1,0,0,327696,0,0,20000,0,3,0,0,30.0,,20000,"{""amplitude"": 0, ""apply_aura"": 0, ""base_points"": 1, ""chain_targets"": 0, ""die_sides"": 1, ""implicit_target_a"": 6, ""implicit_target_b"": 0, ""mechanic"": 0, ""misc_value"": 0, ""points_per_level"": 0.0, ""radius_yards"": null, ""trigger_spell"": 0, ""type"": 80}","{""amplitude"": 0, ""apply_aura"": 148, ""base_points"": 1, ""chain_targets"": 0, ""die_sides"": 1, ""implicit_target_a"": 1, ""implicit_target_b"": 0, ""mechanic"": 0, ""misc_value"": 0, ""points_per_level"": 0.0, ""radius_yards"": null, ""trigger_spell"": 0, ""type"": 6}",,98,,,"{""AttributesEx"": 268567584, ""AttributesEx3"": 196608, ""AuraDescription_Lang_Mask"": 16712188, ""BaseLevel"": 20, ""CastingTimeIndex"": 1, ""Description_Lang_Mask"": 16712190, ""Description_Lang_enUS"": ""When used, adds $s1 combo points to your target.  You must add to or use those combo points within $d or the combo points are lost."", ""EffectBonusMultiplier_1"": 1.0, ""EffectBonusMultiplier_2"": 1.0, ""EffectChainAmplitude_1"": 1.0, ""EffectChainAmplitude_2"": 1.0, ""EffectChainAmplitude_3"": 1.0, ""EquippedItemClass"": -1, ""NameSubtext_Lang_Mask"": 16712188, ""Name_Lang_Mask"": 16712190, ""ProcChance"": 101, ""ShapeshiftMask"": 536870912, ""SpellClassMask_2"": 32, ""SpellClassSet"": 8, ""SpellLevel"": 20}",pulled from existing data
14185,Preparation,1,0,0,262160,0,0,480000,0,0,0,0,0.0,,,"{""amplitude"": 0, ""apply_aura"": 0, ""base_points"": 0, ""chain_targets"": 0, ""die_sides"": 0, ""implicit_target_a"": 1, ""implicit_target_b"": 0, ""mechanic"": 0, ""misc_value"": 0, ""points_per_level"": 0.0, ""radius_yards"": null, ""trigger_spell"": 0, ""type"": 3}",,,207,,,"{""AttributesEx"": 32, ""AuraDescription_Lang_Mask"": 16712188, ""CastingTimeIndex"": 1, ""Description_Lang_Mask"": 16712190, ""Description_Lang_enUS"": ""When activated, this ability immediately finishes the cooldown on your Evasion, Sprint, Vanish, Cold Blood and Shadowstep abilities."", ""EffectBonusMultiplier_1"": 1.0, ""EffectChainAmplitude_1"": 1.0, ""EffectChainAmplitude_2"": 1.0, ""EffectChainAmplitude_3"": 1.0, ""EquippedItemClass"": -1, ""NameSubtext_Lang_Mask"": 16712188, ""Name_Lang_Mask"": 16712190, ""ProcChance"": 101, ""RangeIndex"": 1, ""SpellClassMask_2"": 4096, ""SpellClassSet"": 8, ""SpellVisualID_1"": 3259, ""StanceBarOrder"": 4294967295, ""StartRecoveryCategory"": 133, ""StartRecoveryTime"": 1000}",pulled from existing data
14186,Seal Fate,1,0,0,464,0,0,0,0,0,0,0,0.0,,,"{""amplitude"": 0, ""apply_aura"": 42, ""base_points"": 0, ""chain_targets"": 0, ""die_sides"": 0, ""implicit_target_a"": 1, ""implicit_target_b"": 0, ""mechanic"": 0, ""misc_value"": 0, ""points_per_level"": 0.0, ""radius_yards"": null, ""trigger_spell"": 14189, ""type"": 6}",,,55,,,"{""AttributesEx3"": 524288, ""AuraDescription_Lang_Mask"": 16712188, ""CastingTimeIndex"": 1, ""Description_Lang_Mask"": 16712190, ""Description_Lang_enUS"": ""Your critical strikes from abilities that add combo points have a $h% chance to add an additional combo point."", ""EffectChainAmplitude_1"": 1.0, ""EffectChainAmplitude_2"": 1.0, ""EffectChainAmplitude_3"": 1.0, ""EquippedItemClass"": -1, ""NameSubtext_Lang_Mask"": 16712190, ""NameSubtext_Lang_enUS"": ""Rank 1"", ""Name_Lang_Mask"": 16712190, ""ProcChance"": 20, ""ProcTypeMask"": 87376, ""RangeIndex"": 1, ""SpellClassSet"": 8, ""SpellLevel"": 1, ""SpellPriority"": 50}",pulled from existing data
14190,Seal Fate,1,0,0,464,0,0,0,0,0,0,0,0.0,,,"{""amplitude"": 0, ""apply_aura"": 42, ""base_points"": 0, ""chain_targets"": 0, ""die_sides"": 0, ""implicit_target_a"": 1, ""implicit_target_b"": 0, ""mechanic"": 0, ""misc_value"": 0, ""points_per_level"": 0.0, ""radius_yards"": null, ""trigger_spell"": 14189, ""type"": 6}",,,55,,,"{""AttributesEx3"": 524288, ""AuraDescription_Lang_Mask"": 16712188, ""CastingTimeIndex"": 1, ""Description_Lang_Mask"": 16712190, ""Description_Lang_enUS"": ""Your critical strikes from abilities that add combo points have a $h% chance to add an additional combo point."", ""EffectChainAmplitude_1"": 1.0, ""EffectChainAmplitude_2"": 1.0, ""EffectChainAmplitude_3"": 1.0, ""EquippedItemClass"": -1, ""NameSubtext_Lang_Mask"": 16712190, ""NameSubtext_Lang_enUS"": ""Rank 2"", ""Name_Lang_Mask"": 16712190, ""ProcChance"": 40, ""ProcTypeMask"": 87376, ""RangeIndex"": 1, ""SpellClassSet"": 8, ""SpellLevel"": 1, ""SpellPriority"": 50}",pulled from existing data
14193,Seal Fate,1,0,0,464,0,0,0,0,0,0,0,0.0,,,"{""amplitude"": 0, ""apply_aura"": 42, ""base_points"": 0, ""chain_targets"": 0, ""die_sides"": 0, ""implicit_target_a"": 1, ""implicit_target_b"": 0, ""mechanic"": 0, ""misc_value"": 0, ""points_per_level"": 0.0, ""radius_yards"": null, ""trigger_spell"": 14189, ""type"": 6}",,,55,,,"{""AttributesEx3"": 524288, ""AuraDescription_Lang_Mask"": 16712188, ""CastingTimeIndex"": 1, ""Description_Lang_Mask"": 16712190, ""Description_Lang_enUS"": ""Your critical strikes from abilities that add combo points have a $h% chance to add an additional combo point."", ""EffectChainAmplitude_1"": 1.0, ""EffectChainAmplitude_2"": 1.0, ""EffectChainAmplitude_3"": 1.0, ""EquippedItemClass"": -1, ""NameSubtext_Lang_Mask"": 16712190, ""NameSubtext_Lang_enUS"": ""Rank 3"", ""Name_Lang_Mask"": 16712190, ""ProcChance"": 60, ""ProcTypeMask"": 87376, ""RangeIndex"": 1, ""SpellClassSet"": 8, ""SpellLevel"": 1, ""SpellPriority"": 50}",pulled from existing data
14194,Seal Fate,1,0,0,464,0,0,0,0,0,0,0,0.0,,,"{""amplitude"": 0, ""apply_aura"": 42, ""base_points"": 0, ""chain_targets"": 0, ""die_sides"": 0, ""implicit_target_a"": 1, ""implicit_target_b"": 0, ""mechanic"": 0, ""misc_value"": 0, ""points_per_level"": 0.0, ""radius_yards"": null, ""trigger_spell"": 14189, ""type"": 6}",,,55,,,"{""AttributesEx3"": 524288, ""AuraDescription_Lang_Mask"": 16712188, ""CastingTimeIndex"": 1, ""Description_Lang_Mask"": 16712190, ""Description_Lang_enUS"": ""Your critical strikes from abilities that add combo points have a $h% chance to add an additional combo point."", ""EffectChainAmplitude_1"": 1.0, ""EffectChainAmplitude_2"": 1.0, ""EffectChainAmplitude_3"": 1.0, ""EquippedItemClass"": -1, ""NameSubtext_Lang_Mask"": 16712190, ""NameSubtext_Lang_enUS"": ""Rank 4"", ""Name_Lang_Mask"": 16712190, ""ProcChance"": 80, ""ProcTypeMask"": 87376, ""RangeIndex"": 1, ""SpellClassSet"": 8, ""SpellLevel"": 1, ""SpellPriority"": 50}",pulled from existing data
14195,Seal Fate,1,0,0,464,0,0,0,0,0,0,0,0.0,,,"{""amplitude"": 0, ""apply_aura"": 42, ""base_points"": 0, ""chain_targets"": 0, ""die_sides"": 0, ""implicit_target_a"": 1, ""implicit_target_b"": 0, ""mechanic"": 0, ""misc_value"": 0, ""points_per_level"": 0.0, ""radius_yards"": null, ""trigger_spell"": 14189, ""type"": 6}",,,55,,,"{""AttributesEx3"": 524288, ""AuraDescription_Lang_Mask"": 16712188, ""CastingTimeIndex"": 1, ""Description_Lang_Mask"": 16712190, ""Description_Lang_enUS"": ""Your critical strikes from abilities that add combo points have a $h% chance to add an additional combo point."", ""EffectChainAmplitude_1"": 1.0, ""EffectChainAmplitude_2"": 1.0, ""EffectChainAmplitude_3"": 1.0, ""EquippedItemClass"": -1, ""NameSubtext_Lang_Mask"": 16712190, ""NameSubtext_Lang_enUS"": ""Rank 5"", ""Name_Lang_Mask"": 16712190, ""ProcChance"": 100, ""ProcTypeMask"": 87376, ""RangeIndex"": 1, ""SpellClassSet"": 8, ""SpellLevel"": 1, ""SpellPriority"": 50}",pulled from existing data
14251,Riposte,1,0,0,327696,0,0,6000,0,3,10,0,5.0,,30000,"{""amplitude"": 0, ""apply_aura"": 0, ""base_points"": 149, ""chain_targets"": 0, ""die_sides"": 1, ""implicit_target_a"": 6, ""implicit_target_b"": 0, ""mechanic"": 0, ""misc_value"": 0, ""points_per_level"": 0.0, ""radius_yards"": null, ""trigger_spell"": 0, ""type"": 31}","{""amplitude"": 0, ""apply_aura"": 138, ""base_points"": -21, ""chain_targets"": 0, ""die_sides"": 1, ""implicit_target_a"": 6, ""implicit_target_b"": 0, ""mechanic"": 8, ""misc_value"": 0, ""points_per_level"": 0.0, ""radius_yards"": null, ""trigger_spell"": 0, ""type"": 6}","{""amplitude"": 0, ""apply_aura"": 0, ""base_points"": 0, ""chain_targets"": 0, ""die_sides"": 1, ""implicit_target_a"": 6, ""implicit_target_b"": 0, ""mechanic"": 0, ""misc_value"": 0, ""points_per_level"": 0.0, ""radius_yards"": null, ""trigger_spell"": 0, ""type"": 80}",278,,,"{""AttributesEx"": 131584, ""AttributesEx4"": 512, ""AuraDescription_Lang_Mask"": 16712190, ""AuraDescription_Lang_enUS"": ""Melee attack speed slowed by $s2%."", ""CasterAuraState"": 1, ""CastingTimeIndex"": 1, ""DefenseType"": 2, ""Description_Lang_Mask"": 16712190, ""Description_Lang_enUS"": ""A strike that becomes active after parrying an opponent's attack.  This attack deals $s1% weapon damage and slows their melee attack speed by $s2% for $d.  Awards $s3 combo point."", ""EffectBonusMultiplier_1"": 1.0, ""EffectBonusMultiplier_2"": 1.0, ""EffectChainAmplitude_1"": 1.0, ""EffectChainAmplitude_2"": 1.0, ""EffectChainAmplitude_3"": 1.0, ""EquippedItemClass"": -1, ""FacingCasterFlags"": 1, ""NameSubtext_Lang_Mask"": 16712188, ""Name_Lang_Mask"": 16712190, ""PreventionType"": 2, ""ProcChance"": 101, ""RangeIndex"": 2, ""SpellClassMask_2"": 256, ""SpellClassSet"": 8, ""SpellVisualID_1"": 3799, ""StartRecoveryCategory"": 133, ""StartRecoveryTime"": 1000}",pulled from existing data
14278,Ghostly Strike,1,0,0,327696,0,0,20000,0,3,40,0,5.0,,7000,"{""amplitude"": 0, ""apply_aura"": 0, ""base_points"": 124, ""chain_targets"": 0, ""die_sides"": 1, ""implicit_target_a"": 6, ""implicit_target_b"": 0, ""mechanic"": 0, ""misc_value"": 0, ""points_per_level"": 0.0, ""radius_yards"": null, ""trigger_spell"": 0, ""type"": 31}","{""amplitude"": 0, ""apply_aura"": 49, ""base_points"": 14, ""chain_targets"": 0, ""die_sides"": 1, ""implicit_target_a"": 1, ""implicit_target_b"": 0, ""mechanic"": 0, ""misc_value"": 0, ""points_per_level"": 0.0, ""radius_yards"": null, ""trigger_spell"": 0, ""type"": 6}","{""amplitude"": 0, ""apply_aura"": 0, ""base_points"": 0, ""chain_targets"": 0, ""die_sides"": 1, ""implicit_target_a"": 6, ""implicit_target_b"": 0, ""mechanic"": 0, ""misc_value"": 0, ""points_per_level"": 0.0, ""radius_yards"": null, ""trigger_spell"": 0, ""type"": 80}",596,,,"{""AttributesEx"": 134218240, ""AttributesEx3"": 1024, ""AuraDescription_Lang_Mask"": 16712190, ""AuraDescription_Lang_enUS"": ""Dodge chance increased by $s2%."", ""CastingTimeIndex"": 1, ""DefenseType"": 2, ""Description_Lang_Mask"": 16712190, ""Description_Lang_enUS"": ""A strike that deals $s1% weapon damage (${$m1*1.44}% if a dagger is equipped) and increases your chance to dodge by $s2% for $d.  Awards $s3 combo $lpoint:points;."", ""EffectBonusMultiplier_1"": 1.0, ""EffectBonusMultiplier_2"": 1.0, ""EffectBonusMultiplier_3"": 1.0, ""EffectChainAmplitude_1"": 1.0, ""EffectChainAmplitude_2"": 1.0, ""EffectChainAmplitude_3"": 1.0, ""EquippedItemClass"": 2, ""EquippedItemSubclass"": 173555, ""FacingCasterFlags"": 1, ""NameSubtext_Lang_Mask"": 16712188, ""Name_Lang_Mask"": 16712190, ""PreventionType"": 2, ""ProcChance"": 101, ""RangeIndex"": 2, ""SpellClassMask_1"": 1140850688, ""SpellClassSet"": 8, ""SpellVisualID_1"": 4159, ""StartRecoveryCategory"": 133, ""StartRecoveryTime"": 1000}",pulled from existing data
14983,Vigor,1,0,0,464,0,0,0,0,0,0,0,0.0,,,"{""amplitude"": 0, ""apply_aura"": 35, ""base_points"": 9, ""chain_targets"": 0, ""die_sides"": 1, ""implicit_target_a"": 1, ""implicit_target_b"": 0, ""mechanic"": 0, ""misc_value"": 3, ""points_per_level"": 0.0, ""radius_yards"": null, ""trigger_spell"": 0, ""type"": 6}",,,691,,,"{""AuraDescription_Lang_Mask"": 16712188, ""CastingTimeIndex"": 1, ""Description_Lang_Mask"": 16712190, ""Description_Lang_enUS"": ""Increases your maximum Energy by $s1."", ""EffectBonusMultiplier_1"": 1.0, ""EffectBonusMultiplier_2"": 1.0, ""EffectBonusMultiplier_3"": 1.0, ""EffectChainAmplitude_1"": 1.0, ""EffectChainAmplitude_2"": 1.0, ""EffectChainAmplitude_3"": 1.0, ""EquippedItemClass"": -1, ""NameSubtext_Lang_Mask"": 16712188, ""Name_Lang_Mask"": 16712190, ""ProcChance"": 101, ""RangeIndex"": 1, ""SpellClassMask_2"": 4194304, ""SpellClassSet"": 8}",pulled from existing data
16513,Vile Poisons,1,0,0,464,0,0,0,0,0,0,0,0.0,,,"{""amplitude"": 0, ""apply_aura"": 108, ""base_points"": 6, ""chain_targets"": 0, ""die_sides"": 1, ""implicit_target_a"": 1, ""implicit_target_b"": 0, ""mechanic"": 0, ""misc_value"": 0, ""points_per_level"": 0.0, ""radius_yards"": null, ""trigger_spell"": 0, ""type"": 6}","{""amplitude"": 0, ""apply_aura"": 108, ""base_points"": 6, ""chain_targets"": 0, ""die_sides"": 1, ""implicit_target_a"": 1, ""implicit_target_b"": 0, ""mechanic"": 0, ""misc_value"": 22, ""points_per_level"": 0.0, ""radius_yards"": null, ""trigger_spell"": 0, ""type"": 6}","{""amplitude"": 0, ""apply_aura"": 107, ""base_points"": 9, ""chain_targets"": 0, ""die_sides"": 1, ""implicit_target_a"": 1, ""implicit_target_b"": 0, ""mechanic"": 0, ""misc_value"": 28, ""points_per_level"": 0.0, ""radius_yards"": null, ""trigger_spell"": 0, ""type"": 6}",857,,,"{""AuraDescription_Lang_Mask"": 16712188, ""CastingTimeIndex"": 1, ""Description_Lang_Mask"": 16712190, ""Description_Lang_enUS"": ""Increases the damage dealt by your poisons and Envenom ability by $s1% and gives your damage over time poisons an additional $s3% chance to resist dispel effects."", ""EffectBonusMultiplier_1"": 1.0, ""EffectBonusMultiplier_2"": 1.0, ""EffectChainAmplitude_1"": 1.0, ""EffectChainAmplitude_2"": 1.0, ""EffectChainAmplitude_3"": 1.0, ""EffectSpellClassMaskA_1"": 268443648, ""EffectSpellClassMaskA_2"": 24, ""EffectSpellClassMaskB_1"": 65536, ""EffectSpellClassMaskC_1"": 65536, ""EquippedItemClass"": -1, ""NameSubtext_Lang_Mask"": 16712190, ""NameSubtext_Lang_enUS"": ""Rank 1"", ""Name_Lang_Mask"": 16712190, ""ProcChance"": 101, ""RangeIndex"": 1, ""SpellClassSet"": 8}",pulled from existing data
16514,Vile Poisons,1,0,0,464,0,0,0,0,0,0,0,0.0,,,"{""amplitude"": 0, ""apply_aura"": 108, ""base_points"": 13, ""chain_targets"": 0, ""die_sides"": 1, ""implicit_target_a"": 1, ""implicit_target_b"": 0, ""mechanic"": 0, ""misc_value"": 0, ""points_per_level"": 0.0, ""radius_yards"": null, ""trigger_spell"": 0, ""type"": 6}","{""amplitude"": 0, ""apply_aura"": 108, ""base_points"": 13, ""chain_targets"": 0, ""die_sides"": 1, ""implicit_target_a"": 1, ""implicit_target_b"": 0, ""mechanic"": 0, ""misc_value"": 22, ""points_per_level"": 0.0, ""radius_yards"": null, ""trigger_spell"": 0, ""type"": 6}","{""amplitude"": 0, ""apply_aura"": 107, ""base_points"": 19, ""chain_targets"": 0, ""die_sides"": 1, ""implicit_target_a"": 1, ""implicit_target_b"": 0, ""mechanic"": 0, ""misc_value"": 28, ""points_per_level"": 0.0, ""radius_yards"": null, ""trigger_spell"": 0, ""type"": 6}",857,,,"{""AuraDescription_Lang_Mask"": 16712188, ""CastingTimeIndex"": 1, ""Description_Lang_Mask"": 16712190, ""Description_Lang_enUS"": ""Increases the damage dealt by your poisons and Envenom ability by $s1% and gives your damage over time poisons an additional $s3% chance to resist dispel effects."", ""EffectBonusMultiplier_1"": 1.0, ""EffectBonusMultiplier_2"": 1.0, ""EffectChainAmplitude_1"": 1.0, ""EffectChainAmplitude_2"": 1.0, ""EffectChainAmplitude_3"": 1.0, ""EffectSpellClassMaskA_1"": 268443648, ""EffectSpellClassMaskA_2"": 24, ""EffectSpellClassMaskB_1"": 65536, ""EffectSpellClassMaskC_1"": 65536, ""EquippedItemClass"": -1, ""NameSubtext_Lang_Mask"": 16712190, ""NameSubtext_Lang_enUS"": ""Rank 2"", ""Name_Lang_Mask"": 16712190, ""ProcChance"": 101, ""RangeIndex"": 1, ""SpellClassSet"": 8}",pulled from existing data
16515,Vile Poisons,1,0,0,464,0,0,0,0,0,0,0,0.0,,,"{""amplitude"": 0, ""apply_aura"": 108, ""base_points"": 19, ""chain_targets"": 0, ""die_sides"": 1, ""implicit_target_a"": 1, ""implicit_target_b"": 0, ""mechanic"": 0, ""misc_value"": 0, ""points_per_level"": 0.0, ""radius_yards"": null, ""trigger_spell"": 0, ""type"": 6}","{""amplitude"": 0, ""apply_aura"": 108, ""base_points"": 19, ""chain_targets"": 0, ""die_sides"": 1, ""implicit_target_a"": 1, ""implicit_target_b"": 0, ""mechanic"": 0, ""misc_value"": 22, ""points_per_level"": 0.0, ""radius_yards"": null, ""trigger_spell"": 0, ""type"": 6}","{""amplitude"": 0, ""apply_aura"": 107, ""base_points"": 29, ""chain_targets"": 0, ""die_sides"": 1, ""implicit_target_a"": 1, ""implicit_target_b"": 0, ""mechanic"": 0, ""misc_value"": 28, ""points_per_level"": 0.0, ""radius_yards"": null, ""trigger_spell"": 0, ""type"": 6}",857,,,"{""AuraDescription_Lang_Mask"": 16712188, ""CastingTimeIndex"": 1, ""Description_Lang_Mask"": 16712190, ""Description_Lang_enUS"": ""Increases the damage dealt by your poisons and Envenom ability by $s1% and gives your damage over time poisons an additional $s3% chance to resist dispel effects."", ""EffectBonusMultiplier_1"": 1.0, ""EffectBonusMultiplier_2"": 1.0, ""EffectChainAmplitude_1"": 1.0, ""EffectChainAmplitude_2"": 1.0, ""EffectChainAmplitude_3"": 1.0, ""EffectSpellClassMaskA_1"": 268443648, ""EffectSpellClassMaskA_2"": 24, ""EffectSpellClassMaskB_1"": 65536, ""EffectSpellClassMaskC_1"": 65536, ""EquippedItemClass"": -1, ""NameSubtext_Lang_Mask"": 16712190, ""NameSubtext_Lang_enUS"": ""Rank 3"", ""Name_Lang_Mask"": 16712190, ""ProcChance"": 101, ""RangeIndex"": 1, ""SpellClassSet"": 8}",pulled from existing data
18427,Aggression,1,0,0,464,0,0,0,0,0,0,0,0.0,,,"{""amplitude"": 0, ""apply_aura"": 108, ""base_points"": 2, ""chain_targets"": 0, ""die_sides"": 1, ""implicit_target_a"": 1, ""implicit_target_b"": 0, ""mechanic"": 0, ""misc_value"": 0, ""points_per_level"": 0.0, ""radius_yards"": null, ""trigger_spell"": 0, ""type"": 6}",,,84,,,"{""AuraDescription_Lang_Mask"": 16712188, ""CastingTimeIndex"": 1, ""Description_Lang_Mask"": 16712190, ""Description_Lang_enUS"": ""Increases the damage of your Sinister Strike, Backstab, and Eviscerate abilities by $s1%."", ""EffectBonusMultiplier_1"": 1.0, ""EffectBonusMultiplier_2"": 1.0, ""EffectBonusMultiplier_3"": 1.0, ""EffectChainAmplitude_1"": 1.0, ""EffectChainAmplitude_2"": 1.0, ""EffectChainAmplitude_3"": 1.0, ""EffectSpellClassMaskA_1"": 131078, ""EquippedItemClass"": -1, ""NameSubtext_Lang_Mask"": 16712190, ""NameSubtext_Lang_enUS"": ""Rank 1"", ""Name_Lang_Mask"": 16712190, ""ProcChance"": 101, ""RangeIndex"": 1, ""SpellClassSet"": 8}",pulled from existing data
18428,Aggression,1,0,0,464,0,0,0,0,0,0,0,0.0,,,"{""amplitude"": 0, ""apply_aura"": 108, ""base_points"": 5, ""chain_targets"": 0, ""die_sides"": 1, ""implicit_target_a"": 1, ""implicit_target_b"": 0, ""mechanic"": 0, ""misc_value"": 0, ""points_per_level"": 0.0, ""radius_yards"": null, ""trigger_spell"": 0, ""type"": 6}",,,84,,,"{""AuraDescription_Lang_Mask"": 16712188, ""CastingTimeIndex"": 1, ""Description_Lang_Mask"": 16712190, ""Description_Lang_enUS"": ""Increases the damage of your Sinister Strike, Backstab, and Eviscerate abilities by $s1%."", ""EffectBonusMultiplier_1"": 1.0, ""EffectBonusMultiplier_2"": 1.0, ""EffectBonusMultiplier_3"": 1.0, ""EffectChainAmplitude_1"": 1.0, ""EffectChainAmplitude_2"": 1.0, ""EffectChainAmplitude_3"": 1.0, ""EffectSpellClassMaskA_1"": 131078, ""EquippedItemClass"": -1, ""NameSubtext_Lang_Mask"": 16712190, ""NameSubtext_Lang_enUS"": ""Rank 2"", ""Name_Lang_Mask"": 16712190, ""ProcChance"": 101, ""RangeIndex"": 1, ""SpellClassSet"": 8}",pulled from existing data
18429,Aggression,1,0,0,464,0,0,0,0,0,0,0,0.0,,,"{""amplitude"": 0, ""apply_aura"": 108, ""base_points"": 8, ""chain_targets"": 0, ""die_sides"": 1, ""implicit_target_a"": 1, ""implicit_target_b"": 0, ""mechanic"": 0, ""misc_value"": 0, ""points_per_level"": 0.0, ""radius_yards"": null, ""trigger_spell"": 0, ""type"": 6}",,,84,,,"{""AuraDescription_Lang_Mask"": 16712188, ""CastingTimeIndex"": 1, ""Description_Lang_Mask"": 16712190, ""Description_Lang_enUS"": ""Increases the damage of your Sinister Strike, Backstab, and Eviscerate abilities by $s1%."", ""EffectBonusMultiplier_1"": 1.0, ""EffectBonusMultiplier_2"": 1.0, ""EffectBonusMultiplier_3"": 1.0, ""EffectChainAmplitude_1"": 1.0, ""EffectChainAmplitude_2"": 1.0, ""EffectChainAmplitude_3"": 1.0, ""EffectSpellClassMaskA_1"": 131078, ""EquippedItemClass"": -1, ""NameSubtext_Lang_Mask"": 16712190, ""NameSubtext_Lang_enUS"": ""Rank 3"", ""Name_Lang_Mask"": 16712190, ""ProcChance"": 101, ""RangeIndex"": 1, ""SpellClassSet"": 8}",pulled from existing data
30816,Dual Wield Specialization,1,0,0,464,0,0,0,0,0,0,0,0.0,,,"{""amplitude"": 0, ""apply_aura"": 54, ""base_points"": 1, ""chain_targets"": 0, ""die_sides"": 1, ""implicit_target_a"": 1, ""implicit_target_b"": 0, ""mechanic"": 0, ""misc_value"": 0, ""points_per_level"": 0.0, ""radius_yards"": null, ""trigger_spell"": 0, ""type"": 6}",,,2023,,,"{""AttributesEx3"": 16777216, ""AuraDescription_Lang_Mask"": 16712188, ""CastingTimeIndex"": 1, ""Description_Lang_Mask"": 16712190, ""Description_Lang_enUS"": ""Increases your chance to hit while dual wielding by an additional $s1%."", ""EffectBonusMultiplier_1"": 1.0, ""EffectChainAmplitude_1"": 1.0, ""EffectChainAmplitude_2"": 1.0, ""EffectChainAmplitude_3"": 1.0, ""EquippedItemClass"": -1, ""NameSubtext_Lang_Mask"": 16712190, ""NameSubtext_Lang_enUS"": ""Rank 1"", ""Name_Lang_Mask"": 16712190, ""ProcChance"": 101, ""RangeIndex"": 1, ""SpellClassSet"": 8}",pulled from existing data
30818,Dual Wield Specialization,1,0,0,464,0,0,0,0,0,0,0,0.0,,,"{""amplitude"": 0, ""apply_aura"": 54, ""base_points"": 3, ""chain_targets"": 0, ""die_sides"": 1, ""implicit_target_a"": 1, ""implicit_target_b"": 0, ""mechanic"": 0, ""misc_value"": 0, ""points_per_level"": 0.0, ""radius_yards"": null, ""trigger_spell"": 0, ""type"": 6}",,,2023,,,"{""AttributesEx3"": 16777216, ""AuraDescription_Lang_Mask"": 16712188, ""CastingTimeIndex"": 1, ""Description_Lang_Mask"": 16712190, ""Description_Lang_enUS"": ""Increases your chance to hit while dual wielding by an additional $s1%."", ""EffectBonusMultiplier_1"": 1.0, ""EffectChainAmplitude_1"": 1.0, ""EffectChainAmplitude_2"": 1.0, ""EffectChainAmplitude_3"": 1.0, ""EquippedItemClass"": -1, ""NameSubtext_Lang_Mask"": 16712190, ""NameSubtext_Lang_enUS"": ""Rank 2"", ""Name_Lang_Mask"": 16712190, ""ProcChance"": 101, ""RangeIndex"": 1, ""SpellClassSet"": 8}",pulled from existing data
30819,Dual Wield Specialization,1,0,0,464,0,0,0,0,0,0,0,0.0,,,"{""amplitude"": 0, ""apply_aura"": 54, ""base_points"": 5, ""chain_targets"": 0, ""die_sides"": 1, ""implicit_target_a"": 1, ""implicit_target_b"": 0, ""mechanic"": 0, ""misc_value"": 0, ""points_per_level"": 0.0, ""radius_yards"": null, ""trigger_spell"": 0, ""type"": 6}",,,2023,,,"{""AttributesEx3"": 16777216, ""AuraDescription_Lang_Mask"": 16712188, ""CastingTimeIndex"": 1, ""Description_Lang_Mask"": 16712190, ""Description_Lang_enUS"": ""Increases your chance to hit while dual wielding by an additional $s1%."", ""EffectBonusMultiplier_1"": 1.0, ""EffectChainAmplitude_1"": 1.0, ""EffectChainAmplitude_2"": 1.0, ""EffectChainAmplitude_3"": 1.0, ""EquippedItemClass"": -1, ""NameSubtext_Lang_Mask"": 16712190, ""NameSubtext_Lang_enUS"": ""Rank 3"", ""Name_Lang_Mask"": 16712190, ""ProcChance"": 101, ""RangeIndex"": 1, ""SpellClassSet"": 8}",pulled from existing data
30892,Sleight of Hand,1,0,0,192,0,0,0,0,0,0,0,0.0,,-1,"{""amplitude"": 0, ""apply_aura"": 108, ""base_points"": 9, ""chain_targets"": 0, ""die_sides"": 1, ""implicit_target_a"": 1, ""implicit_target_b"": 0, ""mechanic"": 0, ""misc_value"": 8, ""points_per_level"": 0.0, ""radius_yards"": null, ""trigger_spell"": 0, ""type"": 6}","{""amplitude"": 0, ""apply_aura"": 187, ""base_points"": -2, ""chain_targets"": 0, ""die_sides"": 1, ""implicit_target_a"": 1, ""implicit_target_b"": 0, ""mechanic"": 0, ""misc_value"": 0, ""points_per_level"": 0.0, ""radius_yards"": null, ""trigger_spell"": 0, ""type"": 6}","{""amplitude"": 0, ""apply_aura"": 188, ""base_points"": -2, ""chain_targets"": 0, ""die_sides"": 1, ""implicit_target_a"": 1, ""implicit_target_b"": 0, ""mechanic"": 0, ""misc_value"": 0, ""points_per_level"": 0.0, ""radius_yards"": null, ""trigger_spell"": 0, ""type"": 6}",539,,,"{""AuraDescription_Lang_Mask"": 16712188, ""CastingTimeIndex"": 1, ""Description_Lang_Mask"": 16712190, ""Description_Lang_enUS"": ""Reduces the chance you are critically hit by melee and ranged attacks by $s2% and increases the threat reduction of your Feint ability by $s1%."", ""EffectChainAmplitude_1"": 1.0, ""EffectChainAmplitude_2"": 1.0, ""EffectChainAmplitude_3"": 1.0, ""EffectSpellClassMaskA_1"": 134217728, ""EffectSpellClassMaskB_1"": 134217728, ""EquippedItemClass"": -1, ""NameSubtext_Lang_Mask"": 16712190, ""NameSubtext_Lang_enUS"": ""Rank 1"", ""Name_Lang_Mask"": 16712190, ""ProcChance"": 101, ""RangeIndex"": 1, ""SpellClassSet"": 8}",pulled from existing data
30893,Sleight of Hand,1,0,0,192,0,0,0,0,0,0,0,0.0,,-1,"{""amplitude"": 0, ""apply_aura"": 108, ""base_points"": 19, ""chain_targets"": 0, ""die_sides"": 1, ""implicit_target_a"": 1, ""implicit_target_b"": 0, ""mechanic"": 0, ""misc_value"": 8, ""points_per_level"": 0.0, ""radius_yards"": null, ""trigger_spell"": 0, ""type"": 6}","{""amplitude"": 0, ""apply_aura"": 187, ""base_points"": -3, ""chain_targets"": 0, ""die_sides"": 1, ""implicit_target_a"": 1, ""implicit_target_b"": 0, ""mechanic"": 0, ""misc_value"": 0, ""points_per_level"": 0.0, ""radius_yards"": null, ""trigger_spell"": 0, ""type"": 6}","{""amplitude"": 0, ""apply_aura"": 188, ""base_points"": -3, ""chain_targets"": 0, ""die_sides"": 1, ""implicit_target_a"": 1, ""implicit_target_b"": 0, ""mechanic"": 0, ""misc_value"": 0, ""points_per_level"": 0.0, ""radius_yards"": null, ""trigger_spell"": 0, ""type"": 6}",539,,,"{""AuraDescription_Lang_Mask"": 16712188, ""CastingTimeIndex"": 1, ""Description_Lang_Mask"": 16712190, ""Description_Lang_enUS"": ""Reduces the chance you are critically hit by melee and ranged attacks by $s2% and increases the threat reduction of your Feint ability by $s1%."", ""EffectChainAmplitude_1"": 1.0, ""EffectChainAmplitude_2"": 1.0, ""EffectChainAmplitude_3"": 1.0, ""EffectSpellClassMaskA_1"": 134217728, ""EffectSpellClassMaskB_1"": 134217728, ""EquippedItemClass"": -1, ""NameSubtext_Lang_Mask"": 16712190, ""NameSubtext_Lang_enUS"": ""Rank 2"", ""Name_Lang_Mask"": 16712190, ""ProcChance"": 101, ""RangeIndex"": 1, ""SpellClassSet"": 8}",pulled from existing data
31124,Blade Twisting,1,0,0,448,0,0,0,0,0,0,0,0.0,,,"{""amplitude"": 0, ""apply_aura"": 42, ""base_points"": -1, ""chain_targets"": 0, ""die_sides"": 1, ""implicit_target_a"": 1, ""implicit_target_b"": 0, ""mechanic"": 0, ""misc_value"": 0, ""points_per_level"": 0.0, ""radius_yards"": null, ""trigger_spell"": 31125, ""type"": 6}","{""amplitude"": 0, ""apply_aura"": 108, ""base_points"": 4, ""chain_targets"": 0, ""die_sides"": 1, ""implicit_target_a"": 1, ""implicit_target_b"": 0, ""mechanic"": 0, ""misc_value"": 0, ""points_per_level"": 0.0, ""radius_yards"": null, ""trigger_spell"": 0, ""type"": 6}",,2108,,,"{""AuraDescription_Lang_Mask"": 16712188, ""CastingTimeIndex"": 1, ""Description_Lang_Mask"": 16712190, ""Description_Lang_enUS"": ""Increases the damage dealt by Sinister Strike and Backstab by $s2%, and your damaging melee attacks have a $h% chance to Daze the target for $31125d."", ""EffectBonusMultiplier_1"": 1.0, ""EffectChainAmplitude_1"": 1.0, ""EffectChainAmplitude_2"": 1.0, ""EffectChainAmplitude_3"": 1.0, ""EffectSpellClassMaskB_1"": 6, ""EquippedItemClass"": 2, ""EquippedItemSubclass"": 173555, ""NameSubtext_Lang_Mask"": 16712190, ""NameSubtext_Lang_enUS"": ""Rank 1"", ""Name_Lang_Mask"": 16712190, ""ProcChance"": 10, ""ProcTypeMask"": 20, ""RangeIndex"": 1, ""SpellClassSet"": 8}",pulled from existing data
31126,Blade Twisting,1,0,0,448,0,0,0,0,0,0,0,0.0,,,"{""amplitude"": 0, ""apply_aura"": 42, ""base_points"": -1, ""chain_targets"": 0, ""die_sides"": 1, ""implicit_target_a"": 1, ""implicit_target_b"": 0, ""mechanic"": 0, ""misc_value"": 0, ""points_per_level"": 0.0, ""radius_yards"": null, ""trigger_spell"": 51585, ""type"": 6}","{""amplitude"": 0, ""apply_aura"": 108, ""base_points"": 9, ""chain_targets"": 0, ""die_sides"": 1, ""implicit_target_a"": 1, ""implicit_target_b"": 0, ""mechanic"": 0, ""misc_value"": 0, ""points_per_level"": 0.0, ""radius_yards"": null, ""trigger_spell"": 0, ""type"": 6}",,2108,,,"{""AuraDescription_Lang_Mask"": 16712188, ""CastingTimeIndex"": 1, ""Description_Lang_Mask"": 16712190, ""Description_Lang_enUS"": ""Increases the damage dealt by Sinister Strike and Backstab by $s2%, and your damaging melee attacks have a $h% chance to Daze the target for $51585d."", ""EffectBonusMultiplier_1"": 1.0, ""EffectChainAmplitude_1"": 1.0, ""EffectChainAmplitude_2"": 1.0, ""EffectChainAmplitude_3"": 1.0, ""EffectSpellClassMaskB_1"": 6, ""EquippedItemClass"": 2, ""EquippedItemSubclass"": 173555, ""NameSubtext_Lang_Mask"": 16712190, ""NameSubtext_Lang_enUS"": ""Rank 2"", ""Name_Lang_Mask"": 16712190, ""ProcChance"": 10, ""ProcTypeMask"": 20, ""RangeIndex"": 1, ""SpellClassSet"": 8}",pulled from existing data
31216,Sinister Calling,1,0,0,464,0,0,0,0,0,0,0,0.0,,,"{""amplitude"": 0, ""apply_aura"": 137, ""base_points"": 2, ""chain_targets"": 0, ""die_sides"": 1, ""implicit_target_a"": 1, ""implicit_target_b"": 0, ""mechanic"": 0, ""misc_value"": 1, ""points_per_level"": 0.0, ""radius_yards"": null, ""trigger_spell"": 0, ""type"": 6}","{""amplitude"": 0, ""apply_aura"": 108, ""base_points"": 1, ""chain_targets"": 0, ""die_sides"": 1, ""implicit_target_a"": 1, ""implicit_target_b"": 0, ""mechanic"": 0, ""misc_value"": 12, ""points_per_level"": 0.0, ""radius_yards"": null, ""trigger_spell"": 0, ""type"": 6}",,2118,,,"{""AuraDescription_Lang_Mask"": 16712188, ""CastingTimeIndex"": 1, ""Description_Lang_Mask"": 16712190, ""Description_Lang_enUS"": ""Increases your total Agility by $s1% and increases the percentage damage bonus of Backstab and Hemorrhage by an additional $s2%."", ""EffectChainAmplitude_1"": 1.0, ""EffectChainAmplitude_2"": 1.0, ""EffectChainAmplitude_3"": 1.0, ""EffectSpellClassMaskB_1"": 33554436, ""EquippedItemClass"": -1, ""NameSubtext_Lang_Mask"": 16712190, ""NameSubtext_Lang_enUS"": ""Rank 1"", ""Name_Lang_Mask"": 16712190, ""ProcChance"": 101, ""RangeIndex"": 1, ""SpellClassSet"": 8}",pulled from existing data
31217,Sinister Calling,1,0,0,464,0,0,0,0,0,0,0,0.0,,,"{""amplitude"": 0, ""apply_aura"": 137, ""base_points"": 5, ""chain_targets"": 0, ""die_sides"": 1, ""implicit_target_a"": 1, ""implicit_target_b"": 0, ""mechanic"": 0, ""misc_value"": 1, ""points_per_level"": 0.0, ""radius_yards"": null, ""trigger_spell"": 0, ""type"": 6}","{""amplitude"": 0, ""apply_aura"": 108, ""base_points"": 3, ""chain_targets"": 0, ""die_sides"": 1, ""implicit_target_a"": 1, ""implicit_target_b"": 0, ""mechanic"": 0, ""misc_value"": 12, ""points_per_level"": 0.0, ""radius_yards"": null, ""trigger_spell"": 0, ""type"": 6}",,2118,,,"{""AuraDescription_Lang_Mask"": 16712188, ""CastingTimeIndex"": 1, ""Description_Lang_Mask"": 16712190, ""Description_Lang_enUS"": ""Increases your total Agility by $s1% and increases the percentage damage bonus of Backstab and Hemorrhage by an additional $s2%."", ""EffectChainAmplitude_1"": 1.0, ""EffectChainAmplitude_2"": 1.0, ""EffectChainAmplitude_3"": 1.0, ""EffectSpellClassMaskB_1"": 33554436, ""EquippedItemClass"": -1, ""NameSubtext_Lang_Mask"": 16712190, ""NameSubtext_Lang_enUS"": ""Rank 2"", ""Name_Lang_Mask"": 16712190, ""ProcChance"": 101, ""RangeIndex"": 1, ""SpellClassSet"": 8}",pulled from existing data
31218,Sinister Calling,1,0,0,464,0,0,0,0,0,0,0,0.0,,,"{""amplitude"": 0, ""apply_aura"": 137, ""base_points"": 8, ""chain_targets"": 0, ""die_sides"": 1, ""implicit_target_a"": 1, ""implicit_target_b"": 0, ""mechanic"": 0, ""misc_value"": 1, ""points_per_level"": 0.0, ""radius_yards"": null, ""trigger_spell"": 0, ""type"": 6}","{""amplitude"": 0, ""apply_aura"": 108, ""base_points"": 5, ""chain_targets"": 0, ""die_sides"": 1, ""implicit_target_a"": 1, ""implicit_target_b"": 0, ""mechanic"": 0, ""misc_value"": 12, ""points_per_level"": 0.0, ""radius_yards"": null, ""trigger_spell"": 0, ""type"": 6}",,2118,,,"{""AuraDescription_Lang_Mask"": 16712188, ""CastingTimeIndex"": 1, ""Description_Lang_Mask"": 16712190, ""Description_Lang_enUS"": ""Increases your total Agility by $s1% and increases the percentage damage bonus of Backstab and Hemorrhage by an additional $s2%."", ""EffectChainAmplitude_1"": 1.0, ""EffectChainAmplitude_2"": 1.0, ""EffectChainAmplitude_3"": 1.0, ""EffectSpellClassMaskB_1"": 33554436, ""EquippedItemClass"": -1, ""NameSubtext_Lang_Mask"": 16712190, ""NameSubtext_Lang_enUS"": ""Rank 3"", ""Name_Lang_Mask"": 16712190, ""ProcChance"": 101, ""RangeIndex"": 1, ""SpellClassSet"": 8}",pulled from existing data
31219,Sinister Calling,1,0,0,464,0,0,0,0,0,0,0,0.0,,,"{""amplitude"": 0, ""apply_aura"": 137, ""base_points"": 11, ""chain_targets"": 0, ""die_sides"": 1, ""implicit_target_a"": 1, ""implicit_target_b"": 0, ""mechanic"": 0, ""misc_value"": 1, ""points_per_level"": 0.0, ""radius_yards"": null, ""trigger_spell"": 0, ""type"": 6}","{""amplitude"": 0, ""apply_aura"": 108, ""base_points"": 7, ""chain_targets"": 0, ""die_sides"": 1, ""implicit_target_a"": 1, ""implicit_target_b"": 0, ""mechanic"": 0, ""misc_value"": 12, ""points_per_level"": 0.0, ""radius_yards"": null, ""trigger_spell"": 0, ""type"": 6}",,2118,,,"{""AuraDescription_Lang_Mask"": 16712188, ""CastingTimeIndex"": 1, ""Description_Lang_Mask"": 16712190, ""Description_Lang_enUS"": ""Increases your total Agility by $s1% and increases the percentage damage bonus of Backstab and Hemorrhage by an additional $s2%."", ""EffectChainAmplitude_1"": 1.0, ""EffectChainAmplitude_2"": 1.0, ""EffectChainAmplitude_3"": 1.0, ""EffectSpellClassMaskB_1"": 33554436, ""EquippedItemClass"": -1, ""NameSubtext_Lang_Mask"": 16712190, ""NameSubtext_Lang_enUS"": ""Rank 4"", ""Name_Lang_Mask"": 16712190, ""ProcChance"": 101, ""RangeIndex"": 1, ""SpellClassSet"": 8}",pulled from existing data
31220,Sinister Calling,1,0,0,464,0,0,0,0,0,0,0,0.0,,,"{""amplitude"": 0, ""apply_aura"": 137, ""base_points"": 14, ""chain_targets"": 0, ""die_sides"": 1, ""implicit_target_a"": 1, ""implicit_target_b"": 0, ""mechanic"": 0, ""misc_value"": 1, ""points_per_level"": 0.0, ""radius_yards"": null, ""trigger_spell"": 0, ""type"": 6}","{""amplitude"": 0, ""apply_aura"": 108, ""base_points"": 9, ""chain_targets"": 0, ""die_sides"": 1, ""implicit_target_a"": 1, ""implicit_target_b"": 0, ""mechanic"": 0, ""misc_value"": 12, ""points_per_level"": 0.0, ""radius_yards"": null, ""trigger_spell"": 0, ""type"": 6}",,2118,,,"{""AuraDescription_Lang_Mask"": 16712188, ""CastingTimeIndex"": 1, ""Description_Lang_Mask"": 16712190, ""Description_Lang_enUS"": ""Increases your total Agility by $s1% and increases the percentage damage bonus of Backstab and Hemorrhage by an additional $s2%."", ""EffectChainAmplitude_1"": 1.0, ""EffectChainAmplitude_2"": 1.0, ""EffectChainAmplitude_3"": 1.0, ""EffectSpellClassMaskB_1"": 33554436, ""EquippedItemClass"": -1, ""NameSubtext_Lang_Mask"": 16712190, ""NameSubtext_Lang_enUS"": ""Rank 5"", ""Name_Lang_Mask"": 16712190, ""ProcChance"": 101, ""RangeIndex"": 1, ""SpellClassSet"": 8}",pulled from existing data
31223,Master of Subtlety,1,0,0,131536,0,0,0,0,0,0,0,0.0,,-1,"{""amplitude"": 0, ""apply_aura"": 4, ""base_points"": 9, ""chain_targets"": 0, ""die_sides"": 1, ""implicit_target_a"": 1, ""implicit_target_b"": 0, ""mechanic"": 0, ""misc_value"": 0, ""points_per_level"": 0.0, ""radius_yards"": null, ""trigger_spell"": 0, ""type"": 6}",,,2114,,,"{""AuraDescription_Lang_Mask"": 16712188, ""CastingTimeIndex"": 1, ""Description_Lang_Mask"": 16712190, ""Description_Lang_enUS"": ""Attacks made while stealthed and for 6 seconds after breaking stealth cause an additional $s1% damage."", ""EffectChainAmplitude_1"": 1.0, ""EffectChainAmplitude_2"": 1.0, ""EffectChainAmplitude_3"": 1.0, ""EffectSpellClassMaskA_1"": 4194304, ""EquippedItemClass"": -1, ""NameSubtext_Lang_Mask"": 16712190, ""NameSubtext_Lang_enUS"": ""Rank 3"", ""Name_Lang_Mask"": 16712190, ""ProcChance"": 101, ""RangeIndex"": 1, ""SpellClassSet"": 8}",pulled from existing data
31226,Master Poisoner,1,0,0,464,0,0,0,0,0,0,0,0.0,,,"{""amplitude"": 0, ""apply_aura"": 231, ""base_points"": 0, ""chain_targets"": 0, ""die_sides"": 1, ""implicit_target_a"": 1, ""implicit_target_b"": 0, ""mechanic"": 0, ""misc_value"": 23, ""points_per_level"": 0.0, ""radius_yards"": null, ""trigger_spell"": 45176, ""type"": 6}","{""amplitude"": 0, ""apply_aura"": 246, ""base_points"": -18, ""chain_targets"": 0, ""die_sides"": 1, ""implicit_target_a"": 1, ""implicit_target_b"": 0, ""mechanic"": 0, ""misc_value"": 4, ""points_per_level"": 0.0, ""radius_yards"": null, ""trigger_spell"": 0, ""type"": 6}",,1960,,,"{""AttributesEx3"": 67108864, ""AuraDescription_Lang_Mask"": 16712188, ""CastingTimeIndex"": 1, ""Description_Lang_Mask"": 16712190, ""Description_Lang_enUS"": ""Increases the critical hit chance of all attacks made against any target you have poisoned by $s1%, reduces the duration of all Poison effects applied to you by $s2%, and gives Envenom a $s3% chance not to consume Deadly Poison."", ""EffectBasePoints_3"": 32, ""EffectChainAmplitude_1"": 1.0, ""EffectChainAmplitude_2"": 1.0, ""EffectChainAmplitude_3"": 1.0, ""EffectDieSides_3"": 1, ""EffectSpellClassMaskA_2"": 524288, ""EffectSpellClassMaskC_2"": 8, ""EquippedItemClass"": -1, ""NameSubtext_Lang_Mask"": 16712190, ""NameSubtext_Lang_enUS"": ""Rank 1"", ""Name_Lang_Mask"": 16712190, ""ProcChance"": 100, ""ProcTypeMask"": 69632, ""RangeIndex"": 1, ""SpellClassSet"": 8, ""SpellLevel"": 1, ""SpellPriority"": 50}",pulled from existing data
31227,Master Poisoner,1,0,0,464,0,0,0,0,0,0,0,0.0,,,"{""amplitude"": 0, ""apply_aura"": 231, ""base_points"": 1, ""chain_targets"": 0, ""die_sides"": 1, ""implicit_target_a"": 1, ""implicit_target_b"": 0, ""mechanic"": 0, ""misc_value"": 23, ""points_per_level"": 0.0, ""radius_yards"": null, ""trigger_spell"": 45176, ""type"": 6}","{""amplitude"": 0, ""apply_aura"": 246, ""base_points"": -35, ""chain_targets"": 0, ""die_sides"": 1, ""implicit_target_a"": 1, ""implicit_target_b"": 0, ""mechanic"": 0, ""misc_value"": 4, ""points_per_level"": 0.0, ""radius_yards"": null, ""trigger_spell"": 0, ""type"": 6}",,1960,,,"{""AttributesEx3"": 67108864, ""AuraDescription_Lang_Mask"": 16712188, ""CastingTimeIndex"": 1, ""Description_Lang_Mask"": 16712190, ""Description_Lang_enUS"": ""Increases the critical hit chance of all attacks made against any target you have poisoned by $s1%, reduces the duration of all Poison effects applied to you by $s2%, and gives Envenom a $s3% chance not to consume Deadly Poison."", ""EffectBasePoints_3"": 65, ""EffectChainAmplitude_1"": 1.0, ""EffectChainAmplitude_2"": 1.0, ""EffectChainAmplitude_3"": 1.0, ""EffectDieSides_3"": 1, ""EffectSpellClassMaskA_2"": 524288, ""EffectSpellClassMaskC_2"": 8, ""EquippedItemClass"": -1, ""NameSubtext_Lang_Mask"": 16712190, ""NameSubtext_Lang_enUS"": ""Rank 2"", ""Name_Lang_Mask"": 16712190, ""ProcChance"": 100, ""ProcTypeMask"": 69632, ""RangeIndex"": 1, ""SpellClassSet"": 8, ""SpellLevel"": 1, ""SpellPriority"": 50}",pulled from existing data
31228,Cheat Death,1,0,0,464,0,0,0,0,0,0,0,0.0,,,"{""amplitude"": 0, ""apply_aura"": 69, ""base_points"": 32, ""chain_targets"": 0, ""die_sides"": 1, ""implicit_target_a"": 1, ""implicit_target_b"": 0, ""mechanic"": 0, ""misc_value"": 127, ""points_per_level"": 0.0, ""radius_yards"": null, ""trigger_spell"": 0, ""type"": 6}",,,2109,,,"{""AttributesEx3"": 524288, ""AuraDescription_Lang_Mask"": 16712188, ""CastingTimeIndex"": 1, ""Description_Lang_Mask"": 16712190, ""Description_Lang_enUS"": ""You have a $s1% chance that an attack which would otherwise kill you will instead reduce you to 10% of your maximum health. In addition, all damage taken will be reduced by up to 90% for $45182d (modified by resilience).  This effect cannot occur more than once per minute."", ""EffectChainAmplitude_1"": 1.0, ""EffectChainAmplitude_2"": 1.0, ""EffectChainAmplitude_3"": 1.0, ""EquippedItemClass"": -1, ""NameSubtext_Lang_Mask"": 16712190, ""NameSubtext_Lang_enUS"": ""Rank 1"", ""Name_Lang_Mask"": 16712190, ""ProcChance"": 101, ""RangeIndex"": 1, ""SpellClassMask_2"": 1024, ""SpellClassSet"": 8, ""SpellLevel"": 1, ""SpellPriority"": 50}",pulled from existing data
31229,Cheat Death,1,0,0,464,0,0,0,0,0,0,0,0.0,,,"{""amplitude"": 0, ""apply_aura"": 69, ""base_points"": 65, ""chain_targets"": 0, ""die_sides"": 1, ""implicit_target_a"": 1, ""implicit_target_b"": 0, ""mechanic"": 0, ""misc_value"": 127, ""points_per_level"": 0.0, ""radius_yards"": null, ""trigger_spell"": 0, ""type"": 6}",,,2109,,,"{""AttributesEx3"": 524288, ""AuraDescription_Lang_Mask"": 16712188, ""CastingTimeIndex"": 1, ""Description_Lang_Mask"": 16712190, ""Description_Lang_enUS"": ""You have a $s1% chance that an attack which would otherwise kill you will instead reduce you to 10% of your maximum health. In addition, all damage taken will be reduced by up to 90% for $45182d (modified by resilience).  This effect cannot occur more than once per minute."", ""EffectChainAmplitude_1"": 1.0, ""EffectChainAmplitude_2"": 1.0, ""EffectChainAmplitude_3"": 1.0, ""EquippedItemClass"": -1, ""NameSubtext_Lang_Mask"": 16712190, ""NameSubtext_Lang_enUS"": ""Rank 2"", ""Name_Lang_Mask"": 16712190, ""ProcChance"": 101, ""RangeIndex"": 1, ""SpellClassMask_2"": 1024, ""SpellClassSet"": 8, ""SpellLevel"": 1, ""SpellPriority"": 50}",pulled from existing data
31230,Cheat Death,1,0,0,464,0,0,0,0,0,0,0,0.0,,,"{""amplitude"": 0, ""apply_aura"": 69, ""base_points"": 99, ""chain_targets"": 0, ""die_sides"": 1, ""implicit_target_a"": 1, ""implicit_target_b"": 0, ""mechanic"": 0, ""misc_value"": 127, ""points_per_level"": 0.0, ""radius_yards"": null, ""trigger_spell"": 0, ""type"": 6}",,,2109,,,"{""AttributesEx3"": 524288, ""AuraDescription_Lang_Mask"": 16712188, ""CastingTimeIndex"": 1, ""Description_Lang_Mask"": 16712190, ""Description_Lang_enUS"": ""You have a $s1% chance that an attack which would otherwise kill you will instead reduce you to 10% of your maximum health. In addition, all damage taken will be reduced by up to 90% for $45182d (modified by resilience).  This effect cannot occur more than once per minute."", ""EffectChainAmplitude_1"": 1.0, ""EffectChainAmplitude_2"": 1.0, ""EffectChainAmplitude_3"": 1.0, ""EquippedItemClass"": -1, ""NameSubtext_Lang_Mask"": 16712190, ""NameSubtext_Lang_enUS"": ""Rank 3"", ""Name_Lang_Mask"": 16712190, ""ProcChance"": 101, ""RangeIndex"": 1, ""SpellClassMask_2"": 1024, ""SpellClassSet"": 8, ""SpellLevel"": 1, ""SpellPriority"": 50}",pulled from existing data
31234,Find Weakness,1,0,0,464,0,0,0,0,0,0,0,0.0,,,"{""amplitude"": 0, ""apply_aura"": 108, ""base_points"": 1, ""chain_targets"": 0, ""die_sides"": 1, ""implicit_target_a"": 1, ""implicit_target_b"": 0, ""mechanic"": 0, ""misc_value"": 0, ""points_per_level"": 0.0, ""radius_yards"": null, ""trigger_spell"": 0, ""type"": 6}","{""amplitude"": 0, ""apply_aura"": 108, ""base_points"": 1, ""chain_targets"": 0, ""die_sides"": 1, ""implicit_target_a"": 1, ""implicit_target_b"": 0, ""mechanic"": 0, ""misc_value"": 22, ""points_per_level"": 0.0, ""radius_yards"": null, ""trigger_spell"": 0, ""type"": 6}",,2112,,,"{""AuraDescription_Lang_Mask"": 16712190, ""CastingTimeIndex"": 1, ""Description_Lang_Mask"": 16712190, ""Description_Lang_enUS"": ""Offensive ability damage increased by $s1%."", ""EffectChainAmplitude_1"": 1.0, ""EffectChainAmplitude_2"": 1.0, ""EffectChainAmplitude_3"": 1.0, ""EffectSpellClassMaskA_1"": 637665822, ""EffectSpellClassMaskA_2"": 262415, ""EffectSpellClassMaskB_1"": 1048832, ""EquippedItemClass"": -1, ""NameSubtext_Lang_Mask"": 16712190, ""NameSubtext_Lang_enUS"": ""Rank 1"", ""Name_Lang_Mask"": 16712190, ""ProcChance"": 101, ""RangeIndex"": 1, ""SpellClassSet"": 8}",pulled from existing data
31235,Find Weakness,1,0,0,464,0,0,0,0,0,0,0,0.0,,,"{""amplitude"": 0, ""apply_aura"": 108, ""base_points"": 3, ""chain_targets"": 0, ""die_sides"": 1, ""implicit_target_a"": 1, ""implicit_target_b"": 0, ""mechanic"": 0, ""misc_value"": 0, ""points_per_level"": 0.0, ""radius_yards"": null, ""trigger_spell"": 0, ""type"": 6}","{""amplitude"": 0, ""apply_aura"": 108, ""base_points"": 3, ""chain_targets"": 0, ""die_sides"": 1, ""implicit_target_a"": 1, ""implicit_target_b"": 0, ""mechanic"": 0, ""misc_value"": 22, ""points_per_level"": 0.0, ""radius_yards"": null, ""trigger_spell"": 0, ""type"": 6}",,2112,,,"{""AuraDescription_Lang_Mask"": 16712190, ""CastingTimeIndex"": 1, ""Description_Lang_Mask"": 16712190, ""Description_Lang_enUS"": ""Offensive ability damage increased by $s1%."", ""EffectChainAmplitude_1"": 1.0, ""EffectChainAmplitude_2"": 1.0, ""EffectChainAmplitude_3"": 1.0, ""EffectSpellClassMaskA_1"": 637665822, ""EffectSpellClassMaskA_2"": 262415, ""EffectSpellClassMaskB_1"": 1048832, ""EquippedItemClass"": -1, ""NameSubtext_Lang_Mask"": 16712190, ""NameSubtext_Lang_enUS"": ""Rank 2"", ""Name_Lang_Mask"": 16712190, ""ProcChance"": 101, ""RangeIndex"": 1, ""SpellClassSet"": 8}",pulled from existing data
31236,Find Weakness,1,0,0,464,0,0,0,0,0,0,0,0.0,,,"{""amplitude"": 0, ""apply_aura"": 108, ""base_points"": 5, ""chain_targets"": 0, ""die_sides"": 1, ""implicit_target_a"": 1, ""implicit_target_b"": 0, ""mechanic"": 0, ""misc_value"": 0, ""points_per_level"": 0.0, ""radius_yards"": null, ""trigger_spell"": 0, ""type"": 6}","{""amplitude"": 0, ""apply_aura"": 108, ""base_points"": 5, ""chain_targets"": 0, ""die_sides"": 1, ""implicit_target_a"": 1, ""implicit_target_b"": 0, ""mechanic"": 0, ""misc_value"": 22, ""points_per_level"": 0.0, ""radius_yards"": null, ""trigger_spell"": 0, ""type"": 6}",,2112,,,"{""AuraDescription_Lang_Mask"": 16712190, ""CastingTimeIndex"": 1, ""Description_Lang_Mask"": 16712190, ""Description_Lang_enUS"": ""Offensive ability damage increased by $s1%."", ""EffectChainAmplitude_1"": 1.0, ""EffectChainAmplitude_2"": 1.0, ""EffectChainAmplitude_3"": 1.0, ""EffectSpellClassMaskA_1"": 637665822, ""EffectSpellClassMaskA_2"": 262415, ""EffectSpellClassMaskB_1"": 1048832, ""EquippedItemClass"": -1, ""NameSubtext_Lang_Mask"": 16712190, ""NameSubtext_Lang_enUS"": ""Rank 3"", ""Name_Lang_Mask"": 16712190, ""ProcChance"": 101, ""RangeIndex"": 1, ""SpellClassSet"": 8}",pulled from existing data
31244,Quick Recovery,1,0,0,464,0,0,0,0,0,0,0,0.0,,,"{""amplitude"": 0, ""apply_aura"": 4, ""base_points"": 39, ""chain_targets"": 0, ""die_sides"": 1, ""implicit_target_a"": 1, ""implicit_target_b"": 0, ""mechanic"": 0, ""misc_value"": 0, ""points_per_level"": 0.0, ""radius_yards"": null, ""trigger_spell"": 0, ""type"": 6}","{""amplitude"": 0, ""apply_aura"": 118, ""base_points"": 9, ""chain_targets"": 0, ""die_sides"": 1, ""implicit_target_a"": 1, ""implicit_target_b"": 0, ""mechanic"": 0, ""misc_value"": 127, ""points_per_level"": 0.0, ""radius_yards"": null, ""trigger_spell"": 0, ""type"": 6}",,2116,,,"{""AttributesEx3"": 524288, ""AuraDescription_Lang_Mask"": 16712188, ""CastingTimeIndex"": 1, ""Description_Lang_Mask"": 16712190, ""Description_Lang_enUS"": ""All healing effects on you are increased by $s2%.  In addition, your finishing moves refund $s1% of their Energy cost when they fail to hit."", ""EffectChainAmplitude_1"": 1.0, ""EffectChainAmplitude_2"": 1.0, ""EffectChainAmplitude_3"": 1.0, ""EquippedItemClass"": -1, ""NameSubtext_Lang_Mask"": 16712190, ""NameSubtext_Lang_enUS"": ""Rank 1"", ""Name_Lang_Mask"": 16712190, ""ProcChance"": 100, ""ProcTypeMask"": 272, ""RangeIndex"": 1, ""SpellClassSet"": 8, ""SpellLevel"": 1, ""SpellPriority"": 50}",pulled from existing data
31245,Quick Recovery,1,0,0,464,0,0,0,0,0,0,0,0.0,,,"{""amplitude"": 0, ""apply_aura"": 4, ""base_points"": 79, ""chain_targets"": 0, ""die_sides"": 1, ""implicit_target_a"": 1, ""implicit_target_b"": 0, ""mechanic"": 0, ""misc_value"": 0, ""points_per_level"": 0.0, ""radius_yards"": null, ""trigger_spell"": 0, ""type"": 6}","{""amplitude"": 0, ""apply_aura"": 118, ""base_points"": 19, ""chain_targets"": 0, ""die_sides"": 1, ""implicit_target_a"": 1, ""implicit_target_b"": 0, ""mechanic"": 0, ""misc_value"": 127, ""points_per_level"": 0.0, ""radius_yards"": null, ""trigger_spell"": 0, ""type"": 6}",,2116,,,"{""AttributesEx3"": 524288, ""AuraDescription_Lang_Mask"": 16712188, ""CastingTimeIndex"": 1, ""Description_Lang_Mask"": 16712190, ""Description_Lang_enUS"": ""All healing effects on you are increased by $s2%.  In addition, your finishing moves refund $s1% of their Energy cost when they fail to hit."", ""EffectChainAmplitude_1"": 1.0, ""EffectChainAmplitude_2"": 1.0, ""EffectChainAmplitude_3"": 1.0, ""EquippedItemClass"": -1, ""NameSubtext_Lang_Mask"": 16712190, ""NameSubtext_Lang_enUS"": ""Rank 2"", ""Name_Lang_Mask"": 16712190, ""ProcChance"": 100, ""ProcTypeMask"": 272, ""RangeIndex"": 1, ""SpellClassSet"": 8, ""SpellLevel"": 1, ""SpellPriority"": 50}",pulled from existing data
31380,Deadened Nerves,1,0,0,464,0,0,0,0,0,0,0,0.0,,,"{""amplitude"": 0, ""apply_aura"": 87, ""base_points"": -3, ""chain_targets"": 0, ""die_sides"": 1, ""implicit_target_a"": 1, ""implicit_target_b"": 0, ""mechanic"": 0, ""misc_value"": 127, ""points_per_level"": 0.0, ""radius_yards"": null, ""trigger_spell"": 0, ""type"": 6}",,,2110,,,"{""AttributesEx3"": 524288, ""AuraDescription_Lang_Mask"": 16712188, ""CastingTimeIndex"": 1, ""Description_Lang_Mask"": 16712190, ""Description_Lang_enUS"": ""Reduces all damage taken by $s1%."", ""EffectChainAmplitude_1"": 1.0, ""EffectChainAmplitude_2"": 1.0, ""EffectChainAmplitude_3"": 1.0, ""EquippedItemClass"": -1, ""NameSubtext_Lang_Mask"": 16712190, ""NameSubtext_Lang_enUS"": ""Rank 1"", ""Name_Lang_Mask"": 16712190, ""ProcChance"": 101, ""RangeIndex"": 1, ""SpellClassSet"": 8, ""SpellLevel"": 1, ""SpellPriority"": 50}",pulled from existing data
31382,Deadened Nerves,1,0,0,464,0,0,0,0,0,0,0,0.0,,,"{""amplitude"": 0, ""apply_aura"": 87, ""base_points"": -5, ""chain_targets"": 0, ""die_sides"": 1, ""implicit_target_a"": 1, ""implicit_target_b"": 0, ""mechanic"": 0, ""misc_value"": 127, ""points_per_level"": 0.0, ""radius_yards"": null, ""trigger_spell"": 0, ""type"": 6}",,,2110,,,"{""AttributesEx3"": 524288, ""AuraDescription_Lang_Mask"": 16712188, ""CastingTimeIndex"": 1, ""Description_Lang_Mask"": 16712190, ""Description_Lang_enUS"": ""Reduces all damage taken by $s1%."", ""EffectChainAmplitude_1"": 1.0, ""EffectChainAmplitude_2"": 1.0, ""EffectChainAmplitude_3"": 1.0, ""EquippedItemClass"": -1, ""NameSubtext_Lang_Mask"": 16712190, ""NameSubtext_Lang_enUS"": ""Rank 2"", ""Name_Lang_Mask"": 16712190, ""ProcChance"": 101, ""RangeIndex"": 1, ""SpellClassSet"": 8, ""SpellLevel"": 1, ""SpellPriority"": 50}",pulled from existing data
31383,Deadened Nerves,1,0,0,464,0,0,0,0,0,0,0,0.0,,,"{""amplitude"": 0, ""apply_aura"": 87, ""base_points"": -7, ""chain_targets"": 0, ""die_sides"": 1, ""implicit_target_a"": 1, ""implicit_target_b"": 0, ""mechanic"": 0, ""misc_value"": 127, ""points_per_level"": 0.0, ""radius_yards"": null, ""trigger_spell"": 0, ""type"": 6}",,,2110,,,"{""AttributesEx3"": 524288, ""AuraDescription_Lang_Mask"": 16712188, ""CastingTimeIndex"": 1, ""Description_Lang_Mask"": 16712190, ""Description_Lang_enUS"": ""Reduces all damage taken by $s1%."", ""EffectChainAmplitude_1"": 1.0, ""EffectChainAmplitude_2"": 1.0, ""EffectChainAmplitude_3"": 1.0, ""EquippedItemClass"": -1, ""NameSubtext_Lang_Mask"": 16712190, ""NameSubtext_Lang_enUS"": ""Rank 3"", ""Name_Lang_Mask"": 16712190, ""ProcChance"": 101, ""RangeIndex"": 1, ""SpellClassSet"": 8, ""SpellLevel"": 1, ""SpellPriority"": 50}",pulled from existing data
32601,Surprise Attacks,1,0,0,464,0,0,0,0,3,0,0,0.0,,,"{""amplitude"": 0, ""apply_aura"": 202, ""base_points"": -1, ""chain_targets"": 0, ""die_sides"": 1, ""implicit_target_a"": 1, ""implicit_target_b"": 0, ""mechanic"": 0, ""misc_value"": 2, ""points_per_level"": 0.0, ""radius_yards"": null, ""trigger_spell"": 0, ""type"": 6}","{""amplitude"": 0, ""apply_aura"": 108, ""base_points"": 9, ""chain_targets"": 0, ""die_sides"": 1, ""implicit_target_a"": 1, ""implicit_target_b"": 0, ""mechanic"": 0, ""misc_value"": 0, ""points_per_level"": 0.0, ""radius_yards"": null, ""trigger_spell"": 0, ""type"": 6}",,2119,,,"{""AuraDescription_Lang_Mask"": 16712188, ""CastingTimeIndex"": 1, ""Description_Lang_Mask"": 16712190, ""Description_Lang_enUS"": ""Your finishing moves can no longer be dodged, and the damage dealt by your Sinister Strike, Backstab, Shiv, Hemorrhage and Gouge abilities is increased by $s2%."", ""EffectBonusMultiplier_1"": 1.0, ""EffectChainAmplitude_1"": 1.0, ""EffectChainAmplitude_2"": 1.0, ""EffectChainAmplitude_3"": 1.0, ""EffectSpellClassMaskA_1"": 3801088, ""EffectSpellClassMaskA_2"": 9, ""EffectSpellClassMaskB_1"": 570425358, ""EquippedItemClass"": -1, ""NameSubtext_Lang_Mask"": 16712188, ""Name_Lang_Mask"": 16712190, ""ProcChance"": 101, ""RangeIndex"": 1, ""SpellClassSet"": 8}",pulled from existing data
35541,Combat Potency,1,0,0,448,0,0,0,0,0,0,0,0.0,,,"{""amplitude"": 0, ""apply_aura"": 42, ""base_points"": -1, ""chain_targets"": 0, ""die_sides"": 1, ""implicit_target_a"": 1, ""implicit_target_b"": 0, ""mechanic"": 0, ""misc_value"": 0, ""points_per_level"": 0.0, ""radius_yards"": null, ""trigger_spell"": 35542, ""type"": 6}",,,2260,,,"{""AuraDescription_Lang_Mask"": 16712188, ""CastingTimeIndex"": 1, ""Description_Lang_Mask"": 16712190, ""Description_Lang_enUS"": ""Gives your successful off-hand melee attacks a $h% chance to generate $35542s1 Energy."", ""EffectBonusMultiplier_1"": 1.0, ""EffectChainAmplitude_1"": 1.0, ""EffectChainAmplitude_2"": 1.0, ""EffectChainAmplitude_3"": 1.0, ""EquippedItemClass"": -1, ""NameSubtext_Lang_Mask"": 16712190, ""NameSubtext_Lang_enUS"": ""Rank 1"", ""Name_Lang_Mask"": 16712190, ""ProcChance"": 20, ""ProcTypeMask"": 4, ""RangeIndex"": 1, ""SpellClassSet"": 8}",pulled from existing data
35550,Combat Potency,1,0,0,448,0,0,0,0,0,0,0,0.0,,,"{""amplitude"": 0, ""apply_aura"": 42, ""base_points"": -1, ""chain_targets"": 0, ""die_sides"": 1, ""implicit_target_a"": 1, ""implicit_target_b"": 0, ""mechanic"": 0, ""misc_value"": 0, ""points_per_level"": 0.0, ""radius_yards"": null, ""trigger_spell"": 35545, ""type"": 6}",,,2260,,,"{""AuraDescription_Lang_Mask"": 16712188, ""CastingTimeIndex"": 1, ""Description_Lang_Mask"": 16712190, ""Description_Lang_enUS"": ""Gives your successful off-hand melee attacks a $h% chance to generate $35545s1 Energy."", ""EffectBonusMultiplier_1"": 1.0, ""EffectChainAmplitude_1"": 1.0, ""EffectChainAmplitude_2"": 1.0, ""EffectChainAmplitude_3"": 1.0, ""EquippedItemClass"": -1, ""NameSubtext_Lang_Mask"": 16712190, ""NameSubtext_Lang_enUS"": ""Rank 2"", ""Name_Lang_Mask"": 16712190, ""ProcChance"": 20, ""ProcTypeMask"": 4, ""RangeIndex"": 1, ""SpellClassSet"": 8}",pulled from existing data
35551,Combat Potency,1,0,0,448,0,0,0,0,0,0,0,0.0,,,"{""amplitude"": 0, ""apply_aura"": 42, ""base_points"": -1, ""chain_targets"": 0, ""die_sides"": 1, ""implicit_target_a"": 1, ""implicit_target_b"": 0, ""mechanic"": 0, ""misc_value"": 0, ""points_per_level"": 0.0, ""radius_yards"": null, ""trigger_spell"": 35546, ""type"": 6}",,,2260,,,"{""AuraDescription_Lang_Mask"": 16712188, ""CastingTimeIndex"": 1, ""Description_Lang_Mask"": 16712190, ""Description_Lang_enUS"": ""Gives your successful off-hand melee attacks a $h% chance to generate $35546s1 Energy."", ""EffectBonusMultiplier_1"": 1.0, ""EffectChainAmplitude_1"": 1.0, ""EffectChainAmplitude_2"": 1.0, ""EffectChainAmplitude_3"": 1.0, ""EquippedItemClass"": -1, ""NameSubtext_Lang_Mask"": 16712190, ""NameSubtext_Lang_enUS"": ""Rank 3"", ""Name_Lang_Mask"": 16712190, ""ProcChance"": 20, ""ProcTypeMask"": 4, ""RangeIndex"": 1, ""SpellClassSet"": 8}",pulled from existing data
35552,Combat Potency,1,0,0,448,0,0,0,0,0,0,0,0.0,,,"{""amplitude"": 0, ""apply_aura"": 42, ""base_points"": -1, ""chain_targets"": 0, ""die_sides"": 1, ""implicit_target_a"": 1, ""implicit_target_b"": 0, ""mechanic"": 0, ""misc_value"": 0, ""points_per_level"": 0.0, ""radius_yards"": null, ""trigger_spell"": 35547, ""type"": 6}",,,2260,,,"{""AuraDescription_Lang_Mask"": 16712188, ""CastingTimeIndex"": 1, ""Description_Lang_Mask"": 16712190, ""Description_Lang_enUS"": ""Gives your successful off-hand melee attacks a $h% chance to generate $35547s1 Energy."", ""EffectBonusMultiplier_1"": 1.0, ""EffectChainAmplitude_1"": 1.0, ""EffectChainAmplitude_2"": 1.0, ""EffectChainAmplitude_3"": 1.0, ""EquippedItemClass"": -1, ""NameSubtext_Lang_Mask"": 16712190, ""NameSubtext_Lang_enUS"": ""Rank 4"", ""Name_Lang_Mask"": 16712190, ""ProcChance"": 20, ""ProcTypeMask"": 4, ""RangeIndex"": 1, ""SpellClassSet"": 8}",pulled from existing data
35553,Combat Potency,1,0,0,448,0,0,0,0,0,0,0,0.0,,,"{""amplitude"": 0, ""apply_aura"": 42, ""base_points"": -1, ""chain_targets"": 0, ""die_sides"": 1, ""implicit_target_a"": 1, ""implicit_target_b"": 0, ""mechanic"": 0, ""misc_value"": 0, ""points_per_level"": 0.0, ""radius_yards"": null, ""trigger_spell"": 35548, ""type"": 6}",,,2260,,,"{""AuraDescription_Lang_Mask"": 16712188, ""CastingTimeIndex"": 1, ""Description_Lang_Mask"": 16712190, ""Description_Lang_enUS"": ""Gives your successful off-hand melee attacks a $h% chance to generate $35548s1 Energy."", ""EffectBonusMultiplier_1"": 1.0, ""EffectChainAmplitude_1"": 1.0, ""EffectChainAmplitude_2"": 1.0, ""EffectChainAmplitude_3"": 1.0, ""EquippedItemClass"": -1, ""NameSubtext_Lang_Mask"": 16712190, ""NameSubtext_Lang_enUS"": ""Rank 5"", ""Name_Lang_Mask"": 16712190, ""ProcChance"": 20, ""ProcTypeMask"": 4, ""RangeIndex"": 1, ""SpellClassSet"": 8}",pulled from existing data
36554,Shadowstep,1,0,0,536870928,1206,0,30000,0,3,10,0,25.0,,3000,"{""amplitude"": 0, ""apply_aura"": 0, ""base_points"": 0, ""chain_targets"": 0, ""die_sides"": 0, ""implicit_target_a"": 6, ""implicit_target_b"": 0, ""mechanic"": 0, ""misc_value"": 0, ""points_per_level"": 0.0, ""radius_yards"": null, ""trigger_spell"": 36563, ""type"": 64}","{""amplitude"": 0, ""apply_aura"": 0, ""base_points"": 0, ""chain_targets"": 0, ""die_sides"": 0, ""implicit_target_a"": 1, ""implicit_target_b"": 0, ""mechanic"": 0, ""misc_value"": 0, ""points_per_level"": 0.0, ""radius_yards"": null, ""trigger_spell"": 44373, ""type"": 64}","{""amplitude"": 0, ""apply_aura"": 31, ""base_points"": 69, ""chain_targets"": 0, ""die_sides"": 1, ""implicit_target_a"": 1, ""implicit_target_b"": 0, ""mechanic"": 0, ""misc_value"": 0, ""points_per_level"": 0.0, ""radius_yards"": null, ""trigger_spell"": 0, ""type"": 6}",2363,,,"{""AttributesEx"": 1056, ""AttributesEx2"": 268435456, ""AttributesEx3"": 196608, ""AttributesEx6"": 4, ""AuraDescription_Lang_Mask"": 16712190, ""AuraDescription_Lang_enUS"": ""Movement speed increased by $s3%."", ""BaseLevel"": 1, ""CastingTimeIndex"": 1, ""Description_Lang_Mask"": 16712190, ""Description_Lang_enUS"": ""Attempts to step through the shadows and reappear behind your enemy and increases movement speed by $36554s3% for $36554d.  The damage of your next ability is increased by $36563s2% and the threat caused is reduced by $44373s1%.  Lasts $36563d."", ""EffectChainAmplitude_1"": 1.0, ""EffectChainAmplitude_2"": 1.0, ""EffectChainAmplitude_3"": 1.0, ""EffectSpellClassMaskC_1"": 772, ""EffectSpellClassMaskC_2"": 2, ""EquippedItemClass"": -1, ""ExcludeTargetAuraSpell"": 65219, ""NameSubtext_Lang_Mask"": 16712172, ""Name_Lang_Mask"": 16712190, ""PreventionType"": 2, ""ProcChance"": 101, ""SpellClassMask_2"": 512, ""SpellClassSet"": 8, ""SpellLevel"": 1}",pulled from existing data
51625,Deadly Brew,1,0,0,464,0,0,0,0,0,0,0,0.0,,,"{""amplitude"": 0, ""apply_aura"": 4, ""base_points"": -1, ""chain_targets"": 0, ""die_sides"": 1, ""implicit_target_a"": 1, ""implicit_target_b"": 0, ""mechanic"": 0, ""misc_value"": 18, ""points_per_level"": 0.0, ""radius_yards"": null, ""trigger_spell"": 0, ""type"": 6}",,,2963,,,"{""AttributesEx3"": 67108864, ""AuraDescription_Lang_Mask"": 16712188, ""CastingTimeIndex"": 1, ""Description_Lang_Mask"": 16712190, ""Description_Lang_enUS"": ""When you apply Instant, Wound or Mind-Numbing poison to a target, you have a $h% chance to apply Crippling poison."", ""EffectChainAmplitude_1"": 1.0, ""EffectChainAmplitude_2"": 1.0, ""EffectChainAmplitude_3"": 1.0, ""EffectSpellClassMaskA_1"": 268558336, ""EffectSpellClassMaskA_2"": 16, ""EquippedItemClass"": -1, ""NameSubtext_Lang_Mask"": 16712190, ""NameSubtext_Lang_enUS"": ""Rank 1"", ""Name_Lang_Mask"": 16712190, ""ProcChance"": 50, ""ProcTypeMask"": 65536, ""RangeIndex"": 1, ""SpellClassSet"": 8}",pulled from existing data
51626,Deadly Brew,1,0,0,464,0,0,0,0,0,0,0,0.0,,,"{""amplitude"": 0, ""apply_aura"": 4, ""base_points"": -1, ""chain_targets"": 0, ""die_sides"": 1, ""implicit_target_a"": 1, ""implicit_target_b"": 0, ""mechanic"": 0, ""misc_value"": 18, ""points_per_level"": 0.0, ""radius_yards"": null, ""trigger_spell"": 0, ""type"": 6}",,,2963,,,"{""AttributesEx3"": 67108864, ""AuraDescription_Lang_Mask"": 16712188, ""CastingTimeIndex"": 1, ""Description_Lang_Mask"": 16712190, ""Description_Lang_enUS"": ""When you apply Instant, Wound or Mind-Numbing poison to a target, you have a $h% chance to apply Crippling poison."", ""EffectChainAmplitude_1"": 1.0, ""EffectChainAmplitude_2"": 1.0, ""EffectChainAmplitude_3"": 1.0, ""EffectSpellClassMaskA_1"": 268558336, ""EffectSpellClassMaskA_2"": 16, ""EquippedItemClass"": -1, ""NameSubtext_Lang_Mask"": 16712190, ""NameSubtext_Lang_enUS"": ""Rank 2"", ""Name_Lang_Mask"": 16712190, ""ProcChance"": 100, ""ProcTypeMask"": 69904, ""RangeIndex"": 1, ""SpellClassSet"": 8}",pulled from existing data
51632,Blood Spatter,1,0,0,464,0,0,0,0,0,0,0,0.0,,,"{""amplitude"": 0, ""apply_aura"": 108, ""base_points"": 14, ""chain_targets"": 0, ""die_sides"": 1, ""implicit_target_a"": 1, ""implicit_target_b"": 0, ""mechanic"": 0, ""misc_value"": 22, ""points_per_level"": 0.0, ""radius_yards"": null, ""trigger_spell"": 0, ""type"": 6}",,,2957,,,"{""AuraDescription_Lang_Mask"": 16712188, ""CastingTimeIndex"": 1, ""Description_Lang_Mask"": 16712190, ""Description_Lang_enUS"": ""Increases the damage caused by your Garrote and Rupture abilities by $s1%."", ""EffectChainAmplitude_1"": 1.0, ""EffectChainAmplitude_2"": 1.0, ""EffectChainAmplitude_3"": 1.0, ""EffectSpellClassMaskA_1"": 1048832, ""EquippedItemClass"": -1, ""NameSubtext_Lang_Mask"": 16712190, ""NameSubtext_Lang_enUS"": ""Rank 1"", ""Name_Lang_Mask"": 16712190, ""ProcChance"": 101, ""RangeIndex"": 1, ""SpellClassSet"": 8}",pulled from existing data
51633,Blood Spatter,1,0,0,464,0,0,0,0,0,0,0,0.0,,,"{""amplitude"": 0, ""apply_aura"": 108, ""base_points"": 29, ""chain_targets"": 0, ""die_sides"": 1, ""implicit_target_a"": 1, ""implicit_target_b"": 0, ""mechanic"": 0, ""misc_value"": 22, ""points_per_level"": 0.0, ""radius_yards"": null, ""trigger_spell"": 0, ""type"": 6}",,,2957,,,"{""AuraDescription_Lang_Mask"": 16712188, ""CastingTimeIndex"": 1, ""Description_Lang_Mask"": 16712190, ""Description_Lang_enUS"": ""Increases the damage caused by your Garrote and Rupture abilities by $s1%."", ""EffectChainAmplitude_1"": 1.0, ""EffectChainAmplitude_2"": 1.0, ""EffectChainAmplitude_3"": 1.0, ""EffectSpellClassMaskA_1"": 1048832, ""EquippedItemClass"": -1, ""NameSubtext_Lang_Mask"": 16712190, ""NameSubtext_Lang_enUS"": ""Rank 2"", ""Name_Lang_Mask"": 16712190, ""ProcChance"": 101, ""RangeIndex"": 1, ""SpellClassSet"": 8}",pulled from existing data
51662,Hunger For Blood,1,9,31,2424848,0,0,0,0,3,15,0,30.0,,,"{""amplitude"": 0, ""apply_aura"": 0, ""base_points"": 9, ""chain_targets"": 0, ""die_sides"": 1, ""implicit_target_a"": 6, ""implicit_target_b"": 0, ""mechanic"": 0, ""misc_value"": 0, ""points_per_level"": 0.0, ""radius_yards"": null, ""trigger_spell"": 0, ""type"": 3}",,,2961,,,"{""AttributesEx"": 1056, ""AttributesEx3"": 64, ""AttributesEx6"": 4, ""AuraDescription_Lang_Mask"": 16712190, ""CastingTimeIndex"": 1, ""Description_Lang_Mask"": 16712190, ""Description_Lang_enUS"": ""Enrages you, increasing all damage caused by $63848s1%.  Requires a bleed effect to be active on the target.  Lasts $63848d."", ""EffectBasePoints_2"": -1, ""EffectChainAmplitude_1"": 1.0, ""EffectChainAmplitude_2"": 1.0, ""EffectChainAmplitude_3"": 1.0, ""EffectDieSides_2"": 1, ""EffectSpellClassMaskA_1"": 637665798, ""EffectSpellClassMaskA_2"": 271, ""EquippedItemClass"": -1, ""NameSubtext_Lang_Mask"": 16712172, ""Name_Lang_Mask"": 16712190, ""ProcChance"": 101, ""SpellClassMask_2"": 16777216, ""SpellClassSet"": 8, ""SpellVisualID_1"": 11821, ""StartRecoveryCategory"": 133, ""StartRecoveryTime"": 1000, ""TargetAuraState"": 18}",pulled from existing data
51664,Cut to the Chase,1,0,0,464,0,0,0,0,0,0,0,0.0,,,"{""amplitude"": 0, ""apply_aura"": 4, ""base_points"": -1, ""chain_targets"": 0, ""die_sides"": 1, ""implicit_target_a"": 1, ""implicit_target_b"": 0, ""mechanic"": 0, ""misc_value"": 22, ""points_per_level"": 0.0, ""radius_yards"": null, ""trigger_spell"": 0, ""type"": 6}",,,2909,,,"{""AuraDescription_Lang_Mask"": 16712188, ""CastingTimeIndex"": 1, ""Description_Lang_Mask"": 16712190, ""Description_Lang_enUS"": ""Your Eviscerate and Envenom abilities have a $h% chance to refresh your Slice and Dice duration to its 5 combo point maximum."", ""EffectChainAmplitude_1"": 1.0, ""EffectChainAmplitude_2"": 1.0, ""EffectChainAmplitude_3"": 1.0, ""EffectSpellClassMaskA_1"": 1048832, ""EquippedItemClass"": -1, ""NameSubtext_Lang_Mask"": 16712190, ""NameSubtext_Lang_enUS"": ""Rank 1"", ""Name_Lang_Mask"": 16712190, ""ProcChance"": 20, ""ProcTypeMask"": 16, ""RangeIndex"": 1, ""SpellClassSet"": 8, ""SpellVisualID_1"": 11819}",pulled from existing data
51665,Cut to the Chase,1,0,0,464,0,0,0,0,0,0,0,0.0,,,"{""amplitude"": 0, ""apply_aura"": 4, ""base_points"": -1, ""chain_targets"": 0, ""die_sides"": 1, ""implicit_target_a"": 1, ""implicit_target_b"": 0, ""mechanic"": 0, ""misc_value"": 22, ""points_per_level"": 0.0, ""radius_yards"": null, ""trigger_spell"": 0, ""type"": 6}",,,2909,,,"{""AuraDescription_Lang_Mask"": 16712188, ""CastingTimeIndex"": 1, ""Description_Lang_Mask"": 16712190, ""Description_Lang_enUS"": ""Your Eviscerate and Envenom abilities have a $h% chance to refresh your Slice and Dice duration to its 5 combo point maximum."", ""EffectChainAmplitude_1"": 1.0, ""EffectChainAmplitude_2"": 1.0, ""EffectChainAmplitude_3"": 1.0, ""EffectSpellClassMaskA_1"": 1048832, ""EquippedItemClass"": -1, ""NameSubtext_Lang_Mask"": 16712190, ""NameSubtext_Lang_enUS"": ""Rank 2"", ""Name_Lang_Mask"": 16712190, ""ProcChance"": 40, ""ProcTypeMask"": 16, ""RangeIndex"": 1, ""SpellClassSet"": 8, ""SpellVisualID_1"": 11819}",pulled from existing data
51667,Cut to the Chase,1,0,0,464,0,0,0,0,0,0,0,0.0,,,"{""amplitude"": 0, ""apply_aura"": 4, ""base_points"": -1, ""chain_targets"": 0, ""die_sides"": 1, ""implicit_target_a"": 1, ""implicit_target_b"": 0, ""mechanic"": 0, ""misc_value"": 22, ""points_per_level"": 0.0, ""radius_yards"": null, ""trigger_spell"": 0, ""type"": 6}",,,2909,,,"{""AuraDescription_Lang_Mask"": 16712188, ""CastingTimeIndex"": 1, ""Description_Lang_Mask"": 16712190, ""Description_Lang_enUS"": ""Your Eviscerate and Envenom abilities have a $h% chance to refresh your Slice and Dice duration to its 5 combo point maximum."", ""EffectChainAmplitude_1"": 1.0, ""EffectChainAmplitude_2"": 1.0, ""EffectChainAmplitude_3"": 1.0, ""EffectSpellClassMaskA_1"": 1048832, ""EquippedItemClass"": -1, ""NameSubtext_Lang_Mask"": 16712190, ""NameSubtext_Lang_enUS"": ""Rank 3"", ""Name_Lang_Mask"": 16712190, ""ProcChance"": 60, ""ProcTypeMask"": 16, ""RangeIndex"": 1, ""SpellClassSet"": 8, ""SpellVisualID_1"": 11819}",pulled from existing data
51668,Cut to the Chase,1,0,0,464,0,0,0,0,0,0,0,0.0,,,"{""amplitude"": 0, ""apply_aura"": 4, ""base_points"": -1, ""chain_targets"": 0, ""die_sides"": 1, ""implicit_target_a"": 1, ""implicit_target_b"": 0, ""mechanic"": 0, ""misc_value"": 22, ""points_per_level"": 0.0, ""radius_yards"": null, ""trigger_spell"": 0, ""type"": 6}",,,2909,,,"{""AuraDescription_Lang_Mask"": 16712188, ""CastingTimeIndex"": 1, ""Description_Lang_Mask"": 16712190, ""Description_Lang_enUS"": ""Your Eviscerate and Envenom abilities have a $h% chance to refresh your Slice and Dice duration to its 5 combo point maximum."", ""EffectChainAmplitude_1"": 1.0, ""EffectChainAmplitude_2"": 1.0, ""EffectChainAmplitude_3"": 1.0, ""EffectSpellClassMaskA_1"": 1048832, ""EquippedItemClass"": -1, ""NameSubtext_Lang_Mask"": 16712190, ""NameSubtext_Lang_enUS"": ""Rank 4"", ""Name_Lang_Mask"": 16712190, ""ProcChance"": 80, ""ProcTypeMask"": 16, ""RangeIndex"": 1, ""SpellClassSet"": 8, ""SpellVisualID_1"": 11819}",pulled from existing data
51669,Cut to the Chase,1,0,0,464,0,0,0,0,0,0,0,0.0,,,"{""amplitude"": 0, ""apply_aura"": 4, ""base_points"": -1, ""chain_targets"": 0, ""die_sides"": 1, ""implicit_target_a"": 1, ""implicit_target_b"": 0, ""mechanic"": 0, ""misc_value"": 22, ""points_per_level"": 0.0, ""radius_yards"": null, ""trigger_spell"": 0, ""type"": 6}",,,2909,,,"{""AuraDescription_Lang_Mask"": 16712188, ""CastingTimeIndex"": 1, ""Description_Lang_Mask"": 16712190, ""Description_Lang_enUS"": ""Your Eviscerate and Envenom abilities have a $h% chance to refresh your Slice and Dice duration to its 5 combo point maximum."", ""EffectChainAmplitude_1"": 1.0, ""EffectChainAmplitude_2"": 1.0, ""EffectChainAmplitude_3"": 1.0, ""EffectSpellClassMaskA_1"": 1048832, ""EquippedItemClass"": -1, ""NameSubtext_Lang_Mask"": 16712190, ""NameSubtext_Lang_enUS"": ""Rank 5"", ""Name_Lang_Mask"": 16712190, ""ProcChance"": 100, ""ProcTypeMask"": 16, ""RangeIndex"": 1, ""SpellClassSet"": 8, ""SpellVisualID_1"": 11819}",pulled from existing data
51679,Throwing Specialization,1,0,0,262352,0,0,0,0,0,0,0,0.0,,,"{""amplitude"": 0, ""apply_aura"": 107, ""base_points"": 3, ""chain_targets"": 0, ""die_sides"": 1, ""implicit_target_a"": 1, ""implicit_target_b"": 0, ""mechanic"": 0, ""misc_value"": 5, ""points_per_level"": 0.0, ""radius_yards"": null, ""trigger_spell"": 0, ""type"": 6}","{""amplitude"": 0, ""apply_aura"": 42, ""base_points"": -1, ""chain_targets"": 0, ""die_sides"": 1, ""implicit_target_a"": 1, ""implicit_target_b"": 0, ""mechanic"": 0, ""misc_value"": 0, ""points_per_level"": 0.0, ""radius_yards"": null, ""trigger_spell"": 51680, ""type"": 6}",,2910,,,"{""AttributesEx3"": 67108864, ""AuraDescription_Lang_Mask"": 16712188, ""CastingTimeIndex"": 1, ""Description_Lang_Mask"": 16712190, ""Description_Lang_enUS"": ""Increases the range of Throw and Deadly Throw by $s1 yards and gives your Deadly Throw a $h% chance to interrupt the target for $51680d."", ""EffectChainAmplitude_1"": 1.0, ""EffectChainAmplitude_2"": 1.0, ""EffectChainAmplitude_3"": 1.0, ""EffectSpellClassMaskA_1"": 1, ""EffectSpellClassMaskA_2"": 1, ""EquippedItemClass"": -1, ""NameSubtext_Lang_Mask"": 16712190, ""NameSubtext_Lang_enUS"": ""Rank 2"", ""Name_Lang_Mask"": 16712190, ""ProcChance"": 100, ""ProcTypeMask"": 349456, ""RangeIndex"": 1, ""SpellClassSet"": 8}",pulled from existing data
51682,Savage Combat,1,0,0,464,0,0,0,0,0,0,0,0.0,,,"{""amplitude"": 0, ""apply_aura"": 42, ""base_points"": 0, ""chain_targets"": 0, ""die_sides"": 1, ""implicit_target_a"": 1, ""implicit_target_b"": 0, ""mechanic"": 0, ""misc_value"": 127, ""points_per_level"": 0.0, ""radius_yards"": null, ""trigger_spell"": 58684, ""type"": 6}","{""amplitude"": 0, ""apply_aura"": 166, ""base_points"": 1, ""chain_targets"": 0, ""die_sides"": 1, ""implicit_target_a"": 1, ""implicit_target_b"": 0, ""mechanic"": 0, ""misc_value"": 0, ""points_per_level"": 0.0, ""radius_yards"": null, ""trigger_spell"": 0, ""type"": 6}",,1959,,,"{""AttributesEx3"": 67108864, ""AuraDescription_Lang_Mask"": 16712188, ""CastingTimeIndex"": 1, ""Description_Lang_Mask"": 16712190, ""Description_Lang_enUS"": ""Increases your total attack power by $s2% and all physical damage caused to enemies you have poisoned is increased by $58684s1%."", ""EffectBonusMultiplier_3"": 1.0, ""EffectChainAmplitude_1"": 1.0, ""EffectChainAmplitude_2"": 1.0, ""EffectChainAmplitude_3"": 1.0, ""EffectSpellClassMaskA_1"": 4194304, ""EffectSpellClassMaskB_1"": 4194304, ""EquippedItemClass"": -1, ""NameSubtext_Lang_Mask"": 16712190, ""NameSubtext_Lang_enUS"": ""Rank 1"", ""Name_Lang_Mask"": 16712190, ""ProcChance"": 100, ""ProcTypeMask"": 69632, ""RangeIndex"": 1, ""SpellClassSet"": 8}",pulled from existing data
51690,Killing Spree,1,0,0,65552,0,0,120000,0,3,0,0,10.0,,2000,"{""amplitude"": 500, ""apply_aura"": 226, ""base_points"": -1, ""chain_targets"": 0, ""die_sides"": 1, ""implicit_target_a"": 1, ""implicit_target_b"": 0, ""mechanic"": 0, ""misc_value"": 3, ""points_per_level"": 0.0, ""radius_yards"": null, ""trigger_spell"": 0, ""type"": 6}","{""amplitude"": 0, ""apply_aura"": 0, ""base_points"": 0, ""chain_targets"": 0, ""die_sides"": 0, ""implicit_target_a"": 18, ""implicit_target_b"": 16, ""mechanic"": 0, ""misc_value"": 0, ""points_per_level"": 0.0, ""radius_yards"": 10.0, ""trigger_spell"": 0, ""type"": 3}","{""amplitude"": 0, ""apply_aura"": 263, ""base_points"": 0, ""chain_targets"": 0, ""die_sides"": 0, ""implicit_target_a"": 1, ""implicit_target_b"": 0, ""mechanic"": 0, ""misc_value"": 0, ""points_per_level"": 0.0, ""radius_yards"": null, ""trigger_spell"": 0, ""type"": 6}",2907,,,"{""AttributesEx"": 1024, ""AttributesEx2"": 268435456, ""AttributesEx3"": 197633, ""AttributesEx5"": 512, ""AuraDescription_Lang_Mask"": 16712190, ""AuraDescription_Lang_enUS"": ""Attacking an enemy every $t1 sec.\r\nDamage dealt increased by $61851s3%."", ""CastingTimeIndex"": 1, ""Description_Lang_Mask"": 16712190, ""Description_Lang_enUS"": ""Step through the shadows from enemy to enemy within 10 yards, attacking an enemy every .5 secs with both weapons until 5 assaults are made, and increasing all damage done by $61851s3% for the duration.  Can hit the same target multiple times.  Cannot hit invisible or stealthed targets."", ""EffectBonusMultiplier_1"": 1.0, ""EffectChainAmplitude_1"": 1.0, ""EffectChainAmplitude_2"": 1.0, ""EffectChainAmplitude_3"": 1.0, ""EquippedItemClass"": 2, ""EquippedItemSubclass"": 173555, ""NameSubtext_Lang_Mask"": 16712172, ""Name_Lang_Mask"": 16712190, ""ProcChance"": 101, ""SpellClassMask_2"": 8388608, ""SpellClassSet"": 8, ""SpellVisualID_1"": 12981, ""StartRecoveryCategory"": 133, ""StartRecoveryTime"": 1000}",pulled from existing data
51692,Waylay,1,0,0,464,0,0,0,0,0,0,0,0.0,,,"{""amplitude"": 0, ""apply_aura"": 42, ""base_points"": -1, ""chain_targets"": 0, ""die_sides"": 1, ""implicit_target_a"": 1, ""implicit_target_b"": 0, ""mechanic"": 0, ""misc_value"": 1, ""points_per_level"": 0.0, ""radius_yards"": null, ""trigger_spell"": 51693, ""type"": 6}",,,2958,,,"{""AuraDescription_Lang_Mask"": 16712188, ""CastingTimeIndex"": 1, ""Description_Lang_Mask"": 16712190, ""Description_Lang_enUS"": ""Your Ambush and Backstab hits have a $h% chance to unbalance a target, increasing the time between their melee and ranged attacks by $51693s1%, and reducing movement speed by $51693s2% for $51693d."", ""EffectBasePoints_2"": -1, ""EffectChainAmplitude_1"": 1.0, ""EffectChainAmplitude_2"": 1.0, ""EffectChainAmplitude_3"": 1.0, ""EffectDieSides_2"": 1, ""EffectSpellClassMaskB_1"": 33554436, ""EquippedItemClass"": -1, ""NameSubtext_Lang_Mask"": 16712190, ""NameSubtext_Lang_enUS"": ""Rank 1"", ""Name_Lang_Mask"": 16712190, ""ProcChance"": 50, ""ProcTypeMask"": 16, ""RangeIndex"": 1, ""SpellClassSet"": 8}",pulled from existing data
51696,Waylay,1,0,0,464,0,0,0,0,0,0,0,0.0,,,"{""amplitude"": 0, ""apply_aura"": 42, ""base_points"": -1, ""chain_targets"": 0, ""die_sides"": 1, ""implicit_target_a"": 1, ""implicit_target_b"": 0, ""mechanic"": 0, ""misc_value"": 1, ""points_per_level"": 0.0, ""radius_yards"": null, ""trigger_spell"": 51693, ""type"": 6}",,,2958,,,"{""AuraDescription_Lang_Mask"": 16712188, ""CastingTimeIndex"": 1, ""Description_Lang_Mask"": 16712190, ""Description_Lang_enUS"": ""Your Ambush and Backstab hits have a $h% chance to unbalance a target, increasing the time between their melee and ranged attacks by $51693s1%, and reducing movement speed by $51693s2% for $51693d."", ""EffectBasePoints_2"": -1, ""EffectChainAmplitude_1"": 1.0, ""EffectChainAmplitude_2"": 1.0, ""EffectChainAmplitude_3"": 1.0, ""EffectDieSides_2"": 1, ""EffectSpellClassMaskB_1"": 33554436, ""EquippedItemClass"": -1, ""NameSubtext_Lang_Mask"": 16712190, ""NameSubtext_Lang_enUS"": ""Rank 2"", ""Name_Lang_Mask"": 16712190, ""ProcChance"": 100, ""ProcTypeMask"": 16, ""RangeIndex"": 1, ""SpellClassSet"": 8}",pulled from existing data
51708,Slaughter from the Shadows,1,0,0,464,0,0,0,0,0,0,0,0.0,,,"{""amplitude"": 0, ""apply_aura"": 107, ""base_points"": -5, ""chain_targets"": 0, ""die_sides"": 1, ""implicit_target_a"": 1, ""implicit_target_b"": 0, ""mechanic"": 0, ""misc_value"": 14, ""points_per_level"": 0.0, ""radius_yards"": null, ""trigger_spell"": 0, ""type"": 6}","{""amplitude"": 0, ""apply_aura"": 107, ""base_points"": -2, ""chain_targets"": 0, ""die_sides"": 1, ""implicit_target_a"": 1, ""implicit_target_b"": 0, ""mechanic"": 0, ""misc_value"": 14, ""points_per_level"": 0.0, ""radius_yards"": null, ""trigger_spell"": 0, ""type"": 6}","{""amplitude"": 0, ""apply_aura"": 79, ""base_points"": 0, ""chain_targets"": 0, ""die_sides"": 1, ""implicit_target_a"": 1, ""implicit_target_b"": 0, ""mechanic"": 0, ""misc_value"": 127, ""points_per_level"": 0.0, ""radius_yards"": null, ""trigger_spell"": 0, ""type"": 6}",2962,,,"{""AuraDescription_Lang_Mask"": 16712188, ""CastingTimeIndex"": 1, ""Description_Lang_Mask"": 16712190, ""Description_Lang_enUS"": ""Reduces the energy cost of your Backstab and Ambush abilities by $s1 and the energy cost of your Hemorrhage by $s2, and increases all damage done by $s3%."", ""EffectChainAmplitude_1"": 1.0, ""EffectChainAmplitude_2"": 1.0, ""EffectChainAmplitude_3"": 1.0, ""EffectSpellClassMaskA_1"": 516, ""EffectSpellClassMaskB_1"": 33554432, ""EquippedItemClass"": -1, ""NameSubtext_Lang_Mask"": 16712190, ""NameSubtext_Lang_enUS"": ""Rank 1"", ""Name_Lang_Mask"": 16712190, ""ProcChance"": 101, ""RangeIndex"": 1, ""SpellClassSet"": 8}",pulled from existing data
51709,Slaughter from the Shadows,1,0,0,464,0,0,0,0,0,0,0,0.0,,,"{""amplitude"": 0, ""apply_aura"": 107, ""base_points"": -9, ""chain_targets"": 0, ""die_sides"": 1, ""implicit_target_a"": 1, ""implicit_target_b"": 0, ""mechanic"": 0, ""misc_value"": 14, ""points_per_level"": 0.0, ""radius_yards"": null, ""trigger_spell"": 0, ""type"": 6}","{""amplitude"": 0, ""apply_aura"": 107, ""base_points"": -3, ""chain_targets"": 0, ""die_sides"": 1, ""implicit_target_a"": 1, ""implicit_target_b"": 0, ""mechanic"": 0, ""misc_value"": 14, ""points_per_level"": 0.0, ""radius_yards"": null, ""trigger_spell"": 0, ""type"": 6}","{""amplitude"": 0, ""apply_aura"": 79, ""base_points"": 1, ""chain_targets"": 0, ""die_sides"": 1, ""implicit_target_a"": 1, ""implicit_target_b"": 0, ""mechanic"": 0, ""misc_value"": 127, ""points_per_level"": 0.0, ""radius_yards"": null, ""trigger_spell"": 0, ""type"": 6}",2962,,,"{""AuraDescription_Lang_Mask"": 16712188, ""CastingTimeIndex"": 1, ""Description_Lang_Mask"": 16712190, ""Description_Lang_enUS"": ""Reduces the energy cost of your Backstab and Ambush abilities by $s1 and the energy cost of your Hemorrhage by $s2, and increases all damage done by $s3%."", ""EffectChainAmplitude_1"": 1.0, ""EffectChainAmplitude_2"": 1.0, ""EffectChainAmplitude_3"": 1.0, ""EffectSpellClassMaskA_1"": 516, ""EffectSpellClassMaskB_1"": 33554432, ""EquippedItemClass"": -1, ""NameSubtext_Lang_Mask"": 16712190, ""NameSubtext_Lang_enUS"": ""Rank 2"", ""Name_Lang_Mask"": 16712190, ""ProcChance"": 101, ""RangeIndex"": 1, ""SpellClassSet"": 8}",pulled from existing data
51710,Slaughter from the Shadows,1,0,0,464,0,0,0,0,0,0,0,0.0,,,"{""amplitude"": 0, ""apply_aura"": 107, ""base_points"": -13, ""chain_targets"": 0, ""die_sides"": 1, ""implicit_target_a"": 1, ""implicit_target_b"": 0, ""mechanic"": 0, ""misc_value"": 14, ""points_per_level"": 0.0, ""radius_yards"": null, ""trigger_spell"": 0, ""type"": 6}","{""amplitude"": 0, ""apply_aura"": 107, ""base_points"": -4, ""chain_targets"": 0, ""die_sides"": 1, ""implicit_target_a"": 1, ""implicit_target_b"": 0, ""mechanic"": 0, ""misc_value"": 14, ""points_per_level"": 0.0, ""radius_yards"": null, ""trigger_spell"": 0, ""type"": 6}","{""amplitude"": 0, ""apply_aura"": 79, ""base_points"": 2, ""chain_targets"": 0, ""die_sides"": 1, ""implicit_target_a"": 1, ""implicit_target_b"": 0, ""mechanic"": 0, ""misc_value"": 127, ""points_per_level"": 0.0, ""radius_yards"": null, ""trigger_spell"": 0, ""type"": 6}",2962,,,"{""AuraDescription_Lang_Mask"": 16712188, ""CastingTimeIndex"": 1, ""Description_Lang_Mask"": 16712190, ""Description_Lang_enUS"": ""Reduces the energy cost of your Backstab and Ambush abilities by $s1 and the energy cost of your Hemorrhage by $s2, and increases all damage done by $s3%."", ""EffectChainAmplitude_1"": 1.0, ""EffectChainAmplitude_2"": 1.0, ""EffectChainAmplitude_3"": 1.0, ""EffectSpellClassMaskA_1"": 516, ""EffectSpellClassMaskB_1"": 33554432, ""EquippedItemClass"": -1, ""NameSubtext_Lang_Mask"": 16712190, ""NameSubtext_Lang_enUS"": ""Rank 3"", ""Name_Lang_Mask"": 16712190, ""ProcChance"": 101, ""RangeIndex"": 1, ""SpellClassSet"": 8}",pulled from existing data
51711,Slaughter from the Shadows,1,0,0,464,0,0,0,0,0,0,0,0.0,,,"{""amplitude"": 0, ""apply_aura"": 107, ""base_points"": -17, ""chain_targets"": 0, ""die_sides"": 1, ""implicit_target_a"": 1, ""implicit_target_b"": 0, ""mechanic"": 0, ""misc_value"": 14, ""points_per_level"": 0.0, ""radius_yards"": null, ""trigger_spell"": 0, ""type"": 6}","{""amplitude"": 0, ""apply_aura"": 107, ""base_points"": -5, ""chain_targets"": 0, ""die_sides"": 1, ""implicit_target_a"": 1, ""implicit_target_b"": 0, ""mechanic"": 0, ""misc_value"": 14, ""points_per_level"": 0.0, ""radius_yards"": null, ""trigger_spell"": 0, ""type"": 6}","{""amplitude"": 0, ""apply_aura"": 79, ""base_points"": 3, ""chain_targets"": 0, ""die_sides"": 1, ""implicit_target_a"": 1, ""implicit_target_b"": 0, ""mechanic"": 0, ""misc_value"": 127, ""points_per_level"": 0.0, ""radius_yards"": null, ""trigger_spell"": 0, ""type"": 6}",2962,,,"{""AuraDescription_Lang_Mask"": 16712188, ""CastingTimeIndex"": 1, ""Description_Lang_Mask"": 16712190, ""Description_Lang_enUS"": ""Reduces the energy cost of your Backstab and Ambush abilities by $s1 and the energy cost of your Hemorrhage by $s2, and increases all damage done by $s3%."", ""EffectChainAmplitude_1"": 1.0, ""EffectChainAmplitude_2"": 1.0, ""EffectChainAmplitude_3"": 1.0, ""EffectSpellClassMaskA_1"": 516, ""EffectSpellClassMaskB_1"": 33554432, ""EquippedItemClass"": -1, ""NameSubtext_Lang_Mask"": 16712190, ""NameSubtext_Lang_enUS"": ""Rank 4"", ""Name_Lang_Mask"": 16712190, ""ProcChance"": 101, ""RangeIndex"": 1, ""SpellClassSet"": 8}",pulled from existing data
51712,Slaughter from the Shadows,1,0,0,464,0,0,0,0,0,0,0,0.0,,,"{""amplitude"": 0, ""apply_aura"": 107, ""base_points"": -21, ""chain_targets"": 0, ""die_sides"": 1, ""implicit_target_a"": 1, ""implicit_target_b"": 0, ""mechanic"": 0, ""misc_value"": 14, ""points_per_level"": 0.0, ""radius_yards"": null, ""trigger_spell"": 0, ""type"": 6}","{""amplitude"": 0, ""apply_aura"": 107, ""base_points"": -6, ""chain_targets"": 0, ""die_sides"": 1, ""implicit_target_a"": 1, ""implicit_target_b"": 0, ""mechanic"": 0, ""misc_value"": 14, ""points_per_level"": 0.0, ""radius_yards"": null, ""trigger_spell"": 0, ""type"": 6}","{""amplitude"": 0, ""apply_aura"": 79, ""base_points"": 4, ""chain_targets"": 0, ""die_sides"": 1, ""implicit_target_a"": 1, ""implicit_target_b"": 0, ""mechanic"": 0, ""misc_value"": 127, ""points_per_level"": 0.0, ""radius_yards"": null, ""trigger_spell"": 0, ""type"": 6}",2962,,,"{""AuraDescription_Lang_Mask"": 16712188, ""CastingTimeIndex"": 1, ""Description_Lang_Mask"": 16712190, ""Description_Lang_enUS"": ""Reduces the energy cost of your Backstab and Ambush abilities by $s1 and the energy cost of your Hemorrhage by $s2, and increases all damage done by $s3%."", ""EffectChainAmplitude_1"": 1.0, ""EffectChainAmplitude_2"": 1.0, ""EffectChainAmplitude_3"": 1.0, ""EffectSpellClassMaskA_1"": 516, ""EffectSpellClassMaskB_1"": 33554432, ""EquippedItemClass"": -1, ""NameSubtext_Lang_Mask"": 16712190, ""NameSubtext_Lang_enUS"": ""Rank 5"", ""Name_Lang_Mask"": 16712190, ""ProcChance"": 101, ""RangeIndex"": 1, ""SpellClassSet"": 8}",pulled from existing data
51713,Shadow Dance,1,0,0,327696,0,0,60000,0,3,0,0,0.0,,6000,"{""amplitude"": 0, ""apply_aura"": 275, ""base_points"": 0, ""chain_targets"": 0, ""die_sides"": 0, ""implicit_target_a"": 1, ""implicit_target_b"": 0, ""mechanic"": 0, ""misc_value"": 0, ""points_per_level"": 0.0, ""radius_yards"": null, ""trigger_spell"": 0, ""type"": 6}",,"{""amplitude"": 0, ""apply_aura"": 36, ""base_points"": -1, ""chain_targets"": 0, ""die_sides"": 1, ""implicit_target_a"": 1, ""implicit_target_b"": 0, ""mechanic"": 0, ""misc_value"": 13, ""points_per_level"": 0.0, ""radius_yards"": null, ""trigger_spell"": 0, ""type"": 6}",2959,,,"{""AttributesEx"": 132096, ""AuraDescription_Lang_Mask"": 16712190, ""AuraDescription_Lang_enUS"": ""Can use opening abilities without being stealthed."", ""BaseLevel"": 60, ""CastingTimeIndex"": 1, ""Description_Lang_Mask"": 16712190, ""Description_Lang_enUS"": ""Enter the Shadow Dance for $d, allowing the use of Sap, Garrote, Ambush, Cheap Shot, Premeditation, Pickpocket and Disarm Trap regardless of being stealthed."", ""EffectChainAmplitude_1"": 1.0, ""EffectChainAmplitude_2"": 1.0, ""EffectChainAmplitude_3"": 1.0, ""EffectSpellClassMaskA_1"": 2147485568, ""EffectSpellClassMaskA_2"": 8224, ""EffectSpellClassMaskB_1"": 2147485568, ""EffectSpellClassMaskB_2"": 8224, ""EffectSpellClassMaskC_1"": 1024, ""EquippedItemClass"": -1, ""NameSubtext_Lang_Mask"": 16712188, ""Name_Lang_Mask"": 16712190, ""ProcChance"": 101, ""RangeIndex"": 1, ""SpellClassMask_2"": 33554432, ""SpellClassSet"": 8, ""SpellLevel"": 60, ""SpellVisualID_1"": 11827, ""StanceBarOrder"": 1}",pulled from existing data
58410,Master Poisoner,1,0,0,464,0,0,0,0,0,0,0,0.0,,,"{""amplitude"": 0, ""apply_aura"": 231, ""base_points"": 2, ""chain_targets"": 0, ""die_sides"": 1, ""implicit_target_a"": 1, ""implicit_target_b"": 0, ""mechanic"": 0, ""misc_value"": 23, ""points_per_level"": 0.0, ""radius_yards"": null, ""trigger_spell"": 45176, ""type"": 6}","{""amplitude"": 0, ""apply_aura"": 246, ""base_points"": -51, ""chain_targets"": 0, ""die_sides"": 1, ""implicit_target_a"": 1, ""implicit_target_b"": 0, ""mechanic"": 0, ""misc_value"": 4, ""points_per_level"": 0.0, ""radius_yards"": null, ""trigger_spell"": 0, ""type"": 6}",,1960,,,"{""AttributesEx3"": 67108864, ""AuraDescription_Lang_Mask"": 16712188, ""CastingTimeIndex"": 1, ""Description_Lang_Mask"": 16712190, ""Description_Lang_enUS"": ""Increases the critical hit chance of all attacks made against any target you have poisoned by $s1%, reduces the duration of all Poison effects applied to you by $s2%, and gives Envenom a $s3% chance not to consume Deadly Poison."", ""EffectBasePoints_3"": 99, ""EffectChainAmplitude_1"": 1.0, ""EffectChainAmplitude_2"": 1.0, ""EffectChainAmplitude_3"": 1.0, ""EffectDieSides_3"": 1, ""EffectSpellClassMaskA_2"": 524288, ""EquippedItemClass"": -1, ""NameSubtext_Lang_Mask"": 16712190, ""NameSubtext_Lang_enUS"": ""Rank 3"", ""Name_Lang_Mask"": 16712190, ""ProcChance"": 100, ""ProcTypeMask"": 69632, ""RangeIndex"": 1, ""SpellClassSet"": 8, ""SpellLevel"": 1, ""SpellPriority"": 50}",pulled from existing data
58413,Savage Combat,1,0,0,464,0,0,0,0,0,0,0,0.0,,,"{""amplitude"": 0, ""apply_aura"": 42, ""base_points"": 1, ""chain_targets"": 0, ""die_sides"": 1, ""implicit_target_a"": 1, ""implicit_target_b"": 0, ""mechanic"": 0, ""misc_value"": 127, ""points_per_level"": 0.0, ""radius_yards"": null, ""trigger_spell"": 58683, ""type"": 6}","{""amplitude"": 0, ""apply_aura"": 166, ""base_points"": 3, ""chain_targets"": 0, ""die_sides"": 1, ""implicit_target_a"": 1, ""implicit_target_b"": 0, ""mechanic"": 0, ""misc_value"": 0, ""points_per_level"": 0.0, ""radius_yards"": null, ""trigger_spell"": 0, ""type"": 6}",,1959,,,"{""AttributesEx3"": 67108864, ""AuraDescription_Lang_Mask"": 16712188, ""CastingTimeIndex"": 1, ""Description_Lang_Mask"": 16712190, ""Description_Lang_enUS"": ""Increases your total attack power by $s2% and all physical damage caused to enemies you have poisoned is increased by $58683s1%."", ""EffectBonusMultiplier_3"": 1.0, ""EffectChainAmplitude_1"": 1.0, ""EffectChainAmplitude_2"": 1.0, ""EffectChainAmplitude_3"": 1.0, ""EffectSpellClassMaskA_1"": 4194304, ""EffectSpellClassMaskB_1"": 4194304, ""EquippedItemClass"": -1, ""NameSubtext_Lang_Mask"": 16712190, ""NameSubtext_Lang_enUS"": ""Rank 2"", ""Name_Lang_Mask"": 16712190, ""ProcChance"": 100, ""ProcTypeMask"": 69632, ""RangeIndex"": 1, ""SpellClassSet"": 8}",pulled from existing data
58414,Filthy Tricks,1,0,0,464,0,0,0,0,0,0,0,0.0,,,"{""amplitude"": 0, ""apply_aura"": 107, ""base_points"": -5001, ""chain_targets"": 0, ""die_sides"": 1, ""implicit_target_a"": 1, ""implicit_target_b"": 0, ""mechanic"": 0, ""misc_value"": 11, ""points_per_level"": 0.0, ""radius_yards"": null, ""trigger_spell"": 0, ""type"": 6}","{""amplitude"": 0, ""apply_aura"": 107, ""base_points"": -90001, ""chain_targets"": 0, ""die_sides"": 1, ""implicit_target_a"": 1, ""implicit_target_b"": 0, ""mechanic"": 0, ""misc_value"": 11, ""points_per_level"": 0.0, ""radius_yards"": null, ""trigger_spell"": 0, ""type"": 6}","{""amplitude"": 0, ""apply_aura"": 107, ""base_points"": -6, ""chain_targets"": 0, ""die_sides"": 1, ""implicit_target_a"": 1, ""implicit_target_b"": 0, ""mechanic"": 0, ""misc_value"": 14, ""points_per_level"": 0.0, ""radius_yards"": null, ""trigger_spell"": 0, ""type"": 6}",2906,,,"{""AuraDescription_Lang_Mask"": 16712188, ""CastingTimeIndex"": 1, ""Description_Lang_Mask"": 16712190, ""Description_Lang_enUS"": ""Reduces the cooldown by $/1000;s1 sec and energy cost by $s3 of your Tricks of the Trade, Distract and Shadowstep abilities and reduces the cooldown of Preparation by $/60000;S2 min."", ""EffectChainAmplitude_1"": 1.0, ""EffectChainAmplitude_2"": 1.0, ""EffectChainAmplitude_3"": 1.0, ""EffectMiscValueB_3"": 8, ""EffectSpellClassMaskA_1"": 4096, ""EffectSpellClassMaskA_2"": 131584, ""EffectSpellClassMaskB_2"": 4096, ""EffectSpellClassMaskC_1"": 4096, ""EffectSpellClassMaskC_2"": 131584, ""EquippedItemClass"": -1, ""NameSubtext_Lang_Mask"": 16712190, ""NameSubtext_Lang_enUS"": ""Rank 1"", ""Name_Lang_Mask"": 16712190, ""ProcChance"": 101, ""RangeIndex"": 1, ""SpellClassSet"": 8, ""SpellVisualID_1"": 11826}",pulled from existing data
58415,Filthy Tricks,1,0,0,464,0,0,0,0,0,0,0,0.0,,,"{""amplitude"": 0, ""apply_aura"": 107, ""base_points"": -10001, ""chain_targets"": 0, ""die_sides"": 1, ""implicit_target_a"": 1, ""implicit_target_b"": 0, ""mechanic"": 0, ""misc_value"": 11, ""points_per_level"": 0.0, ""radius_yards"": null, ""trigger_spell"": 0, ""type"": 6}","{""amplitude"": 0, ""apply_aura"": 107, ""base_points"": -180001, ""chain_targets"": 0, ""die_sides"": 1, ""implicit_target_a"": 1, ""implicit_target_b"": 0, ""mechanic"": 0, ""misc_value"": 11, ""points_per_level"": 0.0, ""radius_yards"": null, ""trigger_spell"": 0, ""type"": 6}","{""amplitude"": 0, ""apply_aura"": 107, ""base_points"": -11, ""chain_targets"": 0, ""die_sides"": 1, ""implicit_target_a"": 1, ""implicit_target_b"": 0, ""mechanic"": 0, ""misc_value"": 14, ""points_per_level"": 0.0, ""radius_yards"": null, ""trigger_spell"": 0, ""type"": 6}",2906,,,"{""AuraDescription_Lang_Mask"": 16712188, ""CastingTimeIndex"": 1, ""Description_Lang_Mask"": 16712190, ""Description_Lang_enUS"": ""Reduces the cooldown by $/1000;s1 sec and energy cost by $s3 of your Tricks of the Trade, Distract and Shadowstep abilities and reduces the cooldown of Preparation by $/60000;S2 min."", ""EffectChainAmplitude_1"": 1.0, ""EffectChainAmplitude_2"": 1.0, ""EffectChainAmplitude_3"": 1.0, ""EffectMiscValueB_3"": 8, ""EffectSpellClassMaskA_1"": 4096, ""EffectSpellClassMaskA_2"": 131584, ""EffectSpellClassMaskB_2"": 4096, ""EffectSpellClassMaskC_1"": 4096, ""EffectSpellClassMaskC_2"": 131584, ""EquippedItemClass"": -1, ""NameSubtext_Lang_Mask"": 16712190, ""NameSubtext_Lang_enUS"": ""Rank 2"", ""Name_Lang_Mask"": 16712190, ""ProcChance"": 101, ""RangeIndex"": 1, ""SpellClassSet"": 8, ""SpellVisualID_1"": 11826}",pulled from existing data
58422,Relentless Strikes,1,0,0,464,0,0,0,0,0,0,0,0.0,,,"{""amplitude"": 0, ""apply_aura"": 109, ""base_points"": -1, ""chain_targets"": 0, ""die_sides"": 1, ""implicit_target_a"": 1, ""implicit_target_b"": 0, ""mechanic"": 0, ""misc_value"": 0, ""points_per_level"": 0.0, ""radius_yards"": null, ""trigger_spell"": 14181, ""type"": 6}",,,559,,,"{""AttributesEx"": 1048576, ""AttributesEx4"": 2, ""AuraDescription_Lang_Mask"": 16712188, ""CastingTimeIndex"": 1, ""Description_Lang_Mask"": 16712190, ""Description_Lang_enUS"": ""Your finishing moves have a $b1% chance per combo point to restore $14181s1 energy."", ""EffectBonusMultiplier_1"": 1.0, ""EffectChainAmplitude_1"": 1.0, ""EffectChainAmplitude_2"": 1.0, ""EffectChainAmplitude_3"": 1.0, ""EffectPointsPerCombo_1"": 8.0, ""EffectSpellClassMaskA_1"": 4063232, ""EffectSpellClassMaskA_2"": 9, ""EquippedItemClass"": -1, ""NameSubtext_Lang_Mask"": 16712190, ""NameSubtext_Lang_enUS"": ""Rank 2"", ""Name_Lang_Mask"": 16712190, ""ProcChance"": 101, ""RangeIndex"": 1, ""SpellClassSet"": 8}",pulled from existing data
58423,Relentless Strikes,1,0,0,464,0,0,0,0,0,0,0,0.0,,,"{""amplitude"": 0, ""apply_aura"": 109, ""base_points"": -1, ""chain_targets"": 0, ""die_sides"": 1, ""implicit_target_a"": 1, ""implicit_target_b"": 0, ""mechanic"": 0, ""misc_value"": 0, ""points_per_level"": 0.0, ""radius_yards"": null, ""trigger_spell"": 14181, ""type"": 6}",,,559,,,"{""AttributesEx"": 1048576, ""AttributesEx4"": 2, ""AuraDescription_Lang_Mask"": 16712188, ""CastingTimeIndex"": 1, ""Description_Lang_Mask"": 16712190, ""Description_Lang_enUS"": ""Your finishing moves have a $b1% chance per combo point to restore $14181s1 energy."", ""EffectBonusMultiplier_1"": 1.0, ""EffectChainAmplitude_1"": 1.0, ""EffectChainAmplitude_2"": 1.0, ""EffectChainAmplitude_3"": 1.0, ""EffectPointsPerCombo_1"": 12.0, ""EffectSpellClassMaskA_1"": 4063232, ""EffectSpellClassMaskA_2"": 9, ""EquippedItemClass"": -1, ""NameSubtext_Lang_Mask"": 16712190, ""NameSubtext_Lang_enUS"": ""Rank 3"", ""Name_Lang_Mask"": 16712190, ""ProcChance"": 101, ""RangeIndex"": 1, ""SpellClassSet"": 8}",pulled from existing data
58424,Relentless Strikes,1,0,0,464,0,0,0,0,0,0,0,0.0,,,"{""amplitude"": 0, ""apply_aura"": 109, ""base_points"": -1, ""chain_targets"": 0, ""die_sides"": 1, ""implicit_target_a"": 1, ""implicit_target_b"": 0, ""mechanic"": 0, ""misc_value"": 0, ""points_per_level"": 0.0, ""radius_yards"": null, ""trigger_spell"": 14181, ""type"": 6}",,,559,,,"{""AttributesEx"": 1048576, ""AttributesEx4"": 2, ""AuraDescription_Lang_Mask"": 16712188, ""CastingTimeIndex"": 1, ""Description_Lang_Mask"": 16712190, ""Description_Lang_enUS"": ""Your finishing moves have a $b1% chance per combo point to restore $14181s1 energy."", ""EffectBonusMultiplier_1"": 1.0, ""EffectChainAmplitude_1"": 1.0, ""EffectChainAmplitude_2"": 1.0, ""EffectChainAmplitude_3"": 1.0, ""EffectPointsPerCombo_1"": 16.0, ""EffectSpellClassMaskA_1"": 4063232, ""EffectSpellClassMaskA_2"": 9, ""EquippedItemClass"": -1, ""NameSubtext_Lang_Mask"": 16712190, ""NameSubtext_Lang_enUS"": ""Rank 4"", ""Name_Lang_Mask"": 16712190, ""ProcChance"": 101, ""RangeIndex"": 1, ""SpellClassSet"": 8}",pulled from existing data
58425,Relentless Strikes,1,0,0,464,0,0,0,0,0,0,0,0.0,,,"{""amplitude"": 0, ""apply_aura"": 109, ""base_points"": -1, ""chain_targets"": 0, ""die_sides"": 1, ""implicit_target_a"": 1, ""implicit_target_b"": 0, ""mechanic"": 0, ""misc_value"": 0, ""points_per_level"": 0.0, ""radius_yards"": null, ""trigger_spell"": 14181, ""type"": 6}",,,559,,,"{""AttributesEx"": 1048576, ""AttributesEx4"": 2, ""AuraDescription_Lang_Mask"": 16712188, ""CastingTimeIndex"": 1, ""Description_Lang_Mask"": 16712190, ""Description_Lang_enUS"": ""Your finishing moves have a $b1% chance per combo point to restore $14181s1 energy."", ""EffectBonusMultiplier_1"": 1.0, ""EffectChainAmplitude_1"": 1.0, ""EffectChainAmplitude_2"": 1.0, ""EffectChainAmplitude_3"": 1.0, ""EffectPointsPerCombo_1"": 20.0, ""EffectSpellClassMaskA_1"": 4063232, ""EffectSpellClassMaskA_2"": 9, ""EquippedItemClass"": -1, ""NameSubtext_Lang_Mask"": 16712190, ""NameSubtext_Lang_enUS"": ""Rank 5"", ""Name_Lang_Mask"": 16712190, ""ProcChance"": 101, ""RangeIndex"": 1, ""SpellClassSet"": 8}",pulled from existing data
61330,Aggression,1,0,0,464,0,0,0,0,0,0,0,0.0,,,"{""amplitude"": 0, ""apply_aura"": 108, ""base_points"": 11, ""chain_targets"": 0, ""die_sides"": 1, ""implicit_target_a"": 1, ""implicit_target_b"": 0, ""mechanic"": 0, ""misc_value"": 0, ""points_per_level"": 0.0, ""radius_yards"": null, ""trigger_spell"": 0, ""type"": 6}",,,84,,,"{""AuraDescription_Lang_Mask"": 16712188, ""CastingTimeIndex"": 1, ""Description_Lang_Mask"": 16712190, ""Description_Lang_enUS"": ""Increases the damage of your Sinister Strike, Backstab, and Eviscerate abilities by $s1%."", ""EffectBonusMultiplier_1"": 1.0, ""EffectBonusMultiplier_2"": 1.0, ""EffectBonusMultiplier_3"": 1.0, ""EffectChainAmplitude_1"": 1.0, ""EffectChainAmplitude_2"": 1.0, ""EffectChainAmplitude_3"": 1.0, ""EffectSpellClassMaskA_1"": 131078, ""EquippedItemClass"": -1, ""NameSubtext_Lang_Mask"": 16712190, ""NameSubtext_Lang_enUS"": ""Rank 4"", ""Name_Lang_Mask"": 16712190, ""ProcChance"": 101, ""RangeIndex"": 1, ""SpellClassSet"": 8}",pulled from existing data
61331,Aggression,1,0,0,464,0,0,0,0,0,0,0,0.0,,,"{""amplitude"": 0, ""apply_aura"": 108, ""base_points"": 14, ""chain_targets"": 0, ""die_sides"": 1, ""implicit_target_a"": 1, ""implicit_target_b"": 0, ""mechanic"": 0, ""misc_value"": 0, ""points_per_level"": 0.0, ""radius_yards"": null, ""trigger_spell"": 0, ""type"": 6}",,,84,,,"{""AuraDescription_Lang_Mask"": 16712188, ""CastingTimeIndex"": 1, ""Description_Lang_Mask"": 16712190, ""Description_Lang_enUS"": ""Increases the damage of your Sinister Strike, Backstab, and Eviscerate abilities by $s1%."", ""EffectBonusMultiplier_1"": 1.0, ""EffectBonusMultiplier_2"": 1.0, ""EffectBonusMultiplier_3"": 1.0, ""EffectChainAmplitude_1"": 1.0, ""EffectChainAmplitude_2"": 1.0, ""EffectChainAmplitude_3"": 1.0, ""EffectSpellClassMaskA_1"": 131078, ""EquippedItemClass"": -1, ""NameSubtext_Lang_Mask"": 16712190, ""NameSubtext_Lang_enUS"": ""Rank 5"", ""Name_Lang_Mask"": 16712190, ""ProcChance"": 101, ""RangeIndex"": 1, ""SpellClassSet"": 8}",pulled from existing data
63349,Molten Skin,1,0,0,464,0,0,0,0,0,0,0,0.0,,,"{""amplitude"": 0, ""apply_aura"": 87, ""base_points"": -3, ""chain_targets"": 0, ""die_sides"": 1, ""implicit_target_a"": 1, ""implicit_target_b"": 0, ""mechanic"": 0, ""misc_value"": 127, ""points_per_level"": 0.0, ""radius_yards"": null, ""trigger_spell"": 0, ""type"": 6}",,,2307,,,"{""AttributesEx3"": 524288, ""AuraDescription_Lang_Mask"": 16712188, ""CastingTimeIndex"": 1, ""Description_Lang_Mask"": 16712190, ""Description_Lang_enUS"": ""Reduces all damage taken by $s1%."", ""EffectChainAmplitude_1"": 1.0, ""EffectChainAmplitude_2"": 1.0, ""EffectChainAmplitude_3"": 1.0, ""EquippedItemClass"": -1, ""NameSubtext_Lang_Mask"": 16712190, ""NameSubtext_Lang_enUS"": ""Rank 1"", ""Name_Lang_Mask"": 16712190, ""ProcChance"": 101, ""RangeIndex"": 1, ""SpellClassSet"": 8, ""SpellLevel"": 1, ""SpellPriority"": 50}",pulled from existing data
63350,Molten Skin,1,0,0,464,0,0,0,0,0,0,0,0.0,,,"{""amplitude"": 0, ""apply_aura"": 87, ""base_points"": -5, ""chain_targets"": 0, ""die_sides"": 1, ""implicit_target_a"": 1, ""implicit_target_b"": 0, ""mechanic"": 0, ""misc_value"": 127, ""points_per_level"": 0.0, ""radius_yards"": null, ""trigger_spell"": 0, ""type"": 6}",,,2307,,,"{""AttributesEx3"": 524288, ""AuraDescription_Lang_Mask"": 16712188, ""CastingTimeIndex"": 1, ""Description_Lang_Mask"": 16712190, ""Description_Lang_enUS"": ""Reduces all damage taken by $s1%."", ""EffectChainAmplitude_1"": 1.0, ""EffectChainAmplitude_2"": 1.0, ""EffectChainAmplitude_3"": 1.0, ""EquippedItemClass"": -1, ""NameSubtext_Lang_Mask"": 16712190, ""NameSubtext_Lang_enUS"": ""Rank 1"", ""Name_Lang_Mask"": 16712190, ""ProcChance"": 101, ""RangeIndex"": 1, ""SpellClassSet"": 8, ""SpellLevel"": 1, ""SpellPriority"": 50}",pulled from existing data
63351,Molten Skin,1,0,0,464,0,0,0,0,0,0,0,0.0,,,"{""amplitude"": 0, ""apply_aura"": 87, ""base_points"": -7, ""chain_targets"": 0, ""die_sides"": 1, ""implicit_target_a"": 1, ""implicit_target_b"": 0, ""mechanic"": 0, ""misc_value"": 127, ""points_per_level"": 0.0, ""radius_yards"": null, ""trigger_spell"": 0, ""type"": 6}",,,2307,,,"{""AttributesEx3"": 524288, ""AuraDescription_Lang_Mask"": 16712188, ""CastingTimeIndex"": 1, ""Description_Lang_Mask"": 16712190, ""Description_Lang_enUS"": ""Reduces all damage taken by $s1%."", ""EffectChainAmplitude_1"": 1.0, ""EffectChainAmplitude_2"": 1.0, ""EffectChainAmplitude_3"": 1.0, ""EquippedItemClass"": -1, ""NameSubtext_Lang_Mask"": 16712190, ""NameSubtext_Lang_enUS"": ""Rank 3"", ""Name_Lang_Mask"": 16712190, ""ProcChance"": 101, ""RangeIndex"": 1, ""SpellClassSet"": 8, ""SpellLevel"": 1, ""SpellPriority"": 50}",pulled from existing data
