id,name,school,dispel,mechanic,attributes,category,cast_time_ms,cooldown_ms,category_cooldown_ms,power_type,mana_cost,mana_cost_pct,range_yards,radius_yards,duration_ms,effect1,effect2,effect3,spell_icon_id,spell_weight,coeff_weight,raw_overrides,notes
53,Backstab,1,0,0,327696,0,0,0,0,3,60,0,5.0,,,"{""amplitude"": 0, ""apply_aura"": 0, ""base_points"": 9, ""chain_targets"": 0, ""die_sides"": 1, ""implicit_target_a"": 6, ""implicit_target_b"": 0, ""mechanic"": 0, ""misc_value"": 0, ""points_per_level"": 2.5, ""radius_yards"": null, ""trigger_spell"": 0, ""type"": 121}","{""amplitude"": 0, ""apply_aura"": 0, ""base_points"": 149, ""chain_targets"": 0, ""die_sides"": 1, ""implicit_target_a"": 6, ""implicit_target_b"": 0, ""mechanic"": 0, ""misc_value"": 0, ""points_per_level"": 0.0, ""radius_yards"": null, ""trigger_spell"": 0, ""type"": 31}","{""amplitude"": 0, ""apply_aura"": 0, ""base_points"": 0, ""chain_targets"": 0, ""die_sides"": 1, ""implicit_target_a"": 6, ""implicit_target_b"": 0, ""mechanic"": 0, ""misc_value"": 0, ""points_per_level"": 0.0, ""radius_yards"": null, ""trigger_spell"": 0, ""type"": 80}",243,,,"{""AttributesEx"": 134218240, ""AttributesEx2"": 1048576, ""AttributesEx3"": 1024, ""AuraDescription_Lang_Mask"": 16712188, ""BaseLevel"": 4, ""CastingTimeIndex"": 1, ""DefenseType"": 2, ""Description_Lang_Mask"": 16712190, ""Description_Lang_enUS"": 1118, ""EffectBonusMultiplier_1"": 1.0, ""EffectBonusMultiplier_2"": 1.0, ""EffectChainAmplitude_1"": 1.0, ""EffectChainAmplitude_2"": 1.0, ""EffectChainAmplitude_3"": 1.0, ""EquippedItemClass"": 2, ""EquippedItemSubclass"": 32768, ""FacingCasterFlags"": 1, ""MaxLevel"": 80, ""NameSubtext_Lang_Mask"": 16712190, ""NameSubtext_Lang_enUS"": """", ""Name_Lang_Mask"": 16712190, ""PreventionType"": 2, ""ProcChance"": 101, ""RangeIndex"": 2, ""SpellClassMask_1"": 8388612, ""SpellClassSet"": 8, ""SpellLevel"": 4, ""SpellPriority"": 50, ""SpellVisualID_1"": 155, ""StartRecoveryCategory"": 133, ""StartRecoveryTime"": 1000}","single-rank bootstrap: BasePoints/BaseLevel/SpellLevel kept from rank 1 (learn level 4); RealPointsPerLevel from rank1→level-60 slope (anchor 25300, rank 9); coefficient/cast_time_ms/mana_cost_pct from max rank (48657, rank 12); MaxLevel set to 80; flat energy cost kept as-is (Rogue is Energy-based, not Mana)"
408,Kidney Shot,1,0,12,327696,270,0,0,20000,3,25,0,5.0,,0,"{""amplitude"": 0, ""apply_aura"": 12, ""base_points"": 0, ""chain_targets"": 0, ""die_sides"": 0, ""implicit_target_a"": 6, ""implicit_target_b"": 0, ""mechanic"": 0, ""misc_value"": 0, ""points_per_level"": 0.0, ""radius_yards"": null, ""trigger_spell"": 0, ""type"": 6}","{""amplitude"": 0, ""apply_aura"": 0, ""base_points"": 0, ""chain_targets"": 0, ""die_sides"": 0, ""implicit_target_a"": 1, ""implicit_target_b"": 0, ""mechanic"": 0, ""misc_value"": 0, ""points_per_level"": 0.0, ""radius_yards"": null, ""trigger_spell"": 0, ""type"": 3}","{""amplitude"": 0, ""apply_aura"": 87, ""base_points"": 0, ""chain_targets"": 0, ""die_sides"": 0, ""implicit_target_a"": 6, ""implicit_target_b"": 0, ""mechanic"": 0, ""misc_value"": 127, ""points_per_level"": 0.0, ""radius_yards"": null, ""trigger_spell"": 0, ""type"": 6}",499,,,"{""AttributesEx"": 4456960, ""AttributesEx3"": 1024, ""AttributesEx4"": 2056, ""AttributesEx6"": 8388608, ""AuraDescription_Lang_Mask"": 16712190, ""AuraDescription_Lang_enUS"": 1318, ""BaseLevel"": 30, ""CastingTimeIndex"": 1, ""DefenseType"": 2, ""Description_Lang_Mask"": 16712190, ""Description_Lang_enUS"": 8715, ""DurationIndex"": 187, ""EffectChainAmplitude_1"": 1.0, ""EffectChainAmplitude_2"": 1.0, ""EffectChainAmplitude_3"": 1.0, ""EquippedItemClass"": 2, ""EquippedItemSubclass"": 173555, ""FacingCasterFlags"": 1, ""MaxLevel"": 80, ""NameSubtext_Lang_Mask"": 16712190, ""NameSubtext_Lang_enUS"": """", ""Name_Lang_Mask"": 16712190, ""PreventionType"": 2, ""ProcChance"": 101, ""RangeIndex"": 2, ""SpellClassMask_1"": 2097152, ""SpellClassSet"": 8, ""SpellLevel"": 30, ""SpellVisualID_1"": 679, ""StartRecoveryCategory"": 133, ""StartRecoveryTime"": 1000}","single-rank bootstrap: BasePoints/BaseLevel/SpellLevel kept from rank 1 (learn level 30); RealPointsPerLevel from rank1→level-60 slope (anchor 8643, rank 2); coefficient/cast_time_ms/mana_cost_pct from max rank (8643, rank 2); MaxLevel set to 80; flat energy cost kept as-is (Rogue is Energy-based, not Mana)"
703,Garrote,1,0,15,2555920,0,0,0,0,3,50,0,5.0,,18000,"{""amplitude"": 3000, ""apply_aura"": 3, ""base_points"": 19, ""chain_targets"": 0, ""die_sides"": 1, ""implicit_target_a"": 6, ""implicit_target_b"": 0, ""mechanic"": 15, ""misc_value"": 0, ""points_per_level"": 1.108695652173913, ""radius_yards"": null, ""trigger_spell"": 0, ""type"": 6}","{""amplitude"": 0, ""apply_aura"": 0, ""base_points"": 0, ""chain_targets"": 0, ""die_sides"": 1, ""implicit_target_a"": 6, ""implicit_target_b"": 0, ""mechanic"": 0, ""misc_value"": 0, ""points_per_level"": 0.0, ""radius_yards"": null, ""trigger_spell"": 0, ""type"": 80}","{""amplitude"": 0, ""apply_aura"": 0, ""base_points"": 0, ""chain_targets"": 0, ""die_sides"": 0, ""implicit_target_a"": 6, ""implicit_target_b"": 0, ""mechanic"": 0, ""misc_value"": 0, ""points_per_level"": 0.0, ""radius_yards"": null, ""trigger_spell"": 1330, ""type"": 64}",498,,,"{""AttributesEx"": 134218240, ""AttributesEx2"": 1048576, ""AttributesEx6"": 8388608, ""AuraDescription_Lang_Mask"": 16712190, ""AuraDescription_Lang_enUS"": 17862, ""BaseLevel"": 14, ""CastingTimeIndex"": 1, ""DefenseType"": 2, ""Description_Lang_Mask"": 16712190, ""Description_Lang_enUS"": 17690, ""EffectChainAmplitude_1"": 1.0, ""EffectChainAmplitude_2"": 1.0, ""EffectChainAmplitude_3"": 1.0, ""EquippedItemClass"": -1, ""FacingCasterFlags"": 1, ""MaxLevel"": 80, ""NameSubtext_Lang_Mask"": 16712190, ""NameSubtext_Lang_enUS"": """", ""Name_Lang_Mask"": 16712190, ""PreventionType"": 2, ""ProcChance"": 101, ""RangeIndex"": 2, ""ShapeshiftMask"": 536870912, ""SpellClassMask_1"": 256, ""SpellClassSet"": 8, ""SpellLevel"": 14, ""SpellVisualID_1"": 757, ""StartRecoveryCategory"": 133, ""StartRecoveryTime"": 1000}","single-rank bootstrap: BasePoints/BaseLevel/SpellLevel kept from rank 1 (learn level 14); RealPointsPerLevel from rank1→level-60 slope (anchor 11290, rank 6); coefficient/cast_time_ms/mana_cost_pct from max rank (48676, rank 10); MaxLevel set to 80; flat energy cost kept as-is (Rogue is Energy-based, not Mana); effect3 (Garrote - Silence trigger, spell 1330) added: absent from rank 1, introduced at rank 7 (26839) and present at every rank through max; preserved on the survivor per explicit decision, flat (single-rank data point, no growth to derive a slope from)"
921,Pick Pocket,1,0,0,196624,0,0,0,0,0,0,0,5.0,,,"{""amplitude"": 0, ""apply_aura"": 0, ""base_points"": -1, ""chain_targets"": 0, ""die_sides"": 1, ""implicit_target_a"": 6, ""implicit_target_b"": 0, ""mechanic"": 0, ""misc_value"": 0, ""points_per_level"": 0.0, ""radius_yards"": null, ""trigger_spell"": 0, ""type"": 71}",,,227,,,"{""AttributesEx"": 2232352, ""AttributesEx3"": 196608, ""AttributesEx4"": 8388608, ""AuraDescription_Lang_Mask"": 16712188, ""BaseLevel"": 4, ""CastingTimeIndex"": 1, ""DefenseType"": 1, ""Description_Lang_Mask"": 16712190, ""Description_Lang_enUS"": 23506, ""EffectChainAmplitude_1"": 1.0, ""EffectChainAmplitude_2"": 1.0, ""EffectChainAmplitude_3"": 1.0, ""EquippedItemClass"": -1, ""NameSubtext_Lang_Mask"": 16712188, ""Name_Lang_Mask"": 16712190, ""PreventionType"": 1, ""ProcChance"": 101, ""RangeIndex"": 2, ""ShapeshiftMask"": 536870912, ""SpellClassMask_1"": 2147483648, ""SpellClassSet"": 8, ""SpellLevel"": 4, ""SpellVisualID_1"": 251}",pulled from existing data
1329,Mutilate,1,0,0,327696,0,0,0,0,3,60,0,5.0,,,"{""amplitude"": 0, ""apply_aura"": 0, ""base_points"": 1, ""chain_targets"": 0, ""die_sides"": 1, ""implicit_target_a"": 6, ""implicit_target_b"": 0, ""mechanic"": 0, ""misc_value"": 0, ""points_per_level"": 0.0, ""radius_yards"": null, ""trigger_spell"": 0, ""type"": 80}","{""amplitude"": 0, ""apply_aura"": 0, ""base_points"": 0, ""chain_targets"": 0, ""die_sides"": 0, ""implicit_target_a"": 6, ""implicit_target_b"": 0, ""mechanic"": 0, ""misc_value"": 0, ""points_per_level"": 0.0, ""radius_yards"": null, ""trigger_spell"": 5374, ""type"": 64}","{""amplitude"": 0, ""apply_aura"": 0, ""base_points"": 0, ""chain_targets"": 0, ""die_sides"": 0, ""implicit_target_a"": 6, ""implicit_target_b"": 0, ""mechanic"": 0, ""misc_value"": 0, ""points_per_level"": 0.0, ""radius_yards"": null, ""trigger_spell"": 27576, ""type"": 64}",2117,,,"{""AttributesEx"": 134218240, ""AttributesEx2"": 1048576, ""AttributesEx3"": 16843776, ""AuraDescription_Lang_Mask"": 16712188, ""BaseLevel"": 40, ""CastingTimeIndex"": 1, ""DefenseType"": 2, ""Description_Lang_Mask"": 16712190, ""Description_Lang_enUS"": 30105, ""EffectBonusMultiplier_1"": 1.0, ""EffectBonusMultiplier_2"": 1.0, ""EffectBonusMultiplier_3"": 1.0, ""EffectChainAmplitude_1"": 1.0, ""EffectChainAmplitude_2"": 1.0, ""EffectChainAmplitude_3"": 1.0, ""EquippedItemClass"": 2, ""EquippedItemSubclass"": 32768, ""FacingCasterFlags"": 1, ""MaxLevel"": 80, ""NameSubtext_Lang_Mask"": 16712190, ""NameSubtext_Lang_enUS"": """", ""Name_Lang_Mask"": 16712190, ""PreventionType"": 2, ""ProcChance"": 101, ""RangeIndex"": 2, ""SpellClassMask_2"": 2097152, ""SpellClassSet"": 8, ""SpellDescriptionVariableID"": 172, ""SpellLevel"": 40, ""SpellVisualID_1"": 7913, ""StartRecoveryCategory"": 133, ""StartRecoveryTime"": 1000}","single-rank bootstrap: BasePoints/BaseLevel/SpellLevel kept from rank 1 (learn level 40); RealPointsPerLevel from rank1→level-60 slope (anchor 34412, rank 3); coefficient/cast_time_ms/mana_cost_pct from max rank (48666, rank 6); MaxLevel set to 80; flat energy cost kept as-is (Rogue is Energy-based, not Mana)"
1725,Distract,1,0,4,1074003984,22,0,0,30000,3,30,0,30.0,,,"{""amplitude"": 0, ""apply_aura"": 0, ""base_points"": 9, ""chain_targets"": 0, ""die_sides"": 1, ""implicit_target_a"": 16, ""implicit_target_b"": 0, ""mechanic"": 0, ""misc_value"": 0, ""points_per_level"": 0.0, ""radius_yards"": 10.0, ""trigger_spell"": 0, ""type"": 69}",,,1478,,,"{""AttributesEx"": 132384, ""AttributesEx3"": 131072, ""AuraDescription_Lang_Mask"": 16712188, ""AuraInterruptFlags"": 3, ""BaseLevel"": 22, ""CastingTimeIndex"": 1, ""DefenseType"": 1, ""Description_Lang_Mask"": 16712190, ""Description_Lang_enUS"": 34920, ""EffectChainAmplitude_1"": 1.0, ""EffectChainAmplitude_2"": 1.0, ""EffectChainAmplitude_3"": 1.0, ""EquippedItemClass"": -1, ""NameSubtext_Lang_Mask"": 16712188, ""Name_Lang_Mask"": 16712190, ""PreventionType"": 1, ""ProcChance"": 101, ""SpellClassMask_1"": 4096, ""SpellClassSet"": 8, ""SpellLevel"": 22, ""SpellVisualID_1"": 261, ""StartRecoveryCategory"": 133, ""StartRecoveryTime"": 1000, ""Targets"": 64}",pulled from existing data
1752,Sinister Strike,1,0,0,327696,0,0,0,0,3,45,0,5.0,,,"{""amplitude"": 0, ""apply_aura"": 0, ""base_points"": 2, ""chain_targets"": 0, ""die_sides"": 1, ""implicit_target_a"": 6, ""implicit_target_b"": 0, ""mechanic"": 0, ""misc_value"": 0, ""points_per_level"": 1.1016949152542372, ""radius_yards"": null, ""trigger_spell"": 0, ""type"": 121}","{""amplitude"": 0, ""apply_aura"": 0, ""base_points"": 0, ""chain_targets"": 0, ""die_sides"": 1, ""implicit_target_a"": 6, ""implicit_target_b"": 0, ""mechanic"": 0, ""misc_value"": 0, ""points_per_level"": 0.0, ""radius_yards"": null, ""trigger_spell"": 0, ""type"": 80}",,130,,,"{""AttributesEx"": 134218240, ""AttributesEx3"": 1024, ""AuraDescription_Lang_Mask"": 16712188, ""BaseLevel"": 1, ""CastingTimeIndex"": 1, ""DefenseType"": 2, ""Description_Lang_Mask"": 16712190, ""Description_Lang_enUS"": 35202, ""EffectBonusMultiplier_1"": 1.0, ""EffectChainAmplitude_1"": 1.0, ""EffectChainAmplitude_2"": 1.0, ""EffectChainAmplitude_3"": 1.0, ""EquippedItemClass"": 2, ""EquippedItemSubclass"": 173555, ""FacingCasterFlags"": 1, ""MaxLevel"": 80, ""NameSubtext_Lang_Mask"": 16712190, ""NameSubtext_Lang_enUS"": """", ""Name_Lang_Mask"": 16712190, ""PreventionType"": 2, ""ProcChance"": 101, ""RangeIndex"": 2, ""SpellClassMask_1"": 8388610, ""SpellClassSet"": 8, ""SpellDescriptionVariableID"": 171, ""SpellLevel"": 1, ""SpellVisualID_1"": 253, ""StartRecoveryCategory"": 133, ""StartRecoveryTime"": 1000}","single-rank bootstrap: BasePoints/BaseLevel/SpellLevel kept from rank 1 (learn level 1); RealPointsPerLevel from rank1→level-60 slope (anchor 11294, rank 8); coefficient/cast_time_ms/mana_cost_pct from max rank (48638, rank 12); MaxLevel set to 80; flat energy cost kept as-is (Rogue is Energy-based, not Mana)"
1766,Kick,1,0,0,327696,88,0,0,10000,3,25,0,5.0,,5000,"{""amplitude"": 0, ""apply_aura"": 0, ""base_points"": 0, ""chain_targets"": 0, ""die_sides"": 0, ""implicit_target_a"": 6, ""implicit_target_b"": 0, ""mechanic"": 26, ""misc_value"": 0, ""points_per_level"": 0.0, ""radius_yards"": null, ""trigger_spell"": 0, ""type"": 68}",,,246,,,"{""AttributesEx"": 134218240, ""AttributesEx3"": 8, ""AttributesEx6"": 8388608, ""AuraDescription_Lang_Mask"": 16712188, ""BaseLevel"": 12, ""CastingTimeIndex"": 1, ""DefenseType"": 2, ""Description_Lang_Mask"": 16712190, ""Description_Lang_enUS"": 35467, ""EffectBasePoints_2"": -1, ""EffectChainAmplitude_1"": 1.0, ""EffectChainAmplitude_2"": 1.0, ""EffectChainAmplitude_3"": 1.0, ""EffectDieSides_2"": 1, ""EquippedItemClass"": -1, ""FacingCasterFlags"": 1, ""NameSubtext_Lang_Mask"": 16712190, ""Name_Lang_Mask"": 16712190, ""PreventionType"": 2, ""ProcChance"": 101, ""RangeIndex"": 2, ""SpellClassMask_1"": 16, ""SpellClassSet"": 8, ""SpellLevel"": 12, ""SpellVisualID_1"": 90}",pulled from existing data
1776,Gouge,1,0,0,1376272,33,0,0,10000,3,45,0,5.0,,4000,"{""amplitude"": 0, ""apply_aura"": 0, ""base_points"": 0, ""chain_targets"": 0, ""die_sides"": 1, ""implicit_target_a"": 6, ""implicit_target_b"": 0, ""mechanic"": 0, ""misc_value"": 0, ""points_per_level"": 0.0, ""radius_yards"": null, ""trigger_spell"": 0, ""type"": 2}","{""amplitude"": 0, ""apply_aura"": 0, ""base_points"": 0, ""chain_targets"": 0, ""die_sides"": 1, ""implicit_target_a"": 6, ""implicit_target_b"": 0, ""mechanic"": 0, ""misc_value"": 0, ""points_per_level"": 0.0, ""radius_yards"": null, ""trigger_spell"": 0, ""type"": 80}","{""amplitude"": 0, ""apply_aura"": 12, ""base_points"": 0, ""chain_targets"": 0, ""die_sides"": 0, ""implicit_target_a"": 6, ""implicit_target_b"": 0, ""mechanic"": 14, ""misc_value"": 0, ""points_per_level"": 0.0, ""radius_yards"": null, ""trigger_spell"": 0, ""type"": 6}",245,,,"{""AttributesEx"": 134479872, ""AttributesEx3"": 1032, ""AttributesEx4"": 8388608, ""AuraDescription_Lang_Mask"": 16712190, ""AuraDescription_Lang_enUS"": 35980, ""AuraInterruptFlags"": 2, ""BaseLevel"": 6, ""CastingTimeIndex"": 1, ""DefenseType"": 2, ""Description_Lang_Mask"": 16712190, ""Description_Lang_enUS"": 35782, ""EffectBonusMultiplier_1"": 1.0, ""EffectChainAmplitude_1"": 1.0, ""EffectChainAmplitude_2"": 1.0, ""EffectChainAmplitude_3"": 1.0, ""EquippedItemClass"": 2, ""EquippedItemSubclass"": 173555, ""FacingCasterFlags"": 1, ""NameSubtext_Lang_Mask"": 16712190, ""Name_Lang_Mask"": 16712190, ""PreventionType"": 2, ""ProcChance"": 101, ""RangeIndex"": 2, ""SpellClassMask_1"": 8, ""SpellClassSet"": 8, ""SpellLevel"": 6, ""SpellVisualID_1"": 256, ""StartRecoveryCategory"": 133, ""StartRecoveryTime"": 1000}",pulled from existing data
1784,Stealth,1,5,0,437583888,38,0,0,10000,0,0,0,0.0,,-1,"{""amplitude"": 0, ""apply_aura"": 36, ""base_points"": -1, ""chain_targets"": 0, ""die_sides"": 1, ""implicit_target_a"": 1, ""implicit_target_b"": 0, ""mechanic"": 0, ""misc_value"": 30, ""points_per_level"": 0.0, ""radius_yards"": null, ""trigger_spell"": 0, ""type"": 6}","{""amplitude"": 0, ""apply_aura"": 16, ""base_points"": 4, ""chain_targets"": 0, ""die_sides"": 1, ""implicit_target_a"": 1, ""implicit_target_b"": 0, ""mechanic"": 0, ""misc_value"": 0, ""points_per_level"": 5.0, ""radius_yards"": null, ""trigger_spell"": 0, ""type"": 6}","{""amplitude"": 0, ""apply_aura"": 33, ""base_points"": -31, ""chain_targets"": 0, ""die_sides"": 1, ""implicit_target_a"": 1, ""implicit_target_b"": 0, ""mechanic"": 0, ""misc_value"": 0, ""points_per_level"": 0.0, ""radius_yards"": null, ""trigger_spell"": 0, ""type"": 6}",250,,,"{""ActiveIconID"": 30, ""AttributesEx"": 16, ""AttributesEx2"": 2097152, ""AttributesEx3"": 67108864, ""AuraDescription_Lang_Mask"": 16712190, ""AuraDescription_Lang_enUS"": 36292, ""AuraInterruptFlags"": 146436, ""BaseLevel"": 1, ""CastingTimeIndex"": 1, ""Description_Lang_Mask"": 16712190, ""Description_Lang_enUS"": 36202, ""EffectChainAmplitude_1"": 1.0, ""EffectChainAmplitude_2"": 1.0, ""EffectChainAmplitude_3"": 1.0, ""EquippedItemClass"": -1, ""ExcludeCasterAuraState"": 12, ""NameSubtext_Lang_Mask"": 16712190, ""Name_Lang_Mask"": 16712190, ""ProcChance"": 100, ""ProcCharges"": 1, ""ProcTypeMask"": 664232, ""RangeIndex"": 1, ""SpellClassMask_1"": 4194304, ""SpellClassSet"": 8, ""SpellLevel"": 1, ""SpellVisualID_1"": 184, ""StartRecoveryCategory"": 1178}",pulled from existing data
1804,Pick Lock,1,0,0,65552,0,5000,0,0,0,0,0,5.0,,,"{""amplitude"": 0, ""apply_aura"": 0, ""base_points"": 4, ""chain_targets"": 0, ""die_sides"": 1, ""implicit_target_a"": 26, ""implicit_target_b"": 0, ""mechanic"": 0, ""misc_value"": 1, ""points_per_level"": 5.0, ""radius_yards"": null, ""trigger_spell"": 0, ""type"": 33}",,,106,,,"{""AttributesEx"": 131072, ""AuraDescription_Lang_Mask"": 16712188, ""BaseLevel"": 1, ""CastingTimeIndex"": 6, ""Description_Lang_Mask"": 16712190, ""Description_Lang_enUS"": 36427, ""EffectChainAmplitude_1"": 1.0, ""EffectChainAmplitude_2"": 1.0, ""EffectChainAmplitude_3"": 1.0, ""EquippedItemClass"": -1, ""EquippedItemSubclass"": -1, ""InterruptFlags"": 31, ""NameSubtext_Lang_Mask"": 16712188, ""Name_Lang_Mask"": 16712190, ""ProcChance"": 101, ""SpellClassMask_2"": 16384, ""SpellClassSet"": 8, ""SpellLevel"": 1, ""SpellVisualID_1"": 104}",pulled from existing data
1833,Cheap Shot,1,0,12,2555920,0,0,0,0,3,60,0,5.0,,4000,"{""amplitude"": 0, ""apply_aura"": 12, ""base_points"": -1, ""chain_targets"": 0, ""die_sides"": 1, ""implicit_target_a"": 6, ""implicit_target_b"": 0, ""mechanic"": 0, ""misc_value"": 0, ""points_per_level"": 0.0, ""radius_yards"": null, ""trigger_spell"": 0, ""type"": 6}","{""amplitude"": 0, ""apply_aura"": 0, ""base_points"": 1, ""chain_targets"": 0, ""die_sides"": 1, ""implicit_target_a"": 6, ""implicit_target_b"": 0, ""mechanic"": 0, ""misc_value"": 0, ""points_per_level"": 0.0, ""radius_yards"": null, ""trigger_spell"": 0, ""type"": 80}",,244,,,"{""AttributesEx"": 134479872, ""AttributesEx2"": 1048576, ""AttributesEx6"": 8388608, ""AuraDescription_Lang_Mask"": 16712190, ""AuraDescription_Lang_enUS"": 1318, ""BaseLevel"": 26, ""CastingTimeIndex"": 1, ""DefenseType"": 2, ""Description_Lang_Mask"": 16712190, ""Description_Lang_enUS"": 36779, ""EffectChainAmplitude_1"": 1.0, ""EffectChainAmplitude_2"": 1.0, ""EffectChainAmplitude_3"": 1.0, ""EquippedItemClass"": 2, ""EquippedItemSubclass"": 173555, ""FacingCasterFlags"": 1, ""NameSubtext_Lang_Mask"": 16712188, ""Name_Lang_Mask"": 16712190, ""PreventionType"": 2, ""ProcChance"": 101, ""RangeIndex"": 2, ""ShapeshiftMask"": 536870912, ""SpellClassMask_1"": 1024, ""SpellClassSet"": 8, ""SpellLevel"": 26, ""SpellVisualID_1"": 266, ""StartRecoveryCategory"": 133, ""StartRecoveryTime"": 1000}",pulled from existing data
1842,Disarm Trap,1,0,0,196624,0,1000,0,0,0,0,0,20.0,,,"{""amplitude"": 0, ""apply_aura"": 0, ""base_points"": 199, ""chain_targets"": 0, ""die_sides"": 1, ""implicit_target_a"": 23, ""implicit_target_b"": 0, ""mechanic"": 0, ""misc_value"": 4, ""points_per_level"": 5.0, ""radius_yards"": null, ""trigger_spell"": 0, ""type"": 33}",,,228,,,"{""AttributesEx"": 131104, ""AuraDescription_Lang_Mask"": 16712188, ""BaseLevel"": 30, ""CastingTimeIndex"": 4, ""Description_Lang_Mask"": 16712190, ""Description_Lang_enUS"": 36945, ""EffectChainAmplitude_1"": 1.0, ""EffectChainAmplitude_2"": 1.0, ""EffectChainAmplitude_3"": 1.0, ""EquippedItemClass"": -1, ""InterruptFlags"": 15, ""NameSubtext_Lang_Mask"": 16712188, ""Name_Lang_Mask"": 16712190, ""ProcChance"": 101, ""ShapeshiftMask"": 536870912, ""SpellClassMask_2"": 8192, ""SpellClassSet"": 8, ""SpellLevel"": 30, ""SpellVisualID_1"": 252, ""Targets"": 16384}",pulled from existing data
1856,Vanish,1,0,0,135594000,39,0,0,180000,3,0,0,0.0,,,"{""amplitude"": 0, ""apply_aura"": 0, ""base_points"": -1, ""chain_targets"": 0, ""die_sides"": 1, ""implicit_target_a"": 1, ""implicit_target_b"": 0, ""mechanic"": 0, ""misc_value"": 0, ""points_per_level"": 0.0, ""radius_yards"": null, ""trigger_spell"": 11327, ""type"": 64}","{""amplitude"": 0, ""apply_aura"": 0, ""base_points"": -1, ""chain_targets"": 0, ""die_sides"": 1, ""implicit_target_a"": 1, ""implicit_target_b"": 0, ""mechanic"": 0, ""misc_value"": 0, ""points_per_level"": 0.0, ""radius_yards"": null, ""trigger_spell"": 18461, ""type"": 64}","{""amplitude"": 0, ""apply_aura"": 0, ""base_points"": -1, ""chain_targets"": 0, ""die_sides"": 1, ""implicit_target_a"": 1, ""implicit_target_b"": 0, ""mechanic"": 0, ""misc_value"": 0, ""points_per_level"": 0.0, ""radius_yards"": null, ""trigger_spell"": 0, ""type"": 79}",252,,,"{""ActiveIconID"": 30, ""AttributesEx"": 1056, ""AttributesEx2"": 2, ""AuraDescription_Lang_Mask"": 16712190, ""AuraDescription_Lang_enUS"": 37665, ""AuraInterruptFlags"": 15367, ""BaseLevel"": 22, ""CastingTimeIndex"": 1, ""Description_Lang_Mask"": 16712190, ""Description_Lang_enUS"": 37538, ""EffectChainAmplitude_1"": 1.0, ""EffectChainAmplitude_2"": 1.0, ""EffectChainAmplitude_3"": 1.0, ""EquippedItemClass"": -1, ""ExcludeCasterAuraState"": 12, ""MaxLevel"": 80, ""NameSubtext_Lang_Mask"": 16712190, ""NameSubtext_Lang_enUS"": """", ""Name_Lang_Mask"": 16712190, ""PreventionType"": 2, ""ProcChance"": 100, ""ProcCharges"": 1, ""ProcTypeMask"": 139944, ""RangeIndex"": 1, ""SpellClassMask_1"": 2048, ""SpellClassSet"": 8, ""SpellLevel"": 22, ""SpellVisualID_1"": 255}","single-rank bootstrap: BasePoints/BaseLevel/SpellLevel kept from rank 1 (learn level 22); RealPointsPerLevel from rank1→level-60 slope (anchor 1857, rank 2); coefficient/cast_time_ms/mana_cost_pct from max rank (26889, rank 3); MaxLevel set to 80; flat energy cost kept as-is (Rogue is Energy-based, not Mana)"
1860,Safe Fall,1,0,0,262224,0,0,0,0,0,0,0,0.0,,,"{""amplitude"": 0, ""apply_aura"": 144, ""base_points"": 16, ""chain_targets"": 0, ""die_sides"": 1, ""implicit_target_a"": 1, ""implicit_target_b"": 0, ""mechanic"": 0, ""misc_value"": 0, ""points_per_level"": 0.0, ""radius_yards"": null, ""trigger_spell"": 0, ""type"": 6}",,,1658,,,"{""AuraDescription_Lang_Mask"": 16712188, ""BaseLevel"": 40, ""CastingTimeIndex"": 1, ""Description_Lang_Mask"": 16712190, ""Description_Lang_enUS"": 37858, ""EffectBonusMultiplier_1"": 1.0, ""EffectChainAmplitude_1"": 1.0, ""EffectChainAmplitude_2"": 1.0, ""EffectChainAmplitude_3"": 1.0, ""EquippedItemClass"": -1, ""NameSubtext_Lang_Mask"": 16712190, ""NameSubtext_Lang_enUS"": ""Passive"", ""Name_Lang_Mask"": 16712190, ""ProcChance"": 101, ""RangeIndex"": 1, ""SpellClassMask_2"": 32768, ""SpellClassSet"": 8, ""SpellLevel"": 40}",pulled from existing data
1943,Rupture,1,0,15,327696,0,0,0,0,3,25,0,5.0,,6000,"{""amplitude"": 2000, ""apply_aura"": 3, ""base_points"": 7, ""chain_targets"": 0, ""die_sides"": 1, ""implicit_target_a"": 6, ""implicit_target_b"": 0, ""mechanic"": 15, ""misc_value"": 0, ""points_per_level"": 1.3, ""radius_yards"": null, ""trigger_spell"": 0, ""type"": 6}","{""amplitude"": 0, ""apply_aura"": 0, ""base_points"": 0, ""chain_targets"": 0, ""die_sides"": 0, ""implicit_target_a"": 1, ""implicit_target_b"": 0, ""mechanic"": 0, ""misc_value"": 0, ""points_per_level"": 0.0, ""radius_yards"": null, ""trigger_spell"": 0, ""type"": 3}",,500,,,"{""AttributesEx"": 1049088, ""AttributesEx3"": 1024, ""AttributesEx4"": 8, ""AttributesEx6"": 8388608, ""AuraDescription_Lang_Mask"": 16712190, ""AuraDescription_Lang_enUS"": 38660, ""BaseLevel"": 20, ""CastingTimeIndex"": 1, ""DefenseType"": 2, ""Description_Lang_Mask"": 16712190, ""Description_Lang_enUS"": 38216, ""DurationIndex"": 553, ""EffectChainAmplitude_1"": 1.0, ""EffectChainAmplitude_2"": 1.0, ""EffectChainAmplitude_3"": 1.0, ""EffectPointsPerCombo_1"": 2.0, ""EquippedItemClass"": 2, ""EquippedItemSubclass"": 173555, ""FacingCasterFlags"": 1, ""MaxLevel"": 80, ""NameSubtext_Lang_Mask"": 16712190, ""NameSubtext_Lang_enUS"": """", ""Name_Lang_Mask"": 16712190, ""PreventionType"": 2, ""ProcChance"": 101, ""RangeIndex"": 2, ""SpellClassMask_1"": 1048576, ""SpellClassSet"": 8, ""SpellDescriptionVariableID"": 63, ""SpellLevel"": 20, ""SpellVisualID_1"": 250, ""StartRecoveryCategory"": 133, ""StartRecoveryTime"": 1000}","single-rank bootstrap: BasePoints/BaseLevel/SpellLevel kept from rank 1 (learn level 20); RealPointsPerLevel from rank1→level-60 slope (anchor 11275, rank 6); coefficient/cast_time_ms/mana_cost_pct from max rank (48672, rank 9); MaxLevel set to 80; flat energy cost kept as-is (Rogue is Energy-based, not Mana)"
1966,Feint,1,0,0,327696,82,0,0,10000,3,20,0,5.0,,,"{""amplitude"": 0, ""apply_aura"": 0, ""base_points"": -151, ""chain_targets"": 0, ""die_sides"": 1, ""implicit_target_a"": 6, ""implicit_target_b"": 0, ""mechanic"": 0, ""misc_value"": 0, ""points_per_level"": -14.772727272727273, ""radius_yards"": null, ""trigger_spell"": 0, ""type"": 63}","{""amplitude"": 0, ""apply_aura"": 229, ""base_points"": -51, ""chain_targets"": 0, ""die_sides"": 1, ""implicit_target_a"": 1, ""implicit_target_b"": 0, ""mechanic"": 0, ""misc_value"": 127, ""points_per_level"": 0.0, ""radius_yards"": null, ""trigger_spell"": 0, ""type"": 6}",,539,,,"{""AttributesEx"": 134217728, ""AttributesEx3"": 65536, ""AuraDescription_Lang_Mask"": 16712188, ""BaseLevel"": 16, ""CastingTimeIndex"": 1, ""DefenseType"": 2, ""Description_Lang_Mask"": 16712190, ""Description_Lang_enUS"": 39068, ""EffectBonusMultiplier_2"": 1.0, ""EffectChainAmplitude_1"": 1.0, ""EffectChainAmplitude_2"": 1.0, ""EffectChainAmplitude_3"": 1.0, ""EquippedItemClass"": -1, ""FacingCasterFlags"": 1, ""MaxLevel"": 80, ""NameSubtext_Lang_Mask"": 16712190, ""NameSubtext_Lang_enUS"": """", ""Name_Lang_Mask"": 16712190, ""PreventionType"": 2, ""ProcChance"": 101, ""RangeIndex"": 2, ""SpellClassMask_1"": 134217728, ""SpellClassSet"": 8, ""SpellLevel"": 16, ""SpellVisualID_1"": 738, ""StartRecoveryCategory"": 133, ""StartRecoveryTime"": 1000}","single-rank bootstrap: BasePoints/BaseLevel/SpellLevel kept from rank 1 (learn level 16); RealPointsPerLevel from rank1→level-60 slope (anchor 25302, rank 5); coefficient/cast_time_ms/mana_cost_pct from max rank (48659, rank 8); MaxLevel set to 80; flat energy cost kept as-is (Rogue is Energy-based, not Mana); effect2 (AoE damage avoidance, -51%) added: absent from rank 1, introduced only at max rank (48659); preserved on the survivor per explicit decision, flat (single-rank data point)"
2094,Blind,1,0,2,1074855952,1187,0,180000,20000,3,30,0,10.0,,10000,"{""amplitude"": 0, ""apply_aura"": 33, ""base_points"": -61, ""chain_targets"": 0, ""die_sides"": 1, ""implicit_target_a"": 6, ""implicit_target_b"": 0, ""mechanic"": 0, ""misc_value"": 0, ""points_per_level"": 0.0, ""radius_yards"": null, ""trigger_spell"": 0, ""type"": 6}","{""amplitude"": 0, ""apply_aura"": 5, ""base_points"": 0, ""chain_targets"": 0, ""die_sides"": 0, ""implicit_target_a"": 6, ""implicit_target_b"": 0, ""mechanic"": 0, ""misc_value"": 0, ""points_per_level"": 0.0, ""radius_yards"": null, ""trigger_spell"": 0, ""type"": 6}",,48,,,"{""AttributesEx3"": 65536, ""AttributesEx6"": 8388608, ""AuraDescription_Lang_Mask"": 16712190, ""AuraDescription_Lang_enUS"": 40632, ""AuraInterruptFlags"": 4718594, ""BaseLevel"": 34, ""CastingTimeIndex"": 1, ""DefenseType"": 3, ""Description_Lang_Mask"": 16712190, ""Description_Lang_enUS"": 40523, ""EffectChainAmplitude_1"": 1.0, ""EffectChainAmplitude_2"": 1.0, ""EffectChainAmplitude_3"": 1.0, ""EquippedItemClass"": -1, ""NameSubtext_Lang_Mask"": 16712188, ""Name_Lang_Mask"": 16712190, ""PreventionType"": 2, ""ProcChance"": 101, ""SpellClassMask_1"": 16777216, ""SpellClassSet"": 8, ""SpellLevel"": 34, ""SpellVisualID_1"": 3440, ""StartRecoveryCategory"": 133, ""StartRecoveryTime"": 1000}",pulled from existing data
2098,Eviscerate,1,0,0,327696,0,0,0,0,3,35,0,5.0,,,"{""amplitude"": 0, ""apply_aura"": 0, ""base_points"": 0, ""chain_targets"": 0, ""die_sides"": 5, ""implicit_target_a"": 6, ""implicit_target_b"": 0, ""mechanic"": 0, ""misc_value"": 0, ""points_per_level"": 0.8983050847457628, ""radius_yards"": null, ""trigger_spell"": 0, ""type"": 2}","{""amplitude"": 0, ""apply_aura"": 0, ""base_points"": 0, ""chain_targets"": 0, ""die_sides"": 0, ""implicit_target_a"": 1, ""implicit_target_b"": 0, ""mechanic"": 0, ""misc_value"": 0, ""points_per_level"": 0.0, ""radius_yards"": null, ""trigger_spell"": 0, ""type"": 3}",,514,,,"{""AttributesEx"": 1049088, ""AttributesEx3"": 1024, ""AttributesEx4"": 8, ""AuraDescription_Lang_Mask"": 16712188, ""BaseLevel"": 1, ""CastingTimeIndex"": 1, ""DefenseType"": 2, ""Description_Lang_Mask"": 16712190, ""Description_Lang_enUS"": 40764, ""EffectBonusMultiplier_1"": 1.0, ""EffectChainAmplitude_1"": 1.0, ""EffectChainAmplitude_2"": 1.0, ""EffectChainAmplitude_3"": 1.0, ""EffectPointsPerCombo_1"": 5.0, ""EquippedItemClass"": 2, ""EquippedItemSubclass"": 173555, ""FacingCasterFlags"": 1, ""MaxLevel"": 80, ""NameSubtext_Lang_Mask"": 16712190, ""NameSubtext_Lang_enUS"": """", ""Name_Lang_Mask"": 16712190, ""PreventionType"": 2, ""ProcChance"": 101, ""RangeIndex"": 2, ""SpellClassMask_1"": 8519680, ""SpellClassSet"": 8, ""SpellDescriptionVariableID"": 169, ""SpellLevel"": 1, ""SpellVisualID_1"": 671, ""StartRecoveryCategory"": 133, ""StartRecoveryTime"": 1000}","single-rank bootstrap: BasePoints/BaseLevel/SpellLevel kept from rank 1 (learn level 1); RealPointsPerLevel from rank1→level-60 slope (anchor 31016, rank 9); coefficient/cast_time_ms/mana_cost_pct from max rank (48668, rank 12); MaxLevel set to 80; flat energy cost kept as-is (Rogue is Energy-based, not Mana)"
2818,Deadly Poison,8,4,0,0,0,0,0,0,0,0,0,100.0,,12000,"{""amplitude"": 3000, ""apply_aura"": 3, ""base_points"": 5, ""chain_targets"": 0, ""die_sides"": 1, ""implicit_target_a"": 6, ""implicit_target_b"": 0, ""mechanic"": 0, ""misc_value"": 0, ""points_per_level"": 0.6, ""radius_yards"": null, ""trigger_spell"": 0, ""type"": 6}",,"{""amplitude"": 0, ""apply_aura"": 197, ""base_points"": -1, ""chain_targets"": 0, ""die_sides"": 1, ""implicit_target_a"": 6, ""implicit_target_b"": 0, ""mechanic"": 0, ""misc_value"": 0, ""points_per_level"": 0.0, ""radius_yards"": null, ""trigger_spell"": 0, ""type"": 6}",513,,,"{""AttributesEx"": 131208, ""AttributesEx2"": 16777220, ""AttributesEx3"": 128, ""AuraDescription_Lang_Mask"": 16712190, ""AuraDescription_Lang_enUS"": 50192, ""BaseLevel"": 30, ""CastingTimeIndex"": 1, ""CumulativeAura"": 5, ""DefenseType"": 1, ""Description_Lang_Mask"": 16712190, ""Description_Lang_enUS"": 49990, ""EffectChainAmplitude_1"": 1.0, ""EffectChainAmplitude_2"": 1.0, ""EffectChainAmplitude_3"": 1.0, ""EquippedItemClass"": -1, ""MaxLevel"": 80, ""NameSubtext_Lang_Mask"": 16712190, ""NameSubtext_Lang_enUS"": """", ""Name_Lang_Mask"": 16712190, ""ProcChance"": 101, ""SpellClassMask_1"": 65536, ""SpellClassMask_2"": 524288, ""SpellClassSet"": 8, ""SpellLevel"": 30, ""SpellVisualID_1"": 5100}","single-rank bootstrap: BasePoints/BaseLevel/SpellLevel kept from rank 1 (learn level 30); RealPointsPerLevel from rank1→level-60 slope (anchor 25349, rank 5); coefficient/cast_time_ms/mana_cost_pct from max rank (57970, rank 9); MaxLevel set to 80; flat energy cost kept as-is (Rogue is Energy-based, not Mana)"
2823,Deadly Poison,1,0,0,65552,0,3000,0,0,0,0,0,0.0,,,"{""amplitude"": 0, ""apply_aura"": 0, ""base_points"": 0, ""chain_targets"": 0, ""die_sides"": 1, ""implicit_target_a"": 0, ""implicit_target_b"": 0, ""mechanic"": 0, ""misc_value"": 7, ""points_per_level"": 0.0, ""radius_yards"": null, ""trigger_spell"": 0, ""type"": 54}",,,513,,,"{""AttributesEx"": 131104, ""AttributesEx2"": 8200, ""AuraDescription_Lang_Mask"": 16712188, ""BaseLevel"": 30, ""CastingTimeIndex"": 14, ""Description_Lang_Mask"": 16712190, ""Description_Lang_enUS"": 50461, ""EffectChainAmplitude_1"": 1.0, ""EffectChainAmplitude_2"": 1.0, ""EffectChainAmplitude_3"": 1.0, ""EquippedItemClass"": 2, ""EquippedItemSubclass"": 173555, ""InterruptFlags"": 15, ""MaxLevel"": 80, ""NameSubtext_Lang_Mask"": 16712190, ""NameSubtext_Lang_enUS"": """", ""Name_Lang_Mask"": 16712190, ""ProcChance"": 30, ""RangeIndex"": 1, ""SpellClassMask_1"": 65536, ""SpellClassSet"": 8, ""SpellLevel"": 30, ""SpellVisualID_1"": 12720, ""Targets"": 16}","single-rank bootstrap: BasePoints/BaseLevel/SpellLevel kept from rank 1 (learn level 30); RealPointsPerLevel from rank1→level-60 slope (anchor 25351, rank 5); coefficient/cast_time_ms/mana_cost_pct from max rank (57973, rank 9); MaxLevel set to 80; flat energy cost kept as-is (Rogue is Energy-based, not Mana); effect1 (type 54, ENCHANT_ITEM_TEMPORARY-family) left untouched -- base_points unused by that effect handler, not a real scaling quantity"
2824,Deadly Poison II,1,0,0,65552,0,3000,0,0,0,0,0,0.0,,,"{""amplitude"": 0, ""apply_aura"": 0, ""base_points"": 599, ""chain_targets"": 0, ""die_sides"": 1, ""implicit_target_a"": 0, ""implicit_target_b"": 0, ""mechanic"": 0, ""misc_value"": 8, ""points_per_level"": 0.0, ""radius_yards"": null, ""trigger_spell"": 0, ""type"": 54}",,,513,,,"{""AttributesEx"": 131104, ""AttributesEx2"": 8200, ""AuraDescription_Lang_Mask"": 16712188, ""BaseLevel"": 38, ""CastingTimeIndex"": 14, ""Description_Lang_Mask"": 16712190, ""Description_Lang_enUS"": 50785, ""EffectChainAmplitude_1"": 1.0, ""EffectChainAmplitude_2"": 1.0, ""EffectChainAmplitude_3"": 1.0, ""EquippedItemClass"": 2, ""EquippedItemSubclass"": 173555, ""InterruptFlags"": 15, ""NameSubtext_Lang_Mask"": 16712190, ""NameSubtext_Lang_enUS"": ""Rank 2"", ""Name_Lang_Mask"": 16712190, ""ProcChance"": 30, ""RangeIndex"": 1, ""SpellClassMask_1"": 65536, ""SpellClassSet"": 8, ""SpellLevel"": 38, ""SpellVisualID_1"": 12720, ""Targets"": 16}","pulled from existing data | single-rank conversion (rogue): superseded rank kept in rogue.csv -- still referenced by item_template (spellid/RequiredSpell), not creature-only"
2983,Sprint,1,0,0,65552,44,0,0,180000,3,0,0,0.0,,15000,"{""amplitude"": 0, ""apply_aura"": 31, ""base_points"": 49, ""chain_targets"": 0, ""die_sides"": 1, ""implicit_target_a"": 1, ""implicit_target_b"": 0, ""mechanic"": 0, ""misc_value"": 0, ""points_per_level"": 0.4, ""radius_yards"": null, ""trigger_spell"": 0, ""type"": 6}",,,516,,,"{""AttributesEx"": 32, ""AuraDescription_Lang_Mask"": 16712190, ""AuraDescription_Lang_enUS"": 54023, ""BaseLevel"": 10, ""CastingTimeIndex"": 1, ""Description_Lang_Mask"": 16712190, ""Description_Lang_enUS"": 53945, ""EffectChainAmplitude_1"": 1.0, ""EffectChainAmplitude_2"": 1.0, ""EffectChainAmplitude_3"": 1.0, ""EquippedItemClass"": -1, ""MaxLevel"": 80, ""NameSubtext_Lang_Mask"": 16712190, ""NameSubtext_Lang_enUS"": """", ""Name_Lang_Mask"": 16712190, ""PreventionType"": 2, ""ProcChance"": 101, ""RangeIndex"": 1, ""SpellClassMask_1"": 64, ""SpellClassSet"": 8, ""SpellLevel"": 10, ""SpellVisualID_1"": 6}","single-rank bootstrap: BasePoints/BaseLevel/SpellLevel kept from rank 1 (learn level 10); RealPointsPerLevel from rank1→level-60 slope (anchor 11305, rank 3); coefficient/cast_time_ms/mana_cost_pct from max rank (11305, rank 3); MaxLevel set to 80; flat energy cost kept as-is (Rogue is Energy-based, not Mana)"
5171,Slice and Dice,1,0,0,537198608,0,0,0,0,3,25,0,100.0,,6000,"{""amplitude"": 0, ""apply_aura"": 0, ""base_points"": 0, ""chain_targets"": 0, ""die_sides"": 0, ""implicit_target_a"": 6, ""implicit_target_b"": 0, ""mechanic"": 0, ""misc_value"": 0, ""points_per_level"": 0.0, ""radius_yards"": null, ""trigger_spell"": 0, ""type"": 3}","{""amplitude"": 0, ""apply_aura"": 138, ""base_points"": 19, ""chain_targets"": 0, ""die_sides"": 1, ""implicit_target_a"": 1, ""implicit_target_b"": 0, ""mechanic"": 0, ""misc_value"": 0, ""points_per_level"": 0.4, ""radius_yards"": null, ""trigger_spell"": 0, ""type"": 6}",,515,,,"{""AttributesEx"": 4195360, ""AttributesEx2"": 4, ""AttributesEx3"": 1342439424, ""AttributesEx4"": 16, ""AttributesEx6"": 8388612, ""AuraDescription_Lang_Mask"": 16712190, ""AuraDescription_Lang_enUS"": 96434, ""BaseLevel"": 10, ""CastingTimeIndex"": 1, ""Description_Lang_Mask"": 16712190, ""Description_Lang_enUS"": 96060, ""DurationIndex"": 185, ""EffectBonusMultiplier_1"": 1.0, ""EffectChainAmplitude_1"": 1.0, ""EffectChainAmplitude_2"": 1.0, ""EffectChainAmplitude_3"": 1.0, ""EquippedItemClass"": -1, ""MaxLevel"": 80, ""NameSubtext_Lang_Mask"": 16712190, ""NameSubtext_Lang_enUS"": """", ""Name_Lang_Mask"": 16712190, ""PreventionType"": 2, ""ProcChance"": 101, ""SpellClassMask_1"": 262144, ""SpellClassSet"": 8, ""SpellDescriptionVariableID"": 164, ""SpellLevel"": 10, ""SpellPriority"": 50, ""SpellVisualID_1"": 254, ""StartRecoveryCategory"": 133, ""StartRecoveryTime"": 1000}","single-rank bootstrap: BasePoints/BaseLevel/SpellLevel kept from rank 1 (learn level 10); RealPointsPerLevel from rank1→level-60 slope (anchor 6774, rank 2); coefficient/cast_time_ms/mana_cost_pct from max rank (6774, rank 2); MaxLevel set to 80; flat energy cost kept as-is (Rogue is Energy-based, not Mana)"
5277,Evasion,1,0,0,65552,66,0,0,180000,3,0,0,0.0,,15000,"{""amplitude"": 0, ""apply_aura"": 49, ""base_points"": 49, ""chain_targets"": 0, ""die_sides"": 1, ""implicit_target_a"": 1, ""implicit_target_b"": 0, ""mechanic"": 0, ""misc_value"": 0, ""points_per_level"": 0.0, ""radius_yards"": null, ""trigger_spell"": 0, ""type"": 6}","{""amplitude"": 0, ""apply_aura"": 185, ""base_points"": -26, ""chain_targets"": 0, ""die_sides"": 1, ""implicit_target_a"": 1, ""implicit_target_b"": 0, ""mechanic"": 0, ""misc_value"": 0, ""points_per_level"": 0.0, ""radius_yards"": null, ""trigger_spell"": 0, ""type"": 6}",,178,,,"{""AuraDescription_Lang_Mask"": 16712190, ""AuraDescription_Lang_enUS"": 99862, ""BaseLevel"": 8, ""CastingTimeIndex"": 1, ""Description_Lang_Mask"": 16712190, ""Description_Lang_enUS"": 99807, ""EffectBonusMultiplier_2"": 1.0, ""EffectChainAmplitude_1"": 1.0, ""EffectChainAmplitude_2"": 1.0, ""EffectChainAmplitude_3"": 1.0, ""EquippedItemClass"": -1, ""MaxLevel"": 80, ""NameSubtext_Lang_Mask"": 16712190, ""NameSubtext_Lang_enUS"": """", ""Name_Lang_Mask"": 16712190, ""PreventionType"": 2, ""ProcChance"": 101, ""RangeIndex"": 1, ""SpellClassMask_1"": 32, ""SpellClassSet"": 8, ""SpellLevel"": 8, ""SpellVisualID_1"": 72}","single-rank bootstrap: BasePoints/BaseLevel/SpellLevel kept from rank 1 (learn level 8); RealPointsPerLevel from rank1→level-60 slope (anchor 26669, rank 2); coefficient/cast_time_ms/mana_cost_pct from max rank (26669, rank 2); MaxLevel set to 80; flat energy cost kept as-is (Rogue is Energy-based, not Mana); effect2 (ranged attacker hit chance, -26%) added: absent from rank 1, introduced only at rank 2/max (26669); preserved on the survivor per explicit decision, flat (single-rank data point)"
5374,Mutilate,1,0,0,327696,0,0,0,0,3,0,0,5.0,,,"{""amplitude"": 0, ""apply_aura"": 0, ""base_points"": 43, ""chain_targets"": 0, ""die_sides"": 1, ""implicit_target_a"": 6, ""implicit_target_b"": 0, ""mechanic"": 0, ""misc_value"": 0, ""points_per_level"": 2.3220338983050848, ""radius_yards"": null, ""trigger_spell"": 0, ""type"": 121}",,,533,,,"{""AttributesEx3"": 1536, ""AttributesEx4"": 1, ""AttributesEx7"": 58720256, ""AuraDescription_Lang_Mask"": 16712188, ""BaseLevel"": 1, ""CastingTimeIndex"": 1, ""DefenseType"": 2, ""Description_Lang_Mask"": 16712190, ""Description_Lang_enUS"": 100755, ""EffectChainAmplitude_1"": 1.0, ""EffectChainAmplitude_2"": 1.0, ""EffectChainAmplitude_3"": 1.0, ""EquippedItemClass"": 2, ""EquippedItemSubclass"": 32768, ""MaxLevel"": 80, ""NameSubtext_Lang_Mask"": 16712190, ""NameSubtext_Lang_enUS"": """", ""Name_Lang_Mask"": 16712190, ""ProcChance"": 101, ""RangeIndex"": 2, ""SpellClassMask_2"": 2, ""SpellClassSet"": 8, ""SpellDescriptionVariableID"": 172, ""SpellLevel"": 1}","single-rank bootstrap: BasePoints/BaseLevel/SpellLevel kept from rank 1 (learn level 1); RealPointsPerLevel from rank1→level-60 slope (anchor 48665, rank 6); coefficient/cast_time_ms/mana_cost_pct from max rank (48665, rank 6); MaxLevel set to 80; flat energy cost kept as-is (Rogue is Energy-based, not Mana)"
5938,Shiv,1,0,0,2424848,0,0,0,0,3,20,0,5.0,,,"{""amplitude"": 0, ""apply_aura"": 0, ""base_points"": 0, ""chain_targets"": 0, ""die_sides"": 0, ""implicit_target_a"": 6, ""implicit_target_b"": 0, ""mechanic"": 0, ""misc_value"": 0, ""points_per_level"": 0.0, ""radius_yards"": null, ""trigger_spell"": 0, ""type"": 3}",,,1834,,,"{""AttributesEx"": 134217728, ""AttributesEx2"": 537919488, ""AttributesEx3"": 17235968, ""AttributesEx4"": 1025, ""AuraDescription_Lang_Mask"": 16712188, ""BaseLevel"": 70, ""CastingTimeIndex"": 1, ""DefenseType"": 2, ""Description_Lang_Mask"": 16712190, ""Description_Lang_enUS"": 109026, ""EffectBonusMultiplier_1"": 1.0, ""EffectBonusMultiplier_2"": 1.0, ""EffectBonusMultiplier_3"": 1.0, ""EffectChainAmplitude_1"": 1.0, ""EffectChainAmplitude_2"": 1.0, ""EffectChainAmplitude_3"": 1.0, ""EquippedItemClass"": 2, ""EquippedItemSubclass"": 173555, ""FacingCasterFlags"": 1, ""NameSubtext_Lang_Mask"": 16712190, ""Name_Lang_Mask"": 16712190, ""PreventionType"": 2, ""ProcChance"": 101, ""RangeIndex"": 2, ""SpellClassMask_1"": 536870912, ""SpellClassSet"": 8, ""SpellLevel"": 70, ""SpellVisualID_1"": 8056, ""StartRecoveryCategory"": 133, ""StartRecoveryTime"": 1000}",pulled from existing data
6770,Sap,1,0,30,3604496,0,0,0,0,3,65,0,5.0,,25000,"{""amplitude"": 0, ""apply_aura"": 12, ""base_points"": -1, ""chain_targets"": 0, ""die_sides"": 1, ""implicit_target_a"": 6, ""implicit_target_b"": 0, ""mechanic"": 0, ""misc_value"": 0, ""points_per_level"": 0.0, ""radius_yards"": null, ""trigger_spell"": 0, ""type"": 6}",,,249,,,"{""AttributesEx"": 134481184, ""AttributesEx3"": 131073, ""AttributesEx4"": 8388608, ""AttributesEx5"": 32, ""AuraDescription_Lang_Mask"": 16712190, ""AuraDescription_Lang_enUS"": 40495, ""AuraInterruptFlags"": 4718594, ""BaseLevel"": 10, ""CastingTimeIndex"": 1, ""DefenseType"": 2, ""Description_Lang_Mask"": 16712190, ""Description_Lang_enUS"": 40304, ""EffectChainAmplitude_1"": 1.0, ""EffectChainAmplitude_2"": 1.0, ""EffectChainAmplitude_3"": 1.0, ""EquippedItemClass"": 2, ""EquippedItemSubclass"": 173555, ""FacingCasterFlags"": 1, ""MaxLevel"": 80, ""NameSubtext_Lang_Mask"": 16712190, ""NameSubtext_Lang_enUS"": """", ""Name_Lang_Mask"": 16712190, ""PreventionType"": 2, ""ProcChance"": 100, ""ProcTypeMask"": 69648, ""RangeIndex"": 2, ""ShapeshiftMask"": 536870912, ""SpellClassMask_1"": 128, ""SpellClassSet"": 8, ""SpellLevel"": 10, ""SpellVisualID_1"": 257, ""StartRecoveryCategory"": 133, ""StartRecoveryTime"": 1000, ""TargetCreatureType"": 64}","single-rank bootstrap: BasePoints/BaseLevel/SpellLevel kept from rank 1 (learn level 10); RealPointsPerLevel from rank1→level-60 slope (anchor 11297, rank 3); coefficient/cast_time_ms/mana_cost_pct from max rank (51724, rank 4); MaxLevel set to 80; flat energy cost kept as-is (Rogue is Energy-based, not Mana)"
8647,Expose Armor,1,0,0,327696,0,0,0,0,3,25,0,5.0,,0,"{""amplitude"": 0, ""apply_aura"": 101, ""base_points"": -21, ""chain_targets"": 0, ""die_sides"": 1, ""implicit_target_a"": 6, ""implicit_target_b"": 0, ""mechanic"": 0, ""misc_value"": 1, ""points_per_level"": 0.0, ""radius_yards"": null, ""trigger_spell"": 0, ""type"": 6}","{""amplitude"": 0, ""apply_aura"": 0, ""base_points"": 0, ""chain_targets"": 0, ""die_sides"": 0, ""implicit_target_a"": 1, ""implicit_target_b"": 0, ""mechanic"": 0, ""misc_value"": 0, ""points_per_level"": 0.0, ""radius_yards"": null, ""trigger_spell"": 0, ""type"": 3}",,563,,,"{""AttributesEx"": 1049088, ""AttributesEx3"": 1024, ""AttributesEx4"": 8, ""AttributesEx6"": 8388608, ""AuraDescription_Lang_Mask"": 16712190, ""AuraDescription_Lang_enUS"": 142485, ""BaseLevel"": 14, ""CastingTimeIndex"": 1, ""DefenseType"": 2, ""Description_Lang_Mask"": 16712190, ""Description_Lang_enUS"": 177820, ""DurationIndex"": 588, ""EffectChainAmplitude_1"": 1.0, ""EffectChainAmplitude_2"": 1.0, ""EffectChainAmplitude_3"": 1.0, ""EquippedItemClass"": 2, ""EquippedItemSubclass"": 173555, ""FacingCasterFlags"": 1, ""NameSubtext_Lang_Mask"": 16712190, ""Name_Lang_Mask"": 16712190, ""PreventionType"": 2, ""ProcChance"": 101, ""RangeIndex"": 2, ""SpellClassMask_1"": 524288, ""SpellClassSet"": 8, ""SpellLevel"": 14, ""SpellVisualID_1"": 3441, ""StartRecoveryCategory"": 133, ""StartRecoveryTime"": 1000}",pulled from existing data
8676,Ambush,1,0,0,2555920,0,0,0,0,3,60,0,5.0,,,"{""amplitude"": 0, ""apply_aura"": 0, ""base_points"": 27, ""chain_targets"": 0, ""die_sides"": 1, ""implicit_target_a"": 6, ""implicit_target_b"": 0, ""mechanic"": 0, ""misc_value"": 0, ""points_per_level"": 2.0952380952380953, ""radius_yards"": null, ""trigger_spell"": 0, ""type"": 121}","{""amplitude"": 0, ""apply_aura"": 0, ""base_points"": 274, ""chain_targets"": 0, ""die_sides"": 1, ""implicit_target_a"": 6, ""implicit_target_b"": 0, ""mechanic"": 0, ""misc_value"": 0, ""points_per_level"": 0.0, ""radius_yards"": null, ""trigger_spell"": 0, ""type"": 31}","{""amplitude"": 0, ""apply_aura"": 0, ""base_points"": 1, ""chain_targets"": 0, ""die_sides"": 1, ""implicit_target_a"": 6, ""implicit_target_b"": 0, ""mechanic"": 0, ""misc_value"": 0, ""points_per_level"": 0.0, ""radius_yards"": null, ""trigger_spell"": 0, ""type"": 80}",856,,,"{""AttributesEx"": 134218240, ""AttributesEx2"": 1048576, ""AttributesEx3"": 1024, ""AuraDescription_Lang_Mask"": 16712188, ""BaseLevel"": 18, ""CastingTimeIndex"": 1, ""DefenseType"": 2, ""Description_Lang_Mask"": 16712190, ""Description_Lang_enUS"": 178531, ""EffectBonusMultiplier_1"": 1.0, ""EffectBonusMultiplier_2"": 1.0, ""EffectChainAmplitude_1"": 1.0, ""EffectChainAmplitude_2"": 1.0, ""EffectChainAmplitude_3"": 1.0, ""EquippedItemClass"": 2, ""EquippedItemSubclass"": 32768, ""FacingCasterFlags"": 1, ""MaxLevel"": 80, ""NameSubtext_Lang_Mask"": 16712190, ""NameSubtext_Lang_enUS"": """", ""Name_Lang_Mask"": 16712190, ""PreventionType"": 2, ""ProcChance"": 101, ""RangeIndex"": 2, ""ShapeshiftMask"": 536870912, ""SpellClassMask_1"": 8389120, ""SpellClassSet"": 8, ""SpellLevel"": 18, ""SpellPriority"": 50, ""SpellVisualID_1"": 155, ""StartRecoveryCategory"": 133, ""StartRecoveryTime"": 1000}","single-rank bootstrap: BasePoints/BaseLevel/SpellLevel kept from rank 1 (learn level 18); RealPointsPerLevel from rank1→level-60 slope (anchor 11269, rank 6); coefficient/cast_time_ms/mana_cost_pct from max rank (48691, rank 10); MaxLevel set to 80; flat energy cost kept as-is (Rogue is Energy-based, not Mana)"
8679,Instant Poison,1,0,0,65552,0,3000,0,0,0,0,0,0.0,,,"{""amplitude"": 0, ""apply_aura"": 0, ""base_points"": 0, ""chain_targets"": 0, ""die_sides"": 1, ""implicit_target_a"": 0, ""implicit_target_b"": 0, ""mechanic"": 0, ""misc_value"": 323, ""points_per_level"": 0.0, ""radius_yards"": null, ""trigger_spell"": 0, ""type"": 54}",,,247,,,"{""AttributesEx"": 32, ""AttributesEx2"": 8200, ""AuraDescription_Lang_Mask"": 16712188, ""BaseLevel"": 20, ""CastingTimeIndex"": 14, ""Description_Lang_Mask"": 16712190, ""Description_Lang_enUS"": 178752, ""EffectChainAmplitude_1"": 1.0, ""EffectChainAmplitude_2"": 1.0, ""EffectChainAmplitude_3"": 1.0, ""EquippedItemClass"": 2, ""EquippedItemSubclass"": 173555, ""InterruptFlags"": 15, ""MaxLevel"": 80, ""NameSubtext_Lang_Mask"": 16712190, ""NameSubtext_Lang_enUS"": """", ""Name_Lang_Mask"": 16712190, ""ProcChance"": 20, ""RangeIndex"": 1, ""SpellClassMask_1"": 8192, ""SpellClassSet"": 8, ""SpellLevel"": 20, ""SpellVisualID_1"": 12720, ""Targets"": 16}","single-rank bootstrap: BasePoints/BaseLevel/SpellLevel kept from rank 1 (learn level 20); RealPointsPerLevel from rank1→level-60 slope (anchor 11340, rank 6); coefficient/cast_time_ms/mana_cost_pct from max rank (57968, rank 9); MaxLevel set to 80; flat energy cost kept as-is (Rogue is Energy-based, not Mana); effect1 (type 54, ENCHANT_ITEM_TEMPORARY-family) left untouched -- base_points unused by that effect handler, not a real scaling quantity"
8680,Instant Poison,8,4,0,0,0,0,0,0,0,0,0,100.0,,,"{""amplitude"": 0, ""apply_aura"": 0, ""base_points"": 12, ""chain_targets"": 0, ""die_sides"": 5, ""implicit_target_a"": 6, ""implicit_target_b"": 0, ""mechanic"": 0, ""misc_value"": 0, ""points_per_level"": 1.575, ""radius_yards"": null, ""trigger_spell"": 0, ""type"": 2}",,,247,,,"{""AttributesEx"": 136, ""AuraDescription_Lang_Mask"": 16712188, ""BaseLevel"": 20, ""CastingTimeIndex"": 1, ""DefenseType"": 1, ""Description_Lang_Mask"": 16712190, ""Description_Lang_enUS"": 178911, ""EffectChainAmplitude_1"": 1.0, ""EffectChainAmplitude_2"": 1.0, ""EffectChainAmplitude_3"": 1.0, ""EquippedItemClass"": -1, ""MaxLevel"": 80, ""NameSubtext_Lang_Mask"": 16712190, ""NameSubtext_Lang_enUS"": """", ""Name_Lang_Mask"": 16712190, ""ProcChance"": 101, ""SpellClassMask_1"": 8192, ""SpellClassSet"": 8, ""SpellLevel"": 20, ""SpellVisualID_1"": 5100}","single-rank bootstrap: BasePoints/BaseLevel/SpellLevel kept from rank 1 (learn level 20); RealPointsPerLevel from rank1→level-60 slope (anchor 11337, rank 6); coefficient/cast_time_ms/mana_cost_pct from max rank (57965, rank 9); MaxLevel set to 80; flat energy cost kept as-is (Rogue is Energy-based, not Mana)"
8686,Instant Poison II,1,0,0,65552,0,3000,0,0,0,0,0,0.0,,,"{""amplitude"": 0, ""apply_aura"": 0, ""base_points"": 0, ""chain_targets"": 0, ""die_sides"": 1, ""implicit_target_a"": 0, ""implicit_target_b"": 0, ""mechanic"": 0, ""misc_value"": 324, ""points_per_level"": 0.0, ""radius_yards"": null, ""trigger_spell"": 0, ""type"": 54}",,,247,,,"{""AttributesEx"": 32, ""AttributesEx2"": 8200, ""AuraDescription_Lang_Mask"": 16712188, ""BaseLevel"": 28, ""CastingTimeIndex"": 14, ""Description_Lang_Mask"": 16712190, ""Description_Lang_enUS"": 179263, ""EffectChainAmplitude_1"": 1.0, ""EffectChainAmplitude_2"": 1.0, ""EffectChainAmplitude_3"": 1.0, ""EquippedItemClass"": 2, ""EquippedItemSubclass"": 173555, ""InterruptFlags"": 15, ""NameSubtext_Lang_Mask"": 16712190, ""NameSubtext_Lang_enUS"": ""Rank 2"", ""Name_Lang_Mask"": 16712190, ""ProcChance"": 20, ""RangeIndex"": 1, ""SpellClassMask_1"": 8192, ""SpellClassSet"": 8, ""SpellLevel"": 28, ""SpellVisualID_1"": 12720, ""Targets"": 16}","pulled from existing data | single-rank conversion (rogue): superseded rank kept in rogue.csv -- still referenced by item_template (spellid/RequiredSpell), not creature-only"
8688,Instant Poison III,1,0,0,65552,0,3000,0,0,0,0,0,0.0,,,"{""amplitude"": 0, ""apply_aura"": 0, ""base_points"": 0, ""chain_targets"": 0, ""die_sides"": 1, ""implicit_target_a"": 0, ""implicit_target_b"": 0, ""mechanic"": 0, ""misc_value"": 325, ""points_per_level"": 0.0, ""radius_yards"": null, ""trigger_spell"": 0, ""type"": 54}",,,247,,,"{""AttributesEx"": 32, ""AttributesEx2"": 8200, ""AuraDescription_Lang_Mask"": 16712188, ""BaseLevel"": 36, ""CastingTimeIndex"": 14, ""Description_Lang_Mask"": 16712190, ""Description_Lang_enUS"": 179441, ""EffectChainAmplitude_1"": 1.0, ""EffectChainAmplitude_2"": 1.0, ""EffectChainAmplitude_3"": 1.0, ""EquippedItemClass"": 2, ""EquippedItemSubclass"": 173555, ""InterruptFlags"": 15, ""NameSubtext_Lang_Mask"": 16712190, ""NameSubtext_Lang_enUS"": ""Rank 3"", ""Name_Lang_Mask"": 16712190, ""ProcChance"": 20, ""RangeIndex"": 1, ""SpellClassMask_1"": 8192, ""SpellClassSet"": 8, ""SpellLevel"": 36, ""SpellVisualID_1"": 12720, ""Targets"": 16}","pulled from existing data | single-rank conversion (rogue): superseded rank kept in rogue.csv -- still referenced by item_template (spellid/RequiredSpell), not creature-only"
11327,Vanish,1,5,0,169148688,0,0,0,0,3,0,0,0.0,,10000,,"{""amplitude"": 0, ""apply_aura"": 16, ""base_points"": 169, ""chain_targets"": 0, ""die_sides"": 1, ""implicit_target_a"": 1, ""implicit_target_b"": 0, ""mechanic"": 0, ""misc_value"": 0, ""points_per_level"": 5.0, ""radius_yards"": null, ""trigger_spell"": 0, ""type"": 6}","{""amplitude"": 0, ""apply_aura"": 31, ""base_points"": -1, ""chain_targets"": 0, ""die_sides"": 1, ""implicit_target_a"": 1, ""implicit_target_b"": 0, ""mechanic"": 0, ""misc_value"": 0, ""points_per_level"": 0.0, ""radius_yards"": null, ""trigger_spell"": 0, ""type"": 6}",252,,,"{""ActiveIconID"": 30, ""AttributesEx"": 32, ""AttributesEx2"": 2, ""AuraDescription_Lang_Mask"": 16712190, ""AuraDescription_Lang_enUS"": 37665, ""AuraInterruptFlags"": 15364, ""BaseLevel"": 22, ""CastingTimeIndex"": 1, ""Description_Lang_Mask"": 16712188, ""EffectBonusMultiplier_1"": 1.0, ""EffectChainAmplitude_1"": 1.0, ""EffectChainAmplitude_2"": 1.0, ""EffectChainAmplitude_3"": 1.0, ""EquippedItemClass"": -1, ""ExcludeCasterAuraState"": 12, ""MaxLevel"": 80, ""NameSubtext_Lang_Mask"": 16712190, ""NameSubtext_Lang_enUS"": """", ""Name_Lang_Mask"": 16712190, ""ProcChance"": 101, ""RangeIndex"": 1, ""ShapeshiftMask"": 536870912, ""SpellClassMask_1"": 2048, ""SpellClassSet"": 8, ""SpellLevel"": 22, ""SpellVisualID_1"": 255}","single-rank bootstrap: BasePoints/BaseLevel/SpellLevel kept from rank 1 (learn level 22); RealPointsPerLevel from rank1→level-60 slope (anchor 11329, rank 2); coefficient/cast_time_ms/mana_cost_pct from max rank (26888, rank 3); MaxLevel set to 80; flat energy cost kept as-is (Rogue is Energy-based, not Mana)"
11338,Instant Poison IV,1,0,0,65552,0,3000,0,0,0,0,0,0.0,,,"{""amplitude"": 0, ""apply_aura"": 0, ""base_points"": 0, ""chain_targets"": 0, ""die_sides"": 1, ""implicit_target_a"": 0, ""implicit_target_b"": 0, ""mechanic"": 0, ""misc_value"": 623, ""points_per_level"": 0.0, ""radius_yards"": null, ""trigger_spell"": 0, ""type"": 54}",,,247,,,"{""AttributesEx"": 32, ""AttributesEx2"": 8200, ""AuraDescription_Lang_Mask"": 16712188, ""BaseLevel"": 44, ""CastingTimeIndex"": 14, ""Description_Lang_Mask"": 16712190, ""Description_Lang_enUS"": 230135, ""EffectChainAmplitude_1"": 1.0, ""EffectChainAmplitude_2"": 1.0, ""EffectChainAmplitude_3"": 1.0, ""EquippedItemClass"": 2, ""EquippedItemSubclass"": 173555, ""InterruptFlags"": 15, ""NameSubtext_Lang_Mask"": 16712190, ""NameSubtext_Lang_enUS"": ""Rank 4"", ""Name_Lang_Mask"": 16712190, ""ProcChance"": 20, ""RangeIndex"": 1, ""SpellClassMask_1"": 8192, ""SpellClassSet"": 8, ""SpellLevel"": 44, ""SpellVisualID_1"": 12720, ""Targets"": 16}","pulled from existing data | single-rank conversion (rogue): superseded rank kept in rogue.csv -- still referenced by item_template (spellid/RequiredSpell), not creature-only"
11339,Instant Poison V,1,0,0,65552,0,3000,0,0,0,0,0,0.0,,,"{""amplitude"": 0, ""apply_aura"": 0, ""base_points"": 0, ""chain_targets"": 0, ""die_sides"": 1, ""implicit_target_a"": 0, ""implicit_target_b"": 0, ""mechanic"": 0, ""misc_value"": 624, ""points_per_level"": 0.0, ""radius_yards"": null, ""trigger_spell"": 0, ""type"": 54}",,,247,,,"{""AttributesEx"": 32, ""AttributesEx2"": 8200, ""AuraDescription_Lang_Mask"": 16712188, ""BaseLevel"": 52, ""CastingTimeIndex"": 14, ""Description_Lang_Mask"": 16712190, ""Description_Lang_enUS"": 230295, ""EffectChainAmplitude_1"": 1.0, ""EffectChainAmplitude_2"": 1.0, ""EffectChainAmplitude_3"": 1.0, ""EquippedItemClass"": 2, ""EquippedItemSubclass"": 173555, ""InterruptFlags"": 15, ""NameSubtext_Lang_Mask"": 16712190, ""NameSubtext_Lang_enUS"": ""Rank 5"", ""Name_Lang_Mask"": 16712190, ""ProcChance"": 20, ""RangeIndex"": 1, ""SpellClassMask_1"": 8192, ""SpellClassSet"": 8, ""SpellLevel"": 52, ""SpellVisualID_1"": 12720, ""Targets"": 16}","pulled from existing data | single-rank conversion (rogue): superseded rank kept in rogue.csv -- still referenced by item_template (spellid/RequiredSpell), not creature-only"
11340,Instant Poison VI,1,0,0,65552,0,3000,0,0,0,0,0,0.0,,,"{""amplitude"": 0, ""apply_aura"": 0, ""base_points"": 0, ""chain_targets"": 0, ""die_sides"": 1, ""implicit_target_a"": 0, ""implicit_target_b"": 0, ""mechanic"": 0, ""misc_value"": 625, ""points_per_level"": 0.0, ""radius_yards"": null, ""trigger_spell"": 0, ""type"": 54}",,,247,,,"{""AttributesEx"": 32, ""AttributesEx2"": 8200, ""AuraDescription_Lang_Mask"": 16712188, ""BaseLevel"": 60, ""CastingTimeIndex"": 14, ""Description_Lang_Mask"": 16712190, ""Description_Lang_enUS"": 230455, ""EffectChainAmplitude_1"": 1.0, ""EffectChainAmplitude_2"": 1.0, ""EffectChainAmplitude_3"": 1.0, ""EquippedItemClass"": 2, ""EquippedItemSubclass"": 173555, ""InterruptFlags"": 15, ""NameSubtext_Lang_Mask"": 16712190, ""NameSubtext_Lang_enUS"": ""Rank 6"", ""Name_Lang_Mask"": 16712190, ""ProcChance"": 20, ""RangeIndex"": 1, ""SpellClassMask_1"": 8192, ""SpellClassSet"": 8, ""SpellLevel"": 60, ""SpellVisualID_1"": 12720, ""Targets"": 16}","pulled from existing data | single-rank conversion (rogue): superseded rank kept in rogue.csv -- still referenced by item_template (spellid/RequiredSpell), not creature-only"
11355,Deadly Poison III,1,0,0,65552,0,3000,0,0,0,0,0,0.0,,,"{""amplitude"": 0, ""apply_aura"": 0, ""base_points"": 599, ""chain_targets"": 0, ""die_sides"": 1, ""implicit_target_a"": 0, ""implicit_target_b"": 0, ""mechanic"": 0, ""misc_value"": 626, ""points_per_level"": 0.0, ""radius_yards"": null, ""trigger_spell"": 0, ""type"": 54}",,,513,,,"{""AttributesEx"": 131104, ""AttributesEx2"": 8200, ""AuraDescription_Lang_Mask"": 16712188, ""BaseLevel"": 46, ""CastingTimeIndex"": 14, ""Description_Lang_Mask"": 16712190, ""Description_Lang_enUS"": 231293, ""EffectChainAmplitude_1"": 1.0, ""EffectChainAmplitude_2"": 1.0, ""EffectChainAmplitude_3"": 1.0, ""EquippedItemClass"": 2, ""EquippedItemSubclass"": 173555, ""InterruptFlags"": 15, ""NameSubtext_Lang_Mask"": 16712190, ""NameSubtext_Lang_enUS"": ""Rank 3"", ""Name_Lang_Mask"": 16712190, ""ProcChance"": 30, ""RangeIndex"": 1, ""SpellClassMask_1"": 65536, ""SpellClassSet"": 8, ""SpellLevel"": 46, ""SpellVisualID_1"": 12720, ""Targets"": 16}","pulled from existing data | single-rank conversion (rogue): superseded rank kept in rogue.csv -- still referenced by item_template (spellid/RequiredSpell), not creature-only"
11356,Deadly Poison IV,1,0,0,65552,0,3000,0,0,0,0,0,0.0,,,"{""amplitude"": 0, ""apply_aura"": 0, ""base_points"": 599, ""chain_targets"": 0, ""die_sides"": 1, ""implicit_target_a"": 0, ""implicit_target_b"": 0, ""mechanic"": 0, ""misc_value"": 627, ""points_per_level"": 0.0, ""radius_yards"": null, ""trigger_spell"": 0, ""type"": 54}",,,513,,,"{""AttributesEx"": 131104, ""AttributesEx2"": 8200, ""AuraDescription_Lang_Mask"": 16712188, ""BaseLevel"": 54, ""CastingTimeIndex"": 14, ""Description_Lang_Mask"": 16712190, ""Description_Lang_enUS"": 231620, ""EffectChainAmplitude_1"": 1.0, ""EffectChainAmplitude_2"": 1.0, ""EffectChainAmplitude_3"": 1.0, ""EquippedItemClass"": 2, ""EquippedItemSubclass"": 173555, ""InterruptFlags"": 15, ""NameSubtext_Lang_Mask"": 16712190, ""NameSubtext_Lang_enUS"": ""Rank 4"", ""Name_Lang_Mask"": 16712190, ""ProcChance"": 30, ""RangeIndex"": 1, ""SpellClassMask_1"": 65536, ""SpellClassSet"": 8, ""SpellLevel"": 54, ""SpellVisualID_1"": 12720, ""Targets"": 16}","pulled from existing data | single-rank conversion (rogue): superseded rank kept in rogue.csv -- still referenced by item_template (spellid/RequiredSpell), not creature-only"
13218,Wound Poison,8,4,0,0,0,0,0,0,0,0,0,5.0,,15000,"{""amplitude"": 0, ""apply_aura"": 118, ""base_points"": -51, ""chain_targets"": 0, ""die_sides"": 1, ""implicit_target_a"": 6, ""implicit_target_b"": 0, ""mechanic"": 0, ""misc_value"": 127, ""points_per_level"": 0.0, ""radius_yards"": null, ""trigger_spell"": 0, ""type"": 6}","{""amplitude"": 0, ""apply_aura"": 0, ""base_points"": 16, ""chain_targets"": 0, ""die_sides"": 1, ""implicit_target_a"": 6, ""implicit_target_b"": 0, ""mechanic"": 0, ""misc_value"": 0, ""points_per_level"": 1.2857142857142858, ""radius_yards"": null, ""trigger_spell"": 0, ""type"": 2}","{""amplitude"": 0, ""apply_aura"": 197, ""base_points"": -1, ""chain_targets"": 0, ""die_sides"": 1, ""implicit_target_a"": 6, ""implicit_target_b"": 0, ""mechanic"": 0, ""misc_value"": 0, ""points_per_level"": 0.0, ""radius_yards"": null, ""trigger_spell"": 0, ""type"": 6}",1496,,,"{""AttributesEx"": 136, ""AttributesEx2"": 16777216, ""AttributesEx3"": 131072, ""AuraDescription_Lang_Mask"": 16712190, ""AuraDescription_Lang_enUS"": 273875, ""BaseLevel"": 32, ""CastingTimeIndex"": 1, ""DefenseType"": 1, ""Description_Lang_Mask"": 16712190, ""Description_Lang_enUS"": 273651, ""EffectChainAmplitude_1"": 1.0, ""EffectChainAmplitude_2"": 1.0, ""EffectChainAmplitude_3"": 1.0, ""EquippedItemClass"": -1, ""MaxLevel"": 80, ""NameSubtext_Lang_Mask"": 16712190, ""NameSubtext_Lang_enUS"": """", ""Name_Lang_Mask"": 16712190, ""ProcChance"": 100, ""ProcTypeMask"": 32768, ""RangeIndex"": 2, ""SpellClassMask_1"": 268435456, ""SpellClassMask_2"": 524288, ""SpellClassSet"": 8, ""SpellLevel"": 32, ""SpellVisualID_1"": 5100}","single-rank bootstrap: BasePoints/BaseLevel/SpellLevel kept from rank 1 (learn level 32); RealPointsPerLevel from rank1→level-60 slope (anchor 13224, rank 4); coefficient/cast_time_ms/mana_cost_pct from max rank (57975, rank 7); MaxLevel set to 80; flat energy cost kept as-is (Rogue is Energy-based, not Mana)"
13219,Wound Poison,1,0,0,65552,0,3000,0,0,0,0,0,0.0,,,"{""amplitude"": 0, ""apply_aura"": 0, ""base_points"": 1799, ""chain_targets"": 0, ""die_sides"": 1, ""implicit_target_a"": 0, ""implicit_target_b"": 0, ""mechanic"": 0, ""misc_value"": 703, ""points_per_level"": 0.0, ""radius_yards"": null, ""trigger_spell"": 0, ""type"": 54}",,,1496,,,"{""AttributesEx"": 32, ""AttributesEx2"": 8200, ""AuraDescription_Lang_Mask"": 16712188, ""BaseLevel"": 32, ""CastingTimeIndex"": 14, ""Description_Lang_Mask"": 16712190, ""Description_Lang_enUS"": 273912, ""EffectChainAmplitude_1"": 1.0, ""EffectChainAmplitude_2"": 1.0, ""EffectChainAmplitude_3"": 1.0, ""EquippedItemClass"": 2, ""EquippedItemSubclass"": 173555, ""InterruptFlags"": 15, ""MaxLevel"": 80, ""NameSubtext_Lang_Mask"": 16712190, ""NameSubtext_Lang_enUS"": """", ""Name_Lang_Mask"": 16712190, ""ProcChance"": 50, ""RangeIndex"": 1, ""SpellClassMask_1"": 268435456, ""SpellClassSet"": 8, ""SpellLevel"": 32, ""SpellVisualID_1"": 12720, ""Targets"": 16}","single-rank bootstrap: BasePoints/BaseLevel/SpellLevel kept from rank 1 (learn level 32); RealPointsPerLevel from rank1→level-60 slope (anchor 13227, rank 4); coefficient/cast_time_ms/mana_cost_pct from max rank (57978, rank 7); MaxLevel set to 80; flat energy cost kept as-is (Rogue is Energy-based, not Mana); effect1 (type 54, ENCHANT_ITEM_TEMPORARY-family) left untouched -- base_points unused by that effect handler, not a real scaling quantity"
13225,Wound Poison II,1,0,0,65552,0,3000,0,0,0,0,0,0.0,,,"{""amplitude"": 0, ""apply_aura"": 0, ""base_points"": 1799, ""chain_targets"": 0, ""die_sides"": 1, ""implicit_target_a"": 0, ""implicit_target_b"": 0, ""mechanic"": 0, ""misc_value"": 704, ""points_per_level"": 0.0, ""radius_yards"": null, ""trigger_spell"": 0, ""type"": 54}",,,1496,,,"{""AttributesEx"": 32, ""AttributesEx2"": 8200, ""AuraDescription_Lang_Mask"": 16712188, ""BaseLevel"": 40, ""CastingTimeIndex"": 14, ""Description_Lang_Mask"": 16712190, ""Description_Lang_enUS"": 274848, ""EffectChainAmplitude_1"": 1.0, ""EffectChainAmplitude_2"": 1.0, ""EffectChainAmplitude_3"": 1.0, ""EquippedItemClass"": 2, ""EquippedItemSubclass"": 173555, ""InterruptFlags"": 15, ""NameSubtext_Lang_Mask"": 16712190, ""NameSubtext_Lang_enUS"": ""Rank 2"", ""Name_Lang_Mask"": 16712190, ""ProcChance"": 50, ""RangeIndex"": 1, ""SpellClassMask_1"": 268435456, ""SpellClassSet"": 8, ""SpellLevel"": 40, ""SpellVisualID_1"": 12720, ""Targets"": 16}","pulled from existing data | single-rank conversion (rogue): superseded rank kept in rogue.csv -- still referenced by item_template (spellid/RequiredSpell), not creature-only"
13226,Wound Poison III,1,0,0,65552,0,3000,0,0,0,0,0,0.0,,,"{""amplitude"": 0, ""apply_aura"": 0, ""base_points"": 1799, ""chain_targets"": 0, ""die_sides"": 1, ""implicit_target_a"": 0, ""implicit_target_b"": 0, ""mechanic"": 0, ""misc_value"": 705, ""points_per_level"": 0.0, ""radius_yards"": null, ""trigger_spell"": 0, ""type"": 54}",,,1496,,,"{""AttributesEx"": 32, ""AttributesEx2"": 8200, ""AuraDescription_Lang_Mask"": 16712188, ""BaseLevel"": 48, ""CastingTimeIndex"": 14, ""Description_Lang_Mask"": 16712190, ""Description_Lang_enUS"": 275063, ""EffectChainAmplitude_1"": 1.0, ""EffectChainAmplitude_2"": 1.0, ""EffectChainAmplitude_3"": 1.0, ""EquippedItemClass"": 2, ""EquippedItemSubclass"": 173555, ""InterruptFlags"": 15, ""NameSubtext_Lang_Mask"": 16712190, ""NameSubtext_Lang_enUS"": ""Rank 3"", ""Name_Lang_Mask"": 16712190, ""ProcChance"": 50, ""RangeIndex"": 1, ""SpellClassMask_1"": 268435456, ""SpellClassSet"": 8, ""SpellLevel"": 48, ""SpellVisualID_1"": 12720, ""Targets"": 16}","pulled from existing data | single-rank conversion (rogue): superseded rank kept in rogue.csv -- still referenced by item_template (spellid/RequiredSpell), not creature-only"
13227,Wound Poison IV,1,0,0,65552,0,3000,0,0,0,0,0,0.0,,,"{""amplitude"": 0, ""apply_aura"": 0, ""base_points"": 1799, ""chain_targets"": 0, ""die_sides"": 1, ""implicit_target_a"": 0, ""implicit_target_b"": 0, ""mechanic"": 0, ""misc_value"": 706, ""points_per_level"": 0.0, ""radius_yards"": null, ""trigger_spell"": 0, ""type"": 54}",,,1496,,,"{""AttributesEx"": 32, ""AttributesEx2"": 8200, ""AuraDescription_Lang_Mask"": 16712188, ""BaseLevel"": 56, ""CastingTimeIndex"": 14, ""Description_Lang_Mask"": 16712190, ""Description_Lang_enUS"": 275278, ""EffectChainAmplitude_1"": 1.0, ""EffectChainAmplitude_2"": 1.0, ""EffectChainAmplitude_3"": 1.0, ""EquippedItemClass"": 2, ""EquippedItemSubclass"": 173555, ""InterruptFlags"": 15, ""NameSubtext_Lang_Mask"": 16712190, ""NameSubtext_Lang_enUS"": ""Rank 4"", ""Name_Lang_Mask"": 16712190, ""ProcChance"": 50, ""RangeIndex"": 1, ""SpellClassMask_1"": 268435456, ""SpellClassSet"": 8, ""SpellLevel"": 56, ""SpellVisualID_1"": 12720, ""Targets"": 16}","pulled from existing data | single-rank conversion (rogue): superseded rank kept in rogue.csv -- still referenced by item_template (spellid/RequiredSpell), not creature-only"
14143,Remorseless,1,0,0,134217728,0,0,0,0,0,0,0,0.0,,20000,"{""amplitude"": 0, ""apply_aura"": 107, ""base_points"": 19, ""chain_targets"": 0, ""die_sides"": 1, ""implicit_target_a"": 1, ""implicit_target_b"": 0, ""mechanic"": 0, ""misc_value"": 7, ""points_per_level"": 0.3333333333333333, ""radius_yards"": null, ""trigger_spell"": 0, ""type"": 6}",,,695,,,"{""AuraDescription_Lang_Mask"": 16712190, ""AuraDescription_Lang_enUS"": 298626, ""CastingTimeIndex"": 1, ""Description_Lang_Mask"": 16712190, ""Description_Lang_enUS"": 298407, ""EffectBonusMultiplier_1"": 1.0, ""EffectChainAmplitude_1"": 1.0, ""EffectChainAmplitude_2"": 1.0, ""EffectChainAmplitude_3"": 1.0, ""EffectSpellClassMaskA_1"": 100663814, ""EffectSpellClassMaskA_2"": 6, ""EquippedItemClass"": -1, ""MaxLevel"": 80, ""NameSubtext_Lang_Mask"": 16712190, ""NameSubtext_Lang_enUS"": """", ""Name_Lang_Mask"": 16712190, ""ProcChance"": 100, ""ProcCharges"": 1, ""ProcTypeMask"": 87376, ""RangeIndex"": 1, ""SpellClassSet"": 8}","single-rank bootstrap: BasePoints/BaseLevel/SpellLevel kept from rank 1 (learn level 0); RealPointsPerLevel from rank1→level-60 slope (anchor 14149, rank 2); coefficient/cast_time_ms/mana_cost_pct from max rank (14149, rank 2); MaxLevel set to 80; flat energy cost kept as-is (Rogue is Energy-based, not Mana)"
16511,Hemorrhage,1,0,0,67436560,0,0,0,0,3,35,0,5.0,,15000,"{""amplitude"": 0, ""apply_aura"": 0, ""base_points"": 0, ""chain_targets"": 0, ""die_sides"": 0, ""implicit_target_a"": 6, ""implicit_target_b"": 0, ""mechanic"": 0, ""misc_value"": 0, ""points_per_level"": 0.0, ""radius_yards"": null, ""trigger_spell"": 0, ""type"": 121}","{""amplitude"": 0, ""apply_aura"": 0, ""base_points"": 109, ""chain_targets"": 0, ""die_sides"": 1, ""implicit_target_a"": 6, ""implicit_target_b"": 0, ""mechanic"": 0, ""misc_value"": 0, ""points_per_level"": 0.0, ""radius_yards"": null, ""trigger_spell"": 0, ""type"": 31}","{""amplitude"": 0, ""apply_aura"": 14, ""base_points"": 12, ""chain_targets"": 0, ""die_sides"": 1, ""implicit_target_a"": 6, ""implicit_target_b"": 0, ""mechanic"": 0, ""misc_value"": 1, ""points_per_level"": 0.5333333333333333, ""radius_yards"": null, ""trigger_spell"": 0, ""type"": 6}",153,,,"{""AttributesEx"": 134218240, ""AttributesEx3"": 1026, ""AuraDescription_Lang_Mask"": 16712190, ""AuraDescription_Lang_enUS"": 362270, ""BaseLevel"": 30, ""CastingTimeIndex"": 1, ""DefenseType"": 2, ""Description_Lang_Mask"": 16712190, ""Description_Lang_enUS"": 362028, ""EffectBonusMultiplier_1"": 1.0, ""EffectChainAmplitude_1"": 1.0, ""EffectChainAmplitude_2"": 1.0, ""EffectChainAmplitude_3"": 1.0, ""EquippedItemClass"": 2, ""EquippedItemSubclass"": 173555, ""FacingCasterFlags"": 1, ""MaxLevel"": 80, ""NameSubtext_Lang_Mask"": 16712190, ""NameSubtext_Lang_enUS"": """", ""Name_Lang_Mask"": 16712190, ""PreventionType"": 2, ""ProcChance"": 100, ""ProcCharges"": 10, ""ProcTypeMask"": 139944, ""RangeIndex"": 2, ""SpellClassMask_1"": 41943040, ""SpellClassSet"": 8, ""SpellDescriptionVariableID"": 64, ""SpellLevel"": 30, ""SpellVisualID_1"": 5119, ""StanceBarOrder"": 4294967295, ""StartRecoveryCategory"": 133, ""StartRecoveryTime"": 1000}","single-rank bootstrap: BasePoints/BaseLevel/SpellLevel kept from rank 1 (learn level 30); RealPointsPerLevel from rank1→level-60 slope (anchor 17348, rank 3); coefficient/cast_time_ms/mana_cost_pct from max rank (48660, rank 5); MaxLevel set to 80; flat energy cost kept as-is (Rogue is Energy-based, not Mana)"
25300,Backstab,1,0,0,327696,0,0,0,0,3,60,0,5.0,,,"{""amplitude"": 0, ""apply_aura"": 0, ""base_points"": 149, ""chain_targets"": 0, ""die_sides"": 1, ""implicit_target_a"": 6, ""implicit_target_b"": 0, ""mechanic"": 0, ""misc_value"": 0, ""points_per_level"": 0.0, ""radius_yards"": null, ""trigger_spell"": 0, ""type"": 121}","{""amplitude"": 0, ""apply_aura"": 0, ""base_points"": 149, ""chain_targets"": 0, ""die_sides"": 1, ""implicit_target_a"": 6, ""implicit_target_b"": 0, ""mechanic"": 0, ""misc_value"": 0, ""points_per_level"": 0.0, ""radius_yards"": null, ""trigger_spell"": 0, ""type"": 31}","{""amplitude"": 0, ""apply_aura"": 0, ""base_points"": 0, ""chain_targets"": 0, ""die_sides"": 1, ""implicit_target_a"": 6, ""implicit_target_b"": 0, ""mechanic"": 0, ""misc_value"": 0, ""points_per_level"": 0.0, ""radius_yards"": null, ""trigger_spell"": 0, ""type"": 80}",243,,,"{""AttributesEx"": 134218240, ""AttributesEx2"": 1048576, ""AttributesEx3"": 1024, ""AuraDescription_Lang_Mask"": 16712188, ""BaseLevel"": 60, ""CastingTimeIndex"": 1, ""DefenseType"": 2, ""Description_Lang_Mask"": 16712190, ""Description_Lang_enUS"": 1118, ""EffectBonusMultiplier_1"": 1.0, ""EffectBonusMultiplier_2"": 1.0, ""EffectChainAmplitude_1"": 1.0, ""EffectChainAmplitude_2"": 1.0, ""EffectChainAmplitude_3"": 1.0, ""EquippedItemClass"": 2, ""EquippedItemSubclass"": 32768, ""FacingCasterFlags"": 1, ""NameSubtext_Lang_Mask"": 16712190, ""NameSubtext_Lang_enUS"": ""Rank 9"", ""Name_Lang_Mask"": 16712190, ""PreventionType"": 2, ""ProcChance"": 101, ""RangeIndex"": 2, ""SpellClassMask_1"": 8388612, ""SpellClassSet"": 8, ""SpellLevel"": 60, ""SpellPriority"": 50, ""SpellVisualID_1"": 155, ""StartRecoveryCategory"": 133, ""StartRecoveryTime"": 1000}","pulled from existing data | single-rank conversion (rogue): superseded rank kept in rogue.csv -- still referenced by item_template (spellid/RequiredSpell), not creature-only"
25302,Feint,1,0,0,327696,82,0,0,10000,3,20,0,5.0,,,"{""amplitude"": 0, ""apply_aura"": 0, ""base_points"": -801, ""chain_targets"": 0, ""die_sides"": 1, ""implicit_target_a"": 6, ""implicit_target_b"": 0, ""mechanic"": 0, ""misc_value"": 0, ""points_per_level"": -1.0, ""radius_yards"": null, ""trigger_spell"": 0, ""type"": 63}",,,539,,,"{""AttributesEx"": 134217728, ""AttributesEx3"": 65536, ""AuraDescription_Lang_Mask"": 16712188, ""BaseLevel"": 60, ""CastingTimeIndex"": 1, ""DefenseType"": 2, ""Description_Lang_Mask"": 16712190, ""Description_Lang_enUS"": 177463, ""EffectBonusMultiplier_2"": 1.0, ""EffectChainAmplitude_1"": 1.0, ""EffectChainAmplitude_2"": 1.0, ""EffectChainAmplitude_3"": 1.0, ""EquippedItemClass"": -1, ""FacingCasterFlags"": 1, ""MaxLevel"": 70, ""NameSubtext_Lang_Mask"": 16712190, ""NameSubtext_Lang_enUS"": ""Rank 5"", ""Name_Lang_Mask"": 16712190, ""PreventionType"": 2, ""ProcChance"": 101, ""RangeIndex"": 2, ""SpellClassMask_1"": 134217728, ""SpellClassSet"": 8, ""SpellLevel"": 60, ""SpellVisualID_1"": 738, ""StartRecoveryCategory"": 133, ""StartRecoveryTime"": 1000}","pulled from existing data | single-rank conversion (rogue): superseded rank kept in rogue.csv -- still referenced by item_template (spellid/RequiredSpell), not creature-only"
25351,Deadly Poison V,1,0,0,65552,0,3000,0,0,0,0,0,0.0,,,"{""amplitude"": 0, ""apply_aura"": 0, ""base_points"": 599, ""chain_targets"": 0, ""die_sides"": 1, ""implicit_target_a"": 0, ""implicit_target_b"": 0, ""mechanic"": 0, ""misc_value"": 2630, ""points_per_level"": 0.0, ""radius_yards"": null, ""trigger_spell"": 0, ""type"": 54}",,,513,,,"{""AttributesEx"": 131104, ""AttributesEx2"": 8200, ""AuraDescription_Lang_Mask"": 16712188, ""BaseLevel"": 60, ""CastingTimeIndex"": 14, ""Description_Lang_Mask"": 16712190, ""Description_Lang_enUS"": 611974, ""EffectChainAmplitude_1"": 1.0, ""EffectChainAmplitude_2"": 1.0, ""EffectChainAmplitude_3"": 1.0, ""EquippedItemClass"": 2, ""EquippedItemSubclass"": 173555, ""InterruptFlags"": 15, ""NameSubtext_Lang_Mask"": 16712190, ""NameSubtext_Lang_enUS"": ""Rank 5"", ""Name_Lang_Mask"": 16712190, ""ProcChance"": 30, ""RangeIndex"": 1, ""SpellClassMask_1"": 65536, ""SpellClassSet"": 8, ""SpellLevel"": 60, ""SpellVisualID_1"": 12720, ""Targets"": 16}","pulled from existing data | single-rank conversion (rogue): superseded rank kept in rogue.csv -- still referenced by item_template (spellid/RequiredSpell), not creature-only"
26679,Deadly Throw,1,0,0,4259858,0,-1000000,0,0,3,35,0,30.0,,6000,"{""amplitude"": 0, ""apply_aura"": 0, ""base_points"": 58, ""chain_targets"": 0, ""die_sides"": 17, ""implicit_target_a"": 6, ""implicit_target_b"": 0, ""mechanic"": 0, ""misc_value"": 0, ""points_per_level"": 4.1875, ""radius_yards"": null, ""trigger_spell"": 0, ""type"": 58}","{""amplitude"": 0, ""apply_aura"": 33, ""base_points"": -51, ""chain_targets"": 0, ""die_sides"": 1, ""implicit_target_a"": 6, ""implicit_target_b"": 0, ""mechanic"": 11, ""misc_value"": 0, ""points_per_level"": 0.0, ""radius_yards"": null, ""trigger_spell"": 0, ""type"": 6}","{""amplitude"": 0, ""apply_aura"": 0, ""base_points"": 0, ""chain_targets"": 0, ""die_sides"": 0, ""implicit_target_a"": 1, ""implicit_target_b"": 0, ""mechanic"": 0, ""misc_value"": 0, ""points_per_level"": 0.0, ""radius_yards"": null, ""trigger_spell"": 0, ""type"": 3}",2097,,,"{""AttributesEx"": 1049088, ""AuraDescription_Lang_Mask"": 16712190, ""AuraDescription_Lang_enUS"": 141751, ""BaseLevel"": 64, ""CastingTimeIndex"": 18, ""DefenseType"": 3, ""Description_Lang_Mask"": 16712190, ""Description_Lang_enUS"": 644877, ""EffectChainAmplitude_1"": 1.0, ""EffectChainAmplitude_2"": 1.0, ""EffectChainAmplitude_3"": 1.0, ""EffectPointsPerCombo_1"": 105.0, ""EquippedItemClass"": 2, ""EquippedItemSubclass"": 65536, ""FacingCasterFlags"": 1, ""InterruptFlags"": 15, ""MaxLevel"": 80, ""NameSubtext_Lang_Mask"": 16712190, ""NameSubtext_Lang_enUS"": """", ""Name_Lang_Mask"": 16712190, ""PreventionType"": 2, ""RangeIndex"": 74, ""Speed"": 50.0, ""SpellClassMask_1"": 8388608, ""SpellClassMask_2"": 1, ""SpellClassSet"": 8, ""SpellLevel"": 64, ""SpellVisualID_1"": 7929, ""StartRecoveryCategory"": 133, ""StartRecoveryTime"": 1000}","single-rank bootstrap: BasePoints/BaseLevel/SpellLevel kept from rank 1 (learn level 64); RealPointsPerLevel from rank1→top rank's own top level (80, rank1 learn level ≥ 60) slope (anchor 48674, rank 3); coefficient/cast_time_ms/mana_cost_pct from max rank (48674, rank 3); MaxLevel set to 80; flat energy cost kept as-is (Rogue is Energy-based, not Mana)"
26688,Anesthetic Poison,8,4,0,0,0,0,0,0,0,0,0,100.0,,,"{""amplitude"": 0, ""apply_aura"": 0, ""base_points"": 133, ""chain_targets"": 0, ""die_sides"": 39, ""implicit_target_a"": 6, ""implicit_target_b"": 0, ""mechanic"": 0, ""misc_value"": 0, ""points_per_level"": 7.0, ""radius_yards"": null, ""trigger_spell"": 0, ""type"": 2}","{""amplitude"": 0, ""apply_aura"": 0, ""base_points"": 0, ""chain_targets"": 0, ""die_sides"": 1, ""implicit_target_a"": 6, ""implicit_target_b"": 0, ""mechanic"": 0, ""misc_value"": 9, ""points_per_level"": 0.0, ""radius_yards"": null, ""trigger_spell"": 0, ""type"": 38}",,110,,,"{""AttributesEx"": 1160, ""AttributesEx2"": 16777216, ""AuraDescription_Lang_Mask"": 16712188, ""BaseLevel"": 68, ""CastingTimeIndex"": 1, ""DefenseType"": 1, ""Description_Lang_Mask"": 16712190, ""Description_Lang_enUS"": 645630, ""EffectChainAmplitude_1"": 1.0, ""EffectChainAmplitude_2"": 1.0, ""EffectChainAmplitude_3"": 1.0, ""EquippedItemClass"": -1, ""MaxLevel"": 80, ""NameSubtext_Lang_Mask"": 16712190, ""NameSubtext_Lang_enUS"": """", ""Name_Lang_Mask"": 16712190, ""ProcChance"": 101, ""SpellClassMask_2"": 16, ""SpellClassSet"": 8, ""SpellLevel"": 68, ""SpellVisualID_1"": 5100}","single-rank bootstrap: BasePoints/BaseLevel/SpellLevel kept from rank 1 (learn level 68); RealPointsPerLevel from rank1→top rank's own top level (80, rank1 learn level ≥ 60) slope (anchor 57981, rank 2); coefficient/cast_time_ms/mana_cost_pct from max rank (57981, rank 2); MaxLevel set to 80; flat energy cost kept as-is (Rogue is Energy-based, not Mana)"
26785,Anesthetic Poison,1,0,0,65552,0,3000,0,0,0,0,0,0.0,,,"{""amplitude"": 0, ""apply_aura"": 0, ""base_points"": 0, ""chain_targets"": 0, ""die_sides"": 1, ""implicit_target_a"": 0, ""implicit_target_b"": 0, ""mechanic"": 0, ""misc_value"": 2640, ""points_per_level"": 0.0, ""radius_yards"": null, ""trigger_spell"": 0, ""type"": 54}",,,110,,,"{""AttributesEx"": 131104, ""AttributesEx2"": 8200, ""AuraDescription_Lang_Mask"": 16712188, ""BaseLevel"": 68, ""CastingTimeIndex"": 14, ""Description_Lang_Mask"": 16712190, ""Description_Lang_enUS"": 645630, ""EffectChainAmplitude_1"": 1.0, ""EffectChainAmplitude_2"": 1.0, ""EffectChainAmplitude_3"": 1.0, ""EquippedItemClass"": 2, ""EquippedItemSubclass"": 173555, ""InterruptFlags"": 15, ""MaxLevel"": 80, ""NameSubtext_Lang_Mask"": 16712190, ""NameSubtext_Lang_enUS"": """", ""Name_Lang_Mask"": 16712190, ""ProcChance"": 50, ""RangeIndex"": 1, ""SpellClassMask_2"": 16, ""SpellClassSet"": 8, ""SpellLevel"": 68, ""SpellVisualID_1"": 12720, ""Targets"": 16}","single-rank bootstrap: BasePoints/BaseLevel/SpellLevel kept from rank 1 (learn level 68); RealPointsPerLevel from rank1→top rank's own top level (80, rank1 learn level ≥ 60) slope (anchor 57982, rank 2); coefficient/cast_time_ms/mana_cost_pct from max rank (57982, rank 2); MaxLevel set to 80; flat energy cost kept as-is (Rogue is Energy-based, not Mana); effect1 (type 54, ENCHANT_ITEM_TEMPORARY-family) left untouched -- base_points unused by that effect handler, not a real scaling quantity"
26891,Instant Poison VII,1,0,0,65552,0,3000,0,0,0,0,0,0.0,,,"{""amplitude"": 0, ""apply_aura"": 0, ""base_points"": 0, ""chain_targets"": 0, ""die_sides"": 1, ""implicit_target_a"": 0, ""implicit_target_b"": 0, ""mechanic"": 0, ""misc_value"": 2641, ""points_per_level"": 0.0, ""radius_yards"": null, ""trigger_spell"": 0, ""type"": 54}",,,247,,,"{""AttributesEx"": 32, ""AttributesEx2"": 8200, ""AuraDescription_Lang_Mask"": 16712188, ""BaseLevel"": 68, ""CastingTimeIndex"": 14, ""Description_Lang_Mask"": 16712190, ""Description_Lang_enUS"": 649620, ""EffectChainAmplitude_1"": 1.0, ""EffectChainAmplitude_2"": 1.0, ""EffectChainAmplitude_3"": 1.0, ""EquippedItemClass"": 2, ""EquippedItemSubclass"": 173555, ""InterruptFlags"": 15, ""NameSubtext_Lang_Mask"": 16712190, ""NameSubtext_Lang_enUS"": ""Rank 7"", ""Name_Lang_Mask"": 16712190, ""ProcChance"": 20, ""RangeIndex"": 1, ""SpellClassMask_1"": 8192, ""SpellClassSet"": 8, ""SpellLevel"": 68, ""SpellVisualID_1"": 12720, ""Targets"": 16}","pulled from existing data | single-rank conversion (rogue): superseded rank kept in rogue.csv -- still referenced by item_template (spellid/RequiredSpell), not creature-only"
26967,Deadly Poison VI,1,0,0,65552,0,3000,0,0,0,0,0,0.0,,,"{""amplitude"": 0, ""apply_aura"": 0, ""base_points"": 599, ""chain_targets"": 0, ""die_sides"": 1, ""implicit_target_a"": 0, ""implicit_target_b"": 0, ""mechanic"": 0, ""misc_value"": 2642, ""points_per_level"": 0.0, ""radius_yards"": null, ""trigger_spell"": 0, ""type"": 54}",,,513,,,"{""AttributesEx"": 131104, ""AttributesEx2"": 8200, ""AuraDescription_Lang_Mask"": 16712188, ""BaseLevel"": 62, ""CastingTimeIndex"": 14, ""Description_Lang_Mask"": 16712190, ""Description_Lang_enUS"": 650577, ""EffectChainAmplitude_1"": 1.0, ""EffectChainAmplitude_2"": 1.0, ""EffectChainAmplitude_3"": 1.0, ""EquippedItemClass"": 2, ""EquippedItemSubclass"": 173555, ""InterruptFlags"": 15, ""NameSubtext_Lang_Mask"": 16712190, ""NameSubtext_Lang_enUS"": ""Rank 6"", ""Name_Lang_Mask"": 16712190, ""ProcChance"": 30, ""RangeIndex"": 1, ""SpellClassMask_1"": 65536, ""SpellClassSet"": 8, ""SpellLevel"": 62, ""SpellVisualID_1"": 12720, ""Targets"": 16}","pulled from existing data | single-rank conversion (rogue): superseded rank kept in rogue.csv -- still referenced by item_template (spellid/RequiredSpell), not creature-only"
27186,Deadly Poison VII,1,0,0,65552,0,3000,0,0,0,0,0,0.0,,,"{""amplitude"": 0, ""apply_aura"": 0, ""base_points"": 599, ""chain_targets"": 0, ""die_sides"": 1, ""implicit_target_a"": 0, ""implicit_target_b"": 0, ""mechanic"": 0, ""misc_value"": 2643, ""points_per_level"": 0.0, ""radius_yards"": null, ""trigger_spell"": 0, ""type"": 54}",,,513,,,"{""AttributesEx"": 131104, ""AttributesEx2"": 8200, ""AttributesEx3"": 65536, ""AuraDescription_Lang_Mask"": 16712188, ""BaseLevel"": 70, ""CastingTimeIndex"": 14, ""Description_Lang_Mask"": 16712190, ""Description_Lang_enUS"": 658137, ""EffectChainAmplitude_1"": 1.0, ""EffectChainAmplitude_2"": 1.0, ""EffectChainAmplitude_3"": 1.0, ""EquippedItemClass"": 2, ""EquippedItemSubclass"": 173555, ""InterruptFlags"": 15, ""NameSubtext_Lang_Mask"": 16712190, ""NameSubtext_Lang_enUS"": ""Rank 7"", ""Name_Lang_Mask"": 16712190, ""ProcChance"": 30, ""RangeIndex"": 1, ""SpellClassMask_1"": 65536, ""SpellClassSet"": 8, ""SpellLevel"": 70, ""SpellVisualID_1"": 12720, ""Targets"": 16}","pulled from existing data | single-rank conversion (rogue): superseded rank kept in rogue.csv -- still referenced by item_template (spellid/RequiredSpell), not creature-only"
27188,Wound Poison V,1,0,0,65552,0,3000,0,0,0,0,0,0.0,,,"{""amplitude"": 0, ""apply_aura"": 0, ""base_points"": 1799, ""chain_targets"": 0, ""die_sides"": 1, ""implicit_target_a"": 0, ""implicit_target_b"": 0, ""mechanic"": 0, ""misc_value"": 2644, ""points_per_level"": 0.0, ""radius_yards"": null, ""trigger_spell"": 0, ""type"": 54}",,,1496,,,"{""AttributesEx"": 32, ""AttributesEx2"": 8200, ""AuraDescription_Lang_Mask"": 16712188, ""BaseLevel"": 64, ""CastingTimeIndex"": 14, ""Description_Lang_Mask"": 16712190, ""Description_Lang_enUS"": 658684, ""EffectChainAmplitude_1"": 1.0, ""EffectChainAmplitude_2"": 1.0, ""EffectChainAmplitude_3"": 1.0, ""EquippedItemClass"": 2, ""EquippedItemSubclass"": 173555, ""InterruptFlags"": 15, ""NameSubtext_Lang_Mask"": 16712190, ""NameSubtext_Lang_enUS"": ""Rank 5"", ""Name_Lang_Mask"": 16712190, ""ProcChance"": 50, ""RangeIndex"": 1, ""SpellClassMask_1"": 268435456, ""SpellClassSet"": 8, ""SpellLevel"": 64, ""SpellVisualID_1"": 12720, ""Targets"": 16}","pulled from existing data | single-rank conversion (rogue): superseded rank kept in rogue.csv -- still referenced by item_template (spellid/RequiredSpell), not creature-only"
27576,Mutilate,1,0,0,327696,0,0,0,0,3,0,0,5.0,,,"{""amplitude"": 0, ""apply_aura"": 0, ""base_points"": 43, ""chain_targets"": 0, ""die_sides"": 1, ""implicit_target_a"": 6, ""implicit_target_b"": 0, ""mechanic"": 0, ""misc_value"": 0, ""points_per_level"": 2.3220338983050848, ""radius_yards"": null, ""trigger_spell"": 0, ""type"": 121}",,,533,,,"{""AttributesEx3"": 16777728, ""AttributesEx7"": 58720256, ""AuraDescription_Lang_Mask"": 16712188, ""BaseLevel"": 1, ""CastingTimeIndex"": 1, ""DefenseType"": 2, ""Description_Lang_Mask"": 16712190, ""Description_Lang_enUS"": 100755, ""EffectChainAmplitude_1"": 1.0, ""EffectChainAmplitude_2"": 1.0, ""EffectChainAmplitude_3"": 1.0, ""EquippedItemClass"": 2, ""EquippedItemSubclass"": 32768, ""MaxLevel"": 80, ""NameSubtext_Lang_Mask"": 16712190, ""NameSubtext_Lang_enUS"": """", ""Name_Lang_Mask"": 16712190, ""ProcChance"": 101, ""RangeIndex"": 2, ""SpellClassMask_2"": 4, ""SpellClassSet"": 8, ""SpellDescriptionVariableID"": 172, ""SpellLevel"": 1}","single-rank bootstrap: BasePoints/BaseLevel/SpellLevel kept from rank 1 (learn level 1); RealPointsPerLevel from rank1→level-60 slope (anchor 48664, rank 6); coefficient/cast_time_ms/mana_cost_pct from max rank (48664, rank 6); MaxLevel set to 80; flat energy cost kept as-is (Rogue is Energy-based, not Mana)"
31016,Eviscerate,1,0,0,327696,0,0,0,0,3,35,0,5.0,,,"{""amplitude"": 0, ""apply_aura"": 0, ""base_points"": 53, ""chain_targets"": 0, ""die_sides"": 109, ""implicit_target_a"": 6, ""implicit_target_b"": 0, ""mechanic"": 0, ""misc_value"": 0, ""points_per_level"": 0.0, ""radius_yards"": null, ""trigger_spell"": 0, ""type"": 2}","{""amplitude"": 0, ""apply_aura"": 0, ""base_points"": 0, ""chain_targets"": 0, ""die_sides"": 0, ""implicit_target_a"": 1, ""implicit_target_b"": 0, ""mechanic"": 0, ""misc_value"": 0, ""points_per_level"": 0.0, ""radius_yards"": null, ""trigger_spell"": 0, ""type"": 3}",,514,,,"{""AttributesEx"": 1049088, ""AttributesEx3"": 1024, ""AttributesEx4"": 8, ""AuraDescription_Lang_Mask"": 16712188, ""BaseLevel"": 60, ""CastingTimeIndex"": 1, ""DefenseType"": 2, ""Description_Lang_Mask"": 16712190, ""Description_Lang_enUS"": 40764, ""EffectBonusMultiplier_1"": 1.0, ""EffectChainAmplitude_1"": 1.0, ""EffectChainAmplitude_2"": 1.0, ""EffectChainAmplitude_3"": 1.0, ""EffectPointsPerCombo_1"": 170.0, ""EquippedItemClass"": 2, ""EquippedItemSubclass"": 173555, ""FacingCasterFlags"": 1, ""NameSubtext_Lang_Mask"": 16712190, ""NameSubtext_Lang_enUS"": ""Rank 9"", ""Name_Lang_Mask"": 16712190, ""PreventionType"": 2, ""ProcChance"": 101, ""RangeIndex"": 2, ""SpellClassMask_1"": 8519680, ""SpellClassSet"": 8, ""SpellDescriptionVariableID"": 169, ""SpellLevel"": 60, ""SpellVisualID_1"": 671, ""StartRecoveryCategory"": 133, ""StartRecoveryTime"": 1000}","pulled from existing data | single-rank conversion (rogue): superseded rank kept in rogue.csv -- still referenced by item_template (spellid/RequiredSpell), not creature-only"
31224,Cloak of Shadows,1,0,0,262160,0,0,90000,0,0,0,0,0.0,,5000,"{""amplitude"": 0, ""apply_aura"": 186, ""base_points"": -91, ""chain_targets"": 0, ""die_sides"": 1, ""implicit_target_a"": 1, ""implicit_target_b"": 0, ""mechanic"": 0, ""misc_value"": 126, ""points_per_level"": 0.0, ""radius_yards"": null, ""trigger_spell"": 0, ""type"": 6}","{""amplitude"": 0, ""apply_aura"": 0, ""base_points"": -1, ""chain_targets"": 0, ""die_sides"": 1, ""implicit_target_a"": 1, ""implicit_target_b"": 0, ""mechanic"": 0, ""misc_value"": 0, ""points_per_level"": 0.0, ""radius_yards"": null, ""trigger_spell"": 35729, ""type"": 64}","{""amplitude"": 0, ""apply_aura"": 87, ""base_points"": -1, ""chain_targets"": 0, ""die_sides"": 1, ""implicit_target_a"": 1, ""implicit_target_b"": 0, ""mechanic"": 0, ""misc_value"": 1, ""points_per_level"": 0.0, ""radius_yards"": null, ""trigger_spell"": 0, ""type"": 6}",1933,,,"{""AttributesEx"": 131104, ""AuraDescription_Lang_Mask"": 16712190, ""AuraDescription_Lang_enUS"": 795403, ""BaseLevel"": 66, ""CastingTimeIndex"": 1, ""Description_Lang_Mask"": 16712190, ""Description_Lang_enUS"": 795216, ""EffectChainAmplitude_1"": 1.0, ""EffectChainAmplitude_2"": 1.0, ""EffectChainAmplitude_3"": 1.0, ""EquippedItemClass"": -1, ""NameSubtext_Lang_Mask"": 16712172, ""Name_Lang_Mask"": 16712190, ""PreventionType"": 2, ""ProcChance"": 101, ""RangeIndex"": 1, ""SpellClassMask_2"": 65536, ""SpellClassSet"": 8, ""SpellLevel"": 66, ""SpellVisualID_1"": 3619, ""StartRecoveryCategory"": 133, ""StartRecoveryTime"": 1000}",pulled from existing data
32645,Envenom,8,4,0,327696,0,0,0,0,3,35,0,5.0,,1000,"{""amplitude"": 0, ""apply_aura"": 0, ""base_points"": 117, ""chain_targets"": 0, ""die_sides"": 1, ""implicit_target_a"": 6, ""implicit_target_b"": 0, ""mechanic"": 0, ""misc_value"": 0, ""points_per_level"": 5.444444444444445, ""radius_yards"": null, ""trigger_spell"": 0, ""type"": 2}","{""amplitude"": 0, ""apply_aura"": 108, ""base_points"": 74, ""chain_targets"": 0, ""die_sides"": 1, ""implicit_target_a"": 1, ""implicit_target_b"": 0, ""mechanic"": 0, ""misc_value"": 26, ""points_per_level"": 0.0, ""radius_yards"": null, ""trigger_spell"": 0, ""type"": 6}","{""amplitude"": 0, ""apply_aura"": 107, ""base_points"": 14, ""chain_targets"": 0, ""die_sides"": 1, ""implicit_target_a"": 1, ""implicit_target_b"": 0, ""mechanic"": 0, ""misc_value"": 18, ""points_per_level"": 0.0, ""radius_yards"": null, ""trigger_spell"": 0, ""type"": 6}",2237,,,"{""AttributesEx"": 1049088, ""AttributesEx3"": 1024, ""AttributesEx4"": 9, ""AuraDescription_Lang_Mask"": 16712190, ""AuraDescription_Lang_enUS"": 849102, ""BaseLevel"": 62, ""CastingTimeIndex"": 1, ""DefenseType"": 2, ""Description_Lang_Mask"": 16712190, ""Description_Lang_enUS"": 848554, ""DurationIndex"": 285, ""EffectChainAmplitude_1"": 1.0, ""EffectChainAmplitude_2"": 1.0, ""EffectChainAmplitude_3"": 1.0, ""EffectSpellClassMaskB_1"": 8192, ""EffectSpellClassMaskC_1"": 65536, ""EquippedItemClass"": 2, ""EquippedItemSubclass"": 173555, ""MaxLevel"": 80, ""NameSubtext_Lang_Mask"": 16712190, ""NameSubtext_Lang_enUS"": """", ""Name_Lang_Mask"": 16712190, ""PreventionType"": 2, ""ProcChance"": 101, ""RangeIndex"": 2, ""SpellClassMask_1"": 8388608, ""SpellClassMask_2"": 8, ""SpellClassSet"": 8, ""SpellLevel"": 62, ""SpellVisualID_1"": 8144, ""StartRecoveryCategory"": 133, ""StartRecoveryTime"": 1000, ""TargetAuraState"": 16}","single-rank bootstrap: BasePoints/BaseLevel/SpellLevel kept from rank 1 (learn level 62); RealPointsPerLevel from rank1→top rank's own top level (80, rank1 learn level ≥ 60) slope (anchor 57993, rank 4); coefficient/cast_time_ms/mana_cost_pct from max rank (57993, rank 4); MaxLevel set to 80; flat energy cost kept as-is (Rogue is Energy-based, not Mana)"
51630,Infectious Poisons,1,0,0,464,0,0,0,0,0,0,0,0.0,,,"{""amplitude"": 0, ""apply_aura"": 4, ""base_points"": 49, ""chain_targets"": 0, ""die_sides"": 1, ""implicit_target_a"": 1, ""implicit_target_b"": 0, ""mechanic"": 0, ""misc_value"": 18, ""points_per_level"": 0.8333333333333334, ""radius_yards"": null, ""trigger_spell"": 0, ""type"": 6}","{""amplitude"": 0, ""apply_aura"": 108, ""base_points"": 9, ""chain_targets"": 0, ""die_sides"": 1, ""implicit_target_a"": 0, ""implicit_target_b"": 0, ""mechanic"": 0, ""misc_value"": 8, ""points_per_level"": 0.16666666666666666, ""radius_yards"": null, ""trigger_spell"": 0, ""type"": 6}",,2956,,,"{""AuraDescription_Lang_Mask"": 16712188, ""CastingTimeIndex"": 1, ""Description_Lang_Mask"": 16712190, ""Description_Lang_enUS"": 1532253, ""EffectChainAmplitude_1"": 1.0, ""EffectChainAmplitude_2"": 1.0, ""EffectChainAmplitude_3"": 1.0, ""EffectSpellClassMaskA_2"": 131072, ""EffectSpellClassMaskB_1"": 73728, ""EquippedItemClass"": -1, ""MaxLevel"": 80, ""NameSubtext_Lang_Mask"": 16712190, ""NameSubtext_Lang_enUS"": """", ""Name_Lang_Mask"": 16712190, ""ProcChance"": 50, ""RangeIndex"": 1, ""SpellClassSet"": 8, ""SpellVisualID_1"": 11838}","single-rank bootstrap: BasePoints/BaseLevel/SpellLevel kept from rank 1 (learn level 0); RealPointsPerLevel from rank1→level-60 slope (anchor 51631, rank 2); coefficient/cast_time_ms/mana_cost_pct from max rank (51631, rank 2); MaxLevel set to 80; flat energy cost kept as-is (Rogue is Energy-based, not Mana)"
51722,Dismantle,1,0,3,16,0,0,60000,0,3,25,0,5.0,,10000,"{""amplitude"": 0, ""apply_aura"": 278, ""base_points"": 0, ""chain_targets"": 0, ""die_sides"": 0, ""implicit_target_a"": 6, ""implicit_target_b"": 0, ""mechanic"": 0, ""misc_value"": 0, ""points_per_level"": 0.0, ""radius_yards"": null, ""trigger_spell"": 0, ""type"": 6}","{""amplitude"": 0, ""apply_aura"": 254, ""base_points"": -1, ""chain_targets"": 0, ""die_sides"": 1, ""implicit_target_a"": 6, ""implicit_target_b"": 0, ""mechanic"": 0, ""misc_value"": 0, ""points_per_level"": 0.0, ""radius_yards"": null, ""trigger_spell"": 0, ""type"": 6}","{""amplitude"": 0, ""apply_aura"": 67, ""base_points"": 0, ""chain_targets"": 0, ""die_sides"": 0, ""implicit_target_a"": 6, ""implicit_target_b"": 0, ""mechanic"": 0, ""misc_value"": 0, ""points_per_level"": 0.0, ""radius_yards"": null, ""trigger_spell"": 0, ""type"": 6}",2908,,,"{""AttributesEx6"": 8388608, ""AuraDescription_Lang_Mask"": 16712190, ""AuraDescription_Lang_enUS"": 243240, ""BaseLevel"": 20, ""CastingTimeIndex"": 1, ""DefenseType"": 2, ""Description_Lang_Mask"": 16712190, ""Description_Lang_enUS"": 1538069, ""EffectChainAmplitude_1"": 1.0, ""EffectChainAmplitude_2"": 1.0, ""EffectChainAmplitude_3"": 1.0, ""EquippedItemClass"": -1, ""FacingCasterFlags"": 1, ""NameSubtext_Lang_Mask"": 16712172, ""Name_Lang_Mask"": 16712190, ""PreventionType"": 2, ""ProcChance"": 101, ""RangeIndex"": 2, ""SpellClassMask_2"": 1048576, ""SpellClassSet"": 8, ""SpellLevel"": 20, ""SpellVisualID_1"": 11540, ""StartRecoveryCategory"": 133, ""StartRecoveryTime"": 1000}",pulled from existing data
51723,Fan of Knives,1,0,0,65552,0,0,0,0,3,50,0,0.0,,,"{""amplitude"": 0, ""apply_aura"": 0, ""base_points"": 69, ""chain_targets"": 0, ""die_sides"": 1, ""implicit_target_a"": 18, ""implicit_target_b"": 16, ""mechanic"": 0, ""misc_value"": 0, ""points_per_level"": 0.0, ""radius_yards"": 8.0, ""trigger_spell"": 0, ""type"": 31}",,,2904,,,"{""AttributesEx"": 16, ""AttributesEx3"": 1024, ""AuraDescription_Lang_Mask"": 16712188, ""BaseLevel"": 80, ""CastingTimeIndex"": 1, ""DefenseType"": 2, ""Description_Lang_Mask"": 16712190, ""Description_Lang_enUS"": 1538165, ""EffectChainAmplitude_1"": 1.0, ""EffectChainAmplitude_2"": 1.0, ""EffectChainAmplitude_3"": 1.0, ""EquippedItemClass"": 2, ""EquippedItemSubclass"": 173555, ""NameSubtext_Lang_Mask"": 16712188, ""Name_Lang_Mask"": 16712190, ""PreventionType"": 2, ""ProcChance"": 101, ""RangeIndex"": 1, ""Speed"": 18.0, ""SpellClassMask_2"": 262144, ""SpellClassSet"": 8, ""SpellLevel"": 80, ""SpellVisualID_1"": 12317, ""StartRecoveryCategory"": 133, ""StartRecoveryTime"": 1000}",pulled from existing data
57934,Tricks of the Trade,1,0,0,33882128,0,0,30000,0,3,15,0,20.0,,30000,"{""amplitude"": 0, ""apply_aura"": 0, ""base_points"": 99, ""chain_targets"": 0, ""die_sides"": 1, ""implicit_target_a"": 57, ""implicit_target_b"": 0, ""mechanic"": 0, ""misc_value"": 0, ""points_per_level"": 0.0, ""radius_yards"": null, ""trigger_spell"": 0, ""type"": 130}","{""amplitude"": 0, ""apply_aura"": 4, ""base_points"": -1, ""chain_targets"": 0, ""die_sides"": 1, ""implicit_target_a"": 1, ""implicit_target_b"": 0, ""mechanic"": 0, ""misc_value"": 0, ""points_per_level"": 0.0, ""radius_yards"": null, ""trigger_spell"": 0, ""type"": 6}",,3413,,,"{""AttributesEx"": 67634208, ""AttributesEx3"": 256, ""AuraDescription_Lang_Mask"": 16712190, ""AuraDescription_Lang_enUS"": 1822560, ""BaseLevel"": 75, ""CastingTimeIndex"": 1, ""Description_Lang_Mask"": 16712190, ""Description_Lang_enUS"": 1822261, ""EffectChainAmplitude_1"": 1.0, ""EffectChainAmplitude_2"": 1.0, ""EffectChainAmplitude_3"": 1.0, ""EquippedItemClass"": -1, ""NameSubtext_Lang_Mask"": 16712172, ""Name_Lang_Mask"": 16712190, ""ProcChance"": 100, ""ProcTypeMask"": 340, ""SpellClassMask_2"": 131072, ""SpellClassSet"": 8, ""SpellLevel"": 75, ""SpellVisualID_1"": 12786, ""StartRecoveryCategory"": 133, ""StartRecoveryTime"": 1000}",pulled from existing data
57967,Instant Poison VIII,1,0,0,65552,0,3000,0,0,0,0,0,0.0,,,"{""amplitude"": 0, ""apply_aura"": 0, ""base_points"": 0, ""chain_targets"": 0, ""die_sides"": 1, ""implicit_target_a"": 0, ""implicit_target_b"": 0, ""mechanic"": 0, ""misc_value"": 3768, ""points_per_level"": 0.0, ""radius_yards"": null, ""trigger_spell"": 0, ""type"": 54}",,,247,,,"{""AttributesEx"": 32, ""AttributesEx2"": 8200, ""AuraDescription_Lang_Mask"": 16712188, ""BaseLevel"": 73, ""CastingTimeIndex"": 14, ""Description_Lang_Mask"": 16712190, ""Description_Lang_enUS"": 1825189, ""EffectChainAmplitude_1"": 1.0, ""EffectChainAmplitude_2"": 1.0, ""EffectChainAmplitude_3"": 1.0, ""EquippedItemClass"": 2, ""EquippedItemSubclass"": 173555, ""InterruptFlags"": 15, ""NameSubtext_Lang_Mask"": 16712190, ""NameSubtext_Lang_enUS"": ""Rank 8"", ""Name_Lang_Mask"": 16712190, ""ProcChance"": 20, ""RangeIndex"": 1, ""SpellClassMask_1"": 8192, ""SpellClassSet"": 8, ""SpellLevel"": 73, ""SpellVisualID_1"": 12720, ""Targets"": 16}","pulled from existing data | single-rank conversion (rogue): superseded rank kept in rogue.csv -- still referenced by item_template (spellid/RequiredSpell), not creature-only"
57968,Instant Poison IX,1,0,0,65552,0,3000,0,0,0,0,0,0.0,,,"{""amplitude"": 0, ""apply_aura"": 0, ""base_points"": 0, ""chain_targets"": 0, ""die_sides"": 1, ""implicit_target_a"": 0, ""implicit_target_b"": 0, ""mechanic"": 0, ""misc_value"": 3769, ""points_per_level"": 0.0, ""radius_yards"": null, ""trigger_spell"": 0, ""type"": 54}",,,247,,,"{""AttributesEx"": 32, ""AttributesEx2"": 8200, ""AuraDescription_Lang_Mask"": 16712188, ""BaseLevel"": 79, ""CastingTimeIndex"": 14, ""Description_Lang_Mask"": 16712190, ""Description_Lang_enUS"": 1825349, ""EffectChainAmplitude_1"": 1.0, ""EffectChainAmplitude_2"": 1.0, ""EffectChainAmplitude_3"": 1.0, ""EquippedItemClass"": 2, ""EquippedItemSubclass"": 173555, ""InterruptFlags"": 15, ""NameSubtext_Lang_Mask"": 16712190, ""NameSubtext_Lang_enUS"": ""Rank 9"", ""Name_Lang_Mask"": 16712190, ""ProcChance"": 20, ""RangeIndex"": 1, ""SpellClassMask_1"": 8192, ""SpellClassSet"": 8, ""SpellLevel"": 79, ""SpellVisualID_1"": 12720, ""Targets"": 16}","pulled from existing data | single-rank conversion (rogue): superseded rank kept in rogue.csv -- still referenced by item_template (spellid/RequiredSpell), not creature-only"
57972,Deadly Poison VIII,1,0,0,65552,0,3000,0,0,0,0,0,0.0,,,"{""amplitude"": 0, ""apply_aura"": 0, ""base_points"": 599, ""chain_targets"": 0, ""die_sides"": 1, ""implicit_target_a"": 0, ""implicit_target_b"": 0, ""mechanic"": 0, ""misc_value"": 3770, ""points_per_level"": 0.0, ""radius_yards"": null, ""trigger_spell"": 0, ""type"": 54}",,,513,,,"{""AttributesEx"": 131104, ""AttributesEx2"": 8200, ""AttributesEx3"": 65536, ""AuraDescription_Lang_Mask"": 16712188, ""BaseLevel"": 76, ""CastingTimeIndex"": 14, ""Description_Lang_Mask"": 16712190, ""Description_Lang_enUS"": 1825976, ""EffectChainAmplitude_1"": 1.0, ""EffectChainAmplitude_2"": 1.0, ""EffectChainAmplitude_3"": 1.0, ""EquippedItemClass"": 2, ""EquippedItemSubclass"": 173555, ""InterruptFlags"": 15, ""NameSubtext_Lang_Mask"": 16712190, ""NameSubtext_Lang_enUS"": ""Rank 8"", ""Name_Lang_Mask"": 16712190, ""ProcChance"": 30, ""RangeIndex"": 1, ""SpellClassMask_1"": 65536, ""SpellClassSet"": 8, ""SpellLevel"": 76, ""SpellVisualID_1"": 12720, ""Targets"": 16}","pulled from existing data | single-rank conversion (rogue): superseded rank kept in rogue.csv -- still referenced by item_template (spellid/RequiredSpell), not creature-only"
57973,Deadly Poison IX,1,0,0,65552,0,3000,0,0,0,0,0,0.0,,,"{""amplitude"": 0, ""apply_aura"": 0, ""base_points"": 599, ""chain_targets"": 0, ""die_sides"": 1, ""implicit_target_a"": 0, ""implicit_target_b"": 0, ""mechanic"": 0, ""misc_value"": 3771, ""points_per_level"": 0.0, ""radius_yards"": null, ""trigger_spell"": 0, ""type"": 54}",,,513,,,"{""AttributesEx"": 131104, ""AttributesEx2"": 8200, ""AttributesEx3"": 65536, ""AuraDescription_Lang_Mask"": 16712188, ""BaseLevel"": 80, ""CastingTimeIndex"": 14, ""Description_Lang_Mask"": 16712190, ""Description_Lang_enUS"": 1826303, ""EffectChainAmplitude_1"": 1.0, ""EffectChainAmplitude_2"": 1.0, ""EffectChainAmplitude_3"": 1.0, ""EquippedItemClass"": 2, ""EquippedItemSubclass"": 173555, ""InterruptFlags"": 15, ""NameSubtext_Lang_Mask"": 16712190, ""NameSubtext_Lang_enUS"": ""Rank 9"", ""Name_Lang_Mask"": 16712190, ""ProcChance"": 30, ""RangeIndex"": 1, ""SpellClassMask_1"": 65536, ""SpellClassSet"": 8, ""SpellLevel"": 80, ""SpellVisualID_1"": 12720, ""Targets"": 16}","pulled from existing data | single-rank conversion (rogue): superseded rank kept in rogue.csv -- still referenced by item_template (spellid/RequiredSpell), not creature-only"
57977,Wound Poison VI,1,0,0,65552,0,3000,0,0,0,0,0,0.0,,,"{""amplitude"": 0, ""apply_aura"": 0, ""base_points"": 1799, ""chain_targets"": 0, ""die_sides"": 1, ""implicit_target_a"": 0, ""implicit_target_b"": 0, ""mechanic"": 0, ""misc_value"": 3772, ""points_per_level"": 0.0, ""radius_yards"": null, ""trigger_spell"": 0, ""type"": 54}",,,1496,,,"{""AttributesEx"": 32, ""AttributesEx2"": 8200, ""AuraDescription_Lang_Mask"": 16712188, ""BaseLevel"": 72, ""CastingTimeIndex"": 14, ""Description_Lang_Mask"": 16712190, ""Description_Lang_enUS"": 1827124, ""EffectChainAmplitude_1"": 1.0, ""EffectChainAmplitude_2"": 1.0, ""EffectChainAmplitude_3"": 1.0, ""EquippedItemClass"": 2, ""EquippedItemSubclass"": 173555, ""InterruptFlags"": 15, ""NameSubtext_Lang_Mask"": 16712190, ""NameSubtext_Lang_enUS"": ""Rank 6"", ""Name_Lang_Mask"": 16712190, ""ProcChance"": 50, ""RangeIndex"": 1, ""SpellClassMask_1"": 268435456, ""SpellClassSet"": 8, ""SpellLevel"": 72, ""SpellVisualID_1"": 12720, ""Targets"": 16}","pulled from existing data | single-rank conversion (rogue): superseded rank kept in rogue.csv -- still referenced by item_template (spellid/RequiredSpell), not creature-only"
57978,Wound Poison VII,1,0,0,65552,0,3000,0,0,0,0,0,0.0,,,"{""amplitude"": 0, ""apply_aura"": 0, ""base_points"": 1799, ""chain_targets"": 0, ""die_sides"": 1, ""implicit_target_a"": 0, ""implicit_target_b"": 0, ""mechanic"": 0, ""misc_value"": 3773, ""points_per_level"": 0.0, ""radius_yards"": null, ""trigger_spell"": 0, ""type"": 54}",,,1496,,,"{""AttributesEx"": 32, ""AttributesEx2"": 8200, ""AuraDescription_Lang_Mask"": 16712188, ""BaseLevel"": 78, ""CastingTimeIndex"": 14, ""Description_Lang_Mask"": 16712190, ""Description_Lang_enUS"": 1827339, ""EffectChainAmplitude_1"": 1.0, ""EffectChainAmplitude_2"": 1.0, ""EffectChainAmplitude_3"": 1.0, ""EquippedItemClass"": 2, ""EquippedItemSubclass"": 173555, ""InterruptFlags"": 15, ""NameSubtext_Lang_Mask"": 16712190, ""NameSubtext_Lang_enUS"": ""Rank 7"", ""Name_Lang_Mask"": 16712190, ""ProcChance"": 50, ""RangeIndex"": 1, ""SpellClassMask_1"": 268435456, ""SpellClassSet"": 8, ""SpellLevel"": 78, ""SpellVisualID_1"": 12720, ""Targets"": 16}","pulled from existing data | single-rank conversion (rogue): superseded rank kept in rogue.csv -- still referenced by item_template (spellid/RequiredSpell), not creature-only"
57982,Anesthetic Poison II,1,0,0,65552,0,3000,0,0,0,0,0,0.0,,,"{""amplitude"": 0, ""apply_aura"": 0, ""base_points"": 0, ""chain_targets"": 0, ""die_sides"": 1, ""implicit_target_a"": 0, ""implicit_target_b"": 0, ""mechanic"": 0, ""misc_value"": 3774, ""points_per_level"": 0.0, ""radius_yards"": null, ""trigger_spell"": 0, ""type"": 54}",,,110,,,"{""AttributesEx"": 131104, ""AttributesEx2"": 8200, ""AuraDescription_Lang_Mask"": 16712188, ""BaseLevel"": 77, ""CastingTimeIndex"": 14, ""Description_Lang_Mask"": 16712190, ""Description_Lang_enUS"": 1827715, ""EffectChainAmplitude_1"": 1.0, ""EffectChainAmplitude_2"": 1.0, ""EffectChainAmplitude_3"": 1.0, ""EquippedItemClass"": 2, ""EquippedItemSubclass"": 173555, ""InterruptFlags"": 15, ""NameSubtext_Lang_Mask"": 16712190, ""NameSubtext_Lang_enUS"": ""Rank 2"", ""Name_Lang_Mask"": 16712190, ""ProcChance"": 50, ""RangeIndex"": 1, ""SpellClassMask_2"": 16, ""SpellClassSet"": 8, ""SpellLevel"": 77, ""SpellVisualID_1"": 12720, ""Targets"": 16}","pulled from existing data | single-rank conversion (rogue): superseded rank kept in rogue.csv -- still referenced by item_template (spellid/RequiredSpell), not creature-only"
