id,name,school,dispel,mechanic,attributes,category,cast_time_ms,cooldown_ms,category_cooldown_ms,power_type,mana_cost,mana_cost_pct,range_yards,radius_yards,duration_ms,effect1,effect2,effect3,spell_icon_id,spell_weight,coeff_weight,raw_overrides,notes
131,Water Breathing,8,0,0,65536,0,0,0,0,0,0,2,30.0,,600000,"{""amplitude"": 0, ""apply_aura"": 82, ""base_points"": -1, ""chain_targets"": 0, ""die_sides"": 1, ""implicit_target_a"": 21, ""implicit_target_b"": 0, ""mechanic"": 0, ""misc_value"": 0, ""points_per_level"": 0.0, ""radius_yards"": null, ""trigger_spell"": 0, ""type"": 6}",,,545,,,"{""AttributesEx"": 131072, ""AttributesEx6"": 67108864, ""AuraDescription_Lang_Mask"": 16712190, ""AuraDescription_Lang_enUS"": 5083, ""BaseLevel"": 22, ""CastingTimeIndex"": 1, ""DefenseType"": 1, ""Description_Lang_Mask"": 16712190, ""Description_Lang_enUS"": 5035, ""EffectChainAmplitude_1"": 1.0, ""EffectChainAmplitude_2"": 1.0, ""EffectChainAmplitude_3"": 1.0, ""EquippedItemClass"": -1, ""NameSubtext_Lang_Mask"": 16712188, ""Name_Lang_Mask"": 16712190, ""PreventionType"": 1, ""ProcChance"": 101, ""ReagentCount_1"": 1, ""Reagent_1"": 17057, ""SpellClassMask_2"": 268437504, ""SpellClassSet"": 11, ""SpellLevel"": 22, ""SpellPriority"": 50, ""SpellVisualID_1"": 371, ""StartRecoveryCategory"": 133, ""StartRecoveryTime"": 1500}",pulled from existing data
324,Lightning Shield,8,1,0,327680,0,0,0,0,0,0,0,0.0,,600000,"{""amplitude"": 0, ""apply_aura"": 42, ""base_points"": 12, ""chain_targets"": 0, ""die_sides"": 1, ""implicit_target_a"": 1, ""implicit_target_b"": 0, ""mechanic"": 0, ""misc_value"": 0, ""points_per_level"": 5.097222222222222, ""radius_yards"": null, ""trigger_spell"": 26545, ""type"": 6}",,,19,,,"{""AttributesEx"": 1024, ""AttributesEx3"": 196608, ""AttributesEx4"": 524288, ""AuraDescription_Lang_Mask"": 16712190, ""AuraDescription_Lang_enUS"": 7282, ""BaseLevel"": 8, ""CastingTimeIndex"": 1, ""DefenseType"": 1, ""Description_Lang_Mask"": 16712190, ""Description_Lang_enUS"": 6959, ""EffectBonusMultiplier_1"": 0.2669999897480011, ""EffectChainAmplitude_1"": 1.0, ""EffectChainAmplitude_2"": 1.0, ""EffectChainAmplitude_3"": 1.0, ""EquippedItemClass"": -1, ""MaxLevel"": 80, ""NameSubtext_Lang_Mask"": 16712190, ""NameSubtext_Lang_enUS"": """", ""Name_Lang_Mask"": 16712190, ""PreventionType"": 1, ""ProcChance"": 100, ""ProcCharges"": 3, ""ProcTypeMask"": 139944, ""RangeIndex"": 1, ""SpellClassMask_1"": 1024, ""SpellClassSet"": 11, ""SpellLevel"": 8, ""SpellVisualID_1"": 37, ""StartRecoveryCategory"": 133, ""StartRecoveryTime"": 1500}",pulled from existing data; single-rank bootstrap: BasePoints/BaseLevel/SpellLevel kept from rank 1 (learn level 8); RealPointsPerLevel from rank1->covers-60-overridden(undershoot-vs-top-rank) (anchor rank 11 @ level 80); coefficient/cast_time_ms/mana_cost_pct from max rank; MaxLevel set to 80
331,Healing Wave,8,0,0,65536,0,3000,0,0,0,0,25,40.0,,,"{""amplitude"": 0, ""apply_aura"": 0, ""base_points"": 33, ""chain_targets"": 0, ""die_sides"": 11, ""implicit_target_a"": 45, ""implicit_target_b"": 0, ""mechanic"": 0, ""misc_value"": 0, ""points_per_level"": 37.9746835443038, ""radius_yards"": null, ""trigger_spell"": 0, ""type"": 10}",,,13,,,"{""AuraDescription_Lang_Mask"": 16712188, ""BaseLevel"": 1, ""CastingTimeIndex"": 16, ""DefenseType"": 1, ""Description_Lang_Mask"": 16712190, ""Description_Lang_enUS"": 7744, ""EffectBonusMultiplier_1"": 1.6109999418258667, ""EffectChainAmplitude_1"": 0.20000000298023224, ""EffectChainAmplitude_2"": 1.0, ""EffectChainAmplitude_3"": 1.0, ""EquippedItemClass"": -1, ""InterruptFlags"": 15, ""MaxLevel"": 80, ""NameSubtext_Lang_Mask"": 16712190, ""NameSubtext_Lang_enUS"": """", ""Name_Lang_Mask"": 16712190, ""PreventionType"": 1, ""ProcChance"": 101, ""SpellClassMask_1"": 64, ""SpellClassSet"": 11, ""SpellLevel"": 1, ""SpellVisualID_1"": 58, ""StartRecoveryCategory"": 133, ""StartRecoveryTime"": 1500}",pulled from existing data; single-rank bootstrap: BasePoints/BaseLevel/SpellLevel kept from rank 1 (learn level 1); RealPointsPerLevel from rank1->covers-60-overridden(undershoot-vs-top-rank) (anchor rank 14 @ level 80); coefficient/cast_time_ms/mana_cost_pct from max rank; MaxLevel set to 80
370,Purge,8,0,0,65536,0,0,0,0,0,0,8,30.0,,,"{""amplitude"": 0, ""apply_aura"": 0, ""base_points"": 0, ""chain_targets"": 0, ""die_sides"": 1, ""implicit_target_a"": 6, ""implicit_target_b"": 0, ""mechanic"": 0, ""misc_value"": 1, ""points_per_level"": 0.020833333333333332, ""radius_yards"": null, ""trigger_spell"": 0, ""type"": 38}",,,47,,,"{""AttributesEx6"": 8388608, ""AuraDescription_Lang_Mask"": 16712188, ""BaseLevel"": 12, ""CastingTimeIndex"": 1, ""DefenseType"": 1, ""Description_Lang_Mask"": 16712190, ""Description_Lang_enUS"": 8192, ""EffectChainAmplitude_1"": 1.0, ""EffectChainAmplitude_2"": 1.0, ""EffectChainAmplitude_3"": 1.0, ""EquippedItemClass"": -1, ""MaxLevel"": 80, ""NameSubtext_Lang_Mask"": 16712190, ""NameSubtext_Lang_enUS"": """", ""Name_Lang_Mask"": 16712190, ""PreventionType"": 1, ""ProcChance"": 101, ""SpellClassMask_2"": 2048, ""SpellClassSet"": 11, ""SpellLevel"": 12, ""SpellVisualID_1"": 214, ""StartRecoveryCategory"": 133, ""StartRecoveryTime"": 1500}",pulled from existing data; single-rank bootstrap: BasePoints/BaseLevel/SpellLevel kept from rank 1 (learn level 12); RealPointsPerLevel from rank1->covers-60 (anchor rank 2 @ level 60); coefficient/cast_time_ms/mana_cost_pct from max rank; MaxLevel set to 80
403,Lightning Bolt,8,0,0,65536,0,2500,0,0,0,0,10,30.0,,,"{""amplitude"": 0, ""apply_aura"": 0, ""base_points"": 12, ""chain_targets"": 0, ""die_sides"": 3, ""implicit_target_a"": 6, ""implicit_target_b"": 0, ""mechanic"": 0, ""misc_value"": 0, ""points_per_level"": 8.936708860759493, ""radius_yards"": null, ""trigger_spell"": 0, ""type"": 2}",,,62,,,"{""AuraDescription_Lang_Mask"": 16712188, ""BaseLevel"": 1, ""CastingTimeIndex"": 16, ""DefenseType"": 1, ""Description_Lang_Mask"": 16712190, ""Description_Lang_enUS"": 8640, ""EffectBonusMultiplier_1"": 0.7139999866485596, ""EffectChainAmplitude_1"": 1.0, ""EffectChainAmplitude_2"": 1.0, ""EffectChainAmplitude_3"": 1.0, ""EquippedItemClass"": -1, ""FacingCasterFlags"": 1, ""InterruptFlags"": 15, ""MaxLevel"": 80, ""NameSubtext_Lang_Mask"": 16712190, ""NameSubtext_Lang_enUS"": """", ""Name_Lang_Mask"": 16712190, ""PreventionType"": 1, ""ProcChance"": 101, ""Speed"": 20.0, ""SpellClassMask_1"": 1, ""SpellClassSet"": 11, ""SpellLevel"": 1, ""SpellVisualID_1"": 173, ""StartRecoveryCategory"": 133, ""StartRecoveryTime"": 1500}",pulled from existing data; single-rank bootstrap: BasePoints/BaseLevel/SpellLevel kept from rank 1 (learn level 1); RealPointsPerLevel from rank1->covers-60-overridden(undershoot-vs-top-rank) (anchor rank 14 @ level 80); coefficient/cast_time_ms/mana_cost_pct from max rank; MaxLevel set to 80
421,Chain Lightning,8,0,0,65536,85,2000,0,6000,0,0,26,30.0,,,"{""amplitude"": 0, ""apply_aura"": 0, ""base_points"": 190, ""chain_targets"": 3, ""die_sides"": 27, ""implicit_target_a"": 6, ""implicit_target_b"": 0, ""mechanic"": 0, ""misc_value"": 0, ""points_per_level"": 16.291666666666668, ""radius_yards"": null, ""trigger_spell"": 0, ""type"": 2}",,,165,,,"{""AuraDescription_Lang_Mask"": 16712188, ""BaseLevel"": 32, ""CastingTimeIndex"": 5, ""DefenseType"": 1, ""Description_Lang_Mask"": 16712190, ""Description_Lang_enUS"": 8920, ""EffectBonusMultiplier_1"": 0.5709999799728394, ""EffectChainAmplitude_1"": 0.699999988079071, ""EffectChainAmplitude_2"": 1.0, ""EffectChainAmplitude_3"": 1.0, ""EquippedItemClass"": -1, ""FacingCasterFlags"": 1, ""InterruptFlags"": 15, ""MaxLevel"": 80, ""NameSubtext_Lang_Mask"": 16712190, ""NameSubtext_Lang_enUS"": """", ""Name_Lang_Mask"": 16712190, ""PreventionType"": 1, ""ProcChance"": 101, ""SpellClassMask_1"": 2, ""SpellClassSet"": 11, ""SpellLevel"": 32, ""SpellVisualID_1"": 36, ""StartRecoveryCategory"": 133, ""StartRecoveryTime"": 1500}",pulled from existing data; single-rank bootstrap: BasePoints/BaseLevel/SpellLevel kept from rank 1 (learn level 32); RealPointsPerLevel from rank1->covers-60-overridden(undershoot-vs-top-rank) (anchor rank 8 @ level 80); coefficient/cast_time_ms/mana_cost_pct from max rank; MaxLevel set to 80
526,Cure Toxins,8,0,0,65536,0,0,0,0,0,0,7,40.0,,,"{""amplitude"": 0, ""apply_aura"": 0, ""base_points"": 0, ""chain_targets"": 0, ""die_sides"": 1, ""implicit_target_a"": 21, ""implicit_target_b"": 0, ""mechanic"": 0, ""misc_value"": 4, ""points_per_level"": 0.0, ""radius_yards"": null, ""trigger_spell"": 0, ""type"": 38}","{""amplitude"": 0, ""apply_aura"": 0, ""base_points"": 0, ""chain_targets"": 0, ""die_sides"": 1, ""implicit_target_a"": 21, ""implicit_target_b"": 0, ""mechanic"": 0, ""misc_value"": 3, ""points_per_level"": 0.0, ""radius_yards"": null, ""trigger_spell"": 0, ""type"": 38}",,194,,,"{""AuraDescription_Lang_Mask"": 16712188, ""BaseLevel"": 16, ""CastingTimeIndex"": 1, ""DefenseType"": 1, ""Description_Lang_Mask"": 16712190, ""Description_Lang_enUS"": 11530, ""EffectChainAmplitude_1"": 1.0, ""EffectChainAmplitude_2"": 1.0, ""EffectChainAmplitude_3"": 1.0, ""EquippedItemClass"": -1, ""NameSubtext_Lang_Mask"": 16712188, ""Name_Lang_Mask"": 16712190, ""PreventionType"": 1, ""ProcChance"": 101, ""SpellClassMask_2"": 8, ""SpellClassSet"": 11, ""SpellLevel"": 16, ""SpellVisualID_1"": 187, ""StartRecoveryCategory"": 133, ""StartRecoveryTime"": 1500}",pulled from existing data
546,Water Walking,8,0,0,65536,0,0,0,0,0,0,3,30.0,,600000,"{""amplitude"": 0, ""apply_aura"": 104, ""base_points"": -1, ""chain_targets"": 0, ""die_sides"": 1, ""implicit_target_a"": 21, ""implicit_target_b"": 0, ""mechanic"": 0, ""misc_value"": 0, ""points_per_level"": 0.0, ""radius_yards"": null, ""trigger_spell"": 0, ""type"": 6}",,,101,,,"{""AttributesEx"": 131072, ""AttributesEx6"": 67108864, ""AuraDescription_Lang_Mask"": 16712190, ""AuraDescription_Lang_enUS"": 12023, ""AuraInterruptFlags"": 2, ""BaseLevel"": 28, ""CastingTimeIndex"": 1, ""DefenseType"": 1, ""Description_Lang_Mask"": 16712190, ""Description_Lang_enUS"": 11931, ""EffectChainAmplitude_1"": 1.0, ""EffectChainAmplitude_2"": 1.0, ""EffectChainAmplitude_3"": 1.0, ""EquippedItemClass"": -1, ""NameSubtext_Lang_Mask"": 16712188, ""Name_Lang_Mask"": 16712190, ""PreventionType"": 1, ""ProcChance"": 101, ""ReagentCount_1"": 1, ""Reagent_1"": 17058, ""SpellClassMask_2"": 536872960, ""SpellClassSet"": 11, ""SpellLevel"": 28, ""SpellVisualID_1"": 4483, ""StartRecoveryCategory"": 133, ""StartRecoveryTime"": 1500}",pulled from existing data
556,Astral Recall,8,0,0,268500992,511,10000,0,900000,0,0,5,0.0,,,"{""amplitude"": 0, ""apply_aura"": 0, ""base_points"": -1, ""chain_targets"": 0, ""die_sides"": 1, ""implicit_target_a"": 1, ""implicit_target_b"": 9, ""mechanic"": 0, ""misc_value"": 0, ""points_per_level"": 0.0, ""radius_yards"": null, ""trigger_spell"": 0, ""type"": 5}",,,458,,,"{""AttributesEx"": 131072, ""AuraDescription_Lang_Mask"": 16712188, ""BaseLevel"": 30, ""CastingTimeIndex"": 7, ""DefenseType"": 1, ""Description_Lang_Mask"": 16712190, ""Description_Lang_enUS"": 12375, ""EffectChainAmplitude_1"": 1.0, ""EffectChainAmplitude_2"": 1.0, ""EffectChainAmplitude_3"": 1.0, ""EquippedItemClass"": -1, ""InterruptFlags"": 15, ""NameSubtext_Lang_Mask"": 16712188, ""Name_Lang_Mask"": 16712190, ""PreventionType"": 1, ""ProcChance"": 101, ""RangeIndex"": 1, ""SpellClassMask_2"": 1073741824, ""SpellClassSet"": 11, ""SpellLevel"": 30, ""SpellVisualID_1"": 220, ""StartRecoveryCategory"": 133, ""StartRecoveryTime"": 1500}",pulled from existing data
974,Earth Shield,8,1,0,327680,1195,0,0,0,0,0,15,40.0,,600000,"{""amplitude"": 0, ""apply_aura"": 4, ""base_points"": 149, ""chain_targets"": 0, ""die_sides"": 1, ""implicit_target_a"": 21, ""implicit_target_b"": 0, ""mechanic"": 0, ""misc_value"": 0, ""points_per_level"": 5.5, ""radius_yards"": null, ""trigger_spell"": 0, ""type"": 6}","{""amplitude"": 0, ""apply_aura"": 149, ""base_points"": 29, ""chain_targets"": 0, ""die_sides"": 1, ""implicit_target_a"": 21, ""implicit_target_b"": 0, ""mechanic"": 0, ""misc_value"": 126, ""points_per_level"": 0.0, ""radius_yards"": null, ""trigger_spell"": 0, ""type"": 6}",,2015,,,"{""AttributesEx4"": 524288, ""AttributesEx5"": 32, ""AttributesEx6"": 67108864, ""AttributesEx7"": 1073742848, ""AuraDescription_Lang_Mask"": 16712190, ""AuraDescription_Lang_enUS"": 24345, ""AuraInterruptFlags"": 524288, ""BaseLevel"": 50, ""CastingTimeIndex"": 1, ""DefenseType"": 1, ""Description_Lang_Mask"": 16712190, ""Description_Lang_enUS"": 23977, ""EffectBonusMultiplier_1"": 1.0, ""EffectBonusMultiplier_3"": 0.0, ""EffectChainAmplitude_1"": 1.0, ""EffectChainAmplitude_2"": 1.0, ""EffectChainAmplitude_3"": 1.0, ""EquippedItemClass"": -1, ""MaxLevel"": 80, ""NameSubtext_Lang_Mask"": 16712190, ""NameSubtext_Lang_enUS"": """", ""Name_Lang_Mask"": 16712190, ""PreventionType"": 1, ""ProcChance"": 100, ""ProcCharges"": 6, ""ProcTypeMask"": 172712, ""SpellClassMask_2"": 1024, ""SpellClassSet"": 11, ""SpellDescriptionVariableID"": 170, ""SpellLevel"": 50, ""SpellVisualID_1"": 7362, ""StartRecoveryCategory"": 133, ""StartRecoveryTime"": 1500}",pulled from existing data; single-rank bootstrap: BasePoints/BaseLevel/SpellLevel kept from rank 1 (learn level 50); RealPointsPerLevel from rank1->covers-60 (anchor rank 2 @ level 60); coefficient/cast_time_ms/mana_cost_pct from max rank; MaxLevel set to 80
1064,Chain Heal,8,0,0,65536,0,2500,0,0,0,0,19,40.0,,,"{""amplitude"": 0, ""apply_aura"": 0, ""base_points"": 319, ""chain_targets"": 3, ""die_sides"": 49, ""implicit_target_a"": 45, ""implicit_target_b"": 0, ""mechanic"": 0, ""misc_value"": 0, ""points_per_level"": 18.375, ""radius_yards"": null, ""trigger_spell"": 0, ""type"": 10}",,,963,,,"{""AuraDescription_Lang_Mask"": 16712188, ""BaseLevel"": 40, ""CastingTimeIndex"": 19, ""DefenseType"": 1, ""Description_Lang_Mask"": 16712190, ""Description_Lang_enUS"": 26650, ""EffectBonusMultiplier_1"": 1.343000054359436, ""EffectChainAmplitude_1"": 0.6000000238418579, ""EffectChainAmplitude_2"": 1.0, ""EffectChainAmplitude_3"": 1.0, ""EquippedItemClass"": -1, ""InterruptFlags"": 15, ""MaxLevel"": 80, ""NameSubtext_Lang_Mask"": 16712190, ""NameSubtext_Lang_enUS"": """", ""Name_Lang_Mask"": 16712190, ""PreventionType"": 1, ""ProcChance"": 101, ""SpellClassMask_1"": 256, ""SpellClassSet"": 11, ""SpellLevel"": 40, ""SpellVisualID_1"": 3659, ""StartRecoveryCategory"": 133, ""StartRecoveryTime"": 1500}",pulled from existing data; single-rank bootstrap: BasePoints/BaseLevel/SpellLevel kept from rank 1 (learn level 40); RealPointsPerLevel from rank1->top-rank-fallback (anchor rank 7 @ level 80); coefficient/cast_time_ms/mana_cost_pct from max rank; MaxLevel set to 80
1535,Fire Nova,4,0,0,65536,35,0,0,10000,0,0,22,30.0,,,"{""amplitude"": 0, ""apply_aura"": 0, ""base_points"": -1, ""chain_targets"": 0, ""die_sides"": 1, ""implicit_target_a"": 1, ""implicit_target_b"": 0, ""mechanic"": 0, ""misc_value"": 0, ""points_per_level"": 0.07352941176470588, ""radius_yards"": null, ""trigger_spell"": 0, ""type"": 3}",,,33,,,"{""AuraDescription_Lang_Mask"": 16712188, ""BaseLevel"": 12, ""CastingTimeIndex"": 1, ""DefenseType"": 1, ""Description_Lang_Mask"": 16712190, ""Description_Lang_enUS"": 32958, ""EffectChainAmplitude_1"": 1.0, ""EffectChainAmplitude_2"": 1.0, ""EffectChainAmplitude_3"": 1.0, ""EquippedItemClass"": -1, ""MaxLevel"": 80, ""NameSubtext_Lang_Mask"": 16712190, ""NameSubtext_Lang_enUS"": """", ""Name_Lang_Mask"": 16712190, ""PreventionType"": 1, ""ProcChance"": 101, ""SpellClassMask_1"": 134217728, ""SpellClassSet"": 11, ""SpellLevel"": 12, ""StartRecoveryCategory"": 133, ""StartRecoveryTime"": 1500}",pulled from existing data; single-rank bootstrap: BasePoints/BaseLevel/SpellLevel kept from rank 1 (learn level 12); RealPointsPerLevel from rank1->covers-60-overridden(undershoot-vs-top-rank) (anchor rank 9 @ level 80); coefficient/cast_time_ms/mana_cost_pct from max rank; MaxLevel set to 80
2008,Ancestral Spirit,8,0,0,268500992,0,10000,0,0,0,0,72,30.0,,,"{""amplitude"": 0, ""apply_aura"": 0, ""base_points"": 64, ""chain_targets"": 0, ""die_sides"": 1, ""implicit_target_a"": 0, ""implicit_target_b"": 0, ""mechanic"": 0, ""misc_value"": 120, ""points_per_level"": 25.514705882352942, ""radius_yards"": null, ""trigger_spell"": 0, ""type"": 113}",,,149,,,"{""AttributesEx"": 131072, ""AuraDescription_Lang_Mask"": 16712188, ""BaseLevel"": 12, ""CastingTimeIndex"": 7, ""DefenseType"": 1, ""Description_Lang_Mask"": 16712190, ""Description_Lang_enUS"": 39533, ""EffectBonusMultiplier_1"": 1.0, ""EffectChainAmplitude_1"": 1.0, ""EffectChainAmplitude_2"": 1.0, ""EffectChainAmplitude_3"": 1.0, ""EquippedItemClass"": -1, ""InterruptFlags"": 15, ""MaxLevel"": 80, ""NameSubtext_Lang_Mask"": 16712190, ""NameSubtext_Lang_enUS"": """", ""Name_Lang_Mask"": 16712190, ""PreventionType"": 1, ""ProcChance"": 101, ""SpellClassSet"": 11, ""SpellLevel"": 12, ""SpellPriority"": 50, ""SpellVisualID_1"": 344, ""StartRecoveryCategory"": 133, ""StartRecoveryTime"": 1500, ""Targets"": 32768}",pulled from existing data; single-rank bootstrap: BasePoints/BaseLevel/SpellLevel kept from rank 1 (learn level 12); RealPointsPerLevel from rank1->covers-60-overridden(undershoot-vs-top-rank) (anchor rank 7 @ level 80); coefficient/cast_time_ms/mana_cost_pct from max rank; MaxLevel set to 80
2062,Earth Elemental Totem,1,0,0,65536,23,0,600000,120000,0,0,24,0.0,,120000,"{""amplitude"": 0, ""apply_aura"": 0, ""base_points"": 7399, ""chain_targets"": 0, ""die_sides"": 1, ""implicit_target_a"": 22, ""implicit_target_b"": 41, ""mechanic"": 0, ""misc_value"": 15430, ""points_per_level"": 0.0, ""radius_yards"": 5.0, ""trigger_spell"": 0, ""type"": 28}",,,2289,,,"{""AttributesEx4"": 65536, ""AttributesEx7"": 32, ""AuraDescription_Lang_Mask"": 16712188, ""BaseLevel"": 66, ""CastingTimeIndex"": 1, ""DefenseType"": 1, ""Description_Lang_Mask"": 16712190, ""Description_Lang_enUS"": 40175, ""EffectBonusMultiplier_3"": 1.0, ""EffectChainAmplitude_1"": 1.0, ""EffectChainAmplitude_2"": 1.0, ""EffectChainAmplitude_3"": 1.0, ""EffectMiscValueB_1"": 81, ""EquippedItemClass"": -1, ""NameSubtext_Lang_Mask"": 16712190, ""Name_Lang_Mask"": 16712190, ""ProcChance"": 101, ""RangeIndex"": 1, ""RequiredTotemCategoryID_1"": 2, ""SpellClassMask_1"": 536870912, ""SpellClassMask_2"": 4194304, ""SpellClassSet"": 11, ""SpellLevel"": 66, ""SpellVisualID_1"": 319, ""StartRecoveryCategory"": 133, ""StartRecoveryTime"": 1000}",pulled from existing data
2484,Earthbind Totem,1,0,0,65536,0,0,15000,0,0,0,5,0.0,,45000,"{""amplitude"": 0, ""apply_aura"": 0, ""base_points"": 4, ""chain_targets"": 0, ""die_sides"": 1, ""implicit_target_a"": 41, ""implicit_target_b"": 0, ""mechanic"": 0, ""misc_value"": 2630, ""points_per_level"": 0.0, ""radius_yards"": null, ""trigger_spell"": 0, ""type"": 28}",,,686,,,"{""AttributesEx7"": 32, ""AuraDescription_Lang_Mask"": 16712188, ""BaseLevel"": 6, ""CastingTimeIndex"": 1, ""DefenseType"": 1, ""Description_Lang_Mask"": 16712190, ""Description_Lang_enUS"": 45039, ""EffectChainAmplitude_1"": 1.0, ""EffectChainAmplitude_2"": 1.0, ""EffectChainAmplitude_3"": 1.0, ""EffectMiscValueB_1"": 81, ""EquippedItemClass"": -1, ""NameSubtext_Lang_Mask"": 16712188, ""Name_Lang_Mask"": 16712190, ""ProcChance"": 101, ""RangeIndex"": 1, ""RequiredTotemCategoryID_1"": 2, ""SpellClassMask_1"": 536870912, ""SpellClassMask_3"": 32, ""SpellClassSet"": 11, ""SpellLevel"": 6, ""SpellVisualID_1"": 264, ""StartRecoveryCategory"": 133, ""StartRecoveryTime"": 1000}",pulled from existing data
2645,Ghost Wolf,8,1,0,98304,0,2000,0,0,0,0,6,0.0,,-1,"{""amplitude"": 0, ""apply_aura"": 36, ""base_points"": -1, ""chain_targets"": 0, ""die_sides"": 1, ""implicit_target_a"": 1, ""implicit_target_b"": 0, ""mechanic"": 0, ""misc_value"": 16, ""points_per_level"": 0.0, ""radius_yards"": null, ""trigger_spell"": 0, ""type"": 6}","{""amplitude"": 0, ""apply_aura"": 31, ""base_points"": 39, ""chain_targets"": 0, ""die_sides"": 1, ""implicit_target_a"": 1, ""implicit_target_b"": 0, ""mechanic"": 0, ""misc_value"": 0, ""points_per_level"": 0.0, ""radius_yards"": null, ""trigger_spell"": 0, ""type"": 6}","{""amplitude"": 5000, ""apply_aura"": 20, ""base_points"": -1, ""chain_targets"": 0, ""die_sides"": 1, ""implicit_target_a"": 1, ""implicit_target_b"": 0, ""mechanic"": 0, ""misc_value"": 0, ""points_per_level"": 0.0, ""radius_yards"": null, ""trigger_spell"": 0, ""type"": 6}",67,,,"{""ActiveIconID"": 122, ""AttributesEx"": 132096, ""AttributesEx2"": 2, ""AttributesEx4"": 64, ""AuraDescription_Lang_Mask"": 16712190, ""AuraDescription_Lang_enUS"": 47641, ""BaseLevel"": 16, ""CastingTimeIndex"": 5, ""DefenseType"": 1, ""Description_Lang_Mask"": 16712190, ""Description_Lang_enUS"": 47392, ""EffectChainAmplitude_1"": 1.0, ""EffectChainAmplitude_2"": 1.0, ""EffectChainAmplitude_3"": 1.0, ""EffectMultipleValue_1"": 1.0, ""EffectMultipleValue_2"": 1.0, ""EquippedItemClass"": -1, ""InterruptFlags"": 15, ""NameSubtext_Lang_Mask"": 16712188, ""Name_Lang_Mask"": 16712190, ""PreventionType"": 1, ""ProcChance"": 101, ""RangeIndex"": 1, ""SpellClassMask_1"": 2048, ""SpellClassSet"": 11, ""SpellLevel"": 16, ""SpellPriority"": 50, ""SpellVisualID_1"": 311, ""StartRecoveryCategory"": 133, ""StartRecoveryTime"": 1500}",pulled from existing data
2825,Bloodlust,8,1,0,327680,0,0,300000,0,0,0,26,0.0,,40000,"{""amplitude"": 0, ""apply_aura"": 192, ""base_points"": 29, ""chain_targets"": 0, ""die_sides"": 1, ""implicit_target_a"": 56, ""implicit_target_b"": 0, ""mechanic"": 0, ""misc_value"": 0, ""points_per_level"": 0.0, ""radius_yards"": 100.0, ""trigger_spell"": 0, ""type"": 6}","{""amplitude"": 0, ""apply_aura"": 61, ""base_points"": 29, ""chain_targets"": 0, ""die_sides"": 1, ""implicit_target_a"": 56, ""implicit_target_b"": 0, ""mechanic"": 0, ""misc_value"": 0, ""points_per_level"": 0.0, ""radius_yards"": 100.0, ""trigger_spell"": 0, ""type"": 6}","{""amplitude"": 0, ""apply_aura"": 65, ""base_points"": 29, ""chain_targets"": 0, ""die_sides"": 1, ""implicit_target_a"": 56, ""implicit_target_b"": 0, ""mechanic"": 0, ""misc_value"": 0, ""points_per_level"": 0.0, ""radius_yards"": 100.0, ""trigger_spell"": 0, ""type"": 6}",38,,,"{""AttributesEx"": 131072, ""AttributesEx6"": 67108864, ""AttributesEx7"": 256, ""AuraDescription_Lang_Mask"": 16712190, ""AuraDescription_Lang_enUS"": 51348, ""BaseLevel"": 70, ""CastingTimeIndex"": 1, ""Description_Lang_Mask"": 16712190, ""Description_Lang_enUS"": 51119, ""EffectBonusMultiplier_1"": 1.0, ""EffectBonusMultiplier_3"": 1.0, ""EffectChainAmplitude_1"": 1.0, ""EffectChainAmplitude_2"": 1.0, ""EffectChainAmplitude_3"": 1.0, ""EquippedItemClass"": -1, ""NameSubtext_Lang_Mask"": 16712190, ""Name_Lang_Mask"": 16712190, ""PreventionType"": 1, ""ProcChance"": 101, ""RangeIndex"": 1, ""SpellClassMask_2"": 64, ""SpellClassSet"": 11, ""SpellLevel"": 70, ""SpellVisualID_1"": 7870, ""StartRecoveryCategory"": 133, ""StartRecoveryTime"": 1500}",pulled from existing data
2894,Fire Elemental Totem,1,0,0,327680,23,0,600000,120000,0,0,23,0.0,,120000,"{""amplitude"": 0, ""apply_aura"": 0, ""base_points"": 3887, ""chain_targets"": 0, ""die_sides"": 1, ""implicit_target_a"": 22, ""implicit_target_b"": 44, ""mechanic"": 0, ""misc_value"": 15439, ""points_per_level"": 0.0, ""radius_yards"": 5.0, ""trigger_spell"": 0, ""type"": 28}",,,2290,,,"{""AttributesEx4"": 65536, ""AttributesEx6"": 2147483648, ""AttributesEx7"": 32, ""AuraDescription_Lang_Mask"": 16712188, ""BaseLevel"": 68, ""CastingTimeIndex"": 1, ""DefenseType"": 1, ""Description_Lang_Mask"": 16712190, ""Description_Lang_enUS"": 52773, ""EffectBonusMultiplier_3"": 1.0, ""EffectChainAmplitude_1"": 1.0, ""EffectChainAmplitude_2"": 1.0, ""EffectChainAmplitude_3"": 1.0, ""EffectMiscValueB_1"": 63, ""EquippedItemClass"": -1, ""NameSubtext_Lang_Mask"": 16712190, ""Name_Lang_Mask"": 16712190, ""ProcChance"": 101, ""RangeIndex"": 1, ""RequiredTotemCategoryID_1"": 4, ""SpellClassMask_1"": 536870912, ""SpellClassMask_2"": 8388608, ""SpellClassSet"": 11, ""SpellLevel"": 68, ""SpellVisualID_1"": 221, ""StartRecoveryCategory"": 133, ""StartRecoveryTime"": 1000}",pulled from existing data
3599,Searing Totem,1,0,0,65536,0,0,0,0,0,0,7,0.0,,30000,"{""amplitude"": 0, ""apply_aura"": 0, ""base_points"": 4, ""chain_targets"": 0, ""die_sides"": 1, ""implicit_target_a"": 44, ""implicit_target_b"": 0, ""mechanic"": 0, ""misc_value"": 2523, ""points_per_level"": 0.0, ""radius_yards"": null, ""trigger_spell"": 0, ""type"": 28}",,,680,,,"{""AttributesEx7"": 32, ""AuraDescription_Lang_Mask"": 16712188, ""BaseLevel"": 10, ""CastingTimeIndex"": 1, ""Description_Lang_Mask"": 16712190, ""Description_Lang_enUS"": 70035, ""EffectChainAmplitude_1"": 1.0, ""EffectChainAmplitude_2"": 1.0, ""EffectChainAmplitude_3"": 1.0, ""EffectMiscValueB_1"": 63, ""EquippedItemClass"": -1, ""MaxLevel"": 80, ""NameSubtext_Lang_Mask"": 16712190, ""NameSubtext_Lang_enUS"": """", ""Name_Lang_Mask"": 16712190, ""ProcChance"": 101, ""RangeIndex"": 1, ""RequiredTotemCategoryID_1"": 4, ""SpellClassMask_1"": 16, ""SpellClassSet"": 11, ""SpellLevel"": 10, ""SpellVisualID_1"": 221, ""StartRecoveryCategory"": 133, ""StartRecoveryTime"": 1000}",pulled from existing data; single-rank bootstrap: BasePoints/BaseLevel/SpellLevel kept from rank 1 (learn level 10); RealPointsPerLevel from rank1->covers-60 (anchor rank 6 @ level 60); coefficient/cast_time_ms/mana_cost_pct from max rank; MaxLevel set to 80
3606,Attack,4,0,0,0,0,2200,0,0,0,0,0,20.0,,,"{""amplitude"": 0, ""apply_aura"": 0, ""base_points"": 8, ""chain_targets"": 0, ""die_sides"": 3, ""implicit_target_a"": 6, ""implicit_target_b"": 0, ""mechanic"": 0, ""misc_value"": 0, ""points_per_level"": 1.1571428571428573, ""radius_yards"": null, ""trigger_spell"": 0, ""type"": 2}",,,680,,,"{""AuraDescription_Lang_Mask"": 16712188, ""BaseLevel"": 10, ""CastingTimeIndex"": 24, ""DefenseType"": 1, ""Description_Lang_Mask"": 16712190, ""Description_Lang_enUS"": 70573, ""EffectBonusMultiplier_1"": 0.16699999570846558, ""EffectChainAmplitude_1"": 1.0, ""EffectChainAmplitude_2"": 1.0, ""EffectChainAmplitude_3"": 1.0, ""EquippedItemClass"": -1, ""MaxLevel"": 80, ""NameSubtext_Lang_Mask"": 16712190, ""NameSubtext_Lang_enUS"": """", ""Name_Lang_Mask"": 16712190, ""PreventionType"": 1, ""ProcChance"": 101, ""Speed"": 19.0, ""SpellClassMask_1"": 1073741824, ""SpellClassSet"": 11, ""SpellLevel"": 10, ""SpellVisualID_1"": 67}",pulled from existing data; single-rank bootstrap: BasePoints/BaseLevel/SpellLevel kept from rank 1 (learn level 10); RealPointsPerLevel from rank1->covers-60-overridden(undershoot-vs-top-rank) (anchor rank 10 @ level 80); coefficient/cast_time_ms/mana_cost_pct from max rank; MaxLevel set to 80
3738,Wrath of Air Totem,1,0,0,65536,0,0,0,0,0,0,11,0.0,,300000,"{""amplitude"": 0, ""apply_aura"": 0, ""base_points"": 4, ""chain_targets"": 0, ""die_sides"": 1, ""implicit_target_a"": 43, ""implicit_target_b"": 0, ""mechanic"": 0, ""misc_value"": 15447, ""points_per_level"": 0.0, ""radius_yards"": null, ""trigger_spell"": 0, ""type"": 28}",,,340,,,"{""AttributesEx7"": 32, ""AuraDescription_Lang_Mask"": 16712188, ""BaseLevel"": 64, ""CastingTimeIndex"": 1, ""DefenseType"": 1, ""Description_Lang_Mask"": 16712190, ""Description_Lang_enUS"": 73031, ""EffectBonusMultiplier_1"": 1.0, ""EffectBonusMultiplier_2"": 1.0, ""EffectBonusMultiplier_3"": 1.0, ""EffectChainAmplitude_1"": 1.0, ""EffectChainAmplitude_2"": 1.0, ""EffectChainAmplitude_3"": 1.0, ""EffectMiscValueB_1"": 83, ""EquippedItemClass"": -1, ""NameSubtext_Lang_Mask"": 16712190, ""Name_Lang_Mask"": 16712190, ""ProcChance"": 101, ""RangeIndex"": 1, ""RequiredTotemCategoryID_1"": 3, ""SpellClassMask_1"": 536870912, ""SpellClassSet"": 11, ""SpellLevel"": 64, ""SpellVisualID_1"": 319, ""StartRecoveryCategory"": 133, ""StartRecoveryTime"": 1000}",pulled from existing data
5394,Healing Stream Totem,1,0,0,65536,0,0,0,0,0,0,3,0.0,,300000,"{""amplitude"": 0, ""apply_aura"": 0, ""base_points"": 4, ""chain_targets"": 0, ""die_sides"": 1, ""implicit_target_a"": 42, ""implicit_target_b"": 0, ""mechanic"": 0, ""misc_value"": 3527, ""points_per_level"": 0.0, ""radius_yards"": null, ""trigger_spell"": 0, ""type"": 28}",,,1647,,,"{""AttributesEx7"": 32, ""AuraDescription_Lang_Mask"": 16712188, ""BaseLevel"": 20, ""CastingTimeIndex"": 1, ""DefenseType"": 1, ""Description_Lang_Mask"": 16712190, ""Description_Lang_enUS"": 101292, ""EffectChainAmplitude_1"": 1.0, ""EffectChainAmplitude_2"": 1.0, ""EffectChainAmplitude_3"": 1.0, ""EffectMiscValueB_1"": 82, ""EquippedItemClass"": -1, ""MaxLevel"": 80, ""NameSubtext_Lang_Mask"": 16712190, ""NameSubtext_Lang_enUS"": """", ""Name_Lang_Mask"": 16712190, ""ProcChance"": 101, ""RangeIndex"": 1, ""RequiredTotemCategoryID_1"": 5, ""SpellClassMask_1"": 524288, ""SpellClassSet"": 11, ""SpellLevel"": 20, ""SpellVisualID_1"": 319, ""StartRecoveryCategory"": 133, ""StartRecoveryTime"": 1000}",pulled from existing data; single-rank bootstrap: BasePoints/BaseLevel/SpellLevel kept from rank 1 (learn level 20); RealPointsPerLevel from rank1->covers-60 (anchor rank 5 @ level 60); coefficient/cast_time_ms/mana_cost_pct from max rank; MaxLevel set to 80
5672,Healing Stream,8,0,0,64,0,0,0,0,0,0,0,0.0,,,"{""amplitude"": 2000, ""apply_aura"": 23, ""base_points"": 5, ""chain_targets"": 0, ""die_sides"": 1, ""implicit_target_a"": 1, ""implicit_target_b"": 0, ""mechanic"": 0, ""misc_value"": 0, ""points_per_level"": 0.31666666666666665, ""radius_yards"": null, ""trigger_spell"": 52041, ""type"": 6}",,,1647,,,"{""AttributesEx3"": 128, ""AuraDescription_Lang_Mask"": 16712190, ""AuraDescription_Lang_enUS"": 105804, ""BaseLevel"": 20, ""CastingTimeIndex"": 1, ""DefenseType"": 1, ""Description_Lang_Mask"": 16712188, ""EffectChainAmplitude_1"": 1.0, ""EffectChainAmplitude_2"": 1.0, ""EffectChainAmplitude_3"": 1.0, ""EquippedItemClass"": -1, ""MaxLevel"": 80, ""NameSubtext_Lang_Mask"": 16712190, ""NameSubtext_Lang_enUS"": """", ""Name_Lang_Mask"": 16712190, ""PreventionType"": 1, ""RangeIndex"": 1, ""SpellClassMask_1"": 8192, ""SpellClassSet"": 11, ""SpellLevel"": 20, ""SpellVisualID_1"": 366}",pulled from existing data; single-rank bootstrap: BasePoints/BaseLevel/SpellLevel kept from rank 1 (learn level 20); RealPointsPerLevel from rank1->covers-60-overridden(undershoot-vs-top-rank) (anchor rank 9 @ level 80); coefficient/cast_time_ms/mana_cost_pct from max rank; MaxLevel set to 80
5675,Mana Spring Totem,1,0,0,65536,0,0,0,0,0,0,4,0.0,,300000,"{""amplitude"": 0, ""apply_aura"": 0, ""base_points"": 4, ""chain_targets"": 0, ""die_sides"": 1, ""implicit_target_a"": 42, ""implicit_target_b"": 0, ""mechanic"": 0, ""misc_value"": 3573, ""points_per_level"": 0.0, ""radius_yards"": null, ""trigger_spell"": 0, ""type"": 28}",,,338,,,"{""AttributesEx7"": 32, ""AuraDescription_Lang_Mask"": 16712188, ""BaseLevel"": 26, ""CastingTimeIndex"": 1, ""DefenseType"": 1, ""Description_Lang_Mask"": 16712190, ""Description_Lang_enUS"": 105851, ""EffectChainAmplitude_1"": 1.0, ""EffectChainAmplitude_2"": 1.0, ""EffectChainAmplitude_3"": 1.0, ""EffectMiscValueB_1"": 82, ""EquippedItemClass"": -1, ""MaxLevel"": 80, ""NameSubtext_Lang_Mask"": 16712190, ""NameSubtext_Lang_enUS"": """", ""Name_Lang_Mask"": 16712190, ""ProcChance"": 101, ""RangeIndex"": 1, ""RequiredTotemCategoryID_1"": 5, ""SpellClassMask_1"": 524288, ""SpellClassSet"": 11, ""SpellLevel"": 26, ""SpellVisualID_1"": 364, ""StartRecoveryCategory"": 133, ""StartRecoveryTime"": 1000}",pulled from existing data; single-rank bootstrap: BasePoints/BaseLevel/SpellLevel kept from rank 1 (learn level 26); RealPointsPerLevel from rank1->covers-60 (anchor rank 4 @ level 60); coefficient/cast_time_ms/mana_cost_pct from max rank; MaxLevel set to 80
5677,Mana Spring,8,0,0,64,0,0,0,0,0,0,0,0.0,,,"{""amplitude"": 0, ""apply_aura"": 85, ""base_points"": 15, ""chain_targets"": 0, ""die_sides"": 1, ""implicit_target_a"": 1, ""implicit_target_b"": 0, ""mechanic"": 0, ""misc_value"": 0, ""points_per_level"": 1.3888888888888888, ""radius_yards"": 30.0, ""trigger_spell"": 0, ""type"": 65}",,,338,,,"{""AuraDescription_Lang_Mask"": 16712190, ""AuraDescription_Lang_enUS"": 106149, ""BaseLevel"": 26, ""CastingTimeIndex"": 1, ""DefenseType"": 1, ""Description_Lang_Mask"": 16712188, ""EffectChainAmplitude_1"": 1.0, ""EffectChainAmplitude_2"": 1.0, ""EffectChainAmplitude_3"": 1.0, ""EquippedItemClass"": -1, ""MaxLevel"": 80, ""NameSubtext_Lang_Mask"": 16712190, ""NameSubtext_Lang_enUS"": """", ""Name_Lang_Mask"": 16712190, ""PreventionType"": 1, ""RangeIndex"": 1, ""SpellClassMask_1"": 16384, ""SpellClassSet"": 11, ""SpellLevel"": 26, ""SpellVisualID_1"": 367}",pulled from existing data; single-rank bootstrap: BasePoints/BaseLevel/SpellLevel kept from rank 1 (learn level 26); RealPointsPerLevel from rank1->covers-60-overridden(undershoot-vs-top-rank) (anchor rank 8 @ level 80); coefficient/cast_time_ms/mana_cost_pct from max rank; MaxLevel set to 80
5730,Stoneclaw Totem,1,0,0,65536,45,0,0,30000,0,0,6,0.0,,15000,"{""amplitude"": 0, ""apply_aura"": 0, ""base_points"": 49, ""chain_targets"": 0, ""die_sides"": 1, ""implicit_target_a"": 41, ""implicit_target_b"": 0, ""mechanic"": 0, ""misc_value"": 3579, ""points_per_level"": 21.88888888888889, ""radius_yards"": null, ""trigger_spell"": 0, ""type"": 28}",,,689,,,"{""AttributesEx7"": 32, ""AuraDescription_Lang_Mask"": 16712190, ""AuraDescription_Lang_enUS"": 106871, ""BaseLevel"": 8, ""CastingTimeIndex"": 1, ""DefenseType"": 1, ""Description_Lang_Mask"": 16712190, ""Description_Lang_enUS"": 106930, ""EffectChainAmplitude_1"": 1.0, ""EffectChainAmplitude_2"": 1.0, ""EffectChainAmplitude_3"": 1.0, ""EffectMiscValueB_1"": 81, ""EquippedItemClass"": -1, ""MaxLevel"": 80, ""NameSubtext_Lang_Mask"": 16712190, ""NameSubtext_Lang_enUS"": """", ""Name_Lang_Mask"": 16712190, ""ProcChance"": 101, ""RangeIndex"": 1, ""RequiredTotemCategoryID_1"": 2, ""SpellClassMask_1"": 8, ""SpellClassSet"": 11, ""SpellLevel"": 8, ""SpellVisualID_1"": 362, ""StartRecoveryCategory"": 133, ""StartRecoveryTime"": 1000}",pulled from existing data; single-rank bootstrap: BasePoints/BaseLevel/SpellLevel kept from rank 1 (learn level 8); RealPointsPerLevel from rank1->covers-60-overridden(undershoot-vs-top-rank) (anchor rank 10 @ level 80); coefficient/cast_time_ms/mana_cost_pct from max rank; MaxLevel set to 80
6495,Sentry Totem,1,0,0,65536,0,0,0,0,0,0,2,0.0,,300000,"{""amplitude"": 0, ""apply_aura"": 0, ""base_points"": 99, ""chain_targets"": 0, ""die_sides"": 1, ""implicit_target_a"": 43, ""implicit_target_b"": 0, ""mechanic"": 0, ""misc_value"": 3968, ""points_per_level"": 0.0, ""radius_yards"": 100.0, ""trigger_spell"": 0, ""type"": 28}","{""amplitude"": 0, ""apply_aura"": 4, ""base_points"": 0, ""chain_targets"": 0, ""die_sides"": 0, ""implicit_target_a"": 1, ""implicit_target_b"": 0, ""mechanic"": 0, ""misc_value"": 0, ""points_per_level"": 0.0, ""radius_yards"": null, ""trigger_spell"": 0, ""type"": 6}",,195,,,"{""AttributesEx"": 139264, ""AttributesEx7"": 32, ""AuraDescription_Lang_Mask"": 16712190, ""AuraDescription_Lang_enUS"": 118960, ""BaseLevel"": 34, ""CastingTimeIndex"": 1, ""Description_Lang_Mask"": 16712190, ""Description_Lang_enUS"": 118736, ""EffectChainAmplitude_1"": 1.0, ""EffectChainAmplitude_2"": 1.0, ""EffectChainAmplitude_3"": 1.0, ""EffectMiscValueB_1"": 83, ""EquippedItemClass"": -1, ""NameSubtext_Lang_Mask"": 16712188, ""Name_Lang_Mask"": 16712190, ""ProcChance"": 101, ""RangeIndex"": 1, ""RequiredTotemCategoryID_1"": 3, ""SpellClassMask_1"": 536870912, ""SpellClassSet"": 11, ""SpellLevel"": 34, ""SpellVisualID_1"": 368, ""StartRecoveryCategory"": 133, ""StartRecoveryTime"": 1000}",pulled from existing data
8004,Lesser Healing Wave,8,0,0,65536,0,1500,0,0,0,0,15,40.0,,,"{""amplitude"": 0, ""apply_aura"": 0, ""base_points"": 161, ""chain_targets"": 0, ""die_sides"": 25, ""implicit_target_a"": 21, ""implicit_target_b"": 0, ""mechanic"": 0, ""misc_value"": 0, ""points_per_level"": 24.366666666666667, ""radius_yards"": null, ""trigger_spell"": 0, ""type"": 10}",,,964,,,"{""AuraDescription_Lang_Mask"": 16712188, ""BaseLevel"": 20, ""CastingTimeIndex"": 16, ""DefenseType"": 1, ""Description_Lang_Mask"": 16712190, ""Description_Lang_enUS"": 7744, ""EffectBonusMultiplier_1"": 0.8069999814033508, ""EffectChainAmplitude_1"": 1.0, ""EffectChainAmplitude_2"": 1.0, ""EffectChainAmplitude_3"": 1.0, ""EquippedItemClass"": -1, ""InterruptFlags"": 15, ""MaxLevel"": 80, ""NameSubtext_Lang_Mask"": 16712190, ""NameSubtext_Lang_enUS"": """", ""Name_Lang_Mask"": 16712190, ""PreventionType"": 1, ""ProcChance"": 101, ""SpellClassMask_1"": 128, ""SpellClassSet"": 11, ""SpellLevel"": 20, ""SpellVisualID_1"": 58, ""StartRecoveryCategory"": 133, ""StartRecoveryTime"": 1500}",pulled from existing data; single-rank bootstrap: BasePoints/BaseLevel/SpellLevel kept from rank 1 (learn level 20); RealPointsPerLevel from rank1->covers-60-overridden(undershoot-vs-top-rank) (anchor rank 9 @ level 80); coefficient/cast_time_ms/mana_cost_pct from max rank; MaxLevel set to 80
8017,Rockbiter Weapon,8,0,0,328192,0,0,0,0,0,0,8,0.0,,,,"{""amplitude"": 0, ""apply_aura"": 0, ""base_points"": 1, ""chain_targets"": 0, ""die_sides"": 1, ""implicit_target_a"": 0, ""implicit_target_b"": 0, ""mechanic"": 0, ""misc_value"": 0, ""points_per_level"": 0.0, ""radius_yards"": null, ""trigger_spell"": 0, ""type"": 54}",,688,,,"{""AttributesEx"": 131088, ""AttributesEx2"": 8, ""AuraDescription_Lang_Mask"": 16712188, ""BaseLevel"": 1, ""CastingTimeIndex"": 1, ""DefenseType"": 1, ""Description_Lang_Mask"": 16712190, ""Description_Lang_enUS"": 158730, ""EffectChainAmplitude_1"": 1.0, ""EffectChainAmplitude_2"": 1.0, ""EffectChainAmplitude_3"": 1.0, ""EquippedItemClass"": -1, ""MaxLevel"": 80, ""NameSubtext_Lang_Mask"": 16712190, ""NameSubtext_Lang_enUS"": """", ""Name_Lang_Mask"": 16712190, ""PreventionType"": 1, ""ProcChance"": 101, ""RangeIndex"": 1, ""SpellClassMask_1"": 4194304, ""SpellClassSet"": 11, ""SpellLevel"": 1, ""SpellVisualID_1"": 8693, ""StartRecoveryCategory"": 133, ""StartRecoveryTime"": 1500, ""Targets"": 16}",pulled from existing data; single-rank bootstrap: BasePoints/BaseLevel/SpellLevel kept from rank 1 (learn level 1); RealPointsPerLevel from rank1->top-rank-fallback (anchor rank 4 @ level 32); coefficient/cast_time_ms/mana_cost_pct from max rank; MaxLevel set to 80
8024,Flametongue Weapon,4,0,0,328192,0,0,0,0,0,0,6,0.0,,,"{""amplitude"": 0, ""apply_aura"": 0, ""base_points"": 1799, ""chain_targets"": 0, ""die_sides"": 1, ""implicit_target_a"": 0, ""implicit_target_b"": 0, ""mechanic"": 0, ""misc_value"": 5, ""points_per_level"": 0.0, ""radius_yards"": null, ""trigger_spell"": 0, ""type"": 54}",,,679,,,"{""AttributesEx"": 131072, ""AttributesEx2"": 8, ""AuraDescription_Lang_Mask"": 16712188, ""BaseLevel"": 10, ""CastingTimeIndex"": 1, ""DefenseType"": 1, ""Description_Lang_Mask"": 16712190, ""Description_Lang_enUS"": 158836, ""EffectChainAmplitude_1"": 1.0, ""EffectChainAmplitude_2"": 1.0, ""EffectChainAmplitude_3"": 1.0, ""EquippedItemClass"": 2, ""EquippedItemSubclass"": 173555, ""MaxLevel"": 80, ""NameSubtext_Lang_Mask"": 16712190, ""NameSubtext_Lang_enUS"": """", ""Name_Lang_Mask"": 16712190, ""PreventionType"": 1, ""ProcChance"": 101, ""RangeIndex"": 1, ""SpellClassMask_2"": 2048, ""SpellClassSet"": 11, ""SpellLevel"": 10, ""SpellVisualID_1"": 8722, ""StartRecoveryCategory"": 133, ""StartRecoveryTime"": 1500, ""Targets"": 16}",pulled from existing data; single-rank bootstrap: BasePoints/BaseLevel/SpellLevel kept from rank 1 (learn level 10); RealPointsPerLevel from rank1->covers-60 (anchor rank 6 @ level 60); coefficient/cast_time_ms/mana_cost_pct from max rank; MaxLevel set to 80
8026,Flametongue Weapon Proc,4,0,0,262400,0,0,0,0,0,0,0,100.0,,,"{""amplitude"": 0, ""apply_aura"": 0, ""base_points"": 325, ""chain_targets"": 0, ""die_sides"": 1, ""implicit_target_a"": 6, ""implicit_target_b"": 0, ""mechanic"": 0, ""misc_value"": 0, ""points_per_level"": 19.0, ""radius_yards"": null, ""trigger_spell"": 0, ""type"": 3}",,,679,,,"{""AttributesEx3"": 131072, ""AuraDescription_Lang_Mask"": 16712188, ""BaseLevel"": 10, ""CastingTimeIndex"": 1, ""Description_Lang_Mask"": 16712188, ""EffectChainAmplitude_1"": 1.0, ""EffectChainAmplitude_2"": 1.0, ""EffectChainAmplitude_3"": 1.0, ""EquippedItemClass"": -1, ""MaxLevel"": 80, ""NameSubtext_Lang_Mask"": 16712190, ""NameSubtext_Lang_enUS"": """", ""Name_Lang_Mask"": 16712190, ""ProcChance"": 101, ""SpellClassMask_1"": 2097152, ""SpellClassSet"": 11, ""SpellLevel"": 10}",pulled from existing data; single-rank bootstrap: BasePoints/BaseLevel/SpellLevel kept from rank 1 (learn level 10); RealPointsPerLevel from rank1->covers-60-overridden(undershoot-vs-top-rank) (anchor rank 10 @ level 80); coefficient/cast_time_ms/mana_cost_pct from max rank; MaxLevel set to 80
8033,Frostbrand Weapon,16,0,0,328192,0,0,0,0,0,0,6,0.0,,,"{""amplitude"": 0, ""apply_aura"": 0, ""base_points"": 1799, ""chain_targets"": 0, ""die_sides"": 1, ""implicit_target_a"": 0, ""implicit_target_b"": 0, ""mechanic"": 0, ""misc_value"": 2, ""points_per_level"": 0.0, ""radius_yards"": null, ""trigger_spell"": 0, ""type"": 54}",,,681,,,"{""AttributesEx"": 131072, ""AttributesEx2"": 8, ""AuraDescription_Lang_Mask"": 16712188, ""BaseLevel"": 20, ""CastingTimeIndex"": 1, ""DefenseType"": 1, ""Description_Lang_Mask"": 16712190, ""Description_Lang_enUS"": 159838, ""EffectChainAmplitude_1"": 1.0, ""EffectChainAmplitude_2"": 1.0, ""EffectChainAmplitude_3"": 1.0, ""EquippedItemClass"": 2, ""EquippedItemSubclass"": 173555, ""MaxLevel"": 80, ""NameSubtext_Lang_Mask"": 16712190, ""NameSubtext_Lang_enUS"": """", ""Name_Lang_Mask"": 16712190, ""PreventionType"": 1, ""ProcChance"": 101, ""RangeIndex"": 1, ""SpellClassMask_2"": 2048, ""SpellClassSet"": 11, ""SpellLevel"": 20, ""SpellVisualID_1"": 8721, ""StartRecoveryCategory"": 133, ""StartRecoveryTime"": 1500, ""Targets"": 16}",pulled from existing data; single-rank bootstrap: BasePoints/BaseLevel/SpellLevel kept from rank 1 (learn level 20); RealPointsPerLevel from rank1->covers-60 (anchor rank 5 @ level 60); coefficient/cast_time_ms/mana_cost_pct from max rank; MaxLevel set to 80
8034,Frostbrand Attack,16,0,0,0,0,0,0,0,0,0,0,100.0,,8000,"{""amplitude"": 0, ""apply_aura"": 33, ""base_points"": -51, ""chain_targets"": 0, ""die_sides"": 1, ""implicit_target_a"": 6, ""implicit_target_b"": 0, ""mechanic"": 11, ""misc_value"": 0, ""points_per_level"": 9.666666666666666, ""radius_yards"": null, ""trigger_spell"": 0, ""type"": 6}","{""amplitude"": 0, ""apply_aura"": 0, ""base_points"": 41, ""chain_targets"": 0, ""die_sides"": 1, ""implicit_target_a"": 6, ""implicit_target_b"": 0, ""mechanic"": 0, ""misc_value"": 0, ""points_per_level"": -1.5333333333333334, ""radius_yards"": null, ""trigger_spell"": 0, ""type"": 2}","{""amplitude"": 0, ""apply_aura"": 271, ""base_points"": -1, ""chain_targets"": 0, ""die_sides"": 1, ""implicit_target_a"": 6, ""implicit_target_b"": 0, ""mechanic"": 11, ""misc_value"": 0, ""points_per_level"": 0.0, ""radius_yards"": null, ""trigger_spell"": 0, ""type"": 6}",681,,,"{""AttributesEx"": 136, ""AttributesEx2"": 16777220, ""AuraDescription_Lang_Mask"": 16712190, ""AuraDescription_Lang_enUS"": 3906, ""BaseLevel"": 20, ""CastingTimeIndex"": 1, ""DefenseType"": 1, ""Description_Lang_Mask"": 16712190, ""Description_Lang_enUS"": 159838, ""EffectBonusMultiplier_1"": 0.10000000149011612, ""EffectBonusMultiplier_2"": 0.0, ""EffectChainAmplitude_1"": 1.0, ""EffectChainAmplitude_2"": 1.0, ""EffectChainAmplitude_3"": 1.0, ""EffectSpellClassMaskC_1"": 2416967683, ""EffectSpellClassMaskC_2"": 16, ""EffectSpellClassMaskC_3"": 4, ""EquippedItemClass"": -1, ""MaxLevel"": 80, ""NameSubtext_Lang_Mask"": 16712190, ""NameSubtext_Lang_enUS"": """", ""Name_Lang_Mask"": 16712190, ""ProcChance"": 101, ""SpellClassMask_1"": 16777216, ""SpellClassSet"": 11, ""SpellLevel"": 20, ""SpellVisualID_1"": 13}",pulled from existing data; single-rank bootstrap: BasePoints/BaseLevel/SpellLevel kept from rank 1 (learn level 20); RealPointsPerLevel from rank1->covers-60-overridden(undershoot-vs-top-rank) (anchor rank 9 @ level 80); coefficient/cast_time_ms/mana_cost_pct from max rank; MaxLevel set to 80
8042,Earth Shock,8,0,0,327680,19,0,0,6000,0,0,18,25.0,,8000,"{""amplitude"": 0, ""apply_aura"": 138, ""base_points"": -11, ""chain_targets"": 0, ""die_sides"": 1, ""implicit_target_a"": 6, ""implicit_target_b"": 0, ""mechanic"": 8, ""misc_value"": 0, ""points_per_level"": 0.0, ""radius_yards"": null, ""trigger_spell"": 0, ""type"": 6}","{""amplitude"": 0, ""apply_aura"": 0, ""base_points"": 16, ""chain_targets"": 0, ""die_sides"": 3, ""implicit_target_a"": 6, ""implicit_target_b"": 0, ""mechanic"": 0, ""misc_value"": 0, ""points_per_level"": 11.013157894736842, ""radius_yards"": null, ""trigger_spell"": 0, ""type"": 2}",,687,,,"{""AuraDescription_Lang_Mask"": 16712190, ""AuraDescription_Lang_enUS"": 56847, ""BaseLevel"": 4, ""CastingTimeIndex"": 1, ""DefenseType"": 1, ""Description_Lang_Mask"": 16712190, ""Description_Lang_enUS"": 160475, ""EffectBonusMultiplier_2"": 0.38600000739097595, ""EffectChainAmplitude_1"": 1.0, ""EffectChainAmplitude_2"": 1.0, ""EffectChainAmplitude_3"": 1.0, ""EquippedItemClass"": -1, ""FacingCasterFlags"": 1, ""MaxLevel"": 80, ""NameSubtext_Lang_Mask"": 16712190, ""NameSubtext_Lang_enUS"": """", ""Name_Lang_Mask"": 16712190, ""PreventionType"": 1, ""ProcChance"": 101, ""SpellClassMask_1"": 1048576, ""SpellClassSet"": 11, ""SpellLevel"": 4, ""SpellVisualID_1"": 3444, ""StartRecoveryCategory"": 133, ""StartRecoveryTime"": 1500}",pulled from existing data; single-rank bootstrap: BasePoints/BaseLevel/SpellLevel kept from rank 1 (learn level 4); RealPointsPerLevel from rank1->covers-60-overridden(undershoot-vs-top-rank) (anchor rank 10 @ level 80); coefficient/cast_time_ms/mana_cost_pct from max rank; MaxLevel set to 80
8050,Flame Shock,4,1,0,327680,19,0,0,6000,0,0,17,25.0,,18000,"{""amplitude"": 0, ""apply_aura"": 0, ""base_points"": 20, ""chain_targets"": 0, ""die_sides"": 1, ""implicit_target_a"": 6, ""implicit_target_b"": 0, ""mechanic"": 0, ""misc_value"": 0, ""points_per_level"": 6.8428571428571425, ""radius_yards"": null, ""trigger_spell"": 0, ""type"": 2}","{""amplitude"": 3000, ""apply_aura"": 3, ""base_points"": 6, ""chain_targets"": 0, ""die_sides"": 1, ""implicit_target_a"": 6, ""implicit_target_b"": 0, ""mechanic"": 0, ""misc_value"": 0, ""points_per_level"": 1.8857142857142857, ""radius_yards"": null, ""trigger_spell"": 0, ""type"": 6}",,678,,,"{""AttributesEx5"": 8192, ""AuraDescription_Lang_Mask"": 16712190, ""AuraDescription_Lang_enUS"": 5323, ""BaseLevel"": 10, ""CastingTimeIndex"": 1, ""DefenseType"": 1, ""Description_Lang_Mask"": 16712190, ""Description_Lang_enUS"": 160612, ""EffectBonusMultiplier_1"": 0.21400000154972076, ""EffectBonusMultiplier_2"": 0.10000000149011612, ""EffectChainAmplitude_1"": 1.0, ""EffectChainAmplitude_2"": 1.0, ""EffectChainAmplitude_3"": 1.0, ""EquippedItemClass"": -1, ""FacingCasterFlags"": 1, ""MaxLevel"": 80, ""NameSubtext_Lang_Mask"": 16712190, ""NameSubtext_Lang_enUS"": """", ""Name_Lang_Mask"": 16712190, ""PreventionType"": 1, ""ProcChance"": 101, ""SpellClassMask_1"": 268435456, ""SpellClassSet"": 11, ""SpellLevel"": 10, ""SpellVisualID_1"": 3445, ""StartRecoveryCategory"": 133, ""StartRecoveryTime"": 1500}",pulled from existing data; single-rank bootstrap: BasePoints/BaseLevel/SpellLevel kept from rank 1 (learn level 10); RealPointsPerLevel from rank1->covers-60-overridden(undershoot-vs-top-rank) (anchor rank 9 @ level 80); coefficient/cast_time_ms/mana_cost_pct from max rank; MaxLevel set to 80
8056,Frost Shock,16,1,0,327680,19,0,0,6000,0,0,18,25.0,,8000,"{""amplitude"": 0, ""apply_aura"": 33, ""base_points"": -51, ""chain_targets"": 0, ""die_sides"": 1, ""implicit_target_a"": 6, ""implicit_target_b"": 0, ""mechanic"": 11, ""misc_value"": 0, ""points_per_level"": 0.0, ""radius_yards"": null, ""trigger_spell"": 0, ""type"": 6}","{""amplitude"": 0, ""apply_aura"": 0, ""base_points"": 88, ""chain_targets"": 0, ""die_sides"": 7, ""implicit_target_a"": 6, ""implicit_target_b"": 0, ""mechanic"": 0, ""misc_value"": 0, ""points_per_level"": 12.05, ""radius_yards"": null, ""trigger_spell"": 0, ""type"": 2}",,976,,,"{""AuraDescription_Lang_Mask"": 16712190, ""AuraDescription_Lang_enUS"": 3906, ""BaseLevel"": 20, ""CastingTimeIndex"": 1, ""DefenseType"": 1, ""Description_Lang_Mask"": 16712190, ""Description_Lang_enUS"": 160833, ""EffectBonusMultiplier_2"": 0.38600000739097595, ""EffectChainAmplitude_1"": 1.0, ""EffectChainAmplitude_2"": 1.0, ""EffectChainAmplitude_3"": 1.0, ""EquippedItemClass"": -1, ""FacingCasterFlags"": 1, ""MaxLevel"": 80, ""NameSubtext_Lang_Mask"": 16712190, ""NameSubtext_Lang_enUS"": """", ""Name_Lang_Mask"": 16712190, ""PreventionType"": 1, ""ProcChance"": 101, ""SpellClassMask_1"": 2147483648, ""SpellClassSet"": 11, ""SpellLevel"": 20, ""SpellVisualID_1"": 144, ""StartRecoveryCategory"": 133, ""StartRecoveryTime"": 1500}",pulled from existing data; single-rank bootstrap: BasePoints/BaseLevel/SpellLevel kept from rank 1 (learn level 20); RealPointsPerLevel from rank1->covers-60-overridden(undershoot-vs-top-rank) (anchor rank 7 @ level 80); coefficient/cast_time_ms/mana_cost_pct from max rank; MaxLevel set to 80
8071,Stoneskin Totem,1,0,0,65536,0,0,0,0,0,0,10,0.0,,300000,"{""amplitude"": 0, ""apply_aura"": 0, ""base_points"": 4, ""chain_targets"": 0, ""die_sides"": 1, ""implicit_target_a"": 41, ""implicit_target_b"": 0, ""mechanic"": 0, ""misc_value"": 5873, ""points_per_level"": 0.0, ""radius_yards"": null, ""trigger_spell"": 0, ""type"": 28}",,,690,,,"{""AttributesEx6"": 67108864, ""AttributesEx7"": 32, ""AuraDescription_Lang_Mask"": 16712188, ""BaseLevel"": 4, ""CastingTimeIndex"": 1, ""DefenseType"": 1, ""Description_Lang_Mask"": 16712190, ""Description_Lang_enUS"": 161263, ""EffectChainAmplitude_1"": 1.0, ""EffectChainAmplitude_2"": 1.0, ""EffectChainAmplitude_3"": 1.0, ""EffectMiscValueB_1"": 81, ""EquippedItemClass"": -1, ""MaxLevel"": 80, ""NameSubtext_Lang_Mask"": 16712190, ""NameSubtext_Lang_enUS"": """", ""Name_Lang_Mask"": 16712190, ""ProcChance"": 101, ""RangeIndex"": 1, ""RequiredTotemCategoryID_1"": 2, ""SpellClassMask_1"": 536870912, ""SpellClassSet"": 11, ""SpellLevel"": 4, ""SpellVisualID_1"": 319, ""StartRecoveryCategory"": 133, ""StartRecoveryTime"": 1000}",pulled from existing data; single-rank bootstrap: BasePoints/BaseLevel/SpellLevel kept from rank 1 (learn level 4); RealPointsPerLevel from rank1->covers-60 (anchor rank 6 @ level 60); coefficient/cast_time_ms/mana_cost_pct from max rank; MaxLevel set to 80
8072,Stoneskin,8,0,0,320,0,0,0,0,0,0,0,0.0,,,"{""amplitude"": 0, ""apply_aura"": 22, ""base_points"": 94, ""chain_targets"": 0, ""die_sides"": 1, ""implicit_target_a"": 1, ""implicit_target_b"": 0, ""mechanic"": 0, ""misc_value"": 1, ""points_per_level"": 13.881578947368421, ""radius_yards"": 30.0, ""trigger_spell"": 0, ""type"": 65}",,,690,,,"{""AttributesEx6"": 67108864, ""AuraDescription_Lang_Mask"": 16712190, ""AuraDescription_Lang_enUS"": 10470, ""BaseLevel"": 4, ""CastingTimeIndex"": 1, ""DefenseType"": 1, ""Description_Lang_Mask"": 16712188, ""EffectChainAmplitude_1"": 1.0, ""EffectChainAmplitude_2"": 1.0, ""EffectChainAmplitude_3"": 1.0, ""EquippedItemClass"": -1, ""MaxLevel"": 80, ""NameSubtext_Lang_Mask"": 16712190, ""NameSubtext_Lang_enUS"": """", ""Name_Lang_Mask"": 16712190, ""PreventionType"": 1, ""ProcChance"": 101, ""RangeIndex"": 1, ""SpellClassMask_1"": 32768, ""SpellClassSet"": 11, ""SpellLevel"": 4, ""SpellVisualID_1"": 366}",pulled from existing data; single-rank bootstrap: BasePoints/BaseLevel/SpellLevel kept from rank 1 (learn level 4); RealPointsPerLevel from rank1->covers-60-overridden(undershoot-vs-top-rank) (anchor rank 10 @ level 80); coefficient/cast_time_ms/mana_cost_pct from max rank; MaxLevel set to 80
8075,Strength of Earth Totem,1,0,0,65536,0,0,0,0,0,0,10,0.0,,300000,"{""amplitude"": 0, ""apply_aura"": 0, ""base_points"": 4, ""chain_targets"": 0, ""die_sides"": 1, ""implicit_target_a"": 41, ""implicit_target_b"": 0, ""mechanic"": 0, ""misc_value"": 5874, ""points_per_level"": 0.0, ""radius_yards"": null, ""trigger_spell"": 0, ""type"": 28}",,,691,,,"{""AttributesEx7"": 32, ""AuraDescription_Lang_Mask"": 16712188, ""BaseLevel"": 10, ""CastingTimeIndex"": 1, ""DefenseType"": 1, ""Description_Lang_Mask"": 16712190, ""Description_Lang_enUS"": 161471, ""EffectChainAmplitude_1"": 1.0, ""EffectChainAmplitude_2"": 1.0, ""EffectChainAmplitude_3"": 1.0, ""EffectMiscValueB_1"": 81, ""EquippedItemClass"": -1, ""MaxLevel"": 80, ""NameSubtext_Lang_Mask"": 16712190, ""NameSubtext_Lang_enUS"": """", ""Name_Lang_Mask"": 16712190, ""ProcChance"": 101, ""RangeIndex"": 1, ""RequiredTotemCategoryID_1"": 2, ""SpellClassMask_1"": 536870912, ""SpellClassSet"": 11, ""SpellLevel"": 10, ""SpellVisualID_1"": 319, ""StartRecoveryCategory"": 133, ""StartRecoveryTime"": 1000}",pulled from existing data; single-rank bootstrap: BasePoints/BaseLevel/SpellLevel kept from rank 1 (learn level 10); RealPointsPerLevel from rank1->covers-60 (anchor rank 5 @ level 60); coefficient/cast_time_ms/mana_cost_pct from max rank; MaxLevel set to 80
8076,Strength of Earth,8,0,0,320,0,0,0,0,0,0,0,0.0,,,"{""amplitude"": 0, ""apply_aura"": 29, ""base_points"": 9, ""chain_targets"": 0, ""die_sides"": 1, ""implicit_target_a"": 1, ""implicit_target_b"": 0, ""mechanic"": 0, ""misc_value"": 0, ""points_per_level"": 2.0714285714285716, ""radius_yards"": 30.0, ""trigger_spell"": 0, ""type"": 65}","{""amplitude"": 0, ""apply_aura"": 29, ""base_points"": 9, ""chain_targets"": 0, ""die_sides"": 1, ""implicit_target_a"": 1, ""implicit_target_b"": 0, ""mechanic"": 0, ""misc_value"": 1, ""points_per_level"": 2.0714285714285716, ""radius_yards"": 20.0, ""trigger_spell"": 0, ""type"": 65}","{""amplitude"": 0, ""apply_aura"": 52, ""base_points"": -1, ""chain_targets"": 0, ""die_sides"": 1, ""implicit_target_a"": 1, ""implicit_target_b"": 0, ""mechanic"": 0, ""misc_value"": 0, ""points_per_level"": 0.0, ""radius_yards"": null, ""trigger_spell"": 0, ""type"": 65}",691,,,"{""AttributesEx6"": 67108864, ""AuraDescription_Lang_Mask"": 16712190, ""AuraDescription_Lang_enUS"": 161686, ""BaseLevel"": 10, ""CastingTimeIndex"": 1, ""DefenseType"": 1, ""Description_Lang_Mask"": 16712188, ""EffectChainAmplitude_1"": 1.0, ""EffectChainAmplitude_2"": 1.0, ""EffectChainAmplitude_3"": 1.0, ""EquippedItemClass"": -1, ""MaxLevel"": 80, ""NameSubtext_Lang_Mask"": 16712190, ""NameSubtext_Lang_enUS"": """", ""Name_Lang_Mask"": 16712190, ""PreventionType"": 1, ""ProcChance"": 101, ""RangeIndex"": 1, ""SpellClassMask_1"": 65536, ""SpellClassSet"": 11, ""SpellLevel"": 10, ""SpellVisualID_1"": 366}",pulled from existing data; single-rank bootstrap: BasePoints/BaseLevel/SpellLevel kept from rank 1 (learn level 10); RealPointsPerLevel from rank1->covers-60-overridden(undershoot-vs-top-rank) (anchor rank 8 @ level 80); coefficient/cast_time_ms/mana_cost_pct from max rank; MaxLevel set to 80
8143,Tremor Totem,1,0,0,65536,0,0,0,0,0,0,2,0.0,,300000,"{""amplitude"": 0, ""apply_aura"": 0, ""base_points"": 4, ""chain_targets"": 0, ""die_sides"": 1, ""implicit_target_a"": 41, ""implicit_target_b"": 0, ""mechanic"": 0, ""misc_value"": 5913, ""points_per_level"": 0.0, ""radius_yards"": null, ""trigger_spell"": 0, ""type"": 28}",,,1676,,,"{""AttributesEx7"": 32, ""AuraDescription_Lang_Mask"": 16712188, ""BaseLevel"": 18, ""CastingTimeIndex"": 1, ""DefenseType"": 1, ""Description_Lang_Mask"": 16712190, ""Description_Lang_enUS"": 164590, ""EffectChainAmplitude_1"": 1.0, ""EffectChainAmplitude_2"": 1.0, ""EffectChainAmplitude_3"": 1.0, ""EffectMiscValueB_1"": 81, ""EquippedItemClass"": -1, ""NameSubtext_Lang_Mask"": 16712188, ""Name_Lang_Mask"": 16712190, ""ProcChance"": 101, ""RangeIndex"": 1, ""RequiredTotemCategoryID_1"": 2, ""SpellClassMask_1"": 536870912, ""SpellClassSet"": 11, ""SpellLevel"": 18, ""SpellVisualID_1"": 319, ""StartRecoveryCategory"": 133, ""StartRecoveryTime"": 1000}",pulled from existing data
8170,Cleansing Totem,1,0,0,65536,0,0,0,0,0,0,8,0.0,,300000,"{""amplitude"": 0, ""apply_aura"": 0, ""base_points"": 4, ""chain_targets"": 0, ""die_sides"": 1, ""implicit_target_a"": 42, ""implicit_target_b"": 0, ""mechanic"": 0, ""misc_value"": 5924, ""points_per_level"": 0.0, ""radius_yards"": null, ""trigger_spell"": 0, ""type"": 28}",,,1673,,,"{""AttributesEx7"": 32, ""AuraDescription_Lang_Mask"": 16712188, ""BaseLevel"": 38, ""CastingTimeIndex"": 1, ""DefenseType"": 1, ""Description_Lang_Mask"": 16712190, ""Description_Lang_enUS"": 166133, ""EffectChainAmplitude_1"": 1.0, ""EffectChainAmplitude_2"": 1.0, ""EffectChainAmplitude_3"": 1.0, ""EffectMiscValueB_1"": 82, ""EquippedItemClass"": -1, ""NameSubtext_Lang_Mask"": 16712188, ""Name_Lang_Mask"": 16712190, ""ProcChance"": 101, ""RangeIndex"": 1, ""RequiredTotemCategoryID_1"": 5, ""SpellClassMask_1"": 536870912, ""SpellClassSet"": 11, ""SpellLevel"": 38, ""SpellVisualID_1"": 319, ""StartRecoveryCategory"": 133, ""StartRecoveryTime"": 1000}",pulled from existing data
8177,Grounding Totem,1,0,0,65536,230,0,0,15000,0,0,5,0.0,,45000,"{""amplitude"": 0, ""apply_aura"": 0, ""base_points"": 4, ""chain_targets"": 0, ""die_sides"": 1, ""implicit_target_a"": 43, ""implicit_target_b"": 0, ""mechanic"": 0, ""misc_value"": 5925, ""points_per_level"": 0.0, ""radius_yards"": null, ""trigger_spell"": 0, ""type"": 28}",,,1677,,,"{""AttributesEx2"": 1073741824, ""AttributesEx7"": 32, ""AuraDescription_Lang_Mask"": 16712188, ""BaseLevel"": 30, ""CastingTimeIndex"": 1, ""DefenseType"": 1, ""Description_Lang_Mask"": 16712190, ""Description_Lang_enUS"": 166450, ""EffectChainAmplitude_1"": 1.0, ""EffectChainAmplitude_2"": 1.0, ""EffectChainAmplitude_3"": 1.0, ""EffectMiscValueB_1"": 83, ""EquippedItemClass"": -1, ""NameSubtext_Lang_Mask"": 16712188, ""Name_Lang_Mask"": 16712190, ""ProcChance"": 101, ""RangeIndex"": 1, ""RequiredTotemCategoryID_1"": 3, ""SpellClassMask_1"": 537133056, ""SpellClassSet"": 11, ""SpellLevel"": 30, ""SpellVisualID_1"": 319, ""StartRecoveryCategory"": 133, ""StartRecoveryTime"": 1000}",pulled from existing data
8181,Frost Resistance Totem,1,0,0,65536,0,0,0,0,0,0,8,0.0,,300000,"{""amplitude"": 0, ""apply_aura"": 0, ""base_points"": 4, ""chain_targets"": 0, ""die_sides"": 1, ""implicit_target_a"": 44, ""implicit_target_b"": 0, ""mechanic"": 0, ""misc_value"": 5926, ""points_per_level"": 0.0, ""radius_yards"": null, ""trigger_spell"": 0, ""type"": 28}",,,1713,,,"{""AttributesEx6"": 67108864, ""AttributesEx7"": 32, ""AuraDescription_Lang_Mask"": 16712188, ""BaseLevel"": 24, ""CastingTimeIndex"": 1, ""DefenseType"": 1, ""Description_Lang_Mask"": 16712190, ""Description_Lang_enUS"": 166797, ""EffectChainAmplitude_1"": 1.0, ""EffectChainAmplitude_2"": 1.0, ""EffectChainAmplitude_3"": 1.0, ""EffectMiscValueB_1"": 63, ""EquippedItemClass"": -1, ""MaxLevel"": 80, ""NameSubtext_Lang_Mask"": 16712190, ""NameSubtext_Lang_enUS"": """", ""Name_Lang_Mask"": 16712190, ""ProcChance"": 101, ""RangeIndex"": 1, ""RequiredTotemCategoryID_1"": 4, ""SpellClassMask_1"": 536870912, ""SpellClassSet"": 11, ""SpellLevel"": 24, ""SpellVisualID_1"": 319, ""StartRecoveryCategory"": 133, ""StartRecoveryTime"": 1000}",pulled from existing data; single-rank bootstrap: BasePoints/BaseLevel/SpellLevel kept from rank 1 (learn level 24); RealPointsPerLevel from rank1->covers-60 (anchor rank 3 @ level 60); coefficient/cast_time_ms/mana_cost_pct from max rank; MaxLevel set to 80
8182,Frost Resistance,8,0,0,320,0,0,0,0,0,0,0,0.0,,,"{""amplitude"": 0, ""apply_aura"": 143, ""base_points"": 29, ""chain_targets"": 0, ""die_sides"": 1, ""implicit_target_a"": 1, ""implicit_target_b"": 0, ""mechanic"": 0, ""misc_value"": 16, ""points_per_level"": 1.7857142857142858, ""radius_yards"": 30.0, ""trigger_spell"": 0, ""type"": 65}",,,1713,,,"{""AuraDescription_Lang_Mask"": 16712190, ""AuraDescription_Lang_enUS"": 166979, ""BaseLevel"": 24, ""CastingTimeIndex"": 1, ""DefenseType"": 1, ""Description_Lang_Mask"": 16712188, ""EffectChainAmplitude_1"": 1.0, ""EffectChainAmplitude_2"": 1.0, ""EffectChainAmplitude_3"": 1.0, ""EquippedItemClass"": -1, ""MaxLevel"": 80, ""NameSubtext_Lang_Mask"": 16712190, ""NameSubtext_Lang_enUS"": """", ""Name_Lang_Mask"": 16712190, ""PreventionType"": 1, ""ProcChance"": 101, ""RangeIndex"": 1, ""SpellClassMask_1"": 67108864, ""SpellClassSet"": 11, ""SpellLevel"": 24, ""SpellVisualID_1"": 366}",pulled from existing data; single-rank bootstrap: BasePoints/BaseLevel/SpellLevel kept from rank 1 (learn level 24); RealPointsPerLevel from rank1->covers-60-overridden(undershoot-vs-top-rank) (anchor rank 6 @ level 80); coefficient/cast_time_ms/mana_cost_pct from max rank; MaxLevel set to 80
8184,Fire Resistance Totem,1,0,0,65536,0,0,0,0,0,0,8,0.0,,300000,"{""amplitude"": 0, ""apply_aura"": 0, ""base_points"": 4, ""chain_targets"": 0, ""die_sides"": 1, ""implicit_target_a"": 42, ""implicit_target_b"": 0, ""mechanic"": 0, ""misc_value"": 5927, ""points_per_level"": 0.0, ""radius_yards"": null, ""trigger_spell"": 0, ""type"": 28}",,,1712,,,"{""AttributesEx6"": 67108864, ""AttributesEx7"": 32, ""AuraDescription_Lang_Mask"": 16712188, ""BaseLevel"": 28, ""CastingTimeIndex"": 1, ""DefenseType"": 1, ""Description_Lang_Mask"": 16712190, ""Description_Lang_enUS"": 167035, ""EffectChainAmplitude_1"": 1.0, ""EffectChainAmplitude_2"": 1.0, ""EffectChainAmplitude_3"": 1.0, ""EffectMiscValueB_1"": 82, ""EquippedItemClass"": -1, ""MaxLevel"": 80, ""NameSubtext_Lang_Mask"": 16712190, ""NameSubtext_Lang_enUS"": """", ""Name_Lang_Mask"": 16712190, ""ProcChance"": 101, ""RangeIndex"": 1, ""RequiredTotemCategoryID_1"": 5, ""SpellClassMask_1"": 536870912, ""SpellClassSet"": 11, ""SpellLevel"": 28, ""SpellVisualID_1"": 319, ""StartRecoveryCategory"": 133, ""StartRecoveryTime"": 1000}",pulled from existing data; single-rank bootstrap: BasePoints/BaseLevel/SpellLevel kept from rank 1 (learn level 28); RealPointsPerLevel from rank1->covers-60 (anchor rank 3 @ level 60); coefficient/cast_time_ms/mana_cost_pct from max rank; MaxLevel set to 80
8185,Fire Resistance,16,0,0,320,0,0,0,0,0,0,0,0.0,,,"{""amplitude"": 0, ""apply_aura"": 143, ""base_points"": 29, ""chain_targets"": 0, ""die_sides"": 1, ""implicit_target_a"": 1, ""implicit_target_b"": 0, ""mechanic"": 0, ""misc_value"": 4, ""points_per_level"": 1.9230769230769231, ""radius_yards"": 30.0, ""trigger_spell"": 0, ""type"": 65}",,,1712,,,"{""AuraDescription_Lang_Mask"": 16712190, ""AuraDescription_Lang_enUS"": 167210, ""BaseLevel"": 28, ""CastingTimeIndex"": 1, ""DefenseType"": 1, ""Description_Lang_Mask"": 16712188, ""EffectChainAmplitude_1"": 1.0, ""EffectChainAmplitude_2"": 1.0, ""EffectChainAmplitude_3"": 1.0, ""EquippedItemClass"": -1, ""MaxLevel"": 80, ""NameSubtext_Lang_Mask"": 16712190, ""NameSubtext_Lang_enUS"": """", ""Name_Lang_Mask"": 16712190, ""PreventionType"": 1, ""ProcChance"": 101, ""RangeIndex"": 1, ""SpellClassMask_1"": 67108864, ""SpellClassSet"": 11, ""SpellLevel"": 28, ""SpellVisualID_1"": 366}",pulled from existing data; single-rank bootstrap: BasePoints/BaseLevel/SpellLevel kept from rank 1 (learn level 28); RealPointsPerLevel from rank1->covers-60-overridden(undershoot-vs-top-rank) (anchor rank 6 @ level 80); coefficient/cast_time_ms/mana_cost_pct from max rank; MaxLevel set to 80
8187,Magma Totem,4,0,0,0,0,0,0,0,0,0,0,0.0,,,"{""amplitude"": 0, ""apply_aura"": 0, ""base_points"": 37, ""chain_targets"": 0, ""die_sides"": 1, ""implicit_target_a"": 22, ""implicit_target_b"": 15, ""mechanic"": 0, ""misc_value"": 0, ""points_per_level"": 6.166666666666667, ""radius_yards"": 8.0, ""trigger_spell"": 0, ""type"": 2}",,,37,,,"{""AttributesEx"": 136, ""AttributesEx2"": 1073741824, ""AttributesEx3"": 64, ""AuraDescription_Lang_Mask"": 16712188, ""BaseLevel"": 26, ""CastingTimeIndex"": 1, ""DefenseType"": 1, ""Description_Lang_Mask"": 16712190, ""Description_Lang_enUS"": 167256, ""EffectBonusMultiplier_1"": 0.10000000149011612, ""EffectChainAmplitude_1"": 1.0, ""EffectChainAmplitude_2"": 1.0, ""EffectChainAmplitude_3"": 1.0, ""EquippedItemClass"": -1, ""MaxLevel"": 80, ""NameSubtext_Lang_Mask"": 16712190, ""NameSubtext_Lang_enUS"": """", ""Name_Lang_Mask"": 16712190, ""PreventionType"": 1, ""ProcChance"": 101, ""RangeIndex"": 1, ""SpellClassMask_1"": 1073741828, ""SpellClassSet"": 11, ""SpellLevel"": 26, ""SpellVisualID_1"": 2107}",pulled from existing data; single-rank bootstrap: BasePoints/BaseLevel/SpellLevel kept from rank 1 (learn level 26); RealPointsPerLevel from rank1->covers-60-overridden(undershoot-vs-top-rank) (anchor rank 7 @ level 80); coefficient/cast_time_ms/mana_cost_pct from max rank; MaxLevel set to 80
8190,Magma Totem,1,0,0,65536,0,0,0,0,0,0,27,0.0,,21000,"{""amplitude"": 0, ""apply_aura"": 0, ""base_points"": 4, ""chain_targets"": 0, ""die_sides"": 1, ""implicit_target_a"": 44, ""implicit_target_b"": 0, ""mechanic"": 0, ""misc_value"": 5929, ""points_per_level"": 0.0, ""radius_yards"": null, ""trigger_spell"": 0, ""type"": 28}",,,37,,,"{""AttributesEx7"": 32, ""AuraDescription_Lang_Mask"": 16712188, ""BaseLevel"": 26, ""CastingTimeIndex"": 1, ""DefenseType"": 1, ""Description_Lang_Mask"": 16712190, ""Description_Lang_enUS"": 167445, ""EffectChainAmplitude_1"": 1.0, ""EffectChainAmplitude_2"": 1.0, ""EffectChainAmplitude_3"": 1.0, ""EffectMiscValueB_1"": 63, ""EquippedItemClass"": -1, ""MaxLevel"": 80, ""NameSubtext_Lang_Mask"": 16712190, ""NameSubtext_Lang_enUS"": """", ""Name_Lang_Mask"": 16712190, ""ProcChance"": 101, ""RangeIndex"": 1, ""RequiredTotemCategoryID_1"": 4, ""SpellClassMask_1"": 4096, ""SpellClassSet"": 11, ""SpellLevel"": 26, ""SpellVisualID_1"": 369, ""StartRecoveryCategory"": 133, ""StartRecoveryTime"": 1000}",pulled from existing data; single-rank bootstrap: BasePoints/BaseLevel/SpellLevel kept from rank 1 (learn level 26); RealPointsPerLevel from rank1->covers-60 (anchor rank 4 @ level 60); coefficient/cast_time_ms/mana_cost_pct from max rank; MaxLevel set to 80
8227,Flametongue Totem,1,0,0,65536,0,0,0,0,0,0,11,0.0,,300000,"{""amplitude"": 0, ""apply_aura"": 0, ""base_points"": 4, ""chain_targets"": 0, ""die_sides"": 1, ""implicit_target_a"": 44, ""implicit_target_b"": 0, ""mechanic"": 0, ""misc_value"": 5950, ""points_per_level"": 0.0, ""radius_yards"": null, ""trigger_spell"": 0, ""type"": 28}",,,72,,,"{""AttributesEx6"": 67108864, ""AttributesEx7"": 32, ""AuraDescription_Lang_Mask"": 16712188, ""BaseLevel"": 28, ""CastingTimeIndex"": 1, ""DefenseType"": 1, ""Description_Lang_Mask"": 16712190, ""Description_Lang_enUS"": 168716, ""EffectChainAmplitude_1"": 1.0, ""EffectChainAmplitude_2"": 1.0, ""EffectChainAmplitude_3"": 1.0, ""EffectMiscValueB_1"": 63, ""EquippedItemClass"": -1, ""MaxLevel"": 80, ""NameSubtext_Lang_Mask"": 16712190, ""NameSubtext_Lang_enUS"": """", ""Name_Lang_Mask"": 16712190, ""ProcChance"": 101, ""RangeIndex"": 1, ""RequiredTotemCategoryID_1"": 4, ""SpellClassMask_1"": 536870912, ""SpellClassSet"": 11, ""SpellLevel"": 28, ""SpellVisualID_1"": 221, ""StartRecoveryCategory"": 133, ""StartRecoveryTime"": 1000}",pulled from existing data; single-rank bootstrap: BasePoints/BaseLevel/SpellLevel kept from rank 1 (learn level 28); RealPointsPerLevel from rank1->covers-60 (anchor rank 4 @ level 60); coefficient/cast_time_ms/mana_cost_pct from max rank; MaxLevel set to 80
8232,Windfury Weapon,8,0,0,328192,0,0,0,0,0,0,7,0.0,,,"{""amplitude"": 0, ""apply_aura"": 0, ""base_points"": 1799, ""chain_targets"": 0, ""die_sides"": 1, ""implicit_target_a"": 0, ""implicit_target_b"": 0, ""mechanic"": 0, ""misc_value"": 283, ""points_per_level"": 0.0, ""radius_yards"": null, ""trigger_spell"": 0, ""type"": 54}",,,220,,,"{""AttributesEx"": 131072, ""AttributesEx2"": 8, ""AuraDescription_Lang_Mask"": 16712188, ""BaseLevel"": 30, ""CastingTimeIndex"": 1, ""DefenseType"": 1, ""Description_Lang_Mask"": 16712190, ""Description_Lang_enUS"": 168938, ""EffectBasePoints_2"": 45, ""EffectChainAmplitude_1"": 1.0, ""EffectChainAmplitude_2"": 1.0, ""EffectChainAmplitude_3"": 1.0, ""EffectDieSides_2"": 1, ""EquippedItemClass"": 2, ""EquippedItemSubclass"": 173555, ""MaxLevel"": 80, ""NameSubtext_Lang_Mask"": 16712190, ""NameSubtext_Lang_enUS"": """", ""Name_Lang_Mask"": 16712190, ""PreventionType"": 1, ""ProcChance"": 101, ""RangeIndex"": 1, ""SpellClassMask_2"": 2048, ""SpellClassSet"": 11, ""SpellLevel"": 30, ""SpellVisualID_1"": 8723, ""StartRecoveryCategory"": 133, ""StartRecoveryTime"": 1500, ""Targets"": 16}",pulled from existing data; single-rank bootstrap: BasePoints/BaseLevel/SpellLevel kept from rank 1 (learn level 30); RealPointsPerLevel from rank1->covers-60 (anchor rank 4 @ level 60); coefficient/cast_time_ms/mana_cost_pct from max rank; MaxLevel set to 80
8349,Fire Nova,4,0,0,65536,0,0,0,0,0,0,0,100.0,,,"{""amplitude"": 0, ""apply_aura"": 0, ""base_points"": 47, ""chain_targets"": 0, ""die_sides"": 9, ""implicit_target_a"": 87, ""implicit_target_b"": 16, ""mechanic"": 0, ""misc_value"": 0, ""points_per_level"": 12.426470588235293, ""radius_yards"": 10.0, ""trigger_spell"": 0, ""type"": 2}",,,33,,,"{""AttributesEx"": 136, ""AttributesEx2"": 1073741824, ""AttributesEx3"": 1073741824, ""AttributesEx5"": 67108864, ""AuraDescription_Lang_Mask"": 16712188, ""BaseLevel"": 12, ""CastingTimeIndex"": 1, ""DefenseType"": 1, ""Description_Lang_Mask"": 16712190, ""Description_Lang_enUS"": 172493, ""EffectBonusMultiplier_1"": 0.21400000154972076, ""EffectChainAmplitude_1"": 1.0, ""EffectChainAmplitude_2"": 1.0, ""EffectChainAmplitude_3"": 1.0, ""EquippedItemClass"": -1, ""MaxLevel"": 80, ""NameSubtext_Lang_Mask"": 16712190, ""NameSubtext_Lang_enUS"": """", ""Name_Lang_Mask"": 16712190, ""PreventionType"": 1, ""ProcChance"": 101, ""SpellClassMask_2"": 2147745792, ""SpellClassSet"": 11, ""SpellLevel"": 12, ""SpellVisualID_1"": 14908, ""Targets"": 64}",pulled from existing data; single-rank bootstrap: BasePoints/BaseLevel/SpellLevel kept from rank 1 (learn level 12); RealPointsPerLevel from rank1->top-rank-fallback (anchor rank 9 @ level 80); coefficient/cast_time_ms/mana_cost_pct from max rank; MaxLevel set to 80
8512,Windfury Totem,1,0,0,65536,0,0,0,0,0,0,11,0.0,,300000,"{""amplitude"": 0, ""apply_aura"": 0, ""base_points"": 4, ""chain_targets"": 0, ""die_sides"": 1, ""implicit_target_a"": 43, ""implicit_target_b"": 0, ""mechanic"": 0, ""misc_value"": 6112, ""points_per_level"": 0.0, ""radius_yards"": null, ""trigger_spell"": 0, ""type"": 28}",,,1397,,,"{""AttributesEx7"": 32, ""AuraDescription_Lang_Mask"": 16712190, ""AuraDescription_Lang_enUS"": 175433, ""BaseLevel"": 32, ""CastingTimeIndex"": 1, ""DefenseType"": 1, ""Description_Lang_Mask"": 16712190, ""Description_Lang_enUS"": 175261, ""EffectChainAmplitude_1"": 1.0, ""EffectChainAmplitude_2"": 1.0, ""EffectChainAmplitude_3"": 1.0, ""EffectMiscValueB_1"": 83, ""EquippedItemClass"": -1, ""NameSubtext_Lang_Mask"": 16712190, ""Name_Lang_Mask"": 16712190, ""ProcChance"": 101, ""RangeIndex"": 1, ""RequiredTotemCategoryID_1"": 3, ""SpellClassMask_1"": 536870912, ""SpellClassSet"": 11, ""SpellLevel"": 32, ""SpellVisualID_1"": 221, ""StartRecoveryCategory"": 133, ""StartRecoveryTime"": 1000}",pulled from existing data
10400,Flametongue Weapon (Passive),8,0,0,262592,0,0,0,0,0,0,0,0.0,,,"{""amplitude"": 0, ""apply_aura"": 4, ""base_points"": 325, ""chain_targets"": 0, ""die_sides"": 1, ""implicit_target_a"": 1, ""implicit_target_b"": 0, ""mechanic"": 0, ""misc_value"": 0, ""points_per_level"": 19.0, ""radius_yards"": null, ""trigger_spell"": 0, ""type"": 6}","{""amplitude"": 0, ""apply_aura"": 13, ""base_points"": 6, ""chain_targets"": 0, ""die_sides"": 1, ""implicit_target_a"": 1, ""implicit_target_b"": 0, ""mechanic"": 0, ""misc_value"": 126, ""points_per_level"": 2.914285714285714, ""radius_yards"": null, ""trigger_spell"": 0, ""type"": 6}","{""amplitude"": 0, ""apply_aura"": 57, ""base_points"": -1, ""chain_targets"": 0, ""die_sides"": 1, ""implicit_target_a"": 1, ""implicit_target_b"": 0, ""mechanic"": 0, ""misc_value"": 0, ""points_per_level"": 0.0, ""radius_yards"": null, ""trigger_spell"": 0, ""type"": 6}",688,,,"{""AttributesEx2"": 16777216, ""AttributesEx3"": 67108864, ""AuraDescription_Lang_Mask"": 16712188, ""BaseLevel"": 10, ""CastingTimeIndex"": 1, ""Description_Lang_Mask"": 16712188, ""EffectChainAmplitude_1"": 1.0, ""EffectChainAmplitude_2"": 1.0, ""EffectChainAmplitude_3"": 1.0, ""EquippedItemClass"": -1, ""MaxLevel"": 80, ""NameSubtext_Lang_Mask"": 16712190, ""NameSubtext_Lang_enUS"": """", ""Name_Lang_Mask"": 16712190, ""ProcChance"": 100, ""ProcTypeMask"": 20, ""RangeIndex"": 1, ""SpellClassMask_1"": 2097152, ""SpellClassSet"": 11, ""SpellLevel"": 10}",pulled from existing data; single-rank bootstrap: BasePoints/BaseLevel/SpellLevel kept from rank 1 (learn level 10); RealPointsPerLevel from rank1->covers-60-overridden(undershoot-vs-top-rank) (anchor rank 10 @ level 80); coefficient/cast_time_ms/mana_cost_pct from max rank; MaxLevel set to 80
10595,Nature Resistance Totem,1,0,0,65536,0,0,0,0,0,0,8,0.0,,300000,"{""amplitude"": 0, ""apply_aura"": 0, ""base_points"": 4, ""chain_targets"": 0, ""die_sides"": 1, ""implicit_target_a"": 43, ""implicit_target_b"": 0, ""mechanic"": 0, ""misc_value"": 7467, ""points_per_level"": 0.0, ""radius_yards"": null, ""trigger_spell"": 0, ""type"": 28}",,,1675,,,"{""AttributesEx6"": 67108864, ""AttributesEx7"": 32, ""AuraDescription_Lang_Mask"": 16712188, ""BaseLevel"": 30, ""CastingTimeIndex"": 1, ""DefenseType"": 1, ""Description_Lang_Mask"": 16712190, ""Description_Lang_enUS"": 214070, ""EffectChainAmplitude_1"": 1.0, ""EffectChainAmplitude_2"": 1.0, ""EffectChainAmplitude_3"": 1.0, ""EffectMiscValueB_1"": 83, ""EquippedItemClass"": -1, ""MaxLevel"": 80, ""NameSubtext_Lang_Mask"": 16712190, ""NameSubtext_Lang_enUS"": """", ""Name_Lang_Mask"": 16712190, ""ProcChance"": 101, ""RangeIndex"": 1, ""RequiredTotemCategoryID_1"": 3, ""SpellClassMask_1"": 536870912, ""SpellClassSet"": 11, ""SpellLevel"": 30, ""SpellVisualID_1"": 319, ""StartRecoveryCategory"": 133, ""StartRecoveryTime"": 1000}",pulled from existing data; single-rank bootstrap: BasePoints/BaseLevel/SpellLevel kept from rank 1 (learn level 30); RealPointsPerLevel from rank1->covers-60 (anchor rank 3 @ level 60); coefficient/cast_time_ms/mana_cost_pct from max rank; MaxLevel set to 80
10596,Nature Resistance,8,0,0,320,0,0,0,0,0,0,0,0.0,,,"{""amplitude"": 0, ""apply_aura"": 143, ""base_points"": 29, ""chain_targets"": 0, ""die_sides"": 1, ""implicit_target_a"": 1, ""implicit_target_b"": 0, ""mechanic"": 0, ""misc_value"": 8, ""points_per_level"": 2.0, ""radius_yards"": 30.0, ""trigger_spell"": 0, ""type"": 65}",,,1675,,,"{""AttributesEx6"": 67108864, ""AuraDescription_Lang_Mask"": 16712190, ""AuraDescription_Lang_enUS"": 214251, ""BaseLevel"": 30, ""CastingTimeIndex"": 1, ""DefenseType"": 1, ""Description_Lang_Mask"": 16712188, ""EffectChainAmplitude_1"": 1.0, ""EffectChainAmplitude_2"": 1.0, ""EffectChainAmplitude_3"": 1.0, ""EquippedItemClass"": -1, ""MaxLevel"": 80, ""NameSubtext_Lang_Mask"": 16712190, ""NameSubtext_Lang_enUS"": """", ""Name_Lang_Mask"": 16712190, ""PreventionType"": 1, ""ProcChance"": 101, ""RangeIndex"": 1, ""SpellClassMask_1"": 67108864, ""SpellClassSet"": 11, ""SpellLevel"": 30, ""SpellVisualID_1"": 366}",pulled from existing data; single-rank bootstrap: BasePoints/BaseLevel/SpellLevel kept from rank 1 (learn level 30); RealPointsPerLevel from rank1->covers-60-overridden(undershoot-vs-top-rank) (anchor rank 6 @ level 80); coefficient/cast_time_ms/mana_cost_pct from max rank; MaxLevel set to 80
16177,Ancestral Fortitude,2,1,0,0,0,0,0,0,0,0,0,0.0,,15000,"{""amplitude"": 0, ""apply_aura"": 87, ""base_points"": -4, ""chain_targets"": 0, ""die_sides"": 1, ""implicit_target_a"": 21, ""implicit_target_b"": 0, ""mechanic"": 0, ""misc_value"": 1, ""points_per_level"": -0.11666666666666667, ""radius_yards"": null, ""trigger_spell"": 0, ""type"": 6}",,,200,,,"{""AttributesEx6"": 67108864, ""AuraDescription_Lang_Mask"": 16712190, ""AuraDescription_Lang_enUS"": 319876, ""CastingTimeIndex"": 1, ""Description_Lang_Mask"": 16712190, ""Description_Lang_enUS"": 349458, ""EffectChainAmplitude_1"": 1.0, ""EffectChainAmplitude_2"": 1.0, ""EffectChainAmplitude_3"": 1.0, ""EquippedItemClass"": -1, ""MaxLevel"": 80, ""NameSubtext_Lang_Mask"": 16712190, ""NameSubtext_Lang_enUS"": """", ""Name_Lang_Mask"": 16712190, ""ProcChance"": 100, ""ProcTypeMask"": 4, ""RangeIndex"": 1, ""SpellClassMask_2"": 67108864, ""SpellClassSet"": 11}",pulled from existing data; single-rank bootstrap: BasePoints/BaseLevel/SpellLevel kept from rank 1 (learn level 0); RealPointsPerLevel from rank1->covers-60 (anchor rank 3 @ level 60); coefficient/cast_time_ms/mana_cost_pct from max rank; MaxLevel set to 80
16257,Flurry,1,0,0,0,0,0,0,0,0,0,0,0.0,,15000,"{""amplitude"": 0, ""apply_aura"": 138, ""base_points"": 5, ""chain_targets"": 0, ""die_sides"": 1, ""implicit_target_a"": 1, ""implicit_target_b"": 0, ""mechanic"": 0, ""misc_value"": 0, ""points_per_level"": 0.4067796610169492, ""radius_yards"": null, ""trigger_spell"": 0, ""type"": 6}",,,108,,,"{""AttributesEx3"": 524288, ""AuraDescription_Lang_Mask"": 16712190, ""AuraDescription_Lang_enUS"": 57197, ""CastingTimeIndex"": 1, ""Description_Lang_Mask"": 16712190, ""Description_Lang_enUS"": 353143, ""EffectChainAmplitude_1"": 1.0, ""EffectChainAmplitude_2"": 1.0, ""EffectChainAmplitude_3"": 1.0, ""EquippedItemClass"": -1, ""MaxLevel"": 80, ""NameSubtext_Lang_Mask"": 16712190, ""NameSubtext_Lang_enUS"": """", ""Name_Lang_Mask"": 16712190, ""ProcChance"": 100, ""ProcCharges"": 3, ""ProcTypeMask"": 4, ""RangeIndex"": 1, ""SpellClassMask_2"": 512, ""SpellClassSet"": 11, ""SpellLevel"": 1, ""SpellPriority"": 50, ""SpellVisualID_1"": 2759}",pulled from existing data; single-rank bootstrap: BasePoints/BaseLevel/SpellLevel kept from rank 1 (learn level 1); RealPointsPerLevel from rank1->covers-60 (anchor rank 5 @ level 60); coefficient/cast_time_ms/mana_cost_pct from max rank; MaxLevel set to 80
20608,Reincarnation,8,0,0,8388672,1161,0,0,1800000,0,0,0,0.0,,,"{""amplitude"": 0, ""apply_aura"": 4, ""base_points"": 0, ""chain_targets"": 0, ""die_sides"": 0, ""implicit_target_a"": 1, ""implicit_target_b"": 0, ""mechanic"": 0, ""misc_value"": 0, ""points_per_level"": 0.0, ""radius_yards"": null, ""trigger_spell"": 0, ""type"": 6}",,,24,,,"{""AttributesEx3"": 1048576, ""AttributesEx4"": 65536, ""AuraDescription_Lang_Mask"": 16712188, ""BaseLevel"": 30, ""CastingTimeIndex"": 1, ""Description_Lang_Mask"": 16712190, ""Description_Lang_enUS"": 482744, ""EffectBonusMultiplier_1"": 1.0, ""EffectBonusMultiplier_2"": 1.0, ""EffectBonusMultiplier_3"": 1.0, ""EffectChainAmplitude_1"": 1.0, ""EffectChainAmplitude_2"": 1.0, ""EffectChainAmplitude_3"": 1.0, ""EquippedItemClass"": -1, ""NameSubtext_Lang_Mask"": 16712190, ""NameSubtext_Lang_enUS"": ""Passive"", ""Name_Lang_Mask"": 16712190, ""RangeIndex"": 1, ""ReagentCount_1"": 1, ""Reagent_1"": 17030, ""SpellClassMask_1"": 512, ""SpellClassSet"": 11, ""SpellLevel"": 30}",pulled from existing data
25357,Healing Wave,8,0,0,65536,0,3000,0,0,0,0,25,40.0,,,"{""amplitude"": 0, ""apply_aura"": 0, ""base_points"": 1619, ""chain_targets"": 0, ""die_sides"": 231, ""implicit_target_a"": 45, ""implicit_target_b"": 0, ""mechanic"": 0, ""misc_value"": 0, ""points_per_level"": 5.5, ""radius_yards"": null, ""trigger_spell"": 0, ""type"": 10}",,,13,,,"{""AuraDescription_Lang_Mask"": 16712188, ""BaseLevel"": 60, ""CastingTimeIndex"": 14, ""DefenseType"": 1, ""Description_Lang_Mask"": 16712190, ""Description_Lang_enUS"": 7744, ""EffectBonusMultiplier_1"": 1.6109999418258667, ""EffectChainAmplitude_1"": 0.20000000298023224, ""EffectChainAmplitude_2"": 1.0, ""EffectChainAmplitude_3"": 1.0, ""EquippedItemClass"": -1, ""InterruptFlags"": 15, ""MaxLevel"": 65, ""NameSubtext_Lang_Mask"": 16712190, ""NameSubtext_Lang_enUS"": ""Rank 10"", ""Name_Lang_Mask"": 16712190, ""PreventionType"": 1, ""ProcChance"": 101, ""SpellClassMask_1"": 64, ""SpellClassSet"": 11, ""SpellLevel"": 60, ""SpellVisualID_1"": 58, ""StartRecoveryCategory"": 133, ""StartRecoveryTime"": 1500}","pulled from existing data; step-7: superseded rank, kept (referenced by item_template spellid)"
25361,Strength of Earth Totem,1,0,0,65536,0,0,0,0,0,0,10,0.0,,300000,"{""amplitude"": 0, ""apply_aura"": 0, ""base_points"": 4, ""chain_targets"": 0, ""die_sides"": 1, ""implicit_target_a"": 41, ""implicit_target_b"": 0, ""mechanic"": 0, ""misc_value"": 15464, ""points_per_level"": 0.0, ""radius_yards"": null, ""trigger_spell"": 0, ""type"": 28}",,,691,,,"{""AttributesEx7"": 32, ""AuraDescription_Lang_Mask"": 16712188, ""BaseLevel"": 60, ""CastingTimeIndex"": 1, ""DefenseType"": 1, ""Description_Lang_Mask"": 16712190, ""Description_Lang_enUS"": 612301, ""EffectChainAmplitude_1"": 1.0, ""EffectChainAmplitude_2"": 1.0, ""EffectChainAmplitude_3"": 1.0, ""EffectMiscValueB_1"": 81, ""EquippedItemClass"": -1, ""NameSubtext_Lang_Mask"": 16712190, ""NameSubtext_Lang_enUS"": ""Rank 5"", ""Name_Lang_Mask"": 16712190, ""ProcChance"": 101, ""RangeIndex"": 1, ""RequiredTotemCategoryID_1"": 2, ""SpellClassMask_1"": 536870912, ""SpellClassSet"": 11, ""SpellLevel"": 60, ""SpellVisualID_1"": 319, ""StartRecoveryCategory"": 133, ""StartRecoveryTime"": 1000}","pulled from existing data; step-7: superseded rank, kept (referenced by item_template spellid)"
26364,Lightning Shield,8,0,0,16777216,0,0,0,0,0,0,0,100.0,,,"{""amplitude"": 0, ""apply_aura"": 0, ""base_points"": 12, ""chain_targets"": 0, ""die_sides"": 1, ""implicit_target_a"": 6, ""implicit_target_b"": 0, ""mechanic"": 0, ""misc_value"": 0, ""points_per_level"": 5.097222222222222, ""radius_yards"": null, ""trigger_spell"": 0, ""type"": 2}",,,62,,,"{""AttributesEx2"": 805306372, ""AttributesEx3"": 512, ""AttributesEx4"": 16384, ""AttributesEx5"": 393224, ""AuraDescription_Lang_Mask"": 16712188, ""BaseLevel"": 8, ""CastingTimeIndex"": 1, ""DefenseType"": 1, ""Description_Lang_Mask"": 16712190, ""Description_Lang_enUS"": 8640, ""EffectBonusMultiplier_1"": 0.2669999897480011, ""EffectChainAmplitude_1"": 1.0, ""EffectChainAmplitude_2"": 1.0, ""EffectChainAmplitude_3"": 1.0, ""EquippedItemClass"": -1, ""MaxLevel"": 80, ""NameSubtext_Lang_Mask"": 16712190, ""NameSubtext_Lang_enUS"": """", ""Name_Lang_Mask"": 16712190, ""PreventionType"": 1, ""ProcChance"": 101, ""SpellClassMask_1"": 1024, ""SpellClassSet"": 11, ""SpellLevel"": 8}",pulled from existing data; single-rank bootstrap: BasePoints/BaseLevel/SpellLevel kept from rank 1 (learn level 8); RealPointsPerLevel from rank1->covers-60-overridden(undershoot-vs-top-rank) (anchor rank 11 @ level 80); coefficient/cast_time_ms/mana_cost_pct from max rank; MaxLevel set to 80
29228,Flame Shock,4,1,0,327680,19,0,0,6000,0,0,17,25.0,,18000,"{""amplitude"": 0, ""apply_aura"": 0, ""base_points"": 308, ""chain_targets"": 0, ""die_sides"": 1, ""implicit_target_a"": 6, ""implicit_target_b"": 0, ""mechanic"": 0, ""misc_value"": 0, ""points_per_level"": 3.5, ""radius_yards"": null, ""trigger_spell"": 0, ""type"": 2}","{""amplitude"": 3000, ""apply_aura"": 3, ""base_points"": 85, ""chain_targets"": 0, ""die_sides"": 1, ""implicit_target_a"": 6, ""implicit_target_b"": 0, ""mechanic"": 0, ""misc_value"": 0, ""points_per_level"": 0.0, ""radius_yards"": null, ""trigger_spell"": 0, ""type"": 6}",,678,,,"{""AttributesEx5"": 8192, ""AuraDescription_Lang_Mask"": 16712190, ""AuraDescription_Lang_enUS"": 5323, ""BaseLevel"": 60, ""CastingTimeIndex"": 1, ""DefenseType"": 1, ""Description_Lang_Mask"": 16712190, ""Description_Lang_enUS"": 160612, ""EffectBonusMultiplier_1"": 0.21400000154972076, ""EffectBonusMultiplier_2"": 0.10000000149011612, ""EffectChainAmplitude_1"": 1.0, ""EffectChainAmplitude_2"": 1.0, ""EffectChainAmplitude_3"": 1.0, ""EquippedItemClass"": -1, ""FacingCasterFlags"": 1, ""MaxLevel"": 67, ""NameSubtext_Lang_Mask"": 16712190, ""NameSubtext_Lang_enUS"": ""Rank 6"", ""Name_Lang_Mask"": 16712190, ""PreventionType"": 1, ""ProcChance"": 101, ""SpellClassMask_1"": 268435456, ""SpellClassSet"": 11, ""SpellLevel"": 60, ""SpellVisualID_1"": 3445, ""StartRecoveryCategory"": 133, ""StartRecoveryTime"": 1500}","pulled from existing data; step-7: superseded rank, kept (referenced by item_template spellid)"
30165,Elemental Devastation,1,0,0,16,0,0,0,0,0,0,0,0.0,,10000,"{""amplitude"": 0, ""apply_aura"": 52, ""base_points"": 2, ""chain_targets"": 0, ""die_sides"": 1, ""implicit_target_a"": 1, ""implicit_target_b"": 0, ""mechanic"": 0, ""misc_value"": 0, ""points_per_level"": 0.1, ""radius_yards"": null, ""trigger_spell"": 0, ""type"": 6}",,,1930,,,"{""AuraDescription_Lang_Mask"": 16712190, ""AuraDescription_Lang_enUS"": 727275, ""CastingTimeIndex"": 1, ""Description_Lang_Mask"": 16712190, ""Description_Lang_enUS"": 760349, ""EffectBonusMultiplier_1"": 1.0, ""EffectBonusMultiplier_2"": 1.0, ""EffectBonusMultiplier_3"": 1.0, ""EffectChainAmplitude_1"": 1.0, ""EffectChainAmplitude_2"": 1.0, ""EffectChainAmplitude_3"": 1.0, ""EffectSpellClassMaskA_1"": 1073741824, ""EquippedItemClass"": -1, ""MaxLevel"": 80, ""NameSubtext_Lang_Mask"": 16712190, ""NameSubtext_Lang_enUS"": """", ""Name_Lang_Mask"": 16712190, ""ProcChance"": 101, ""RangeIndex"": 1, ""SpellClassSet"": 11}",pulled from existing data; single-rank bootstrap: BasePoints/BaseLevel/SpellLevel kept from rank 1 (learn level 0); RealPointsPerLevel from rank1->covers-60 (anchor rank 3 @ level 60); coefficient/cast_time_ms/mana_cost_pct from max rank; MaxLevel set to 80
30669,Elemental Shields,1,0,0,464,0,0,0,0,0,0,0,0.0,,,"{""amplitude"": 0, ""apply_aura"": 87, ""base_points"": -1, ""chain_targets"": 0, ""die_sides"": 1, ""implicit_target_a"": 1, ""implicit_target_b"": 0, ""mechanic"": 0, ""misc_value"": 1, ""points_per_level"": 0.0, ""radius_yards"": null, ""trigger_spell"": 0, ""type"": 6}","{""amplitude"": 0, ""apply_aura"": 188, ""base_points"": -1, ""chain_targets"": 0, ""die_sides"": 1, ""implicit_target_a"": 1, ""implicit_target_b"": 0, ""mechanic"": 0, ""misc_value"": 0, ""points_per_level"": 0.0, ""radius_yards"": null, ""trigger_spell"": 0, ""type"": 6}",,2025,,,"{""AuraDescription_Lang_Mask"": 16712188, ""CastingTimeIndex"": 1, ""Description_Lang_Mask"": 16712190, ""Description_Lang_enUS"": 779135, ""EffectBonusMultiplier_1"": 1.0, ""EffectBonusMultiplier_3"": 1.0, ""EffectChainAmplitude_1"": 1.0, ""EffectChainAmplitude_2"": 1.0, ""EffectChainAmplitude_3"": 1.0, ""EffectSpellClassMaskA_1"": 3, ""EffectSpellClassMaskB_1"": 576, ""EquippedItemClass"": -1, ""MaxLevel"": 80, ""NameSubtext_Lang_Mask"": 16712190, ""NameSubtext_Lang_enUS"": """", ""Name_Lang_Mask"": 16712190, ""ProcChance"": 101, ""RangeIndex"": 1, ""SpellClassSet"": 11}",pulled from existing data; single-rank bootstrap: BasePoints/BaseLevel/SpellLevel kept from rank 1 (learn level 0); RealPointsPerLevel from rank1->covers-60 (anchor rank 3 @ level 60); coefficient/cast_time_ms/mana_cost_pct from max rank; MaxLevel set to 80
30701,Elemental Absorption,1,0,0,464,0,0,0,0,0,0,0,0.0,,-1,"{""amplitude"": 0, ""apply_aura"": 4, ""base_points"": 3, ""chain_targets"": 0, ""die_sides"": 1, ""implicit_target_a"": 1, ""implicit_target_b"": 0, ""mechanic"": 0, ""misc_value"": 0, ""points_per_level"": 0.26666666666666666, ""radius_yards"": null, ""trigger_spell"": 0, ""type"": 6}",,,2016,,,"{""AuraDescription_Lang_Mask"": 16712188, ""CastingTimeIndex"": 1, ""Description_Lang_Mask"": 16712190, ""Description_Lang_enUS"": 780119, ""EffectBonusMultiplier_1"": 1.0, ""EffectBonusMultiplier_3"": 1.0, ""EffectChainAmplitude_1"": 1.0, ""EffectChainAmplitude_2"": 1.0, ""EffectSpellClassMaskA_1"": 3, ""EffectSpellClassMaskB_1"": 576, ""EquippedItemClass"": -1, ""MaxLevel"": 80, ""NameSubtext_Lang_Mask"": 16712190, ""NameSubtext_Lang_enUS"": """", ""Name_Lang_Mask"": 16712190, ""ProcChance"": 100, ""ProcTypeMask"": 664232, ""RangeIndex"": 1, ""SpellClassSet"": 11}",pulled from existing data; single-rank bootstrap: BasePoints/BaseLevel/SpellLevel kept from rank 1 (learn level 0); RealPointsPerLevel from rank1->covers-60 (anchor rank 5 @ level 60); coefficient/cast_time_ms/mana_cost_pct from max rank; MaxLevel set to 80
30706,Totem of Wrath,1,0,0,65536,0,0,0,0,0,0,5,0.0,,300000,"{""amplitude"": 0, ""apply_aura"": 0, ""base_points"": 4, ""chain_targets"": 0, ""die_sides"": 1, ""implicit_target_a"": 44, ""implicit_target_b"": 0, ""mechanic"": 0, ""misc_value"": 17539, ""points_per_level"": 0.0, ""radius_yards"": null, ""trigger_spell"": 0, ""type"": 28}",,,2019,,,"{""AttributesEx7"": 32, ""AuraDescription_Lang_Mask"": 16712188, ""BaseLevel"": 50, ""CastingTimeIndex"": 1, ""DefenseType"": 1, ""Description_Lang_Mask"": 16712190, ""Description_Lang_enUS"": 780246, ""EffectChainAmplitude_1"": 1.0, ""EffectChainAmplitude_2"": 1.0, ""EffectChainAmplitude_3"": 1.0, ""EffectMiscValueB_1"": 63, ""EquippedItemClass"": -1, ""MaxLevel"": 80, ""NameSubtext_Lang_Mask"": 16712190, ""NameSubtext_Lang_enUS"": """", ""Name_Lang_Mask"": 16712190, ""ProcChance"": 101, ""RangeIndex"": 1, ""RequiredTotemCategoryID_1"": 4, ""SpellClassMask_1"": 536870912, ""SpellClassSet"": 11, ""SpellLevel"": 50, ""SpellVisualID_1"": 221, ""StartRecoveryCategory"": 133, ""StartRecoveryTime"": 1000}",pulled from existing data; single-rank bootstrap: BasePoints/BaseLevel/SpellLevel kept from rank 1 (learn level 50); RealPointsPerLevel from rank1->covers-60 (anchor rank 2 @ level 60); coefficient/cast_time_ms/mana_cost_pct from max rank; MaxLevel set to 80
32182,Heroism,8,1,0,327680,0,0,300000,0,0,0,26,0.0,,40000,"{""amplitude"": 0, ""apply_aura"": 192, ""base_points"": 29, ""chain_targets"": 0, ""die_sides"": 1, ""implicit_target_a"": 56, ""implicit_target_b"": 0, ""mechanic"": 0, ""misc_value"": 0, ""points_per_level"": 0.0, ""radius_yards"": 100.0, ""trigger_spell"": 0, ""type"": 6}","{""amplitude"": 0, ""apply_aura"": 61, ""base_points"": 29, ""chain_targets"": 0, ""die_sides"": 1, ""implicit_target_a"": 56, ""implicit_target_b"": 0, ""mechanic"": 0, ""misc_value"": 0, ""points_per_level"": 0.0, ""radius_yards"": 100.0, ""trigger_spell"": 0, ""type"": 6}","{""amplitude"": 0, ""apply_aura"": 65, ""base_points"": 29, ""chain_targets"": 0, ""die_sides"": 1, ""implicit_target_a"": 56, ""implicit_target_b"": 0, ""mechanic"": 0, ""misc_value"": 0, ""points_per_level"": 0.0, ""radius_yards"": 100.0, ""trigger_spell"": 0, ""type"": 6}",2288,,,"{""AttributesEx"": 131072, ""AttributesEx6"": 67108864, ""AttributesEx7"": 512, ""AuraDescription_Lang_Mask"": 16712190, ""AuraDescription_Lang_enUS"": 51348, ""BaseLevel"": 70, ""CastingTimeIndex"": 1, ""Description_Lang_Mask"": 16712190, ""Description_Lang_enUS"": 830255, ""EffectBonusMultiplier_1"": 1.0, ""EffectBonusMultiplier_3"": 1.0, ""EffectChainAmplitude_1"": 1.0, ""EffectChainAmplitude_2"": 1.0, ""EffectChainAmplitude_3"": 1.0, ""EquippedItemClass"": -1, ""MaxLevel"": 74, ""NameSubtext_Lang_Mask"": 16712172, ""Name_Lang_Mask"": 16712190, ""PreventionType"": 1, ""ProcChance"": 101, ""RangeIndex"": 1, ""SpellClassMask_2"": 64, ""SpellClassSet"": 11, ""SpellLevel"": 70, ""SpellVisualID_1"": 7922, ""StartRecoveryCategory"": 133, ""StartRecoveryTime"": 1500}",pulled from existing data
36936,Totemic Recall,8,0,0,65536,0,0,0,0,0,0,0,0.0,,,"{""amplitude"": 0, ""apply_aura"": 0, ""base_points"": 24, ""chain_targets"": 0, ""die_sides"": 1, ""implicit_target_a"": 0, ""implicit_target_b"": 0, ""mechanic"": 0, ""misc_value"": 0, ""points_per_level"": 0.0, ""radius_yards"": null, ""trigger_spell"": 0, ""type"": 110}",,,3994,,,"{""AuraDescription_Lang_Mask"": 16712188, ""BaseLevel"": 30, ""CastingTimeIndex"": 1, ""Description_Lang_Mask"": 16712190, ""Description_Lang_enUS"": 1006090, ""EffectChainAmplitude_1"": 1.0, ""EffectChainAmplitude_2"": 1.0, ""EffectChainAmplitude_3"": 1.0, ""EquippedItemClass"": -1, ""NameSubtext_Lang_Mask"": 16712188, ""Name_Lang_Mask"": 16712190, ""PreventionType"": 1, ""ProcChance"": 101, ""RangeIndex"": 1, ""SpellClassSet"": 11, ""SpellLevel"": 30, ""SpellVisualID_1"": 8593, ""StartRecoveryCategory"": 133, ""StartRecoveryTime"": 1500}",pulled from existing data
38115,Stoneskin Totem,8,0,0,65536,0,0,0,0,0,0,0,0.0,,120000,"{""amplitude"": 0, ""apply_aura"": 0, ""base_points"": 4, ""chain_targets"": 0, ""die_sides"": 1, ""implicit_target_a"": 41, ""implicit_target_b"": 0, ""mechanic"": 0, ""misc_value"": 21994, ""points_per_level"": 0.0, ""radius_yards"": null, ""trigger_spell"": 0, ""type"": 28}",,,690,,,"{""AuraDescription_Lang_Mask"": 16712188, ""BaseLevel"": 14, ""CastingTimeIndex"": 1, ""DefenseType"": 1, ""Description_Lang_Mask"": 16712190, ""Description_Lang_enUS"": 1046301, ""EffectChainAmplitude_1"": 1.0, ""EffectChainAmplitude_2"": 1.0, ""EffectChainAmplitude_3"": 1.0, ""EffectMiscValueB_1"": 81, ""EquippedItemClass"": -1, ""NameSubtext_Lang_Mask"": 16712190, ""NameSubtext_Lang_enUS"": ""Rank 2"", ""Name_Lang_Mask"": 16712190, ""PreventionType"": 1, ""ProcChance"": 101, ""RangeIndex"": 1, ""RequiredTotemCategoryID_1"": 2, ""SpellClassMask_1"": 536870912, ""SpellClassSet"": 11, ""SpellLevel"": 14, ""SpellVisualID_1"": 319, ""StartRecoveryCategory"": 133, ""StartRecoveryTime"": 1500}",pulled from existing data
38116,Searing Totem,4,0,0,65536,0,0,0,0,0,0,0,0.0,,35000,"{""amplitude"": 0, ""apply_aura"": 0, ""base_points"": 4, ""chain_targets"": 0, ""die_sides"": 1, ""implicit_target_a"": 44, ""implicit_target_b"": 0, ""mechanic"": 0, ""misc_value"": 21995, ""points_per_level"": 0.0, ""radius_yards"": null, ""trigger_spell"": 0, ""type"": 28}",,,680,,,"{""AuraDescription_Lang_Mask"": 16712188, ""BaseLevel"": 20, ""CastingTimeIndex"": 1, ""Description_Lang_Mask"": 16712190, ""Description_Lang_enUS"": 115722, ""EffectChainAmplitude_1"": 1.0, ""EffectChainAmplitude_2"": 1.0, ""EffectChainAmplitude_3"": 1.0, ""EffectMiscValueB_1"": 63, ""EquippedItemClass"": -1, ""NameSubtext_Lang_Mask"": 16712190, ""NameSubtext_Lang_enUS"": ""Rank 2"", ""Name_Lang_Mask"": 16712190, ""PreventionType"": 1, ""ProcChance"": 101, ""RangeIndex"": 1, ""RequiredTotemCategoryID_1"": 4, ""SpellClassMask_1"": 16, ""SpellClassSet"": 11, ""SpellLevel"": 20, ""SpellVisualID_1"": 221, ""StartRecoveryCategory"": 133, ""StartRecoveryTime"": 1500}",pulled from existing data
45284,Lightning Bolt,8,0,0,65536,0,0,0,0,0,0,0,30.0,,,"{""amplitude"": 0, ""apply_aura"": 0, ""base_points"": 6, ""chain_targets"": 0, ""die_sides"": 1, ""implicit_target_a"": 6, ""implicit_target_b"": 0, ""mechanic"": 0, ""misc_value"": 0, ""points_per_level"": 4.455696202531645, ""radius_yards"": null, ""trigger_spell"": 0, ""type"": 2}",,,62,,,"{""AttributesEx"": 1024, ""AttributesEx4"": 128, ""AuraDescription_Lang_Mask"": 16712188, ""BaseLevel"": 1, ""CastingTimeIndex"": 1, ""DefenseType"": 1, ""Description_Lang_Mask"": 16712190, ""Description_Lang_enUS"": 8640, ""EffectBonusMultiplier_1"": 0.3569999933242798, ""EffectChainAmplitude_1"": 1.0, ""EffectChainAmplitude_2"": 1.0, ""EffectChainAmplitude_3"": 1.0, ""EquippedItemClass"": -1, ""FacingCasterFlags"": 1, ""InterruptFlags"": 15, ""MaxLevel"": 80, ""NameSubtext_Lang_Mask"": 16712190, ""NameSubtext_Lang_enUS"": """", ""Name_Lang_Mask"": 16712190, ""PreventionType"": 1, ""ProcChance"": 101, ""Speed"": 20.0, ""SpellClassMask_1"": 1, ""SpellClassSet"": 11, ""SpellLevel"": 1, ""SpellVisualID_1"": 173}",pulled from existing data; single-rank bootstrap: BasePoints/BaseLevel/SpellLevel kept from rank 1 (learn level 1); RealPointsPerLevel from rank1->covers-60-overridden(undershoot-vs-top-rank) (anchor rank 14 @ level 80); coefficient/cast_time_ms/mana_cost_pct from max rank; MaxLevel set to 80
45297,Chain Lightning,8,0,0,65536,0,0,0,0,0,0,0,30.0,,,"{""amplitude"": 0, ""apply_aura"": 0, ""base_points"": 95, ""chain_targets"": 3, ""die_sides"": 13, ""implicit_target_a"": 6, ""implicit_target_b"": 0, ""mechanic"": 0, ""misc_value"": 0, ""points_per_level"": 8.145833333333334, ""radius_yards"": null, ""trigger_spell"": 0, ""type"": 2}",,,165,,,"{""AttributesEx"": 1024, ""AttributesEx4"": 128, ""AuraDescription_Lang_Mask"": 16712188, ""BaseLevel"": 32, ""CastingTimeIndex"": 1, ""DefenseType"": 1, ""Description_Lang_Mask"": 16712190, ""Description_Lang_enUS"": 8920, ""EffectBonusMultiplier_1"": 0.2854999899864197, ""EffectChainAmplitude_1"": 0.699999988079071, ""EffectChainAmplitude_2"": 1.0, ""EffectChainAmplitude_3"": 1.0, ""EquippedItemClass"": -1, ""FacingCasterFlags"": 1, ""InterruptFlags"": 15, ""MaxLevel"": 80, ""NameSubtext_Lang_Mask"": 16712190, ""NameSubtext_Lang_enUS"": """", ""Name_Lang_Mask"": 16712190, ""PreventionType"": 1, ""ProcChance"": 101, ""SpellClassMask_1"": 2, ""SpellClassSet"": 11, ""SpellLevel"": 32, ""SpellVisualID_1"": 36}",pulled from existing data; single-rank bootstrap: BasePoints/BaseLevel/SpellLevel kept from rank 1 (learn level 32); RealPointsPerLevel from rank1->covers-60-overridden(undershoot-vs-top-rank) (anchor rank 8 @ level 80); coefficient/cast_time_ms/mana_cost_pct from max rank; MaxLevel set to 80
51490,Thunderstorm,8,0,0,65536,1223,0,0,45000,0,0,0,0.0,,,"{""amplitude"": 0, ""apply_aura"": 0, ""base_points"": 550, ""chain_targets"": 0, ""die_sides"": 79, ""implicit_target_a"": 22, ""implicit_target_b"": 15, ""mechanic"": 0, ""misc_value"": 0, ""points_per_level"": 44.95, ""radius_yards"": 10.0, ""trigger_spell"": 0, ""type"": 2}","{""amplitude"": 0, ""apply_aura"": 0, ""base_points"": 7, ""chain_targets"": 0, ""die_sides"": 1, ""implicit_target_a"": 1, ""implicit_target_b"": 0, ""mechanic"": 0, ""misc_value"": 0, ""points_per_level"": 0.0, ""radius_yards"": null, ""trigger_spell"": 0, ""type"": 137}","{""amplitude"": 0, ""apply_aura"": 0, ""base_points"": 59, ""chain_targets"": 0, ""die_sides"": 1, ""implicit_target_a"": 22, ""implicit_target_b"": 15, ""mechanic"": 0, ""misc_value"": 300, ""points_per_level"": 0.0, ""radius_yards"": 10.0, ""trigger_spell"": 0, ""type"": 98}",3080,,,"{""AttributesEx5"": 8, ""AuraDescription_Lang_Mask"": 16712188, ""BaseLevel"": 60, ""CastingTimeIndex"": 1, ""DefenseType"": 1, ""Description_Lang_Mask"": 16712190, ""Description_Lang_enUS"": 1524723, ""EffectBonusMultiplier_1"": 0.1720000058412552, ""EffectChainAmplitude_1"": 1.0, ""EffectChainAmplitude_2"": 1.0, ""EffectChainAmplitude_3"": 1.0, ""EquippedItemClass"": -1, ""InterruptFlags"": 11, ""MaxLevel"": 80, ""NameSubtext_Lang_Mask"": 16712190, ""NameSubtext_Lang_enUS"": """", ""Name_Lang_Mask"": 16712190, ""PreventionType"": 1, ""ProcChance"": 101, ""RangeIndex"": 1, ""SpellClassMask_2"": 8192, ""SpellClassSet"": 11, ""SpellLevel"": 60, ""SpellVisualID_1"": 11302, ""StartRecoveryCategory"": 133, ""StartRecoveryTime"": 1500}",pulled from existing data; single-rank bootstrap: BasePoints/BaseLevel/SpellLevel kept from rank 1 (learn level 60); RealPointsPerLevel from rank1->top-rank-fallback (anchor rank 4 @ level 80); coefficient/cast_time_ms/mana_cost_pct from max rank; MaxLevel set to 80
51505,Lava Burst,4,0,0,65536,1224,2000,0,8000,0,0,10,30.0,,,"{""amplitude"": 0, ""apply_aura"": 0, ""base_points"": 1011, ""chain_targets"": 0, ""die_sides"": 279, ""implicit_target_a"": 6, ""implicit_target_b"": 0, ""mechanic"": 0, ""misc_value"": 0, ""points_per_level"": 36.0, ""radius_yards"": null, ""trigger_spell"": 0, ""type"": 2}",,,3064,,,"{""AttributesEx3"": 1048576, ""AuraDescription_Lang_Mask"": 16712188, ""BaseLevel"": 75, ""CastingTimeIndex"": 5, ""DefenseType"": 1, ""Description_Lang_Mask"": 16712190, ""Description_Lang_enUS"": 1525523, ""EffectBasePoints_2"": -1, ""EffectBonusMultiplier_1"": 0.5709999799728394, ""EffectChainAmplitude_1"": 1.0, ""EffectChainAmplitude_2"": 1.0, ""EffectChainAmplitude_3"": 1.0, ""EffectDieSides_2"": 1, ""EquippedItemClass"": -1, ""FacingCasterFlags"": 1, ""InterruptFlags"": 15, ""MaxLevel"": 80, ""NameSubtext_Lang_Mask"": 16712190, ""NameSubtext_Lang_enUS"": """", ""Name_Lang_Mask"": 16712190, ""PreventionType"": 1, ""ProcChance"": 101, ""Speed"": 24.0, ""SpellClassMask_2"": 4096, ""SpellClassSet"": 11, ""SpellLevel"": 75, ""SpellPriority"": 50, ""SpellVisualID_1"": 11565, ""StartRecoveryCategory"": 133, ""StartRecoveryTime"": 1500}",pulled from existing data; single-rank bootstrap: BasePoints/BaseLevel/SpellLevel kept from rank 1 (learn level 75); RealPointsPerLevel from rank1->top-rank-fallback (anchor rank 2 @ level 80); coefficient/cast_time_ms/mana_cost_pct from max rank; MaxLevel set to 80
51514,Hex,8,2,17,1074855936,0,1500,45000,0,0,0,3,20.0,,30000,"{""amplitude"": 0, ""apply_aura"": 56, ""base_points"": 0, ""chain_targets"": 0, ""die_sides"": 0, ""implicit_target_a"": 6, ""implicit_target_b"": 0, ""mechanic"": 0, ""misc_value"": 13321, ""points_per_level"": 0.0, ""radius_yards"": null, ""trigger_spell"": 0, ""type"": 6}","{""amplitude"": 0, ""apply_aura"": 60, ""base_points"": -1, ""chain_targets"": 0, ""die_sides"": 1, ""implicit_target_a"": 6, ""implicit_target_b"": 0, ""mechanic"": 0, ""misc_value"": 0, ""points_per_level"": 0.0, ""radius_yards"": null, ""trigger_spell"": 0, ""type"": 6}",,3058,,,"{""AttributesEx"": 262144, ""AttributesEx2"": 64, ""AttributesEx4"": 1610612736, ""AttributesEx5"": 32, ""AttributesEx6"": 8388608, ""AuraDescription_Lang_Mask"": 16712190, ""AuraDescription_Lang_enUS"": 277077, ""AuraInterruptFlags"": 524288, ""BaseLevel"": 80, ""CastingTimeIndex"": 16, ""DefenseType"": 1, ""Description_Lang_Mask"": 16712190, ""Description_Lang_enUS"": 1526034, ""EffectBasePoints_3"": -1, ""EffectChainAmplitude_1"": 1.0, ""EffectChainAmplitude_2"": 1.0, ""EffectChainAmplitude_3"": 1.0, ""EffectDieSides_3"": 1, ""EquippedItemClass"": -1, ""InterruptFlags"": 15, ""NameSubtext_Lang_Mask"": 16712172, ""Name_Lang_Mask"": 16712190, ""PreventionType"": 1, ""ProcChance"": 100, ""ProcTypeMask"": 664232, ""SpellClassMask_2"": 32768, ""SpellClassSet"": 11, ""SpellLevel"": 80, ""SpellPriority"": 50, ""SpellVisualID_1"": 12780, ""StartRecoveryCategory"": 133, ""StartRecoveryTime"": 1500, ""TargetCreatureType"": 65}",pulled from existing data
51730,Earthliving Weapon,8,0,0,328192,0,0,0,0,0,0,6,0.0,,,"{""amplitude"": 0, ""apply_aura"": 0, ""base_points"": 1799, ""chain_targets"": 0, ""die_sides"": 1, ""implicit_target_a"": 0, ""implicit_target_b"": 0, ""mechanic"": 0, ""misc_value"": 3345, ""points_per_level"": 0.0, ""radius_yards"": null, ""trigger_spell"": 0, ""type"": 54}",,,3061,,,"{""AttributesEx"": 131072, ""AttributesEx2"": 8, ""AuraDescription_Lang_Mask"": 16712188, ""BaseLevel"": 30, ""CastingTimeIndex"": 1, ""DefenseType"": 1, ""Description_Lang_Mask"": 16712190, ""Description_Lang_enUS"": 1539081, ""EffectBasePoints_2"": 19, ""EffectChainAmplitude_1"": 1.0, ""EffectChainAmplitude_2"": 1.0, ""EffectChainAmplitude_3"": 1.0, ""EffectDieSides_2"": 1, ""EquippedItemClass"": 2, ""EquippedItemSubclass"": 173555, ""MaxLevel"": 80, ""NameSubtext_Lang_Mask"": 16712190, ""NameSubtext_Lang_enUS"": """", ""Name_Lang_Mask"": 16712190, ""PreventionType"": 1, ""ProcChance"": 101, ""RangeIndex"": 1, ""SpellClassMask_2"": 2048, ""SpellClassSet"": 11, ""SpellDescriptionVariableID"": 101, ""SpellLevel"": 30, ""SpellVisualID_1"": 8723, ""StartRecoveryCategory"": 133, ""StartRecoveryTime"": 1500, ""Targets"": 16}",pulled from existing data; single-rank bootstrap: BasePoints/BaseLevel/SpellLevel kept from rank 1 (learn level 30); RealPointsPerLevel from rank1->covers-60 (anchor rank 4 @ level 60); coefficient/cast_time_ms/mana_cost_pct from max rank; MaxLevel set to 80
51940,Earthliving Weapon (Passive),8,0,0,192,0,0,0,0,0,0,0,0.0,,,"{""amplitude"": 0, ""apply_aura"": 42, ""base_points"": -1, ""chain_targets"": 0, ""die_sides"": 1, ""implicit_target_a"": 21, ""implicit_target_b"": 0, ""mechanic"": 0, ""misc_value"": 0, ""points_per_level"": 0.0, ""radius_yards"": null, ""trigger_spell"": 51945, ""type"": 6}","{""amplitude"": 0, ""apply_aura"": 135, ""base_points"": 25, ""chain_targets"": 0, ""die_sides"": 1, ""implicit_target_a"": 1, ""implicit_target_b"": 0, ""mechanic"": 0, ""misc_value"": 126, ""points_per_level"": 2.48, ""radius_yards"": null, ""trigger_spell"": 0, ""type"": 6}",,1929,,,"{""AttributesEx2"": 16777216, ""AuraDescription_Lang_Mask"": 16712188, ""BaseLevel"": 30, ""CastingTimeIndex"": 1, ""Description_Lang_Mask"": 16712188, ""EffectChainAmplitude_1"": 1.0, ""EffectChainAmplitude_2"": 1.0, ""EffectChainAmplitude_3"": 1.0, ""EquippedItemClass"": -1, ""MaxLevel"": 80, ""NameSubtext_Lang_Mask"": 16712190, ""NameSubtext_Lang_enUS"": """", ""Name_Lang_Mask"": 16712190, ""ProcChance"": 100, ""ProcTypeMask"": 17408, ""RangeIndex"": 1, ""SpellClassMask_2"": 1048576, ""SpellClassSet"": 11, ""SpellLevel"": 30}",pulled from existing data; single-rank bootstrap: BasePoints/BaseLevel/SpellLevel kept from rank 1 (learn level 30); RealPointsPerLevel from rank1->covers-60-overridden(undershoot-vs-top-rank) (anchor rank 6 @ level 80); coefficient/cast_time_ms/mana_cost_pct from max rank; MaxLevel set to 80
51945,Earthliving,8,1,0,0,0,0,0,0,0,0,0,40.0,,12000,"{""amplitude"": 3000, ""apply_aura"": 8, ""base_points"": 28, ""chain_targets"": 0, ""die_sides"": 1, ""implicit_target_a"": 21, ""implicit_target_b"": 0, ""mechanic"": 0, ""misc_value"": 0, ""points_per_level"": 2.68, ""radius_yards"": null, ""trigger_spell"": 0, ""type"": 6}",,,3060,,,"{""AttributesEx3"": 128, ""AttributesEx6"": 67108864, ""AuraDescription_Lang_Mask"": 16712190, ""AuraDescription_Lang_enUS"": 20244, ""BaseLevel"": 30, ""CastingTimeIndex"": 1, ""DefenseType"": 1, ""Description_Lang_Mask"": 16712190, ""Description_Lang_enUS"": 1115314, ""EffectBasePoints_2"": -1, ""EffectBonusMultiplier_1"": 0.17100000381469727, ""EffectChainAmplitude_1"": 1.0, ""EffectChainAmplitude_2"": 1.0, ""EffectChainAmplitude_3"": 1.0, ""EffectDieSides_2"": 1, ""EquippedItemClass"": -1, ""MaxLevel"": 80, ""NameSubtext_Lang_Mask"": 16712190, ""NameSubtext_Lang_enUS"": """", ""Name_Lang_Mask"": 16712190, ""PreventionType"": 1, ""ProcChance"": 101, ""SpellClassMask_2"": 524288, ""SpellClassSet"": 11, ""SpellLevel"": 30, ""SpellVisualID_1"": 11443, ""StartRecoveryCategory"": 133}",pulled from existing data; single-rank bootstrap: BasePoints/BaseLevel/SpellLevel kept from rank 1 (learn level 30); RealPointsPerLevel from rank1->covers-60-overridden(undershoot-vs-top-rank) (anchor rank 6 @ level 80); coefficient/cast_time_ms/mana_cost_pct from max rank; MaxLevel set to 80
52109,Flametongue Totem,8,0,0,320,0,0,0,0,0,0,0,0.0,,,"{""amplitude"": 0, ""apply_aura"": 13, ""base_points"": 24, ""chain_targets"": 0, ""die_sides"": 1, ""implicit_target_a"": 22, ""implicit_target_b"": 33, ""mechanic"": 0, ""misc_value"": 126, ""points_per_level"": 2.7045454545454546, ""radius_yards"": 30.0, ""trigger_spell"": 0, ""type"": 65}","{""amplitude"": 0, ""apply_aura"": 135, ""base_points"": 24, ""chain_targets"": 0, ""die_sides"": 1, ""implicit_target_a"": 22, ""implicit_target_b"": 33, ""mechanic"": 0, ""misc_value"": 127, ""points_per_level"": 2.7045454545454546, ""radius_yards"": 30.0, ""trigger_spell"": 0, ""type"": 65}",,72,,,"{""AuraDescription_Lang_Mask"": 16712190, ""AuraDescription_Lang_enUS"": 1556635, ""BaseLevel"": 28, ""CastingTimeIndex"": 1, ""DefenseType"": 1, ""Description_Lang_Mask"": 16712188, ""EffectBonusMultiplier_3"": 1.0, ""EffectChainAmplitude_1"": 1.0, ""EffectChainAmplitude_2"": 1.0, ""EffectChainAmplitude_3"": 1.0, ""EquippedItemClass"": -1, ""MaxLevel"": 80, ""NameSubtext_Lang_Mask"": 16712190, ""NameSubtext_Lang_enUS"": """", ""Name_Lang_Mask"": 16712190, ""PreventionType"": 1, ""ProcChance"": 101, ""RangeIndex"": 1, ""SpellClassMask_1"": 33554432, ""SpellClassSet"": 11, ""SpellLevel"": 28}",pulled from existing data; single-rank bootstrap: BasePoints/BaseLevel/SpellLevel kept from rank 1 (learn level 28); RealPointsPerLevel from rank1->covers-60-overridden(undershoot-vs-top-rank) (anchor rank 8 @ level 72); coefficient/cast_time_ms/mana_cost_pct from max rank; MaxLevel set to 80
52127,Water Shield,8,1,0,327680,0,0,0,0,0,0,0,0.0,,600000,"{""amplitude"": 0, ""apply_aura"": 42, ""base_points"": 39, ""chain_targets"": 0, ""die_sides"": 1, ""implicit_target_a"": 1, ""implicit_target_b"": 0, ""mechanic"": 0, ""misc_value"": 0, ""points_per_level"": 6.466666666666667, ""radius_yards"": null, ""trigger_spell"": 52128, ""type"": 6}","{""amplitude"": 0, ""apply_aura"": 85, ""base_points"": 9, ""chain_targets"": 0, ""die_sides"": 1, ""implicit_target_a"": 1, ""implicit_target_b"": 0, ""mechanic"": 0, ""misc_value"": 0, ""points_per_level"": 1.5, ""radius_yards"": null, ""trigger_spell"": 0, ""type"": 6}",,2287,,,"{""AttributesEx"": 1024, ""AttributesEx3"": 196608, ""AttributesEx4"": 524288, ""AuraDescription_Lang_Mask"": 16712190, ""AuraDescription_Lang_enUS"": 1558268, ""BaseLevel"": 20, ""CastingTimeIndex"": 1, ""DefenseType"": 1, ""Description_Lang_Mask"": 16712190, ""Description_Lang_enUS"": 1557918, ""EffectBonusMultiplier_1"": 1.0, ""EffectBonusMultiplier_3"": 1.0, ""EffectChainAmplitude_1"": 1.0, ""EffectChainAmplitude_2"": 1.0, ""EffectChainAmplitude_3"": 1.0, ""EquippedItemClass"": -1, ""MaxLevel"": 80, ""NameSubtext_Lang_Mask"": 16712190, ""NameSubtext_Lang_enUS"": """", ""Name_Lang_Mask"": 16712190, ""PreventionType"": 1, ""ProcChance"": 100, ""ProcCharges"": 3, ""ProcTypeMask"": 139944, ""RangeIndex"": 1, ""SpellClassMask_2"": 32, ""SpellClassSet"": 11, ""SpellLevel"": 20, ""SpellVisualID_1"": 7358, ""StartRecoveryCategory"": 133, ""StartRecoveryTime"": 1500}",pulled from existing data; single-rank bootstrap: BasePoints/BaseLevel/SpellLevel kept from rank 1 (learn level 20); RealPointsPerLevel from rank1->top-rank-fallback (anchor rank 9 @ level 80); coefficient/cast_time_ms/mana_cost_pct from max rank; MaxLevel set to 80
57658,Totem of Wrath,4,0,0,320,0,0,0,0,0,0,0,0.0,,,"{""amplitude"": 0, ""apply_aura"": 13, ""base_points"": 99, ""chain_targets"": 0, ""die_sides"": 1, ""implicit_target_a"": 1, ""implicit_target_b"": 0, ""mechanic"": 0, ""misc_value"": 126, ""points_per_level"": 6.0, ""radius_yards"": 40.0, ""trigger_spell"": 0, ""type"": 65}","{""amplitude"": 0, ""apply_aura"": 135, ""base_points"": 99, ""chain_targets"": 0, ""die_sides"": 1, ""implicit_target_a"": 1, ""implicit_target_b"": 0, ""mechanic"": 0, ""misc_value"": 127, ""points_per_level"": 6.0, ""radius_yards"": 40.0, ""trigger_spell"": 0, ""type"": 65}",,2019,,,"{""AuraDescription_Lang_Mask"": 16712190, ""AuraDescription_Lang_enUS"": 1807122, ""BaseLevel"": 50, ""CastingTimeIndex"": 1, ""DefenseType"": 1, ""Description_Lang_Mask"": 16712188, ""EffectChainAmplitude_1"": 1.0, ""EffectChainAmplitude_2"": 1.0, ""EffectChainAmplitude_3"": 1.0, ""EquippedItemClass"": -1, ""MaxLevel"": 80, ""NameSubtext_Lang_Mask"": 16712172, ""NameSubtext_Lang_enUS"": """", ""Name_Lang_Mask"": 16712190, ""PreventionType"": 1, ""ProcChance"": 101, ""RangeIndex"": 1, ""SpellClassMask_1"": 67108864, ""SpellClassMask_2"": 33554432, ""SpellClassSet"": 11, ""SpellLevel"": 50}",pulled from existing data; single-rank bootstrap: BasePoints/BaseLevel/SpellLevel kept from rank 1 (learn level 50); RealPointsPerLevel from rank1->covers-60-overridden(undershoot-vs-top-rank) (anchor rank 4 @ level 80); coefficient/cast_time_ms/mana_cost_pct from max rank; MaxLevel set to 80
57994,Wind Shear,8,0,0,327680,0,0,6000,0,0,0,8,25.0,,2000,"{""amplitude"": 0, ""apply_aura"": 0, ""base_points"": -1, ""chain_targets"": 0, ""die_sides"": 1, ""implicit_target_a"": 6, ""implicit_target_b"": 0, ""mechanic"": 26, ""misc_value"": 0, ""points_per_level"": 0.0, ""radius_yards"": null, ""trigger_spell"": 0, ""type"": 68}","{""amplitude"": 0, ""apply_aura"": 0, ""base_points"": -1, ""chain_targets"": 0, ""die_sides"": 1, ""implicit_target_a"": 6, ""implicit_target_b"": 0, ""mechanic"": 0, ""misc_value"": 0, ""points_per_level"": 0.0, ""radius_yards"": null, ""trigger_spell"": 0, ""type"": 63}",,220,,,"{""AttributesEx6"": 8388608, ""AuraDescription_Lang_Mask"": 16712188, ""BaseLevel"": 16, ""CastingTimeIndex"": 1, ""DefenseType"": 1, ""Description_Lang_Mask"": 16712190, ""Description_Lang_enUS"": 1828258, ""EffectChainAmplitude_1"": 1.0, ""EffectChainAmplitude_2"": 1.0, ""EffectChainAmplitude_3"": 1.0, ""EquippedItemClass"": -1, ""FacingCasterFlags"": 1, ""NameSubtext_Lang_Mask"": 16712190, ""Name_Lang_Mask"": 16712190, ""PreventionType"": 1, ""ProcChance"": 101, ""SpellClassMask_2"": 134219776, ""SpellClassSet"": 11, ""SpellLevel"": 16, ""SpellVisualID_1"": 14861}",pulled from existing data
61295,Riptide,8,1,0,65536,1228,0,0,6000,0,0,18,40.0,,15000,"{""amplitude"": 0, ""apply_aura"": 0, ""base_points"": 638, ""chain_targets"": 0, ""die_sides"": 53, ""implicit_target_a"": 21, ""implicit_target_b"": 0, ""mechanic"": 0, ""misc_value"": 0, ""points_per_level"": 48.25, ""radius_yards"": null, ""trigger_spell"": 0, ""type"": 10}","{""amplitude"": 3000, ""apply_aura"": 8, ""base_points"": 132, ""chain_targets"": 0, ""die_sides"": 1, ""implicit_target_a"": 21, ""implicit_target_b"": 0, ""mechanic"": 0, ""misc_value"": 0, ""points_per_level"": 10.05, ""radius_yards"": null, ""trigger_spell"": 0, ""type"": 6}",,3786,,,"{""AttributesEx3"": 128, ""AttributesEx6"": 67108864, ""AuraDescription_Lang_Mask"": 16712190, ""AuraDescription_Lang_enUS"": 1950910, ""BaseLevel"": 60, ""CastingTimeIndex"": 1, ""DefenseType"": 1, ""Description_Lang_Mask"": 16712190, ""Description_Lang_enUS"": 1950700, ""EffectBasePoints_3"": 24, ""EffectBonusMultiplier_1"": 0.4020000100135803, ""EffectBonusMultiplier_2"": 0.18799999356269836, ""EffectChainAmplitude_1"": 1.0, ""EffectChainAmplitude_2"": 1.0, ""EffectChainAmplitude_3"": 1.0, ""EffectDieSides_3"": 1, ""EquippedItemClass"": -1, ""InterruptFlags"": 15, ""MaxLevel"": 80, ""NameSubtext_Lang_Mask"": 16712190, ""NameSubtext_Lang_enUS"": """", ""Name_Lang_Mask"": 16712190, ""PreventionType"": 1, ""ProcChance"": 101, ""SpellClassMask_3"": 16, ""SpellClassSet"": 11, ""SpellLevel"": 60, ""SpellVisualID_1"": 12994, ""StartRecoveryCategory"": 133, ""StartRecoveryTime"": 1500}",pulled from existing data; single-rank bootstrap: BasePoints/BaseLevel/SpellLevel kept from rank 1 (learn level 60); RealPointsPerLevel from rank1->top-rank-fallback (anchor rank 4 @ level 80); coefficient/cast_time_ms/mana_cost_pct from max rank; MaxLevel set to 80
64694,Lava Flows,8,1,0,0,0,0,0,0,0,0,0,0.0,,6000,"{""amplitude"": 0, ""apply_aura"": 65, ""base_points"": 9, ""chain_targets"": 0, ""die_sides"": 1, ""implicit_target_a"": 1, ""implicit_target_b"": 0, ""mechanic"": 0, ""misc_value"": 5, ""points_per_level"": 0.3333333333333333, ""radius_yards"": null, ""trigger_spell"": 0, ""type"": 6}",,,3087,,,"{""AuraDescription_Lang_Mask"": 16712190, ""AuraDescription_Lang_enUS"": 374724, ""CastingTimeIndex"": 1, ""Description_Lang_Mask"": 16712190, ""Description_Lang_enUS"": 2083071, ""EffectBasePoints_2"": -1, ""EffectBasePoints_3"": -1, ""EffectChainAmplitude_1"": 1.0, ""EffectChainAmplitude_2"": 1.0, ""EffectChainAmplitude_3"": 1.0, ""EffectDieSides_2"": 1, ""EffectDieSides_3"": 1, ""EffectSpellClassMaskA_1"": 268435456, ""EffectSpellClassMaskB_2"": 4096, ""EffectSpellClassMaskC_1"": 8388608, ""EquippedItemClass"": -1, ""MaxLevel"": 80, ""NameSubtext_Lang_Mask"": 16712172, ""NameSubtext_Lang_enUS"": """", ""Name_Lang_Mask"": 16712190, ""ProcChance"": 101, ""RangeIndex"": 1, ""SpellClassSet"": 11}",pulled from existing data; single-rank bootstrap: BasePoints/BaseLevel/SpellLevel kept from rank 1 (learn level 0); RealPointsPerLevel from rank1->covers-60 (anchor rank 3 @ level 60); coefficient/cast_time_ms/mana_cost_pct from max rank; MaxLevel set to 80
